{
"type": "FeatureCollection",
"name": "urban-2060",
"crs": { "type": "name", "properties": { "name": "urn:ogc:def:crs:EPSG::32735" } },
"features": [
{ "type": "Feature", "properties": { "year": 2060 }, "geometry": { "type": "MultiPolygon", "coordinates": [ [ [ [ 575814.993469155859202, 7039301.191210757941008 ], [ 575693.247832452179864, 7040237.291381286457181 ], [ 576757.388437597663142, 7040230.880722249858081 ], [ 576879.104666056693532, 7039294.768138804472983 ], [ 575814.993469155859202, 7039301.191210757941008 ] ] ], [ [ [ 576757.388437597663142, 7040230.880722249858081 ], [ 576635.708244814537466, 7041166.963884945958853 ], [ 577699.879849550081417, 7041160.476143136620522 ], [ 577821.530646624159999, 7040224.380549808964133 ], [ 576757.388437597663142, 7040230.880722249858081 ] ] ], [ [ [ 548627.595544266630895, 7068417.195565276779234 ], [ 548748.899798703962006, 7067482.230982987210155 ], [ 547683.940221443539485, 7067486.246079833246768 ], [ 547805.309947295929305, 7066551.264190813526511 ], [ 545675.452102339244448, 7066559.05119295231998 ], [ 545554.024059946532361, 7067494.01020915992558 ], [ 544489.06743081274908, 7067497.759242679923773 ], [ 544367.646584905683994, 7068432.6781195551157 ], [ 545432.632365307770669, 7068428.940470620058477 ], [ 545189.958024735446088, 7070298.714784307405353 ], [ 548385.095990457921289, 7070287.038430193439126 ], [ 548263.900693814619444, 7071221.916740339249372 ], [ 547198.824601086787879, 7071225.886024970561266 ], [ 547077.63652357365936, 7072160.72417729254812 ], [ 548142.741719162440859, 7072156.766320610418916 ], [ 548021.619067864259705, 7073091.587184755131602 ], [ 549086.75437000754755, 7073087.5522242449224 ], [ 549207.8479310979601, 7072152.719914337620139 ], [ 550272.955181866069324, 7072148.584957931190729 ], [ 550515.19303442153614, 7070278.81116855237633 ], [ 551580.243143860716373, 7070274.564628429710865 ], [ 551822.567951434408315, 7068404.652711007744074 ], [ 548627.595544266630895, 7068417.195565276779234 ] ] ], [ [ [ 542211.248553866054863, 7076849.203998105600476 ], [ 543276.495312779792584, 7076845.6567671187222 ], [ 543639.885106829693541, 7074041.588511826470494 ], [ 541509.566910618799739, 7074048.662141291424632 ], [ 541267.154371131211519, 7075918.024533586576581 ], [ 542332.371175304753706, 7075914.554471846669912 ], [ 542211.248553866054863, 7076849.203998105600476 ] ] ], [ [ [ 573103.858338842866942, 7076710.438450157642365 ], [ 572983.613635694957338, 7077645.397123457863927 ], [ 574048.925059176515788, 7077639.297873824834824 ], [ 574169.140776113257743, 7076704.327136188745499 ], [ 573103.858338842866942, 7076710.438450157642365 ] ] ], [ [ [ 541146.00268740626052, 7076852.662821218371391 ], [ 540782.765996466972865, 7079656.406214347109199 ], [ 541848.098987480043434, 7079652.981047075241804 ], [ 541969.11245860659983, 7078718.417272032238543 ], [ 545165.02975555753801, 7078707.578029265627265 ], [ 545285.992500666063279, 7077772.951861317269504 ], [ 542090.16231451719068, 7077783.824926936998963 ], [ 542211.248553866054863, 7076849.203998105600476 ], [ 541146.00268740626052, 7076852.662821218371391 ] ] ], [ [ [ 550612.395599569077604, 7077753.062448335811496 ], [ 549547.112929119030014, 7077757.217097057029605 ], [ 549305.45598284015432, 7079626.531766666099429 ], [ 550370.796689601265825, 7079622.399990607053041 ], [ 550612.395599569077604, 7077753.062448335811496 ] ] ], [ [ [ 567657.079220486804843, 7077674.567408954724669 ], [ 567777.468886093236506, 7076739.668639180250466 ], [ 566712.195384604390711, 7076745.249406298622489 ], [ 566591.776720174821094, 7077680.13627898786217 ], [ 565526.475628202664666, 7077685.616755101829767 ], [ 565406.06411759799812, 7078620.462954552844167 ], [ 566471.394200116861612, 7078614.994337634183466 ], [ 566351.047825816785917, 7079549.823596015572548 ], [ 567416.40829256142024, 7079544.278490090742707 ], [ 567296.127033020020463, 7080479.090829016640782 ], [ 568361.517891881638207, 7080473.469279069453478 ], [ 568481.770185932517052, 7079538.64504523947835 ], [ 570612.498342734063044, 7079527.113135732710361 ], [ 570732.728817678056657, 7078592.236201940104365 ], [ 572863.405014474061318, 7078580.326922575011849 ], [ 572983.613635694957338, 7077645.397123457863927 ], [ 567657.079220486804843, 7077674.567408954724669 ] ] ], [ [ [ 559838.42964418802876, 7080515.969009755179286 ], [ 560079.434009374817833, 7078646.480573587119579 ], [ 557948.791020764154382, 7078656.269083555787802 ], [ 557828.212745075346902, 7079591.004328716546297 ], [ 558893.562610409106128, 7079586.165908457711339 ], [ 558773.049549904186279, 7080520.884091341868043 ], [ 559838.42964418802876, 7080515.969009755179286 ] ] ], [ [ [ 549184.681979189277627, 7080561.146155063062906 ], [ 549305.45598284015432, 7079626.531766666099429 ], [ 547174.777676891768351, 7079634.530335594899952 ], [ 547053.945661344216205, 7080569.121964873746037 ], [ 548119.313310979283415, 7080565.178209731355309 ], [ 547877.816270951530896, 7082434.298405254259706 ], [ 552139.529167789733037, 7082417.731745976954699 ], [ 552380.794320777058601, 7080548.520188437774777 ], [ 551315.422461536247283, 7080552.817144974134862 ], [ 551436.138462278875522, 7079618.179886082187295 ], [ 550370.796689601265825, 7079622.399990607053041 ], [ 550250.051688524195924, 7080557.025800327770412 ], [ 549184.681979189277627, 7080561.146155063062906 ] ] ], [ [ [ 542550.697797073051333, 7082453.021246409974992 ], [ 542792.484797518118285, 7080584.014000557363033 ], [ 543857.848598370095715, 7080580.423438359983265 ], [ 543978.767648743465543, 7079645.865738954395056 ], [ 541848.098987480043434, 7079652.981047075241804 ], [ 541485.276896260096692, 7082456.501088687218726 ], [ 542550.697797073051333, 7082453.021246409974992 ] ] ], [ [ [ 559597.570122641744092, 7082385.34259520098567 ], [ 559717.981777272536419, 7081450.670151947066188 ], [ 558652.572710703825578, 7081455.573571549728513 ], [ 558532.132094178698026, 7082390.234362820163369 ], [ 559597.570122641744092, 7082385.34259520098567 ] ] ], [ [ [ 559838.42964418802876, 7080515.969009755179286 ], [ 559717.981777272536419, 7081450.670151947066188 ], [ 560783.392108307452872, 7081445.678454086184502 ], [ 560663.009413394378498, 7082380.362577180378139 ], [ 561728.44998900371138, 7082375.294308092445135 ], [ 561608.13244451652281, 7083309.961433684453368 ], [ 563739.075428407173604, 7083299.583618564531207 ], [ 564099.96291324950289, 7080495.425615478307009 ], [ 559838.42964418802876, 7080515.969009755179286 ] ] ], [ [ [ 545505.498381233192049, 7084311.012897027656436 ], [ 547636.464542505214922, 7084303.30429962836206 ], [ 547877.816270951530896, 7082434.298405254259706 ], [ 544681.54232496349141, 7082445.796837370842695 ], [ 544560.761361525277607, 7083380.280141897499561 ], [ 545626.214014201541431, 7083376.5468541495502 ], [ 545505.498381233192049, 7084311.012897027656436 ] ] ], [ [ [ 560542.662921749288216, 7083315.018005070276558 ], [ 560302.078553757746704, 7085184.242830161005259 ], [ 559236.552446186891757, 7085189.187868621200323 ], [ 559116.285654419916682, 7086123.745653392747045 ], [ 561247.396982067381032, 7086113.790716590359807 ], [ 561367.605939673841931, 7085179.209624205715954 ], [ 563498.664636895060539, 7085168.878707102499902 ], [ 563618.851945226779208, 7084234.245511690154672 ], [ 561487.851094281533733, 7084244.59986781142652 ], [ 561608.13244451652281, 7083309.961433684453368 ], [ 560542.662921749288216, 7083315.018005070276558 ] ] ], [ [ [ 564444.073770793387666, 7086098.197257314808667 ], [ 564203.937828654539771, 7087967.343755822628736 ], [ 563138.319774767616764, 7087972.60624435916543 ], [ 562898.270766163477674, 7089841.614698927849531 ], [ 566095.302263423334807, 7089825.633438082411885 ], [ 565975.418599466211163, 7090760.129923317581415 ], [ 568106.837609625072218, 7090749.059186533093452 ], [ 568226.663573340279981, 7089814.539103390648961 ], [ 570358.030677150236443, 7089803.092633150517941 ], [ 570717.552149995230138, 7086999.289089616388083 ], [ 566455.170161539572291, 7087021.972055712714791 ], [ 566575.198425061651506, 7086087.360906954854727 ], [ 564444.073770793387666, 7086098.197257314808667 ] ], [ [ 567280.873159807990305, 7088885.593361781910062 ], [ 566215.222079340484925, 7088891.108307549729943 ], [ 566335.178045838722028, 7087956.554518001154065 ], [ 567400.800254356116056, 7087951.027767268940806 ], [ 567280.873159807990305, 7088885.593361781910062 ] ] ], [ [ [ 562527.037885646568611, 7101048.166270288638771 ], [ 562407.530692502274178, 7101982.296832140535116 ], [ 566671.744780046632513, 7101961.069284919649363 ], [ 566910.565491573885083, 7100092.686445962637663 ], [ 565844.567354746279307, 7100098.148235551081598 ], [ 565964.06067602452822, 7099163.925764416344464 ], [ 564898.092689070384949, 7099169.311512894928455 ], [ 565017.650923501001671, 7098235.072218906134367 ], [ 563951.713078362983651, 7098240.381881212815642 ], [ 564071.336247447761707, 7097306.125742709264159 ], [ 560873.617112996755168, 7097321.562912289053202 ], [ 560514.5972527571721, 7100124.141297703608871 ], [ 561580.588604550343007, 7100119.118134367279708 ], [ 561461.016478711040691, 7101053.265565406531096 ], [ 562527.037885646568611, 7101048.166270288638771 ] ], [ [ 563832.126083969487809, 7099174.609507570043206 ], [ 562766.16083802387584, 7099179.819749152287841 ], [ 562885.776594528579153, 7098245.603762570768595 ], [ 563951.713078362983651, 7098240.381881212815642 ], [ 563832.126083969487809, 7099174.609507570043206 ] ] ], [ [ [ 557545.77069632569328, 7106672.117831986397505 ], [ 557187.665236877743155, 7109473.775336444377899 ], [ 558253.941068386659026, 7109469.04225835762918 ], [ 558134.67371218977496, 7110402.882886257953942 ], [ 560267.286417668918148, 7110393.177299850620329 ], [ 560148.112561160000041, 7111327.01251514442265 ], [ 561214.449463815777563, 7111322.040079170837998 ], [ 561452.776120177470148, 7109454.318357065320015 ], [ 559320.218144255457446, 7109464.221736200153828 ], [ 559558.804232723661698, 7107596.432635203003883 ], [ 558492.584476665593684, 7107601.276061791926622 ], [ 558611.96052604529541, 7106667.350465951487422 ], [ 557545.77069632569328, 7106672.117831986397505 ] ] ], [ [ [ 566665.156168954679742, 7110361.962497932836413 ], [ 566427.188099992810749, 7112229.743201464414597 ], [ 564294.444935479317792, 7112240.451400399208069 ], [ 563818.713982917484827, 7115975.580156806856394 ], [ 564885.199206021614373, 7115970.315980176441371 ], [ 564766.385473180445842, 7116904.038987640291452 ], [ 566899.417220344534144, 7116893.272026289254427 ], [ 566780.696749384747818, 7117826.989898861385882 ], [ 567847.243302372517064, 7117821.487186386249959 ], [ 567965.935231028590351, 7116887.757704723626375 ], [ 569032.45469689310994, 7116882.156154911965132 ], [ 569507.469532580347732, 7113146.908455222845078 ], [ 567374.66059270570986, 7113158.117507883347571 ], [ 567731.472646818496287, 7110356.454059081152081 ], [ 566665.156168954679742, 7110361.962497932836413 ] ], [ [ 566189.364646028378047, 7114097.41051578707993 ], [ 565122.935178916319273, 7114102.785102384164929 ], [ 565241.857416255283169, 7113168.97720490116626 ], [ 566308.258295455481857, 7113163.591025477275252 ], [ 566189.364646028378047, 7114097.41051578707993 ] ] ], [ [ [ 564766.385473180445842, 7116904.038987640291452 ], [ 563699.871691029868089, 7116909.291628871113062 ], [ 563581.065580352442339, 7117842.974841262213886 ], [ 564647.607911217142828, 7117837.73372557759285 ], [ 564766.385473180445842, 7116904.038987640291452 ] ] ], [ [ [ 553268.626089160447009, 7123487.114652276039124 ], [ 553149.816898896242492, 7124420.498568652197719 ], [ 552083.087452117120847, 7124424.789284221827984 ], [ 551964.286058660014533, 7125358.133969044312835 ], [ 554097.803066625958309, 7125349.487905942834914 ], [ 553979.094922850606963, 7126282.826896362006664 ], [ 556112.673520187381655, 7126273.855411275289953 ], [ 556231.324719617026858, 7125340.493964236229658 ], [ 555164.563301043584943, 7125345.034420213662088 ], [ 555283.279237086302601, 7124411.656146259047091 ], [ 556350.012174280593172, 7124407.104438247159123 ], [ 556468.73588284291327, 7123473.686819813214242 ], [ 553268.626089160447009, 7123487.114652276039124 ] ] ], [ [ [ 556840.571367573691532, 7154244.061773120425642 ], [ 557310.590076547116041, 7150513.617812387645245 ], [ 556243.058824600302614, 7150518.203040757216513 ], [ 556478.342083478812128, 7148652.836790467612445 ], [ 555410.868452304508537, 7148657.357951126992702 ], [ 555528.592686182353646, 7147724.644265379756689 ], [ 553393.705436126096174, 7147733.449857295490801 ], [ 553040.47227595874574, 7150531.441399622708559 ], [ 554107.999947398435324, 7150527.11483377404511 ], [ 553872.748998510884121, 7152392.32592685520649 ], [ 554940.334207892301492, 7152387.935200051404536 ], [ 554822.791326136561111, 7153320.510205546393991 ], [ 553755.177948383847252, 7153324.889917250722647 ], [ 553637.643182882340625, 7154257.426221337169409 ], [ 552570.002808558521792, 7154261.708818649873137 ], [ 552452.476178922108375, 7155194.206481849774718 ], [ 554587.814387032412924, 7155185.577141867950559 ], [ 554470.380332305561751, 7156118.069099365733564 ], [ 556605.779538762872107, 7156109.117487847805023 ], [ 556723.157324933679774, 7155176.603474833071232 ], [ 557790.83062537398655, 7155171.987517165020108 ], [ 557673.480970179312862, 7156104.512599661946297 ], [ 558741.183651233557612, 7156099.821655699983239 ], [ 558975.862940004793927, 7154234.721588039770722 ], [ 556840.571367573691532, 7154244.061773120425642 ] ] ], [ [ [ 546281.915595021215267, 7153353.136100467294455 ], [ 545214.310880170669407, 7153356.826733355410397 ], [ 545096.550769309629686, 7154289.275995334610343 ], [ 547231.817550829611719, 7154281.830190257169306 ], [ 547114.150137293734588, 7155214.273431056179106 ], [ 546046.488083146628924, 7155218.028585124760866 ], [ 545811.206007365835831, 7157082.810702241025865 ], [ 544743.488649785751477, 7157086.458261438645422 ], [ 544508.29576059570536, 7158951.108638546429574 ], [ 545576.069378047483042, 7158947.482558157294989 ], [ 545458.555609047180042, 7159879.77717137336731 ], [ 546526.358327139168978, 7159876.075877515599132 ], [ 546291.496080783661455, 7161740.604017281904817 ], [ 548427.216941968072206, 7161732.986732115037739 ], [ 548544.573710047989152, 7160800.714872965589166 ], [ 549612.407620604149997, 7160796.766587385907769 ], [ 549729.772629472077824, 7159864.456360623240471 ], [ 550797.579523477586918, 7159860.411308141425252 ], [ 550562.942007368663326, 7161725.025909715332091 ], [ 551630.806174591532908, 7161720.916670715436339 ], [ 551513.56996149464976, 7162653.193506835028529 ], [ 553649.357814778806642, 7162644.739179393276572 ], [ 554118.295843143598177, 7158915.379089115187526 ], [ 551982.732648444129154, 7158923.920768158510327 ], [ 552217.531813457375392, 7157059.118871672078967 ], [ 554352.982555876253173, 7157050.533400858752429 ], [ 554470.380332305561751, 7156118.069099365733564 ], [ 552334.98584678536281, 7156126.676495084539056 ], [ 552452.476178922108375, 7155194.206481849774718 ], [ 551384.808790719835088, 7155198.392030658200383 ], [ 551032.362296672654338, 7157995.686411522328854 ], [ 549964.611619463423267, 7157999.753201509825885 ], [ 550082.085597987403162, 7157067.36024257261306 ], [ 549014.364130004192702, 7157071.35189195163548 ], [ 549131.902565410593525, 7156138.942194152623415 ], [ 548064.210298255784437, 7156142.858657523989677 ], [ 548181.813211997388862, 7155210.432199100032449 ], [ 549249.477330384892412, 7155206.504888735711575 ], [ 549367.088423623819835, 7154274.039962399750948 ], [ 548299.452464257366955, 7154277.978129434399307 ], [ 548417.128053736756556, 7153345.496435217559338 ], [ 551619.954661041032523, 7153333.390930846333504 ], [ 551855.245751940296032, 7151468.279163310304284 ], [ 550787.692156477714889, 7151472.422339363023639 ], [ 550905.420351943583228, 7150539.835872920230031 ], [ 548770.372832468128763, 7150547.885472103022039 ], [ 548534.839979133103043, 7152412.987103136256337 ], [ 547467.26141902175732, 7152416.860850747674704 ], [ 547585.037871076841839, 7151484.33472541347146 ], [ 546517.488532609306276, 7151488.133141845464706 ], [ 546281.915595021215267, 7153353.136100467294455 ] ], [ [ 550670.000273802666925, 7152404.981121907010674 ], [ 549602.419589691446163, 7152409.027193700894713 ], [ 549720.13965991162695, 7151476.479324702173471 ], [ 550787.692156477714889, 7151472.422339363023639 ], [ 550670.000273802666925, 7152404.981121907010674 ] ] ], [ [ [ 543568.97928496520035, 7166408.610045036301017 ], [ 543803.590121077257209, 7164544.399496586993337 ], [ 541667.708649866515771, 7164551.26585179194808 ], [ 541550.328926941961981, 7165483.363593503832817 ], [ 542618.297256110003218, 7165479.983926552347839 ], [ 542500.981984599609859, 7166412.064853041432798 ], [ 543568.97928496520035, 7166408.610045036301017 ] ] ], [ [ [ 543217.335919665638357, 7169204.720227859914303 ], [ 544285.418234290671535, 7169201.211590925231576 ], [ 544402.568290280294605, 7168269.191635821014643 ], [ 545470.623558271443471, 7168265.586682171560824 ], [ 545587.781971191987395, 7167333.528654919937253 ], [ 544519.754723364370875, 7167337.144274491816759 ], [ 544636.977532258606516, 7166405.069493712857366 ], [ 543568.97928496520035, 7166408.610045036301017 ], [ 543217.335919665638357, 7169204.720227859914303 ] ] ], [ [ [ 544051.227258733590133, 7171065.169335346668959 ], [ 546187.506774952751584, 7171057.937702828086913 ], [ 546421.585776676656678, 7169193.937335325405002 ], [ 544285.418234290671535, 7169201.211590925231576 ], [ 544168.304556680493988, 7170133.204153027385473 ], [ 543100.194240066222847, 7170136.702171074226499 ], [ 542983.088950354373083, 7171068.656744120642543 ], [ 540846.815116820042022, 7171075.374749053269625 ], [ 540729.690248316153884, 7172007.280849180184305 ], [ 543934.186341731692664, 7171997.107151092961431 ], [ 544051.227258733590133, 7171065.169335346668959 ] ] ], [ [ [ 580436.548040205845609, 7036466.334854337386787 ], [ 579372.520228086621501, 7036473.064103933051229 ], [ 579250.754774486413226, 7037409.290004565380514 ], [ 580314.812020184705034, 7037402.573282204568386 ], [ 580436.548040205845609, 7036466.334854337386787 ] ] ], [ [ [ 591413.033651988604106, 7042004.22209126316011 ], [ 591291.836597675108351, 7042940.422738120891154 ], [ 593420.348668972263113, 7042924.903248699381948 ], [ 593783.871367996325716, 7040116.135736747644842 ], [ 594848.042263179435395, 7040108.203223811462522 ], [ 594969.258859402965754, 7039171.875350022688508 ], [ 592840.977779359789565, 7039187.676594290882349 ], [ 592477.25937508943025, 7041996.494267420843244 ], [ 591413.033651988604106, 7042004.22209126316011 ] ] ], [ [ [ 600813.739120140089653, 7068112.394592245109379 ], [ 600933.617908124579117, 7067176.833926418796182 ], [ 599868.581577667384408, 7067185.19564016815275 ], [ 599988.525224359473214, 7066249.618540609255433 ], [ 598923.52005428308621, 7066257.904342506080866 ], [ 598683.610476837842725, 7068129.00365000590682 ], [ 600813.739120140089653, 7068112.394592245109379 ] ] ], [ [ [ 575595.201332500670105, 7073893.005401782691479 ], [ 576660.399919856106862, 7073886.680811944417655 ], [ 576540.134025480481796, 7074821.762557633221149 ], [ 577605.363243442960083, 7074815.361633287742734 ], [ 577845.873044326319359, 7072945.144816104322672 ], [ 576780.701859295833856, 7072951.57010667398572 ], [ 576901.039842392201535, 7072016.43042797408998 ], [ 575835.899312927620485, 7072022.779348354786634 ], [ 575595.201332500670105, 7073893.005401782691479 ] ] ], [ [ [ 596062.254103908315301, 7080296.309091027826071 ], [ 597127.691949115134776, 7080288.302819214761257 ], [ 597247.16295072354842, 7079353.146882709115744 ], [ 596181.754016447812319, 7079361.165802486240864 ], [ 596062.254103908315301, 7080296.309091027826071 ] ] ], [ [ [ 598193.131850293721072, 7080280.208210792392492 ], [ 597127.691949115134776, 7080288.302819214761257 ], [ 597008.256794067216106, 7081223.429692465811968 ], [ 598073.725593831040896, 7081215.34774989169091 ], [ 598193.131850293721072, 7080280.208210792392492 ] ] ], [ [ [ 580068.8039759863168, 7088812.545031378045678 ], [ 579003.13426707230974, 7088819.116761303506792 ], [ 578764.023062863969244, 7090688.425015947781503 ], [ 579829.750434481771663, 7090681.877534974366426 ], [ 580068.8039759863168, 7088812.545031378045678 ] ] ], [ [ [ 569626.313555129105225, 7112213.025656014680862 ], [ 569507.469532580347732, 7113146.908455222845078 ], [ 570573.876220816397108, 7113141.172918652184308 ], [ 570692.691653600195423, 7112207.278405335731804 ], [ 569626.313555129105225, 7112213.025656014680862 ] ] ], [ [ [ 572706.162233988055959, 7121527.534170781262219 ], [ 572824.567116371588781, 7120593.859483402222395 ], [ 573891.208257351070642, 7120587.868826609104872 ], [ 574009.620734727592207, 7119654.154098550789058 ], [ 571876.397013199399225, 7119666.071756925433874 ], [ 571639.494163587572984, 7121533.425997901707888 ], [ 572706.162233988055959, 7121527.534170781262219 ] ] ], [ [ [ 582306.247763266903348, 7121470.588449873030186 ], [ 582188.13520354416687, 7122404.341402729973197 ], [ 583254.848351798951626, 7122397.590587361715734 ], [ 583372.932452011387795, 7121463.825656745582819 ], [ 582306.247763266903348, 7121470.588449873030186 ] ] ], [ [ [ 587168.023898581275716, 7125170.985569326207042 ], [ 587050.197431426960975, 7126104.685153076425195 ], [ 588117.033431057352573, 7126097.547330814413726 ], [ 588234.831490080570802, 7125163.835669283755124 ], [ 587168.023898581275716, 7125170.985569326207042 ] ] ], [ [ [ 586696.933778998209164, 7128905.613857951015234 ], [ 587763.854941023513675, 7128898.512210093438625 ], [ 587881.545155143598095, 7127964.885587617754936 ], [ 586814.652370251831599, 7127971.999283790588379 ], [ 586696.933778998209164, 7128905.613857951015234 ] ] ], [ [ [ 588830.777989143156447, 7128891.323679108172655 ], [ 587763.854941023513675, 7128898.512210093438625 ], [ 587646.200677974382415, 7129832.110513411462307 ], [ 588713.152090908144601, 7129824.934048799797893 ], [ 588830.777989143156447, 7128891.323679108172655 ] ] ], [ [ [ 589192.656738517456688, 7134485.358441529795527 ], [ 588125.561759291333146, 7134492.561438198201358 ], [ 588008.151534556294791, 7135426.002119295299053 ], [ 589075.274814664735459, 7135418.811158072203398 ], [ 589192.656738517456688, 7134485.358441529795527 ] ] ], [ [ [ 568211.176421039155684, 7140206.339924242347479 ], [ 569278.410639051813632, 7140200.766751492395997 ], [ 569396.121646881452762, 7139267.666613584384322 ], [ 568328.915715140406974, 7139273.251271512359381 ], [ 568211.176421039155684, 7140206.339924242347479 ] ] ], [ [ [ 573077.332071188604459, 7143909.913871535100043 ], [ 572959.914657125715166, 7144842.920166686177254 ], [ 574027.297799296211451, 7144836.972286406904459 ], [ 574144.686989062465727, 7143903.954415606334805 ], [ 575212.043507604044862, 7143897.908532038331032 ], [ 575329.440551222418435, 7142964.85105280764401 ], [ 572127.460478330729529, 7142982.76417757384479 ], [ 572244.978331313584931, 7142049.713465357199311 ], [ 571177.683033486828208, 7142055.523137556388974 ], [ 571412.883579851360992, 7140189.360799931921065 ], [ 569278.410639051813632, 7140200.766751492395997 ], [ 569043.09702204214409, 7142066.883039882406592 ], [ 567975.806262367404997, 7142072.433271538466215 ], [ 568211.176421039155684, 7140206.339924242347479 ], [ 567143.943673931644298, 7140211.82656264398247 ], [ 566908.516969352844171, 7142077.897024523466825 ], [ 565841.229119971045293, 7142083.274299575947225 ], [ 565723.541740918182768, 7143016.256192712113261 ], [ 568925.494415549328551, 7142999.899217281490564 ], [ 568807.927945522358641, 7143932.887434748932719 ], [ 573077.332071188604459, 7143909.913871535100043 ] ] ], [ [ [ 583633.820781194488518, 7144779.553273128345609 ], [ 583516.721512287273072, 7145712.648508612066507 ], [ 584584.149871062370948, 7145705.848436826840043 ], [ 584701.220946478541009, 7144772.741356913000345 ], [ 583633.820781194488518, 7144779.553273128345609 ] ] ], [ [ [ 586602.033363964757882, 7146625.091917768120766 ], [ 587669.49545031611342, 7146618.044619681313634 ], [ 587552.580855163978413, 7147551.131223795935512 ], [ 588620.073000657605007, 7147544.009506558999419 ], [ 588736.959430923918262, 7146610.910966048017144 ], [ 589804.425328853656538, 7146603.690955903381109 ], [ 589921.319532227120362, 7145670.552350275218487 ], [ 584584.149871062370948, 7145705.848436826840043 ], [ 584467.114781774696894, 7146638.927451085299253 ], [ 585534.573148806230165, 7146632.05286125652492 ], [ 585417.602217897656374, 7147565.115676164627075 ], [ 586485.09060193458572, 7147558.166613347828388 ], [ 586602.033363964757882, 7146625.091917768120766 ] ] ], [ [ [ 590871.893167171161622, 7146596.384588276036084 ], [ 589804.425328853656538, 7146603.690955903381109 ], [ 589687.56706148723606, 7147536.801460677757859 ], [ 590755.063060725689866, 7147529.507085178047419 ], [ 590871.893167171161622, 7146596.384588276036084 ] ] ], [ [ [ 581264.750538796419278, 7146659.033107828348875 ], [ 580197.299333626287989, 7146665.562292171642184 ], [ 580080.187528078444302, 7147598.566121591255069 ], [ 579012.709874685620889, 7147604.997243261896074 ], [ 578895.605928425095044, 7148537.961369121447206 ], [ 577828.101809933665209, 7148544.294494414702058 ], [ 577945.233928982401267, 7147611.3420445099473 ], [ 576877.759667896898463, 7147617.600526191294193 ], [ 577229.456909520318732, 7144818.610243543051183 ], [ 576162.068902443163097, 7144824.817325654439628 ], [ 575693.09859755274374, 7148556.701870696619153 ], [ 576760.599374002194963, 7148550.541327992454171 ], [ 576643.475142350536771, 7149483.454172672703862 ], [ 578778.538023834116757, 7149470.897518408484757 ], [ 578661.506162265664898, 7150403.805704578757286 ], [ 577593.945729057537392, 7150410.115507137961686 ], [ 577476.921769932843745, 7151342.984096847474575 ], [ 579612.100619695265777, 7151330.301576286554337 ], [ 579729.068297009100206, 7150397.409665147773921 ], [ 581864.197763474541716, 7150384.358872208744287 ], [ 581981.145180681021884, 7149451.415549414232373 ], [ 580913.607719668187201, 7149457.995805248618126 ], [ 581264.750538796419278, 7146659.033107828348875 ] ] ], [ [ [ 584366.483038698439486, 7155961.42044834420085 ], [ 584599.813177698641084, 7154095.770779500715435 ], [ 582464.448094662977383, 7154109.244728871621192 ], [ 582347.708851248724386, 7155042.060011377558112 ], [ 583415.418578907148913, 7155035.377848841249943 ], [ 583298.743425833526999, 7155968.176947547122836 ], [ 584366.483038698439486, 7155961.42044834420085 ] ] ], [ [ [ 577609.841567090945318, 7158798.723256794735789 ], [ 577843.292449448490515, 7156933.381169337779284 ], [ 578911.051347467117012, 7156927.066648537293077 ], [ 579144.590278411633335, 7155061.589895784854889 ], [ 573806.093303101602942, 7155092.417744465172291 ], [ 573689.165353472926654, 7156025.112208120524883 ], [ 575824.615376884583384, 7156013.062414688058197 ], [ 575474.216545774950646, 7158811.04793291632086 ], [ 577609.841567090945318, 7158798.723256794735789 ] ], [ [ 576775.535238575306721, 7156939.609648193232715 ], [ 576892.342841422883794, 7156006.908416206017137 ], [ 577960.071972029050812, 7156000.668348778039217 ], [ 577843.292449448490515, 7156933.381169337779284 ], [ 576775.535238575306721, 7156939.609648193232715 ] ] ], [ [ [ 580212.294724129722454, 7155055.166033964604139 ], [ 579745.473320515360683, 7158786.05463563464582 ], [ 580813.291779660154134, 7158779.591343534179032 ], [ 581280.000907365814783, 7155048.656072788871825 ], [ 580212.294724129722454, 7155055.166033964604139 ] ] ], [ [ [ 561709.933738071355037, 7157950.28860202152282 ], [ 561944.299423572258092, 7156085.232482767663896 ], [ 565147.427275503287092, 7156069.868784366175532 ], [ 565030.310651859152131, 7157002.444379380904138 ], [ 566098.050831526634283, 7156997.162308989092708 ], [ 565980.998478017514572, 7157929.721437234431505 ], [ 568116.539338054135442, 7157918.921824594959617 ], [ 567999.579311928944662, 7158851.475826570764184 ], [ 571202.985958454199135, 7158834.665476479567587 ], [ 571319.861761545529589, 7157902.077351493760943 ], [ 570252.08610505820252, 7157907.778184078633785 ], [ 570369.02610741998069, 7156975.173686754889786 ], [ 569301.280058578937314, 7156980.799894886091352 ], [ 569535.324639089056291, 7155115.530320301651955 ], [ 568467.636296494631097, 7155121.093234311789274 ], [ 568584.740904892096296, 7154188.428131521679461 ], [ 569652.401129964273423, 7154182.853832263499498 ], [ 570003.847389058792032, 7151384.657404480502009 ], [ 568936.271578180021606, 7151390.265917670913041 ], [ 569053.52074752561748, 7150457.489499911665916 ], [ 566918.429901004652493, 7150468.470686256885529 ], [ 566683.855073928833008, 7152333.95016313996166 ], [ 565616.255513790762052, 7152339.28874231968075 ], [ 565498.994195317733102, 7153271.975428873673081 ], [ 564431.367908744956367, 7153277.216542972251773 ], [ 564665.983019509585574, 7151411.837959866970778 ], [ 565733.553002649452537, 7151406.574249437078834 ], [ 565850.886660563875921, 7150473.831936835311353 ], [ 563715.804429862648249, 7150484.29575642477721 ], [ 563129.216367579996586, 7155147.616462055593729 ], [ 562061.53657671273686, 7155152.662844153121114 ], [ 562296.119497163570486, 7153287.440342174842954 ], [ 561228.497325928066857, 7153292.423028659075499 ], [ 560759.363796152872965, 7157022.712341663427651 ], [ 559691.630432257545181, 7157027.564255831763148 ], [ 559574.409487778088078, 7157960.056165271438658 ], [ 560642.170955575536937, 7157955.215384680777788 ], [ 560290.809755421360023, 7160752.558442635461688 ], [ 559222.964037451543845, 7160757.365880526602268 ], [ 558988.84823630459141, 7162622.100813062861562 ], [ 560056.750069794245064, 7162617.315555318258703 ], [ 559939.774565267027356, 7163549.652673833072186 ], [ 561007.705742790480144, 7163544.792656522244215 ], [ 561124.653207108261995, 7162612.444434601813555 ], [ 563260.463485948741436, 7162602.44460160471499 ], [ 563611.354823152767494, 7159805.167113235220313 ], [ 562543.533177776727825, 7159810.243496973998845 ], [ 562777.697858414845541, 7157945.275816629640758 ], [ 561709.933738071355037, 7157950.28860202152282 ] ] ], [ [ [ 575357.489087706897408, 7159743.65413541905582 ], [ 575240.797708024736494, 7160676.232541782781482 ], [ 577376.534910772694275, 7160663.954028701409698 ], [ 577493.170210004667751, 7159731.352550493553281 ], [ 575357.489087706897408, 7159743.65413541905582 ] ] ], [ [ [ 569551.204805272747763, 7163502.822371219284832 ], [ 569434.51772012328729, 7164435.232727624475956 ], [ 570502.489666773355566, 7164429.611507151275873 ], [ 570385.866718396893702, 7165362.005517056211829 ], [ 571453.868194821989164, 7165356.309844518080354 ], [ 571687.094210778013803, 7163491.471399696543813 ], [ 572755.041237068013288, 7163485.667149800807238 ], [ 572871.680400747340173, 7162553.194954072125256 ], [ 568600.013622890459374, 7162575.942369617521763 ], [ 568483.262379674008116, 7163508.36909438110888 ], [ 569551.204805272747763, 7163502.822371219284832 ] ] ], [ [ [ 606513.533794906688854, 7056848.826530452817678 ], [ 608642.990323825273663, 7056830.839974517002702 ], [ 608522.892665024264716, 7057766.801732977852225 ], [ 609587.653487123432569, 7057757.688030950725079 ], [ 609947.96617515431717, 7054949.674807564355433 ], [ 605689.286379981553182, 7054985.752838600426912 ], [ 605569.029760978068225, 7055921.734280455857515 ], [ 606633.72549652995076, 7055912.861497832462192 ], [ 606513.533794906688854, 7056848.826530452817678 ] ] ], [ [ [ 629699.092631470877677, 7058503.813168860971928 ], [ 629579.648570421501063, 7059439.983714921399951 ], [ 630644.517894949764013, 7059429.116791199892759 ], [ 630763.932867212453857, 7058492.93256492447108 ], [ 629699.092631470877677, 7058503.813168860971928 ] ] ], [ [ [ 629460.240030521992594, 7060376.124607281759381 ], [ 629579.648570421501063, 7059439.983714921399951 ], [ 628514.781970823300071, 7059450.76165193784982 ], [ 628395.344350944738835, 7060386.888902194797993 ], [ 629460.240030521992594, 7060376.124607281759381 ] ] ], [ [ [ 606033.124477388802916, 7060592.392072040587664 ], [ 604968.283041864167899, 7060601.199617916718125 ], [ 604848.240983521216549, 7061537.004409306682646 ], [ 605913.111527617205866, 7061528.209880407899618 ], [ 606033.124477388802916, 7060592.392072040587664 ] ] ], [ [ [ 637741.25978223932907, 7062159.220535185188055 ], [ 638806.238875922514126, 7062147.683315903879702 ], [ 638925.314913382404484, 7061211.477833072654903 ], [ 637860.364863715833053, 7061223.028926006518304 ], [ 637741.25978223932907, 7062159.220535185188055 ] ] ], [ [ [ 639871.220891197677702, 7062136.057180380448699 ], [ 638806.238875922514126, 7062147.683315903879702 ], [ 638687.198269675369374, 7063083.859096213243902 ], [ 639752.20931683795061, 7063072.246852196753025 ], [ 639871.220891197677702, 7062136.057180380448699 ] ] ], [ [ [ 632647.816886207903735, 7068756.60557970777154 ], [ 633712.987578049534932, 7068745.52005869243294 ], [ 633356.368850109283812, 7071553.171191478148103 ], [ 635486.892439357936382, 7071530.81628102902323 ], [ 635724.486978313187137, 7069659.023573179729283 ], [ 637854.906228090170771, 7069636.259074999019504 ], [ 637736.149126453790814, 7070572.197743779048324 ], [ 638801.392050845199265, 7070560.696267491206527 ], [ 638920.120204546605237, 7069624.743788125924766 ], [ 639985.33711201522965, 7069613.139807346276939 ], [ 640104.071741841733456, 7068677.143879669718444 ], [ 637973.698773131705821, 7068700.290816675871611 ], [ 638092.526760058710352, 7067764.292954709380865 ], [ 639157.682809182326309, 7067752.750016361474991 ], [ 639276.517257070401683, 7066816.70869574137032 ], [ 638211.390187349170446, 7066828.265474989078939 ], [ 638449.223356927512214, 7064956.121605827473104 ], [ 637384.157194196828641, 7064967.617264935746789 ], [ 637741.25978223932907, 7062159.220535185188055 ], [ 636676.283587732119486, 7062170.668839767575264 ], [ 636557.184912819764577, 7063106.816921025514603 ], [ 634427.183056437293999, 7063129.419205090031028 ], [ 634546.339806586038321, 7062193.298710949718952 ], [ 633481.372175115160644, 7062204.480280575342476 ], [ 633600.593449074309319, 7061268.343886159360409 ], [ 632535.657679380150512, 7061279.450280875898898 ], [ 632774.264808367355727, 7059407.115977821871638 ], [ 630644.517894949764013, 7059429.116791199892759 ], [ 630167.213127560680732, 7063173.557199150323868 ], [ 632297.192521144752391, 7063151.665960498154163 ], [ 632178.013184851617552, 7064087.729351823218167 ], [ 631112.99307361303363, 7064098.705724500119686 ], [ 630993.820212103542872, 7065034.725826935842633 ], [ 629928.773838053457439, 7065045.599702458828688 ], [ 629809.607472136965953, 7065981.576578311622143 ], [ 630874.68285983428359, 7065970.716340087354183 ], [ 630636.514689058531076, 7067842.608654918149114 ], [ 631701.650827182806097, 7067831.686923107132316 ], [ 631820.68816544895526, 7066895.741901189088821 ], [ 632885.798091308912262, 7066884.717757042497396 ], [ 632647.816886207903735, 7068756.60557970777154 ] ], [ [ 633123.921261566807516, 7065012.711609119549394 ], [ 633004.84193154994864, 7065948.729480788111687 ], [ 631939.761005489854142, 7065959.767308067530394 ], [ 632058.869345795479603, 7065023.76312964502722 ], [ 633123.921261566807516, 7065012.711609119549394 ] ] ], [ [ [ 628744.534819955239072, 7065992.348024195060134 ], [ 628625.374970424221829, 7066928.281735757365823 ], [ 629690.47662745823618, 7066917.523889089003205 ], [ 629809.607472136965953, 7065981.576578311622143 ], [ 628744.534819955239072, 7065992.348024195060134 ] ] ], [ [ [ 641878.53257356910035, 7071461.624300060793757 ], [ 641759.962061403086409, 7072397.559161523357034 ], [ 642825.274689667392522, 7072385.730826948769391 ], [ 642943.816281350562349, 7071449.782063153572381 ], [ 641878.53257356910035, 7071461.624300060793757 ] ] ], [ [ [ 603530.139170889393426, 7071828.920280901715159 ], [ 603649.787730889860541, 7070893.438038650900126 ], [ 602584.628864129423164, 7070902.014332024380565 ], [ 602225.703574816230685, 7073708.334752539172769 ], [ 601160.459912652266212, 7073716.783905602991581 ], [ 600921.297436102177016, 7075587.492528849281371 ], [ 599855.997985638794489, 7075595.827572679147124 ], [ 599736.441511766635813, 7076531.125361118465662 ], [ 601867.100437771063298, 7076514.392365623265505 ], [ 602106.13339916721452, 7074643.716472473926842 ], [ 603171.408184758387506, 7074635.191630762070417 ], [ 603290.949396368232556, 7073699.797063006088138 ], [ 605421.447607642156072, 7073682.456069952808321 ], [ 605660.521474567707628, 7071811.527668631635606 ], [ 603530.139170889393426, 7071828.920280901715159 ] ] ], [ [ [ 639629.34576320683118, 7072420.949988329783082 ], [ 639510.752832235652022, 7073356.82756164111197 ], [ 638445.420202457811683, 7073368.376248713582754 ], [ 638326.833795632235706, 7074304.210470465011895 ], [ 639392.195329780690372, 7074292.675581595860422 ], [ 639273.673257363028824, 7075228.494062276557088 ], [ 640339.066629139590077, 7075216.884433969855309 ], [ 640457.559809292899445, 7074281.052137183956802 ], [ 642588.297694453620352, 7074257.539575492963195 ], [ 642706.768493526731618, 7073321.649993028491735 ], [ 641641.426955265924335, 7073333.464435361325741 ], [ 641759.962061403086409, 7072397.559161523357034 ], [ 639629.34576320683118, 7072420.949988329783082 ] ] ], [ [ [ 633946.750104149570689, 7075285.214321061968803 ], [ 633709.523440830758773, 7077156.625550325959921 ], [ 634774.960088650463149, 7077145.48586673848331 ], [ 635012.128982431371696, 7075274.047315254807472 ], [ 633946.750104149570689, 7075285.214321061968803 ] ] ], [ [ [ 641049.282568308874033, 7078012.547483378089964 ], [ 640930.959930310607888, 7078948.275527305901051 ], [ 641996.474708456546068, 7078936.544226741418242 ], [ 642114.768499332829379, 7078000.802351031452417 ], [ 641049.282568308874033, 7078012.547483378089964 ] ] ], [ [ [ 621871.024219755316153, 7078208.836941057816148 ], [ 620805.591128951869905, 7078218.901840958744287 ], [ 620686.720079953665845, 7079154.372395571321249 ], [ 621752.182049863855354, 7079144.320796094834805 ], [ 621871.024219755316153, 7078208.836941057816148 ] ] ], [ [ [ 606955.185309671214782, 7078341.699876485392451 ], [ 606835.938669765600935, 7079277.000068411231041 ], [ 607901.36919750738889, 7079268.097453126683831 ], [ 608020.586934899445623, 7078332.784323994070292 ], [ 606955.185309671214782, 7078341.699876485392451 ] ] ], [ [ [ 632643.760233141249046, 7085576.520089550875127 ], [ 632525.519581231754273, 7086511.917137674055994 ], [ 633591.244448937941343, 7086500.913461922667921 ], [ 633709.456325912266038, 7085565.502858190797269 ], [ 632643.760233141249046, 7085576.520089550875127 ] ] ], [ [ [ 596881.634332834510133, 7090565.147162789478898 ], [ 597947.39360278879758, 7090557.103297352790833 ], [ 598066.412626388948411, 7089622.241134504787624 ], [ 597000.682148926192895, 7089630.297593636438251 ], [ 596881.634332834510133, 7090565.147162789478898 ] ] ], [ [ [ 603276.221606275881641, 7090515.563471851870418 ], [ 602210.451709638000466, 7090524.047507088631392 ], [ 602091.583636798430234, 7091458.931353063322604 ], [ 603157.382306013954803, 7091450.460041094571352 ], [ 603276.221606275881641, 7090515.563471851870418 ] ] ], [ [ [ 577164.105660402099602, 7170914.596857102587819 ], [ 578232.286179246380925, 7170908.369796918705106 ], [ 578116.139504794497043, 7171840.661483664065599 ], [ 579184.349636245169677, 7171834.360315002501011 ], [ 579300.468400762416422, 7170902.057110713794827 ], [ 582505.025513829779811, 7170882.605287400074303 ], [ 582621.096573231625371, 7169950.239650491625071 ], [ 581552.937018263386562, 7169956.82083061337471 ], [ 581785.243027815711685, 7168092.029614822939038 ], [ 582853.346723912283778, 7168085.425184391438961 ], [ 583085.740908128791489, 7166220.499706150963902 ], [ 584153.790510129882023, 7166213.786218104884028 ], [ 584037.603367553791031, 7167146.274517541751266 ], [ 587241.847087570466101, 7167125.654630346223712 ], [ 587125.779758070828393, 7168058.150323215872049 ], [ 588193.892695193411782, 7168051.117318451404572 ], [ 587961.921778345480561, 7169916.048871507868171 ], [ 585825.586117277271114, 7169929.982162436470389 ], [ 585593.647440188913606, 7171794.755692727863789 ], [ 588798.321184193016961, 7171773.797734557650983 ], [ 589030.092468116665259, 7169908.953733569011092 ], [ 590098.26509503624402, 7169901.772932704538107 ], [ 590214.176751721533947, 7168969.297447411343455 ], [ 591282.323430744349025, 7168962.01913951896131 ], [ 591398.243106807931326, 7168029.503994276747108 ], [ 592466.363854855997488, 7168022.128113010898232 ], [ 592350.47209537064191, 7168954.655138892121613 ], [ 594486.775474376045167, 7168939.670055446214974 ], [ 594602.611406586947851, 7168007.119184710085392 ], [ 595670.738256726646796, 7167999.486135644838214 ], [ 595554.930235226056539, 7168932.048970601521432 ], [ 596623.087074621813372, 7168924.342188973911107 ], [ 596507.342838238342665, 7169856.889150960370898 ], [ 597575.529675983358175, 7169849.108681807294488 ], [ 597344.204600072233006, 7171714.143055938184261 ], [ 611231.559716654010117, 7171605.517460562288761 ], [ 611346.842104764073156, 7170672.85577801708132 ], [ 612415.088640808709897, 7170663.888204654678702 ], [ 612299.834102356340736, 7171596.562268460169435 ], [ 616572.956326078390703, 7171559.885176022537053 ], [ 616803.278326155385002, 7169694.40941904950887 ], [ 617871.509477185783908, 7169685.001007666811347 ], [ 618217.176478637265973, 7166886.539426821283996 ], [ 622489.792558991466649, 7166847.897403376176953 ], [ 622720.192427895497531, 7164982.014797318726778 ], [ 621652.090251391287893, 7164991.829343949444592 ], [ 621882.688437784323469, 7163125.859543880447745 ], [ 622950.734793102717958, 7163116.019587617367506 ], [ 622835.445799167384394, 7164049.031274691224098 ], [ 624971.602369322325103, 7164029.119182701222599 ], [ 625086.835537051316351, 7163096.081992590799928 ], [ 629359.069807665189728, 7163055.176034579984844 ], [ 629243.948271445930004, 7163988.264565686695278 ], [ 630312.041707703145221, 7163977.836229853332043 ], [ 630081.961095524369739, 7165843.954418926499784 ], [ 632218.268025517230853, 7165822.891849050298333 ], [ 632333.234794818330556, 7164889.821008793078363 ], [ 633401.36468092026189, 7164879.14802148938179 ], [ 633631.349025667528622, 7163012.895645312964916 ], [ 634699.426027166191489, 7163002.110782468691468 ], [ 634814.443570523057133, 7162068.92916239798069 ], [ 632678.34828534827102, 7162090.439005330204964 ], [ 632793.457171631627716, 7161157.255131354555488 ], [ 634929.496620360994712, 7161135.719244127161801 ], [ 635044.585175244370475, 7160202.481014065444469 ], [ 636112.581354840192944, 7160191.57105000782758 ], [ 635997.520725966664031, 7161124.8223538082093 ], [ 637065.547783308662474, 7161113.839497063308954 ], [ 637295.648675360716879, 7159247.282341312617064 ], [ 638363.622851963271387, 7159236.187247753143311 ], [ 638248.582597434986383, 7160169.493137341924012 ], [ 639316.587706784717739, 7160158.325185750611126 ], [ 639546.647814083844423, 7158291.65869424212724 ], [ 640614.600076691363938, 7158280.378343749791384 ], [ 640499.580232589622028, 7159213.738983319140971 ], [ 641567.563482949510217, 7159202.385809412226081 ], [ 641452.607017464470118, 7160135.731284514069557 ], [ 642520.621265146066435, 7160124.305331816896796 ], [ 642865.513170770951547, 7157324.143918730318546 ], [ 643933.446705636219122, 7157312.59209649823606 ], [ 644048.453574441140518, 7156379.134800265543163 ], [ 645116.362275684601627, 7156367.483553132042289 ], [ 645576.63196905690711, 7152633.31621315702796 ], [ 644508.835187616758049, 7152645.020901984535158 ], [ 644854.493201517150737, 7149844.136146474629641 ], [ 643786.78360188449733, 7149855.794706530869007 ], [ 643902.101790293701924, 7148922.122752238065004 ], [ 641766.747980623389594, 7148945.207629888318479 ], [ 641536.034876459627412, 7150812.469637622125447 ], [ 640468.306505568674766, 7150823.855977455154061 ], [ 640352.975086407037452, 7151757.430926045402884 ], [ 639285.221730649704114, 7151768.717732854187489 ], [ 639400.581174074904993, 7150835.156039082445204 ], [ 638332.858858875115402, 7150846.369824026711285 ], [ 638448.281796732335351, 7149912.792875936254859 ], [ 639515.97607568546664, 7149901.565854360349476 ], [ 639862.373515087994747, 7147100.624217763543129 ], [ 637727.15629851189442, 7147123.07141087949276 ], [ 638074.04134182468988, 7144321.95249211601913 ], [ 637006.521483923774213, 7144333.086198509670794 ], [ 637122.248882943298668, 7143399.336025226861238 ], [ 634987.274248898029327, 7143421.370450753718615 ], [ 635103.093375058029778, 7142487.618140333332121 ], [ 636170.551097833551466, 7142476.630971631035209 ], [ 636286.377584843081422, 7141542.83688314538449 ], [ 635218.947998031158932, 7141553.837264657020569 ], [ 635334.838116364087909, 7140620.027810027822852 ], [ 634267.439595100935549, 7140630.954837637022138 ], [ 634383.393365675001405, 7139697.129994800314307 ], [ 635450.763728603255004, 7139686.189762737601995 ], [ 635566.724833294516429, 7138752.323109075427055 ], [ 632364.70692626805976, 7138784.923556769266725 ], [ 632248.661310476134531, 7139718.750651491805911 ], [ 631181.299572169082239, 7139729.431079034693539 ], [ 631065.261316483956762, 7140663.216476120054722 ], [ 627863.108482096809894, 7140694.698978407308459 ], [ 627979.231238203588873, 7139760.952775692567229 ], [ 626911.880677140783519, 7139771.286817306652665 ], [ 627376.840120447915979, 7136036.06862511485815 ], [ 626309.605087493197061, 7136046.368095749057829 ], [ 626542.354689455940388, 7134178.613627538084984 ], [ 624408.00568855390884, 7134199.004432394169271 ], [ 624291.556625069351867, 7135132.869963989593089 ], [ 625358.758012461126782, 7135122.730924405157566 ], [ 625242.372775225550868, 7136056.580863093957305 ], [ 623107.916220795479603, 7136076.746293406933546 ], [ 623224.357914133695886, 7135142.92227510176599 ], [ 622157.161856671795249, 7135152.887859095819294 ], [ 622273.667400456615724, 7134219.048211655579507 ], [ 621206.502216272987425, 7134228.939970069564879 ], [ 621439.676674018381163, 7132361.200807927176356 ], [ 622506.785341580631211, 7132351.283219682984054 ], [ 622623.397736043087207, 7131417.357847756706178 ], [ 623690.480767291155644, 7131407.340492408722639 ], [ 623807.100493330392055, 7130473.373550858348608 ], [ 624874.157904367079027, 7130463.25636138394475 ], [ 624990.784941573627293, 7129529.247788920998573 ], [ 626057.816748475539498, 7129519.03069827798754 ], [ 626407.826466679922305, 7126716.793871772475541 ], [ 625340.879589876160026, 7126727.050120646134019 ], [ 625925.082372413366102, 7122056.146679479628801 ], [ 626991.887491691624746, 7122045.824969911947846 ], [ 627225.76089092658367, 7120177.236121255904436 ], [ 626159.012547277961858, 7120187.584084136411548 ], [ 626276.030999290756881, 7119253.259613052941859 ], [ 625209.313765017315745, 7119263.533514128997922 ], [ 625443.514232292422093, 7117394.824412920512259 ], [ 627576.837727547856048, 7117374.136838220059872 ], [ 627811.066760118119419, 7115505.259815238416195 ], [ 628877.675718744285405, 7115494.758729776367545 ], [ 628760.571865820442326, 7116429.22487617470324 ], [ 631960.500703757978044, 7116397.237501591444016 ], [ 631843.517688330146484, 7117331.714550983160734 ], [ 633976.874519383069128, 7117309.979815630242229 ], [ 634210.762346904026344, 7115440.943506365641952 ], [ 635277.388199358945712, 7115429.918492333963513 ], [ 635394.356914213043638, 7114495.343570418655872 ], [ 636460.957220440730453, 7114484.217815371230245 ], [ 636344.016947361407802, 7115418.806151755154133 ], [ 637410.648613742436282, 7115407.606483134441078 ], [ 637644.507742865011096, 7113538.37395684979856 ], [ 638711.08546312910039, 7113527.060008022934198 ], [ 638828.039761733263731, 7112592.386787816882133 ], [ 640961.147213456453755, 7112569.469663430005312 ], [ 640844.249828465748578, 7113504.16994789801538 ], [ 642977.426245663431473, 7113480.930327536538243 ], [ 642860.621177459135652, 7114415.628756020218134 ], [ 644993.86670888250228, 7114392.066831063479185 ], [ 645110.614897261257283, 7113457.341134442016482 ], [ 646177.213868003687821, 7113445.415444165468216 ], [ 645943.809746218612418, 7115314.865141502581537 ], [ 647010.468705433886498, 7115302.879451335407794 ], [ 647127.124650843441486, 7114368.155432562343776 ], [ 648193.758332838304341, 7114356.06867671944201 ], [ 648310.421213465509936, 7113421.301868131384254 ], [ 651510.256083865766414, 7113384.475990982726216 ], [ 651743.517235704930499, 7111514.772298177704215 ], [ 650676.959291995386593, 7111527.162656020373106 ], [ 651027.201355174300261, 7108722.430104276165366 ], [ 647827.803031300893053, 7108759.200618430972099 ], [ 647944.706532039796002, 7107824.272902684286237 ], [ 644745.422128241509199, 7107860.296768577769399 ], [ 644862.44651928904932, 7106925.381134139373899 ], [ 643796.053110754815862, 7106937.227651728317142 ], [ 643913.141414643614553, 7106002.296577468514442 ], [ 642846.77960162772797, 7106014.069177649915218 ], [ 642963.931839310098439, 7105079.12264156807214 ], [ 644030.265116261318326, 7105067.336359897628427 ], [ 644147.424214106868021, 7104132.346985084936023 ], [ 645213.732019260874949, 7104120.459339115768671 ], [ 645330.897956522647291, 7103185.4270637659356 ], [ 647463.465776045806706, 7103161.361204194836318 ], [ 647346.356944627244957, 7104096.421022195369005 ], [ 652677.974657330778427, 7104034.790841636247933 ], [ 652327.288247985648923, 7106840.002885278314352 ], [ 654460.12909708020743, 7106814.820706656202674 ], [ 654109.931469033821486, 7109619.853374296799302 ], [ 658375.994742590934038, 7109568.605755278840661 ], [ 658492.578088626498356, 7108633.568105862475932 ], [ 657426.085723572876304, 7108646.525332201272249 ], [ 657542.732808822882362, 7107711.472485451027751 ], [ 656476.27229104808066, 7107724.356172598898411 ], [ 656709.729255788610317, 7105854.190791547298431 ], [ 655643.329082827316597, 7105867.014902495779097 ], [ 655760.13899209885858, 7104931.90234212204814 ], [ 654693.770659783738665, 7104944.652807237580419 ], [ 654810.644379784585908, 7104009.524979339912534 ], [ 656943.327310829656199, 7103983.908359607681632 ], [ 657060.17924340616446, 7103048.72321460954845 ], [ 655993.864653590717353, 7103061.589407180435956 ], [ 656110.7804027677048, 7102126.389004651457071 ], [ 655044.497689486481249, 7102139.181497303768992 ], [ 655161.477276145596988, 7101203.965815200470388 ], [ 654095.226430160924792, 7101216.684563642367721 ], [ 654329.34861498628743, 7099346.193279486149549 ], [ 655395.542305464856327, 7099333.446498868986964 ], [ 655512.627745077596046, 7098398.142836643382907 ], [ 653380.300839578849263, 7098423.576604406349361 ], [ 652911.942155818571337, 7102164.503248311579227 ], [ 650779.399661132600158, 7102189.474031566642225 ], [ 651013.622677249601111, 7100319.125067682936788 ], [ 652079.835162210627459, 7100306.655701884068549 ], [ 652314.14229704788886, 7098436.161706604994833 ], [ 650181.834918912500143, 7098461.068356085568666 ], [ 650416.397762134671211, 7096590.512854069471359 ], [ 649350.306114771519788, 7096602.862216887064278 ], [ 649585.06755528121721, 7094732.217235905118287 ], [ 648519.036364719737321, 7094744.506491739302874 ], [ 648753.99647708889097, 7092873.77194376476109 ], [ 647688.025768724619411, 7092886.001022320240736 ], [ 647805.587521028937772, 7091950.603607232682407 ], [ 649937.474746303865686, 7091926.029598454013467 ], [ 650172.589542751666158, 7090055.09089931845665 ], [ 648040.817086786963046, 7090079.72064458578825 ], [ 648276.188057279563509, 7088208.720078494399786 ], [ 649342.015273939119652, 7088196.421374239958823 ], [ 649459.725052438909188, 7087260.862999621778727 ], [ 647328.131227172911167, 7087285.400138802826405 ], [ 647210.363987664459273, 7088220.930631004273891 ], [ 646144.543042472796515, 7088233.053033404052258 ], [ 646262.339014848228544, 7087297.536440432071686 ], [ 644130.76387774257455, 7087321.544515902176499 ], [ 644366.576927356189117, 7085450.478536394424736 ], [ 645432.305452055414207, 7085438.490869473665953 ], [ 645314.409990740008652, 7086374.052430989220738 ], [ 646380.170354766421951, 7086361.990424554795027 ], [ 646733.876564571284689, 7083555.175699081271887 ], [ 645668.202498063910753, 7083567.279409546405077 ], [ 645550.236288337036967, 7084502.899867008440197 ], [ 644484.536531065474264, 7084514.901407286524773 ], [ 644720.561888697557151, 7082643.658800156787038 ], [ 642589.286682499106973, 7082667.452496498823166 ], [ 642825.568789441138506, 7080796.147463303990662 ], [ 641759.993346831644885, 7080807.939494845457375 ], [ 641878.216323783155531, 7079872.256603326648474 ], [ 640812.672708987491205, 7079883.974082170985639 ], [ 640930.959930310607888, 7078948.275527305901051 ], [ 636668.930415343842469, 7078994.316557571291924 ], [ 636787.36845807894133, 7078058.643560975790024 ], [ 635721.897221285500564, 7078069.946475146338344 ], [ 635840.399586815270595, 7077134.257717633619905 ], [ 634774.960088650463149, 7077145.48586673848331 ], [ 634537.933100759983063, 7079016.806591054424644 ], [ 635603.4303232668899, 7079005.605779848992825 ], [ 635484.998894268879667, 7079941.235645789653063 ], [ 634419.472825290635228, 7079952.42280313372612 ], [ 634182.658718831255101, 7081823.566997293382883 ], [ 633117.077830331632867, 7081834.638551406562328 ], [ 632998.695185597753152, 7082770.152965791523457 ], [ 634064.304890848579817, 7082759.095007423311472 ], [ 633709.456325912266038, 7085565.502858190797269 ], [ 634775.155254045734182, 7085554.39741303678602 ], [ 634538.824527675868012, 7087425.216461021453142 ], [ 635604.583846521913074, 7087414.050013642758131 ], [ 635486.500457111163996, 7088349.429153183475137 ], [ 636552.291402247385122, 7088338.188164418563247 ], [ 636316.288512463215739, 7090208.885740370489657 ], [ 634184.594560978817753, 7090231.225223204120994 ], [ 634302.635731500107795, 7089295.918258469551802 ], [ 633236.821773002971895, 7089306.969429459422827 ], [ 633354.927170986658894, 7088371.646733570843935 ], [ 632289.144784756936133, 7088382.623328173533082 ], [ 631698.829156110761687, 7093058.8766731005162 ], [ 629566.985531845013611, 7093080.430842531844974 ], [ 629685.035047465120442, 7092145.265534156933427 ], [ 628619.146084565669298, 7092155.924041206017137 ], [ 628737.259849304333329, 7091220.742941725999117 ], [ 627671.402338500716724, 7091231.326820213347673 ], [ 627789.580373450298794, 7090296.129907725378871 ], [ 626723.754305952810682, 7090306.639113161712885 ], [ 627196.936956863501109, 7086565.612780218012631 ], [ 629328.361754201818258, 7086544.399064648896456 ], [ 629446.688741010031663, 7085609.04251557495445 ], [ 626249.641953582176939, 7085640.771069906651974 ], [ 626368.090853721252643, 7084705.425507836043835 ], [ 625302.442772994167171, 7084715.838653245009482 ], [ 625658.089291881537065, 7081909.666434755548835 ], [ 621395.869176066480577, 7081950.596568699926138 ], [ 621514.604526538052596, 7081015.200595934875309 ], [ 620449.084829766419716, 7081025.225624706596136 ], [ 620567.88464639801532, 7080089.813652162440121 ], [ 619502.396359982667491, 7080099.763598067685962 ], [ 619740.160593813634478, 7078228.878321764059365 ], [ 620805.591128951869905, 7078218.901840958744287 ], [ 621043.440067350398749, 7076347.872781714424491 ], [ 618912.697119898395613, 7076367.790419878438115 ], [ 619031.732832548674196, 7075432.258464594371617 ], [ 617966.39405702939257, 7075442.09782126173377 ], [ 617847.329428622615524, 7076377.616529803723097 ], [ 616781.964228946948424, 7076387.354168714955449 ], [ 616901.057774885441177, 7075451.848678968846798 ], [ 615835.723963599419221, 7075461.511039018630981 ], [ 615716.601498346659355, 7076397.003337915055454 ], [ 614651.241214297362603, 7076406.564038697630167 ], [ 614889.579659256385639, 7074535.576473098248243 ], [ 613824.27965548937209, 7074545.074986733496189 ], [ 613705.063663533655927, 7075480.570271318778396 ], [ 612639.737129718880169, 7075489.967146120965481 ], [ 612758.982056831708178, 7074554.484978619031608 ], [ 611693.686840774840675, 7074563.806450013071299 ], [ 611574.412976693361998, 7075499.275528369471431 ], [ 610509.091181940049864, 7075508.495419314131141 ], [ 610628.393984808353707, 7074573.039402164518833 ], [ 609563.10346642206423, 7074582.183836309239268 ], [ 609443.771722941659391, 7075517.626820187084377 ], [ 607313.139722141786478, 7075535.624156599864364 ], [ 607193.785837317467667, 7076471.011934518814087 ], [ 606128.44431479414925, 7076479.864933049306273 ], [ 606009.097251571714878, 7077415.210572331212461 ], [ 608139.840411615325138, 7077397.442003425210714 ], [ 608020.586934899445623, 7078332.784323994070292 ], [ 609085.990845322376117, 7078323.780367657542229 ], [ 609205.215410927892663, 7077388.425071908161044 ], [ 610270.592719809035771, 7077379.319707411341369 ], [ 610032.237125586834736, 7079250.027093609794974 ], [ 611097.674571016803384, 7079240.859346959739923 ], [ 610740.495710977353156, 7082046.7404820099473 ], [ 609674.971637181239203, 7082055.869225887581706 ], [ 609436.973263904219493, 7083926.28484526462853 ], [ 608371.393809324014001, 7083935.299398764967918 ], [ 608014.577729692915455, 7086740.665634370408952 ], [ 606948.914088906371035, 7086749.55326556134969 ], [ 606830.018070964608341, 7087684.604298189282417 ], [ 605764.327890100888908, 7087693.390929876826704 ], [ 605645.438827813602984, 7088628.400073168799281 ], [ 604579.722090966068208, 7088637.085772378370166 ], [ 604698.639953329693526, 7087702.089438166469336 ], [ 600435.910194938536733, 7087736.002260490320623 ], [ 600554.979092753957957, 7086801.027891086414456 ], [ 601620.629461258416995, 7086792.66915743611753 ], [ 601739.705345586990006, 7085857.653064427897334 ], [ 600674.083805513684638, 7085866.024515489116311 ], [ 600793.224331776844338, 7084930.992119832895696 ], [ 599727.633767278515734, 7084939.288096884265542 ], [ 599846.838956772582605, 7084004.239376811310649 ], [ 598781.279359476640821, 7084012.459835142828524 ], [ 598900.54923350631725, 7083077.394768889993429 ], [ 597835.020595061592758, 7083085.539663789793849 ], [ 597715.721855632960796, 7084020.592066343873739 ], [ 594519.061678994912654, 7084044.459407997317612 ], [ 594638.447026140289381, 7083109.444829075597227 ], [ 591441.891502765356563, 7083132.555737534537911 ], [ 591202.983462566859089, 7085002.48079273942858 ], [ 592268.557746505830437, 7084994.890388099476695 ], [ 592387.964947824948467, 7084059.929853105917573 ], [ 593453.512323139118962, 7084052.238741452805698 ], [ 593334.133986451546662, 7084987.211790591478348 ], [ 594399.712204993469641, 7084979.444999188184738 ], [ 594041.879036155180074, 7087784.227984856814146 ], [ 598304.558192396303639, 7087752.429961020126939 ], [ 598066.412626388948411, 7089622.241134504787624 ], [ 599132.145185836125165, 7089614.096615708433092 ], [ 599013.154952812474221, 7090548.971400160342455 ], [ 597947.39360278879758, 7090557.103297352790833 ], [ 597828.410420700558461, 7091491.936529386788607 ], [ 596762.622368663083762, 7091499.967811112292111 ], [ 596881.634332834510133, 7090565.147162789478898 ], [ 594750.121942604309879, 7090580.970802698284388 ], [ 594869.227349451743066, 7089646.146337216719985 ], [ 593803.502982187550515, 7089653.938623789697886 ], [ 593922.673069027368911, 7088719.097763585858047 ], [ 590725.598263363004662, 7088741.983687417581677 ], [ 590844.890699455980211, 7087807.151331138797104 ], [ 592976.214292038232088, 7087791.957210129126906 ], [ 593214.791534753632732, 7085922.155875856056809 ], [ 590017.982091827783734, 7085944.889662079513073 ], [ 590495.913664381369017, 7082205.089377370662987 ], [ 589430.429867463069968, 7082212.540720663964748 ], [ 589550.03144581115339, 7081277.530706108547747 ], [ 592746.401909932494164, 7081254.874386442825198 ], [ 592865.952678587986156, 7080319.797897476702929 ], [ 593931.384491197532043, 7080312.056629104539752 ], [ 594050.942231383058242, 7079376.938552758656442 ], [ 596181.754016447812319, 7079361.165802486240864 ], [ 596540.46888160367962, 7076555.561478644609451 ], [ 595475.148783812299371, 7076563.529955334961414 ], [ 595714.52920539106708, 7074693.006882408633828 ], [ 594649.269049637601711, 7074700.91218760702759 ], [ 594888.850871538859792, 7072830.297923262231052 ], [ 593823.650684780674055, 7072838.139986577443779 ], [ 594063.433982847607695, 7070967.434444131329656 ], [ 592998.293792089447379, 7070975.213195199146867 ], [ 593118.268275693058968, 7070039.829324571415782 ], [ 595248.492598331184126, 7070024.157909420318902 ], [ 595128.576158797368407, 7070959.567081573419273 ], [ 596193.720342419459485, 7070951.611106473021209 ], [ 596433.531034782994539, 7069080.73818071372807 ], [ 594303.360776503337547, 7069096.612253222614527 ], [ 594423.377980572986417, 7068161.157379775308073 ], [ 596553.490156869404018, 7068145.257909618318081 ], [ 596673.485127630643547, 7067209.748414449393749 ], [ 597738.515209871344268, 7067201.65288308262825 ], [ 597858.516968850046396, 7066266.101389022544026 ], [ 598923.52005428308621, 7066257.904342506080866 ], [ 599043.528581035323441, 7065322.310787496156991 ], [ 600108.504685465013608, 7065314.012158798053861 ], [ 599988.525224359473214, 7066249.618540609255433 ], [ 602118.541908214334399, 7066232.78066623210907 ], [ 601998.656366221257485, 7067168.383482988923788 ], [ 603063.69697440834716, 7067159.844308745115995 ], [ 602824.091344430111349, 7069030.987861579284072 ], [ 604954.295224987552501, 7069013.695025082677603 ], [ 604834.604121088399552, 7069949.248712875880301 ], [ 603769.472070773597807, 7069957.926543656736612 ], [ 603649.787730889860541, 7070893.438038650900126 ], [ 605780.112049423158169, 7070876.019586568698287 ], [ 605660.521474567707628, 7071811.527668631635606 ], [ 606725.715961082954891, 7071802.698469392955303 ], [ 607323.881357075180858, 7067124.800280624069273 ], [ 605193.784730856888928, 7067142.499763240106404 ], [ 605313.583129900624044, 7066206.858161225914955 ], [ 607443.621670133201405, 7066189.132682111114264 ], [ 607922.940319639164954, 7062446.168618923053145 ], [ 606858.036201560404152, 7062455.127890037372708 ], [ 606977.984300301875919, 7061519.326449627056718 ], [ 605913.111527617205866, 7061528.209880407899618 ], [ 605793.134332629735582, 7062463.99828602001071 ], [ 604728.234690432436764, 7062472.77980805747211 ], [ 604848.240983521216549, 7061537.004409306682646 ], [ 603783.3726456068689, 7061545.710037501528859 ], [ 603903.4438143823063, 7060609.918235152959824 ], [ 602838.606772545259446, 7060618.547924912534654 ], [ 602958.742838350241072, 7059682.739697245880961 ], [ 604023.550757416058332, 7059674.097036261111498 ], [ 604263.871960384305567, 7057802.366392759606242 ], [ 605328.62379373528529, 7057793.6087476760149 ], [ 605569.029760978068225, 7055921.734280455857515 ], [ 603439.644919515703805, 7055939.212641894817352 ], [ 603559.959886953933164, 7055003.25727172754705 ], [ 602495.2999133374542, 7055011.87584681622684 ], [ 602615.679844193742611, 7054075.904010112397373 ], [ 604744.943592777475715, 7054058.551729909144342 ], [ 604865.300914469640702, 7053122.524362294003367 ], [ 605929.906881379545666, 7053113.70146812684834 ], [ 606170.670390793005936, 7051241.532021540217102 ], [ 605106.122843848308548, 7051250.381086371839046 ], [ 605226.587448583682999, 7050314.265149924904108 ], [ 604162.071333487518132, 7050323.0380805330351 ], [ 604282.600934348301962, 7049386.905675783753395 ], [ 603218.116242993623018, 7049395.602427622303367 ], [ 602977.034340457175858, 7051267.811596652492881 ], [ 600847.954475559527054, 7051284.885288833640516 ], [ 600968.53600180731155, 7050348.821475265547633 ], [ 602033.045632417313755, 7050340.316242050379515 ], [ 602153.63371500512585, 7049404.2099190633744 ], [ 601089.153328072745353, 7049412.728151252493262 ], [ 601209.806452884804457, 7048476.605302724987268 ], [ 600145.357440748950467, 7048485.047258006408811 ], [ 600386.829623701050878, 7046612.738924035802484 ], [ 599322.441257249098271, 7046621.117531439289451 ], [ 598960.198888132930733, 7049429.496842418797314 ], [ 593637.848695031367242, 7049469.856611611321568 ], [ 593758.706652196473442, 7048533.824044935405254 ], [ 594823.143408914911561, 7048525.917782699689269 ], [ 594944.007958566304296, 7047589.842924820259213 ], [ 593879.600479846820235, 7047597.762010840699077 ], [ 594000.530176523141563, 7046661.67049527540803 ], [ 592936.153954667155631, 7046669.513080985285342 ], [ 593057.148819815251045, 7045733.404886091127992 ], [ 590928.460799731314182, 7045748.847607519477606 ], [ 590807.407326941611245, 7046684.93025379255414 ], [ 588678.668305276194587, 7046699.990101957693696 ], [ 589042.112324196728878, 7043891.730083748698235 ], [ 587977.83357342123054, 7043899.16407389100641 ], [ 588220.367861377657391, 7042026.868742196820676 ], [ 586091.933260705205612, 7042041.5191690325737 ], [ 586456.180372533388436, 7039232.931025583297014 ], [ 585392.05392201943323, 7039240.160001589916646 ], [ 585756.7127254398074, 7036431.344172736629844 ], [ 581500.577531026327051, 7036459.515977056697011 ], [ 581378.870942557696253, 7037395.766960071399808 ], [ 583506.993906179093756, 7037381.885512845590711 ], [ 583385.382143178023398, 7038318.132165817543864 ], [ 582321.29038379015401, 7038325.105089460499585 ], [ 582199.685184118687175, 7039261.309641851112247 ], [ 581135.565735271316953, 7039268.180429155007005 ], [ 581013.9671193434624, 7040204.342943333089352 ], [ 579949.819965261034667, 7040211.111661234870553 ], [ 579828.227953474619426, 7041147.23219954688102 ], [ 577699.879849550081417, 7041160.476143136620522 ], [ 577578.265079106204212, 7042096.542319556698203 ], [ 576514.06408914399799, 7042103.017640920355916 ], [ 576635.708244814537466, 7041166.963884945958853 ], [ 575571.538241907255724, 7041173.362141255289316 ], [ 575693.247832452179864, 7040237.291381286457181 ], [ 574629.108808951918036, 7040243.612527774646878 ], [ 574872.694958176114596, 7038371.40754235163331 ], [ 573808.616329310112633, 7038377.663901548832655 ], [ 573686.775804239790887, 7039313.768734153360128 ], [ 568366.258189806132577, 7039343.645628241822124 ], [ 568122.391204317798838, 7041215.644411625340581 ], [ 570250.711476278840564, 7041204.011169765144587 ], [ 570007.106556826271117, 7043075.941476568579674 ], [ 572135.550267787999474, 7043063.999360093846917 ], [ 572013.860712931840681, 7043999.945023328065872 ], [ 573078.114192852401175, 7043993.85211443528533 ], [ 572470.354402273660526, 7048673.202140191569924 ], [ 573534.75610629748553, 7048667.081261461600661 ], [ 573413.341689999448135, 7049602.875673310831189 ], [ 576606.644046364352107, 7049584.014403712004423 ], [ 576485.353580098948441, 7050519.816458288580179 ], [ 577549.820169288199395, 7050513.363255928270519 ], [ 577671.0813466347754, 7049577.548844489268959 ], [ 578735.520274828420952, 7049570.994049161672592 ], [ 578614.288384352694266, 7050506.820845361799002 ], [ 579678.758247610065155, 7050500.189225715585053 ], [ 579557.59165151626803, 7051435.999127205461264 ], [ 580622.092457611695863, 7051429.29072801489383 ], [ 580500.991134366253391, 7052365.083756389096379 ], [ 582630.056358932401054, 7052351.424332493916154 ], [ 582509.049534360063262, 7053287.212975296191871 ], [ 586767.317932702600956, 7053258.874380307272077 ], [ 586646.464018053025939, 7054194.683829564601183 ], [ 584517.267806950490922, 7054209.006281771697104 ], [ 584396.391395536251366, 7055144.761321904137731 ], [ 582267.143834023969248, 7055158.702387296594679 ], [ 582388.078692245762795, 7054222.972322238609195 ], [ 581323.486740174819715, 7054229.821690409444273 ], [ 581202.522655528620817, 7055165.539309788495302 ], [ 580137.903182068839669, 7055172.287160031497478 ], [ 579654.290006427909248, 7058914.815629346296191 ], [ 577524.822442316100933, 7058927.945311727002263 ], [ 577283.115224492386915, 7060798.985058222897351 ], [ 578347.906530524953268, 7060792.489309133961797 ], [ 578468.712952493224293, 7059856.971713470295072 ], [ 580598.242197696934454, 7059843.688818945549428 ], [ 579753.761719667701982, 7066391.872623059898615 ], [ 580818.732799930730835, 7066385.184259943664074 ], [ 580457.440000505652279, 7069191.14902232401073 ], [ 581522.500018268125132, 7069184.408917346969247 ], [ 581161.618419782724231, 7071990.149054072797298 ], [ 582226.767291445634328, 7071983.357283106073737 ], [ 582106.574448422063142, 7072918.558231616392732 ], [ 583171.754077908699401, 7072911.690225492231548 ], [ 583051.626237915595993, 7073846.874477917328477 ], [ 584116.836633257218637, 7073839.930281458422542 ], [ 583876.746889955131337, 7075710.236421436071396 ], [ 582811.478506925515831, 7075717.155937064439058 ], [ 582691.45861876627896, 7076652.253171507269144 ], [ 580560.869118699221872, 7076665.802250241860747 ], [ 580200.851618163171224, 7079470.846558569930494 ], [ 579135.472543946350925, 7079477.451783996075392 ], [ 579015.509789642412215, 7080412.396500010043383 ], [ 577950.10344538197387, 7080418.901203880086541 ], [ 577590.344558613956906, 7083223.525588975287974 ], [ 578655.837674409151077, 7083217.057346069253981 ], [ 578536.019023244036362, 7084151.886573452502489 ], [ 580667.068076672730967, 7084138.709728699177504 ], [ 580786.828927902388386, 7083203.856150380335748 ], [ 581852.327110749669373, 7083197.123195827938616 ], [ 581732.595156436320394, 7084131.988991443067789 ], [ 582798.123968340922147, 7084125.18004307243973 ], [ 582558.825813940842636, 7085994.849505506455898 ], [ 581493.239243470132351, 7086001.63399351015687 ], [ 580776.035571156651713, 7091609.877279521897435 ], [ 578644.521503123105504, 7091623.036009583622217 ], [ 578764.023062863969244, 7090688.425015947781503 ], [ 577698.297363924211822, 7090694.884482773020864 ], [ 577817.863780574523844, 7089760.256829541176558 ], [ 576752.168561933678575, 7089766.640346812084317 ], [ 576991.467198626836762, 7087897.32291900087148 ], [ 573794.564328862121329, 7087916.017369974404573 ], [ 573435.410842294339091, 7090719.842225736938417 ], [ 572369.693167257704772, 7090725.861634575761855 ], [ 572489.403755852719769, 7089791.294021223671734 ], [ 571423.71645832771901, 7089797.23734528850764 ], [ 571184.273701306665316, 7091666.320041867904365 ], [ 567987.047778484644368, 7091683.550618162378669 ], [ 567747.576519451919012, 7093552.447581732645631 ], [ 568813.374661278212443, 7093546.815667159855366 ], [ 568693.722041562665254, 7094481.233027427457273 ], [ 566562.069584941258654, 7094492.38536018691957 ], [ 566203.15578320203349, 7097295.395253455266356 ], [ 567269.067652964382432, 7097289.898293826729059 ], [ 567030.030067530227825, 7099158.452261410653591 ], [ 568096.000886283465661, 7099152.891003144904971 ], [ 567976.565053522353992, 7100087.13692897092551 ], [ 569042.566063296049833, 7100081.499683832749724 ], [ 568923.195097217918374, 7101015.728844340890646 ], [ 567857.165356735000387, 7101021.354330269619823 ], [ 567379.927956756902859, 7104757.938963416963816 ], [ 565247.643126248149201, 7104768.833294118754566 ], [ 565366.95565033541061, 7103834.753209855407476 ], [ 563234.733780212351121, 7103845.320435084402561 ], [ 563354.139880651375279, 7102911.235164662823081 ], [ 562288.0596898724325, 7102916.398946367204189 ], [ 562168.624879118986428, 7103850.472626604139805 ], [ 561102.517303694155999, 7103855.537204986438155 ], [ 560863.698869371088222, 7105723.57622304558754 ], [ 561929.863838687422685, 7105718.53473961725831 ], [ 561571.993751115864143, 7108520.41499475389719 ], [ 562638.246048506814986, 7108515.320605641230941 ], [ 562519.057065785513259, 7109449.235498759895563 ], [ 565717.908006517449394, 7109433.462240659631789 ], [ 565956.150267140124924, 7107565.534543545916677 ], [ 567022.379401670768857, 7107560.07859979569912 ], [ 566903.268842014367692, 7108494.068296371027827 ], [ 567969.528055226430297, 7108488.536527281627059 ], [ 568088.609967033728026, 7107554.53515075519681 ], [ 569154.841985991690308, 7107548.904195683076978 ], [ 569035.788719912525266, 7108482.917280013673007 ], [ 571168.314494785154238, 7108471.416347918100655 ], [ 571287.310475741629489, 7107537.379764400422573 ], [ 572353.546992060029879, 7107531.486286643892527 ], [ 572234.579650512197986, 7108465.53466154448688 ], [ 573300.84634879254736, 7108459.565493903122842 ], [ 573181.943730747094378, 7109393.597226968035102 ], [ 574248.240619227988645, 7109387.552414474077523 ], [ 574129.402703268104233, 7110321.567527426406741 ], [ 573063.077200263156556, 7110327.600512593984604 ], [ 572944.246758714318275, 7111261.575364418327808 ], [ 574010.600865892251022, 7111255.554196691140532 ], [ 573891.835108475992456, 7112189.512435901910067 ], [ 572825.452407474862412, 7112195.521796070039272 ], [ 572350.635933044482954, 7115931.023593368008733 ], [ 573417.132905878825113, 7115925.061364713124931 ], [ 573535.754329722723924, 7114991.216709477826953 ], [ 574602.224323640111834, 7114985.155424901284277 ], [ 574246.553933996008709, 7117786.639676548540592 ], [ 573179.998320026672445, 7117792.665602895431221 ], [ 573061.48516075767111, 7118726.425213040784001 ], [ 574128.069294066168368, 7118720.411053060553968 ], [ 574009.620734727592207, 7119654.154098550789058 ], [ 576142.850800055777654, 7119641.887842721305788 ], [ 576498.133621139917523, 7116840.502850650809705 ], [ 579697.734414169914089, 7116821.342931874096394 ], [ 579816.148542123148218, 7115887.455504210665822 ], [ 581949.167177976574749, 7115874.222106201574206 ], [ 581712.489034065278247, 7117742.016403077170253 ], [ 579579.356312356307171, 7117755.201952024362981 ], [ 579461.01423806254752, 7118689.032578282058239 ], [ 580527.608242299873382, 7118682.495342444628477 ], [ 580409.330693528056145, 7119616.30951211694628 ], [ 582542.580887382035144, 7119602.997423585504293 ], [ 582779.058008510852233, 7117735.292812433093786 ], [ 583845.628755806945264, 7117728.482009807601571 ], [ 583609.208626087405719, 7119596.210645411163568 ], [ 584675.838156454847194, 7119589.336710084229708 ], [ 584557.710552442236803, 7120523.170437293127179 ], [ 583491.052543902071193, 7120530.032347301021218 ], [ 583372.932452011387795, 7121463.825656745582819 ], [ 586572.997335490770638, 7121443.014665210619569 ], [ 586454.99860172427725, 7122376.81569632794708 ], [ 583254.848351798951626, 7122397.590587361715734 ], [ 583018.788131934474222, 7124265.035366540774703 ], [ 588352.665494630811736, 7124230.095634192228317 ], [ 588234.831490080570802, 7125163.835669283755124 ], [ 589301.640975626185536, 7125156.598774615675211 ], [ 589183.871322748251259, 7126090.322541803121567 ], [ 588117.033431057352573, 7126097.547330814413726 ], [ 587999.271318950108252, 7127031.230632390826941 ], [ 589066.137606450123712, 7127024.017939209006727 ], [ 588830.777989143156447, 7128891.323679108172655 ], [ 590964.62983538385015, 7128876.685963870957494 ], [ 590729.527407750836574, 7130743.92680099979043 ], [ 589662.543807274894789, 7130751.264866716228426 ], [ 589780.105410882737488, 7129817.670727968215942 ], [ 588713.152090908144601, 7129824.934048799797893 ], [ 588478.008122199214995, 7131692.069855628535151 ], [ 591679.043967167264782, 7131670.091965006664395 ], [ 591561.610889078699984, 7132603.653707418590784 ], [ 588360.490054493653588, 7132625.595319931395352 ], [ 588243.007933063316159, 7133559.092509598471224 ], [ 589310.074601087137125, 7133551.877467694692314 ], [ 589192.656738517456688, 7134485.358441529795527 ], [ 591326.852480191853829, 7134470.692293720319867 ], [ 591209.527152166701853, 7135404.16916476842016 ], [ 592276.6562555199489, 7135396.718130717054009 ], [ 592393.953288585762493, 7134463.229140603914857 ], [ 594528.160895346780308, 7134448.042670924216509 ], [ 594645.437231467454694, 7133514.501052794978023 ], [ 593578.360723472200334, 7133522.149833161383867 ], [ 594047.93821991502773, 7129787.748862696811557 ], [ 597248.833974504377693, 7129764.395424347370863 ], [ 597366.233025019057095, 7128830.687520056031644 ], [ 598433.174079809221439, 7128822.716995975002646 ], [ 598081.169518726645038, 7131623.792463259771466 ], [ 599148.197693810448982, 7131615.772051963955164 ], [ 598913.763862003572285, 7133483.038413497619331 ], [ 599980.850784103502519, 7133474.955868919380009 ], [ 599863.715925814234652, 7134408.558828345499933 ], [ 598796.600711994338781, 7134416.629048895090818 ], [ 598679.473407778888941, 7135350.191338853910565 ], [ 600813.762546097743325, 7135333.988825933076441 ], [ 600696.727629289380275, 7136267.54742081835866 ], [ 602831.081983724376187, 7136251.022850673645735 ], [ 602948.060367932310328, 7135317.439507470466197 ], [ 604015.212592617608607, 7135309.034793382510543 ], [ 604132.198508907691576, 7134375.410653376020491 ], [ 605199.324701499426737, 7134366.906780860386789 ], [ 605082.367057121824473, 7135300.543374551460147 ], [ 606149.523784426040947, 7135291.965249830856919 ], [ 606032.630184966837987, 7136225.585924697108567 ], [ 604965.445197957102209, 7136234.151577634736896 ], [ 604731.708840891718864, 7138101.282866453751922 ], [ 605798.950316319940612, 7138092.742127705365419 ], [ 605915.772361795185134, 7137159.178212782368064 ], [ 608050.205703685409389, 7137141.811875966377556 ], [ 607933.44013069733046, 7138075.400778973475099 ], [ 610067.939249782706611, 7138057.712927456945181 ], [ 609834.628248698427342, 7139924.855750355869532 ], [ 608767.321082341833971, 7139933.717891337350011 ], [ 608534.096652776934206, 7141800.722169311717153 ], [ 609601.460210046265274, 7141791.885087427683175 ], [ 609368.435145113500766, 7143658.801047555170953 ], [ 608301.015238228719682, 7143667.613109428435564 ], [ 608417.538067921879701, 7142734.181799802929163 ], [ 607350.148670606780797, 7142742.919879404827952 ], [ 607233.597669413196854, 7143676.338711803779006 ], [ 605098.76945381204132, 7143693.530542759224772 ], [ 604982.197891553980298, 7144626.896226398646832 ], [ 607117.082435109070502, 7144609.729246692731977 ], [ 607000.602969097089954, 7145543.091497655957937 ], [ 608068.076849955599755, 7145534.390820447355509 ], [ 607951.661294186022133, 7146467.737249012105167 ], [ 604749.162135214312002, 7146493.542814012616873 ], [ 604865.66211822128389, 7145560.233645627275109 ], [ 600595.807414184440859, 7145593.481147909536958 ], [ 600479.194835201953538, 7146526.74102649372071 ], [ 601546.683345979661681, 7146518.571027929894626 ], [ 601430.134741490124725, 7147451.81497910618782 ], [ 599295.103606014279649, 7147468.044094502925873 ], [ 599178.534561225795187, 7148401.235356805846095 ], [ 600246.077177525032312, 7148393.176202349364758 ], [ 600129.572101610712707, 7149326.351526700891554 ], [ 603332.29740322032012, 7149301.69302418269217 ], [ 603215.912490569520742, 7150234.876999489963055 ], [ 605351.130034014000557, 7150218.0312404576689 ], [ 605234.837116330512799, 7151151.211701467633247 ], [ 603099.563385532004759, 7151168.03280146047473 ], [ 602983.250089501263574, 7152101.160443626344204 ], [ 605118.579987046425231, 7152084.363983215764165 ], [ 605002.358647556393407, 7153017.488099239766598 ], [ 602866.972603867179714, 7153034.259939518757164 ], [ 602750.730930019984953, 7153967.331302659586072 ], [ 604886.173099253792316, 7153950.584063071757555 ], [ 604770.023343532346189, 7154883.651888236403465 ], [ 602634.525069350376725, 7154900.374546566978097 ], [ 602518.355023244628683, 7155833.38968475535512 ], [ 604653.909381782636046, 7155816.691588256508112 ], [ 604537.831215397338383, 7156749.703176647424698 ], [ 605605.639813572401181, 7156741.237300069071352 ], [ 605721.689950899337418, 7155808.213398646563292 ], [ 606789.472810764214955, 7155799.649113276042044 ], [ 606905.530695677967742, 7154866.584739889018238 ], [ 607973.287833811831661, 7154857.921979087404907 ], [ 607857.257984513533302, 7155790.99873098731041 ], [ 608925.045495285652578, 7155782.262250613421202 ], [ 608809.079433919978328, 7156715.32325844001025 ], [ 607741.263899689656682, 7156724.047342125326395 ], [ 607625.305580733460374, 7157657.067826027050614 ], [ 608693.149128125514835, 7157648.356129324063659 ], [ 608577.254579300060868, 7158581.3608767837286 ], [ 609645.12848415854387, 7158572.575541758909822 ], [ 609529.297684413846582, 7159505.564574778079987 ], [ 607393.496246005175635, 7159523.024466183036566 ], [ 607277.645233018323779, 7160455.960649456828833 ], [ 604073.876531276036985, 7160481.468684053048491 ], [ 603842.113997493172064, 7162347.183119007386267 ], [ 604910.090553906629793, 7162338.790916938334703 ], [ 605025.925951631739736, 7161405.935459924861789 ], [ 607161.829991471837275, 7161388.868759529665112 ], [ 607046.050522757228464, 7162321.748809901997447 ], [ 605978.069387932657264, 7162330.31281428411603 ], [ 605862.297740154550411, 7163263.152517505921423 ], [ 606930.306828263332136, 7163254.600814061239362 ], [ 606814.598909379215911, 7164187.424785494804382 ], [ 605746.561878269771114, 7164195.964197681285441 ], [ 605630.861803665058687, 7165128.747868284583092 ], [ 603494.738738332292996, 7165145.544676369056106 ], [ 603726.286437520640902, 7163279.998303996399045 ], [ 602658.284176608780399, 7163288.292389316484332 ], [ 602542.464474450680427, 7164221.06736299302429 ], [ 601474.436492344364524, 7164229.263398116454482 ], [ 601358.624668045900762, 7165161.998221168294549 ], [ 600290.570948025328107, 7165170.096272622235119 ], [ 600406.410714487545192, 7164237.373591768555343 ], [ 599338.387117678648792, 7164245.397945047356188 ], [ 599222.519407142885029, 7165178.108511574566364 ], [ 597086.422769961529411, 7165193.875556292012334 ], [ 597202.346374403103255, 7164261.189134808257222 ], [ 593998.30103734030854, 7164284.232143362984061 ], [ 593882.29357753705699, 7165216.882556287571788 ], [ 591746.217687399941497, 7165231.791523650288582 ], [ 591630.190236496040598, 7166164.390199747867882 ], [ 590562.127343907370232, 7166171.704094935208559 ], [ 590678.182744152843952, 7165239.117300579324365 ], [ 589610.149771178024821, 7165246.357274329289794 ], [ 589494.066419616690837, 7166178.932214803993702 ], [ 586289.895224387058988, 7166200.101932190358639 ], [ 586406.062441813992336, 7165267.562386233359575 ], [ 585338.037117857020348, 7165274.459156935103238 ], [ 585454.268278387840837, 7164341.903540967032313 ], [ 584386.272780225146562, 7164348.72623753733933 ], [ 584270.013648136751726, 7165281.270129231736064 ], [ 583201.992009447421879, 7165287.995304044336081 ], [ 583434.602223766734824, 7163422.903106950223446 ], [ 582366.638354357797652, 7163429.565832000225782 ], [ 582599.448577771778218, 7161564.385740598663688 ], [ 583667.356444666045718, 7161557.699630077928305 ], [ 583550.961334069143049, 7162490.315285185351968 ], [ 584618.899021244840696, 7162483.554992113262415 ], [ 584502.567905044881627, 7163416.15452962834388 ], [ 586638.504795980406925, 7163402.399814508855343 ], [ 586754.779930011602119, 7162469.776761937886477 ], [ 585686.838545497390442, 7162476.708818005397916 ], [ 586035.963790970505215, 7159678.707804922014475 ], [ 589239.541540422709659, 7159657.547619184479117 ], [ 589355.904487926396541, 7158724.789332808926702 ], [ 588288.071360401809216, 7158731.940561024472117 ], [ 588404.49828886706382, 7157799.166214796714485 ], [ 587336.695115386159159, 7157806.243295444175601 ], [ 587453.186045997077599, 7156873.452867440879345 ], [ 585317.641461634659208, 7156887.372594373300672 ], [ 585201.094425583141856, 7157820.13939115870744 ], [ 584133.296862961025909, 7157826.95840810239315 ], [ 584016.75776470801793, 7158759.68553065508604 ], [ 581881.111991302459501, 7158773.042062595486641 ], [ 581648.029648494906723, 7160638.365828832611442 ], [ 580580.153364608529955, 7160644.891777651384473 ], [ 580696.704558609402739, 7159712.255482855252922 ], [ 579628.858056168304756, 7159718.707131901755929 ], [ 579745.473320515360683, 7158786.05463563464582 ], [ 577609.841567090945318, 7158798.723256794735789 ], [ 577493.170210004667751, 7159731.352550493553281 ], [ 578561.013281021267176, 7159725.072820828296244 ], [ 578327.834805745864287, 7161590.271120836958289 ], [ 575124.14240806736052, 7161608.783165387809277 ], [ 574890.940052681835368, 7163473.801117824390531 ], [ 573822.989843305083923, 7163479.777056109160185 ], [ 573589.875828541116789, 7165344.66113661415875 ], [ 574657.882032247376628, 7165338.708099676296115 ], [ 574541.407150976127014, 7166271.12001002766192 ], [ 575609.442956557264552, 7166265.092647392302752 ], [ 575493.032132476917468, 7167197.488309545442462 ], [ 574424.9683574475348, 7167203.504217799752951 ], [ 574192.199038951541297, 7169068.189578976482153 ], [ 573124.080969625618309, 7169074.096929010003805 ], [ 573007.722506540361792, 7170006.386711461469531 ], [ 577280.316310507943854, 7169982.288995267823339 ], [ 577164.105660402099602, 7170914.596857102587819 ] ], [ [ 617149.02894184878096, 7166895.985487250611186 ], [ 617033.743056407663971, 7167828.821522016078234 ], [ 615965.570182995637879, 7167838.16927538998425 ], [ 616080.883951934752986, 7166905.345772076398134 ], [ 610740.196392669109628, 7166950.860606016591191 ], [ 610855.685346382088028, 7166018.071324091404676 ], [ 611923.790047387359664, 7166009.127496878616512 ], [ 612039.286826582625508, 7165076.297772645950317 ], [ 614175.447728748782538, 7165058.127818812616169 ], [ 614521.984836614341475, 7162259.395432189106941 ], [ 617725.993516108836047, 7162231.383910774253309 ], [ 617610.529252996551804, 7163164.360458131879568 ], [ 619746.603644483257085, 7163145.281780548393726 ], [ 619400.592367127770558, 7165944.118313319981098 ], [ 618332.4701504354598, 7165953.662747541442513 ], [ 618217.176478637265973, 7166886.539426821283996 ], [ 617149.02894184878096, 7166895.985487250611186 ] ], [ [ 634091.743922378169373, 7159280.051485303789377 ], [ 634322.154451385256834, 7157413.45948395691812 ], [ 636457.976195465191267, 7157391.647073531523347 ], [ 636342.809091030154377, 7158324.983423480764031 ], [ 637410.752344414358959, 7158313.96123260166496 ], [ 637295.648675360716879, 7159247.282341312617064 ], [ 634091.743922378169373, 7159280.051485303789377 ] ], [ [ 636890.829563932842575, 7145266.807814368978143 ], [ 635823.284561418695375, 7145277.841841632500291 ], [ 635939.004584668437019, 7144344.133437179028988 ], [ 637006.521483923774213, 7144333.086198509670794 ], [ 636890.829563932842575, 7145266.807814368978143 ] ], [ [ 621556.317342319642194, 7131427.288365643471479 ], [ 621672.993634990532883, 7130493.347330948337913 ], [ 622740.045744520262815, 7130483.403873596340418 ], [ 622623.397736043087207, 7131417.357847756706178 ], [ 621556.317342319642194, 7131427.288365643471479 ] ], [ [ 636550.527831161860377, 7079929.960105345584452 ], [ 636432.160707043483853, 7080865.574218335561454 ], [ 635366.602935799281113, 7080876.83608700055629 ], [ 635484.998894268879667, 7079941.235645789653063 ], [ 636550.527831161860377, 7079929.960105345584452 ] ], [ [ 600078.918405539589003, 7090540.751470122486353 ], [ 599959.992781878216192, 7091475.609953304752707 ], [ 598894.200550891691819, 7091483.817243814468384 ], [ 599013.154952812474221, 7090548.971400160342455 ], [ 600078.918405539589003, 7090540.751470122486353 ] ], [ [ 604608.264164066757075, 7063408.525828186422586 ], [ 603543.337636691983789, 7063417.205508636310697 ], [ 603663.337252554367296, 7062481.472457325085998 ], [ 604728.234690432436764, 7062472.77980805747211 ], [ 604608.264164066757075, 7063408.525828186422586 ] ], [ [ 572379.037621720228344, 7041192.020005661994219 ], [ 573443.202952602761798, 7041185.890200778841972 ], [ 573199.77437517081853, 7043057.894162714481354 ], [ 572135.550267787999474, 7043063.999360093846917 ], [ 572379.037621720228344, 7041192.020005661994219 ] ], [ [ 571314.873803693451919, 7041198.060328390449286 ], [ 571436.701005965820514, 7040262.038900319486856 ], [ 572500.835417944006622, 7040255.986286466941237 ], [ 572379.037621720228344, 7041192.020005661994219 ], [ 571314.873803693451919, 7041198.060328390449286 ] ], [ [ 580743.229781376430765, 7050493.468396103940904 ], [ 581807.703007970005274, 7050486.658355630002916 ], [ 581686.594954507192597, 7051422.493145865388215 ], [ 580622.092457611695863, 7051429.29072801489383 ], [ 580743.229781376430765, 7050493.468396103940904 ] ], [ [ 587711.064840620267205, 7054187.388946674764156 ], [ 587590.276084423298016, 7055123.181658732704818 ], [ 586525.646045439410955, 7055130.463956403546035 ], [ 586646.464018053025939, 7054194.683829564601183 ], [ 587711.064840620267205, 7054187.388946674764156 ] ], [ [ 587831.889528386993334, 7053251.566902061924338 ], [ 588896.462967189610936, 7053244.170290084555745 ], [ 588775.667504327488132, 7054180.004957964643836 ], [ 587711.064840620267205, 7054187.388946674764156 ], [ 587831.889528386993334, 7053251.566902061924338 ] ], [ [ 581972.095061737112701, 7082262.22851874679327 ], [ 583037.566073449794203, 7082255.395069997757673 ], [ 582917.827027762425132, 7083190.302002271637321 ], [ 581852.327110749669373, 7083197.123195827938616 ], [ 581972.095061737112701, 7082262.22851874679327 ] ], [ [ 578525.055973489885218, 7092557.618265772238374 ], [ 577459.272649318911135, 7092564.053579296916723 ], [ 577578.766986372997053, 7091629.483394773676991 ], [ 578644.521503123105504, 7091623.036009583622217 ], [ 578525.055973489885218, 7092557.618265772238374 ] ], [ [ 577220.392102280864492, 7094433.107820885255933 ], [ 576154.552836251328699, 7094439.431119188666344 ], [ 576393.490971084334888, 7092570.40093529317528 ], [ 577459.272649318911135, 7092564.053579296916723 ], [ 577220.392102280864492, 7094433.107820885255933 ] ], [ [ 576035.137850733939558, 7095373.90318982116878 ], [ 578166.875579204293899, 7095361.192747142165899 ], [ 578047.554183965665288, 7096295.660191001370549 ], [ 579113.454294351278804, 7096289.185217672027647 ], [ 578874.977113045984879, 7098158.058202462270856 ], [ 577809.019506137003191, 7098164.509086204692721 ], [ 577689.806226331507787, 7099098.890564991161227 ], [ 571293.922133008134551, 7099135.680689258500934 ], [ 571413.307852370431647, 7098201.370804448612034 ], [ 570347.361362912575714, 7098207.207167813554406 ], [ 570825.380340317147784, 7094469.729113383218646 ], [ 571891.211737147066742, 7094463.845311458222568 ], [ 572250.018669702112675, 7091660.400556545704603 ], [ 574381.513233513454907, 7091648.297641322016716 ], [ 574261.932461837888695, 7092582.831778101623058 ], [ 575327.71091613965109, 7092576.660334615036845 ], [ 575088.715189384878613, 7094445.666516566649079 ], [ 576154.552836251328699, 7094439.431119188666344 ], [ 576035.137850733939558, 7095373.90318982116878 ] ], [ [ 562049.226261603995226, 7104784.517886479385197 ], [ 563115.363862657686695, 7104779.377275237813592 ], [ 562996.030129349324852, 7105713.405698750168085 ], [ 561929.863838687422685, 7105718.53473961725831 ], [ 562049.226261603995226, 7104784.517886479385197 ] ], [ [ 565128.366765700164251, 7105702.884941934607923 ], [ 565009.126570055144839, 7106636.90816693380475 ], [ 563942.928893504664302, 7106642.200708577409387 ], [ 563823.696199523634277, 7107576.183918103575706 ], [ 562757.471220913575962, 7107581.377350337803364 ], [ 562996.030129349324852, 7105713.405698750168085 ], [ 565128.366765700164251, 7105702.884941934607923 ] ], [ [ 564889.922540678293444, 7107570.902982742525637 ], [ 564770.754678932018578, 7108504.869402978569269 ], [ 563704.499683522153646, 7108510.138741947710514 ], [ 563823.696199523634277, 7107576.183918103575706 ], [ 564889.922540678293444, 7107570.902982742525637 ] ], [ [ 573538.759842063998803, 7106591.416630890220404 ], [ 575671.183399879722856, 7106579.168384634889662 ], [ 575552.265899939346127, 7107513.280795380473137 ], [ 574486.024681395618245, 7107519.436802943237126 ], [ 574367.114612396690063, 7108453.508844194933772 ], [ 573300.84634879254736, 7108459.565493903122842 ], [ 573538.759842063998803, 7106591.416630890220404 ] ], [ [ 576618.508731417357922, 7107507.037276242859662 ], [ 576499.655926656560041, 7108441.133095307275653 ], [ 575433.384464094997384, 7108447.364711604081094 ], [ 575552.265899939346127, 7107513.280795380473137 ], [ 576618.508731417357922, 7107507.037276242859662 ] ], [ [ 577565.929022852680646, 7108434.813994465395808 ], [ 577447.140891873277724, 7109368.893243581056595 ], [ 576380.839177014189772, 7109375.200423610396683 ], [ 576499.655926656560041, 7108441.133095307275653 ], [ 577565.929022852680646, 7108434.813994465395808 ] ], [ [ 592628.655076582566835, 7132596.166286791674793 ], [ 592511.286229401826859, 7133529.711863822303712 ], [ 591444.213726290618069, 7133537.187145795673132 ], [ 591561.610889078699984, 7132603.653707418590784 ], [ 592628.655076582566835, 7132596.166286791674793 ] ], [ [ 609760.995031971717253, 7157639.558389134705067 ], [ 610828.843315423000604, 7157630.674604270607233 ], [ 610713.004766774945892, 7158563.704189949668944 ], [ 609645.12848415854387, 7158572.575541758909822 ], [ 609760.995031971717253, 7157639.558389134705067 ] ], [ [ 575958.891888390062377, 7163467.739334139972925 ], [ 575842.372835849877447, 7164400.218173046596348 ], [ 574774.392999927396886, 7164406.268473392352462 ], [ 574890.940052681835368, 7163473.801117824390531 ], [ 575958.891888390062377, 7163467.739334139972925 ] ], [ [ 575725.88985812687315, 7165332.669273010455072 ], [ 576793.899329385138117, 7165326.544655803591013 ], [ 576677.480405444046482, 7166258.979522051289678 ], [ 575609.442956557264552, 7166265.092647392302752 ], [ 575725.88985812687315, 7165332.669273010455072 ] ], [ [ 580484.779237748472951, 7169963.316354281269014 ], [ 579416.623208445613272, 7169969.726222370751202 ], [ 579532.814057957846671, 7169037.367636626586318 ], [ 580600.942158876219764, 7169030.946203889325261 ], [ 580484.779237748472951, 7169963.316354281269014 ] ], [ [ 577396.563022941933013, 7169049.953455301001668 ], [ 576328.440042375237681, 7169056.11784293781966 ], [ 576444.750760602764785, 7168123.766102269291878 ], [ 577512.845796368084848, 7168117.590223861858249 ], [ 577396.563022941933013, 7169049.953455301001668 ] ], [ [ 604331.450514830299653, 7167002.648068775422871 ], [ 605399.569021833245642, 7166994.231234662234783 ], [ 605283.976317374501377, 7167926.930957362055779 ], [ 604215.829906610073522, 7167935.335566769354045 ], [ 604331.450514830299653, 7167002.648068775422871 ] ], [ [ 603263.33427603088785, 7167010.97914169728756 ], [ 603379.018601880408823, 7166078.275890683755279 ], [ 604447.106924758991227, 7166069.932611271739006 ], [ 604331.450514830299653, 7167002.648068775422871 ], [ 603263.33427603088785, 7167010.97914169728756 ] ], [ [ 605515.197517724707723, 7166061.503542791120708 ], [ 606583.290403992054053, 7166052.988684102892876 ], [ 606467.689820260857232, 7166985.728638220578432 ], [ 605399.569021833245642, 7166994.231234662234783 ], [ 605515.197517724707723, 7166061.503542791120708 ] ], [ [ 609787.583054755814373, 7166026.929355230182409 ], [ 608719.48314929229673, 7166035.701591489836574 ], [ 608835.063673514872789, 7165102.909017599187791 ], [ 609903.135662124259397, 7165094.124425779096782 ], [ 609787.583054755814373, 7166026.929355230182409 ] ], [ [ 584851.66922237444669, 7160618.272374643012881 ], [ 582715.907703970791772, 7160631.753945989534259 ], [ 582832.402838030597195, 7159699.09430090431124 ], [ 584968.10830459697172, 7159685.589267868548632 ], [ 584851.66922237444669, 7160618.272374643012881 ] ], [ [ 608089.353446185705252, 7153924.817072901874781 ], [ 607021.624353967024945, 7153933.492221930064261 ], [ 607137.753784238127992, 7153000.371545867994428 ], [ 608205.454820240614936, 7152991.683998892083764 ], [ 608089.353446185705252, 7153924.817072901874781 ] ], [ [ 620529.824971445603296, 7148223.651660745032132 ], [ 620413.853874531574547, 7149157.06453094445169 ], [ 618278.624799266224727, 7149176.351284993812442 ], [ 618394.652073490433395, 7148242.963893907144666 ], [ 617327.069475444615819, 7148252.490511308424175 ], [ 617559.287217388977297, 7146385.65612961910665 ], [ 619694.34254938736558, 7146366.465657361783087 ], [ 619810.448680121917278, 7145432.980460034683347 ], [ 620877.952095203567296, 7145423.242857575416565 ], [ 620761.874083205242641, 7146356.740837678313255 ], [ 621829.40822632482741, 7146346.929627211764455 ], [ 621597.415317516773939, 7148213.866042380221188 ], [ 620529.824971445603296, 7148223.651660745032132 ] ], [ [ 616491.763373073888943, 7146395.121784780174494 ], [ 616607.953870715689845, 7145461.674768319353461 ], [ 617675.449590938049369, 7145452.196414111182094 ], [ 617559.287217388977297, 7146385.65612961910665 ], [ 616491.763373073888943, 7146395.121784780174494 ] ], [ [ 612570.70912463334389, 7143631.846093020401895 ], [ 613638.138614245224744, 7143622.688181165605783 ], [ 613405.4817308136262, 7145489.591354924254119 ], [ 612337.995947569375858, 7145498.724062634631991 ], [ 612454.33467775490135, 7144565.299244189634919 ], [ 610319.426656792405993, 7144583.330545963719487 ], [ 610435.857413112185895, 7143649.902524998411536 ], [ 611503.282065270817839, 7143640.917540557682514 ], [ 611736.194442036328837, 7141773.95137302018702 ], [ 612803.565162818296812, 7141764.85473807901144 ], [ 612570.70912463334389, 7143631.846093020401895 ] ], [ [ 617888.403701937757432, 7135191.882950563915074 ], [ 618955.589375317329541, 7135182.264261734671891 ], [ 618839.034748675883748, 7136116.036774320527911 ], [ 617771.82083753333427, 7136125.642656510695815 ], [ 617888.403701937757432, 7135191.882950563915074 ] ], [ [ 619072.17965276655741, 7134248.463231126777828 ], [ 620139.339641368016601, 7134238.744976120069623 ], [ 620022.777610244927928, 7135172.558851087465882 ], [ 618955.589375317329541, 7135182.264261734671891 ], [ 619072.17965276655741, 7134248.463231126777828 ] ], [ [ 621089.968429702566937, 7135162.766717314720154 ], [ 620973.470273248152807, 7136096.564926923252642 ], [ 619906.251219584490173, 7136106.344198226928711 ], [ 620022.777610244927928, 7135172.558851087465882 ], [ 621089.968429702566937, 7135162.766717314720154 ] ], [ [ 592863.500484478194267, 7130728.990177629515529 ], [ 591796.512959170504473, 7130736.501904970034957 ], [ 591914.017863698885776, 7129802.883513716980815 ], [ 592980.977042413898744, 7129795.359618308022618 ], [ 592863.500484478194267, 7130728.990177629515529 ] ], [ [ 593216.037859304226004, 7127928.01342217437923 ], [ 595349.848799374653026, 7127912.656151280738413 ], [ 595467.376306207384914, 7126978.916008562780917 ], [ 596534.256465833517723, 7126971.09471542108804 ], [ 596299.294062688248232, 7128838.571151878684759 ], [ 593098.489501153118908, 7128861.700704359449446 ], [ 593216.037859304226004, 7127928.01342217437923 ] ], [ [ 590368.45237811980769, 7125149.274884348735213 ], [ 592502.0810255499091, 7125134.366113065741956 ], [ 592384.396579257911071, 7126068.12636448815465 ], [ 591317.552873941021971, 7126075.612059628590941 ], [ 591199.875943327555433, 7127009.331732325255871 ], [ 590133.005806938046589, 7127016.718306181021035 ], [ 590368.45237811980769, 7125149.274884348735213 ] ], [ [ 585860.604597414494492, 7118648.50141051132232 ], [ 584794.001739035593346, 7118655.474566958844662 ], [ 584912.201298797270283, 7117721.583994284272194 ], [ 587045.35186322813388, 7117707.52632082439959 ], [ 586809.102683603065088, 7119575.327364265918732 ], [ 585742.469501340994611, 7119582.37561668176204 ], [ 585860.604597414494492, 7118648.50141051132232 ] ], [ [ 616078.543750654673204, 7115615.009173898026347 ], [ 617145.123871934833005, 7115605.468493973836303 ], [ 617027.707048092153855, 7116539.790878367610276 ], [ 615961.098464312846772, 7116549.31865658890456 ], [ 615843.688851857325062, 7117483.599396117031574 ], [ 614777.05429695523344, 7117493.027036697603762 ], [ 614659.651916282018647, 7118427.266192799434066 ], [ 612526.333265578490682, 7118445.834117272868752 ], [ 612761.28751841140911, 7116577.378353862091899 ], [ 613827.888722309377044, 7116568.112393072806299 ], [ 613945.39093904918991, 7115633.828630023635924 ], [ 612878.818203064263798, 7115643.107408756390214 ], [ 612996.384591292822734, 7114708.807736379094422 ], [ 616196.024709441699088, 7114680.670934275723994 ], [ 616078.543750654673204, 7115615.009173898026347 ] ], [ [ 633495.322690289816819, 7112648.149863822385669 ], [ 632428.787932014442049, 7112659.040250760503113 ], [ 632663.144625470740721, 7110789.767999686300755 ], [ 633729.622417364735156, 7110778.850882157683372 ], [ 633495.322690289816819, 7112648.149863822385669 ] ], [ [ 577209.67276972765103, 7111236.966294469311833 ], [ 576143.313848607125692, 7111243.249662542715669 ], [ 576262.058483871282078, 7110309.239274806343019 ], [ 577328.388807038078085, 7110302.944005697965622 ], [ 577209.67276972765103, 7111236.966294469311833 ] ], [ [ 624366.377369946567342, 7109004.780433885753155 ], [ 623299.981315604643896, 7109014.936713206581771 ], [ 623652.766245261067525, 7106210.995233566500247 ], [ 624719.07666341017466, 7106200.79947891458869 ], [ 624601.474645134061575, 7107135.488743170164526 ], [ 625667.816279166843742, 7107125.21859457436949 ], [ 625550.278391183819622, 7108059.892094666138291 ], [ 624483.908213491784409, 7108070.149056879803538 ], [ 624366.377369946567342, 7109004.780433885753155 ] ], [ [ 570935.981601403327659, 7101938.438990475609899 ], [ 572002.044529295177199, 7101932.562231982126832 ], [ 572121.293220014427789, 7100998.326177222654223 ], [ 573187.328970436239615, 7100992.349882477894425 ], [ 572948.925099756801501, 7102860.817166674882174 ], [ 574015.019818765111268, 7102854.77693503908813 ], [ 573776.817669064272195, 7104723.153814362362027 ], [ 571644.515046236803755, 7104735.099229671061039 ], [ 571882.831935840193182, 7102866.76974986307323 ], [ 570816.740304290084168, 7102872.634685401804745 ], [ 570935.981601403327659, 7101938.438990475609899 ] ], [ [ 573306.585034743184224, 7100058.073406505398452 ], [ 574372.593624216737226, 7100051.997509049251676 ], [ 574253.366280122310854, 7100986.285883552394807 ], [ 573187.328970436239615, 7100992.349882477894425 ], [ 573306.585034743184224, 7100058.073406505398452 ] ], [ [ 634668.241162878111936, 7103300.494467547163367 ], [ 633601.991652798140422, 7103311.518904533237219 ], [ 633719.507285331841558, 7102376.60702845454216 ], [ 634785.728213321650401, 7102365.569131795316935 ], [ 634668.241162878111936, 7103300.494467547163367 ] ], [ [ 643315.600986278383061, 7102274.108093857765198 ], [ 643432.894841576111503, 7101339.044885020703077 ], [ 644499.113870005938224, 7101327.20377785526216 ], [ 644381.848592481343076, 7102262.280708005651832 ], [ 643315.600986278383061, 7102274.108093857765198 ] ], [ [ 642366.678869921830483, 7101350.798236997798085 ], [ 642601.429971028584987, 7099480.611612848006189 ], [ 643667.588752625160851, 7099468.830844285897911 ], [ 643432.894841576111503, 7101339.044885020703077 ], [ 642366.678869921830483, 7101350.798236997798085 ] ], [ [ 647580.609969400800765, 7102226.272171203047037 ], [ 647697.789523183251731, 7101291.153909265995026 ], [ 648764.021005949936807, 7101278.961765328422189 ], [ 648646.870023579802364, 7102214.093860482797027 ], [ 647580.609969400800765, 7102226.272171203047037 ] ], [ [ 645565.335977934417315, 7101315.274913910776377 ], [ 645682.608059074147604, 7100380.155011501163244 ], [ 647815.004435884067789, 7100356.006404420360923 ], [ 647697.789523183251731, 7101291.153909265995026 ], [ 645565.335977934417315, 7101315.274913910776377 ] ], [ [ 644616.414537750650197, 7100392.097634701058269 ], [ 644733.750594210345298, 7099456.962264589965343 ], [ 645799.915518494090065, 7099445.005872163921595 ], [ 645682.608059074147604, 7100380.155011501163244 ], [ 644616.414537750650197, 7100392.097634701058269 ] ], [ [ 638219.317317831097171, 7100461.909949376247823 ], [ 639285.492693299194798, 7100450.494011057540774 ], [ 639168.049068382242694, 7101385.531777519732714 ], [ 638101.845096599194221, 7101396.9341244045645 ], [ 638219.317317831097171, 7100461.909949376247823 ] ], [ [ 639520.486264258506708, 7098580.330932858400047 ], [ 640586.607386599760503, 7098568.79994891770184 ], [ 640351.671036287443712, 7100438.990295824594796 ], [ 639285.492693299194798, 7100450.494011057540774 ], [ 639520.486264258506708, 7098580.330932858400047 ] ], [ [ 648998.429014624096453, 7099408.609802415594459 ], [ 647932.25470599217806, 7099420.8296427000314 ], [ 648166.861312386812642, 7097550.388292739167809 ], [ 649232.978405124275014, 7097538.140716196969151 ], [ 648998.429014624096453, 7099408.609802415594459 ] ], [ [ 603276.221606275881641, 7090515.563471851870418 ], [ 604341.99369615141768, 7090506.991399290040135 ], [ 604223.183166587492451, 7091441.900719717144966 ], [ 603157.382306013954803, 7091450.460041094571352 ], [ 603038.5787966507487, 7092385.327643444761634 ], [ 600906.926100716693327, 7092402.156860454007983 ], [ 601144.683983603841625, 7090532.443506136536598 ], [ 602210.451709638000466, 7090524.047507088631392 ], [ 602329.355582347605377, 7089589.13469035550952 ], [ 603395.096695995307527, 7089580.637921864166856 ], [ 603276.221606275881641, 7090515.563471851870418 ] ], [ [ 633948.618682549335063, 7092101.751354577019811 ], [ 632882.718560955370776, 7092112.761925086379051 ], [ 633000.717466493253596, 7091177.527011247351766 ], [ 634066.588877496425994, 7091166.502917250618339 ], [ 633948.618682549335063, 7092101.751354577019811 ] ], [ [ 591213.888353332993574, 7076594.519411386922002 ], [ 592279.200511897332035, 7076586.904712894931436 ], [ 592159.477248842013068, 7077522.084811268374324 ], [ 593224.820308383903466, 7077514.39423621352762 ], [ 593105.161879246938042, 7078449.557836236432195 ], [ 590974.419828222831711, 7078464.825486389920115 ], [ 591213.888353332993574, 7076594.519411386922002 ] ], [ [ 592053.159072596696205, 7070047.532074082642794 ], [ 589922.946470487862825, 7070062.671662133187056 ], [ 589562.869525941670872, 7072868.622693512588739 ], [ 591693.256232710788026, 7072853.558447252959013 ], [ 591453.500491981976666, 7074724.097102044150233 ], [ 589322.997819793410599, 7074739.111221019178629 ], [ 589203.1158480780432, 7075674.311878433451056 ], [ 588137.838375670136884, 7075681.673718868754804 ], [ 588257.749326047138311, 7074746.485536346212029 ], [ 587192.502697188174352, 7074753.771356884390116 ], [ 587792.741457343567163, 7070077.456708953715861 ], [ 588857.843026531394571, 7070070.108502699062228 ], [ 588977.969546335050836, 7069134.745774494484067 ], [ 592173.198474490200169, 7069112.13165644928813 ], [ 592053.159072596696205, 7070047.532074082642794 ] ], [ [ 595728.516962140449323, 7066282.229220289736986 ], [ 593598.525024686590768, 7066298.002043041400611 ], [ 593838.868667737697251, 7064426.913127723149955 ], [ 595968.744287204463035, 7064411.089480156078935 ], [ 595728.516962140449323, 7066282.229220289736986 ] ], [ [ 602358.420371240004897, 7064361.487111428752542 ], [ 601293.469098731409758, 7064369.976202825084329 ], [ 601413.491099626291543, 7063434.29833965562284 ], [ 602478.413289352552965, 7063425.79634540900588 ], [ 602358.420371240004897, 7064361.487111428752542 ] ], [ [ 591829.284785216092132, 7063506.818557785823941 ], [ 591949.604510635253973, 7062571.22632029466331 ], [ 593014.479180308058858, 7062563.511197413317859 ], [ 592894.188565369346179, 7063499.116096556186676 ], [ 591829.284785216092132, 7063506.818557785823941 ] ], [ [ 588754.99202409456484, 7062593.838535355404019 ], [ 588875.435016316128895, 7061658.254888288676739 ], [ 587810.597082366701216, 7061665.627138908952475 ], [ 588051.649120841291733, 7059794.397258330136538 ], [ 589116.428765861433931, 7059786.999857190065086 ], [ 588995.913930717622861, 7060722.642000220716 ], [ 592190.351636806502938, 7060699.954059291630983 ], [ 591949.604510635253973, 7062571.22632029466331 ], [ 588754.99202409456484, 7062593.838535355404019 ] ], [ [ 585922.095363328699023, 7059808.925243597477674 ], [ 586284.117932086111978, 7057001.936298759654164 ], [ 587348.806372510502115, 7056994.679141137748957 ], [ 587107.480404181638733, 7058866.059461126103997 ], [ 588172.229035434895195, 7058858.738436801359057 ], [ 588051.649120841291733, 7059794.397258330136538 ], [ 585922.095363328699023, 7059808.925243597477674 ] ], [ [ 597273.997660820954479, 7062531.762088995426893 ], [ 595144.23441537306644, 7062547.814368687570095 ], [ 595505.146774315158837, 7059740.747668219730258 ], [ 597634.735271986573935, 7059724.618711046874523 ], [ 597273.997660820954479, 7062531.762088995426893 ] ], [ [ 593375.566310157766566, 7059756.520839376375079 ], [ 591245.993700383347459, 7059771.938232952728868 ], [ 591366.486140429507941, 7058836.241556406952441 ], [ 592431.242320452001877, 7058828.564657129347324 ], [ 592551.741492709843442, 7057892.825993170961738 ], [ 591487.01447741209995, 7057900.515576733276248 ], [ 591607.578709884663112, 7056964.760279946960509 ], [ 593736.976337146479636, 7056949.266696892678738 ], [ 593857.51809429586865, 7056013.456632017157972 ], [ 597051.541822177241556, 7055989.510178746655583 ], [ 597172.0318800334353, 7055053.632353221997619 ], [ 598236.681316573056392, 7055045.459230741485953 ], [ 597755.052815525676124, 7058788.845570703037083 ], [ 595625.522608967847191, 7058805.000127491541207 ], [ 595745.93429870181717, 7057869.223243160173297 ], [ 594681.201380977756344, 7057877.179827429354191 ], [ 594560.760532336775213, 7058812.943943715654314 ], [ 593496.000443626544438, 7058820.798786577768624 ], [ 593375.566310157766566, 7059756.520839376375079 ] ], [ [ 598477.710542794782668, 7053173.589597353711724 ], [ 599542.30364146688953, 7053165.301591742783785 ], [ 599301.332815818954259, 7055037.197019969113171 ], [ 598236.681316573056392, 7055045.459230741485953 ], [ 598477.710542794782668, 7053173.589597353711724 ] ], [ [ 600245.583895991672762, 7055964.762191958725452 ], [ 601310.26876849331893, 7055956.33473935443908 ], [ 601189.93124348600395, 7056892.234713286161423 ], [ 602254.647412292193621, 7056883.731152843683958 ], [ 602134.374845038866624, 7057819.614650245755911 ], [ 600004.886315653217025, 7057836.5068718213588 ], [ 600245.583895991672762, 7055964.762191958725452 ] ], [ [ 590784.177325755590573, 7055100.800294329412282 ], [ 589719.541702227317728, 7055108.349828686565161 ], [ 589840.272031522355974, 7054172.531862449832261 ], [ 590904.87844455067534, 7054164.969659129157662 ], [ 590784.177325755590573, 7055100.800294329412282 ] ], [ [ 585149.127802285831422, 7041112.556282287463546 ], [ 584084.944361951318569, 7041119.670447492972016 ], [ 584206.418827473535202, 7040183.499684293754399 ], [ 585270.572886263718829, 7040176.372893081977963 ], [ 585149.127802285831422, 7041112.556282287463546 ] ] ], [ [ [ 616078.543750654673204, 7115615.009173898026347 ], [ 615011.966113969567232, 7115624.462552156299353 ], [ 614894.492363331257366, 7116558.759161068126559 ], [ 615961.098464312846772, 7116549.31865658890456 ], [ 616078.543750654673204, 7115615.009173898026347 ] ] ], [ [ [ 625824.654834175133146, 7131387.045263918116689 ], [ 626891.745915716746822, 7131376.767388042993844 ], [ 627008.280804904177785, 7130442.761376769281924 ], [ 624874.157904367079027, 7130463.25636138394475 ], [ 624641.010606970172375, 7132331.187613230198622 ], [ 625708.127250718418509, 7132321.009592313319445 ], [ 625824.654834175133146, 7131387.045263918116689 ] ] ], [ [ [ 628909.493501696386375, 7132289.954642325639725 ], [ 625708.127250718418509, 7132321.009592313319445 ], [ 625591.63525165070314, 7133254.945302719250321 ], [ 626658.782856545876712, 7133244.693499706685543 ], [ 626542.354689455940388, 7134178.613627538084984 ], [ 627609.533264644676819, 7134168.288087084889412 ], [ 627725.933187321061268, 7133234.354909624904394 ], [ 628793.086266944068484, 7133223.92953107971698 ], [ 628909.493501696386375, 7132289.954642325639725 ] ] ], [ [ [ 599062.00136248790659, 7149334.398457642644644 ], [ 598945.504011187120341, 7150267.533410541713238 ], [ 600013.102862830157392, 7150259.498693380504847 ], [ 600129.572101610712707, 7149326.351526700891554 ], [ 599062.00136248790659, 7149334.398457642644644 ] ] ], [ [ [ 594209.049408244667575, 7154030.874423472210765 ], [ 594442.01780697144568, 7152164.898217409849167 ], [ 593374.373212478938513, 7152172.477549281902611 ], [ 593490.939353276742622, 7151239.459405198693275 ], [ 592423.324883258785121, 7151246.964569889008999 ], [ 592539.955039582913741, 7150313.93039033561945 ], [ 590404.788309368304908, 7150328.706047356128693 ], [ 590521.510630451142788, 7149395.667801219969988 ], [ 589453.958340263110586, 7149402.938221665099263 ], [ 589220.493379527237266, 7151268.962741198018193 ], [ 588152.886770055280067, 7151276.12302734516561 ], [ 587919.509368194383569, 7153142.011591760441661 ], [ 586851.848449554760009, 7153149.061894902959466 ], [ 586968.547276358236559, 7152216.143495843745768 ], [ 585900.91634313762188, 7152223.119488656520844 ], [ 586017.679250164888799, 7151290.184949015267193 ], [ 587085.28206796804443, 7151283.197096299380064 ], [ 587435.702217985060997, 7148484.189760027453303 ], [ 585300.66726555256173, 7148498.150442657060921 ], [ 585183.768293136265129, 7149431.157174216583371 ], [ 584116.225444329320453, 7149437.996234804391861 ], [ 583882.479175009997562, 7151303.902009492740035 ], [ 582814.881871457211673, 7151310.631219103932381 ], [ 582581.223346740822308, 7153176.401511618867517 ], [ 584716.532230028067715, 7153162.904020568355918 ], [ 584599.813177698641084, 7154095.770779500715435 ], [ 585667.498455725610256, 7154088.904609080404043 ], [ 585550.843478065333329, 7155021.755216773599386 ], [ 588753.994783337460831, 7155000.675487315282226 ], [ 588637.460001698113047, 7155933.533691389486194 ], [ 591840.712808873737231, 7155911.714799011126161 ], [ 591724.298145046341233, 7156844.580805454403162 ], [ 594927.653012380586006, 7156822.023196077905595 ], [ 595043.983525785151869, 7155889.121170422062278 ], [ 596111.744519333471544, 7155881.417792573571205 ], [ 596228.082864194642752, 7154948.475670797750354 ], [ 595160.349927176139317, 7154956.191120491363108 ], [ 595276.75221517670434, 7154023.233032811433077 ], [ 594209.049408244667575, 7154030.874423472210765 ] ] ], [ [ [ 596344.4570853759069, 7154015.505501566454768 ], [ 596228.082864194642752, 7154948.475670797750354 ], [ 597295.817885665805079, 7154940.674107352271676 ], [ 597412.164041963289492, 7154007.6918286960572 ], [ 596344.4570853759069, 7154015.505501566454768 ] ] ], [ [ [ 600522.286319624981843, 7163304.6229497063905 ], [ 600406.410714487545192, 7164237.373591768555343 ], [ 601474.436492344364524, 7164229.263398116454482 ], [ 601590.284145041019656, 7163296.500604182481766 ], [ 600522.286319624981843, 7163304.6229497063905 ] ] ], [ [ [ 659639.339409942389466, 7048811.64117438159883 ], [ 658574.711478449520655, 7048824.981346603482962 ], [ 658693.787381110014394, 7047888.115984015166759 ], [ 656564.599797784932889, 7047914.557276718318462 ], [ 656207.302852594759315, 7050724.976347672753036 ], [ 657271.982460317667574, 7050711.843744546175003 ], [ 657034.019027038244531, 7052585.335164057090878 ], [ 663422.516209829598665, 7052504.838947029784322 ], [ 663660.130152018158697, 7050631.173209119588137 ], [ 661530.734097290085629, 7050658.420526495203376 ], [ 661649.652114873984829, 7049721.571715136989951 ], [ 659520.327890653745271, 7049748.490972474217415 ], [ 659639.339409942389466, 7048811.64117438159883 ] ] ], [ [ [ 649691.38269693381153, 7076980.240716909989715 ], [ 649809.545263762469403, 7076044.342053640633821 ], [ 650874.998177337693051, 7076031.861148175783455 ], [ 650756.864465922466479, 7076967.773887287825346 ], [ 651822.349423258798197, 7076955.218568349257112 ], [ 651704.279874534229748, 7077891.115793369710445 ], [ 652769.796884586918168, 7077878.486105196177959 ], [ 652887.837591476854868, 7076942.574758410453796 ], [ 653953.328993110102601, 7076929.84245577827096 ], [ 654071.376147552509792, 7075993.887321136891842 ], [ 655136.841955875977874, 7075981.052336258813739 ], [ 655254.895536872907542, 7075045.053351473063231 ], [ 652058.594445647438988, 7075083.33525039255619 ], [ 652294.980691018281505, 7073211.333347748965025 ], [ 649098.881815300206654, 7073248.902929911389947 ], [ 648980.584379862411879, 7074184.876393089070916 ], [ 647915.195527025964111, 7074197.208338868804276 ], [ 647796.904547760728747, 7075133.138131998479366 ], [ 644600.670003980281763, 7075169.560613850131631 ], [ 644482.327755906269886, 7076105.418879311531782 ], [ 641286.034088258165866, 7076141.002872068434954 ], [ 641167.640621464001015, 7077076.789936322718859 ], [ 644364.020888512954116, 7077041.247583275660872 ], [ 644245.749403326772153, 7077977.046739830635488 ], [ 645311.244421378010884, 7077965.036257794126868 ], [ 645193.037162235588767, 7078900.81979675590992 ], [ 646258.564095102599822, 7078888.734805347397923 ], [ 646140.42104098724667, 7079824.502748654223979 ], [ 647205.979897571261972, 7079812.343292164616287 ], [ 647324.094123020768166, 7078876.561387207359076 ], [ 648389.627268538228236, 7078864.299540709704161 ], [ 648507.748010241426528, 7077928.474086599424481 ], [ 647442.243702294537798, 7077940.749932805076241 ], [ 647560.428633862291463, 7077004.908914865925908 ], [ 649691.38269693381153, 7076980.240716909989715 ] ] ], [ [ [ 641996.474708456546068, 7078936.544226741418242 ], [ 641878.216323783155531, 7079872.256603326648474 ], [ 642943.762941825669259, 7079860.450732139870524 ], [ 643061.992491460870951, 7078924.724505852907896 ], [ 641996.474708456546068, 7078936.544226741418242 ] ] ], [ [ [ 643773.017315122415312, 7081719.948173495940864 ], [ 644838.627639579819515, 7081707.993294037878513 ], [ 645074.865277871955186, 7079836.573806403204799 ], [ 642943.762941825669259, 7079860.450732139870524 ], [ 642825.568789441138506, 7080796.147463303990662 ], [ 643891.147256246884353, 7080784.26706582121551 ], [ 643773.017315122415312, 7081719.948173495940864 ] ] ], [ [ [ 656802.895808043889701, 7088107.862055547535419 ], [ 656450.58125922002364, 7090914.655591391026974 ], [ 655384.645285849808715, 7090927.529011383652687 ], [ 655149.887918856926262, 7092798.54913154989481 ], [ 660479.887935077538714, 7092733.442821996286511 ], [ 660831.646794861066155, 7089926.655957359820604 ], [ 659765.726073222002015, 7089939.895946003496647 ], [ 659883.078171747736633, 7089004.255544083192945 ], [ 657751.304272994981147, 7089030.499581777490675 ], [ 657868.749015450594015, 7088094.858076959848404 ], [ 656802.895808043889701, 7088107.862055547535419 ] ] ], [ [ [ 649819.970347288297489, 7092861.454851750284433 ], [ 649585.06755528121721, 7094732.217235905118287 ], [ 651717.139503180864267, 7094707.374845159240067 ], [ 651951.927663826732896, 7092836.556620724499226 ], [ 649819.970347288297489, 7092861.454851750284433 ] ] ], [ [ [ 660609.653594224946573, 7100203.739968318492174 ], [ 659543.414552277652547, 7100216.911751778796315 ], [ 659426.513954697409645, 7101152.213070915080607 ], [ 658360.249745418550447, 7101165.282923026941717 ], [ 658243.355835880618542, 7102100.540776453912258 ], [ 659309.648601176333614, 7102087.485037438571453 ], [ 658959.264020271832123, 7104893.124961383640766 ], [ 660025.645782583625987, 7104880.023833550512791 ], [ 659908.949933338328265, 7105815.192630865611136 ], [ 660975.363621279713698, 7105802.017962205223739 ], [ 660858.731514103943482, 7106737.171586196869612 ], [ 661925.177137008518912, 7106723.923420974053442 ], [ 661808.60875106183812, 7107659.061893712729216 ], [ 663941.56736372015439, 7107632.33106726873666 ], [ 664291.207203197991475, 7104826.742603946477175 ], [ 661092.030959278345108, 7104866.835035668686032 ], [ 661325.471321621444076, 7102996.381218971684575 ], [ 660259.143198746722192, 7103009.598305188119411 ], [ 660609.653594224946573, 7100203.739968318492174 ] ] ], [ [ [ 665474.194760313024744, 7103877.934028213843703 ], [ 665357.60626496328041, 7104813.203108031302691 ], [ 666424.008854879648425, 7104799.575933089479804 ], [ 666540.568835911341012, 7103864.29257407784462 ], [ 665474.194760313024744, 7103877.934028213843703 ] ] ], [ [ [ 650194.460406944621354, 7106864.834655846469104 ], [ 650077.57856010820251, 7107799.819157728925347 ], [ 652210.463407833827659, 7107775.015129981562495 ], [ 652327.288247985648923, 7106840.002885278314352 ], [ 650194.460406944621354, 7106864.834655846469104 ] ] ], [ [ [ 657659.415159257012419, 7106776.39039396867156 ], [ 657542.732808822882362, 7107711.472485451027751 ], [ 658609.196690936456434, 7107698.50121573638171 ], [ 658725.850547996698879, 7106763.405070930719376 ], [ 657659.415159257012419, 7106776.39039396867156 ] ] ], [ [ [ 659792.289325356367044, 7106750.332135592587292 ], [ 659675.663960163714364, 7107685.442361714318395 ], [ 660742.134639280266128, 7107672.295921628363431 ], [ 660858.731514103943482, 7106737.171586196869612 ], [ 659792.289325356367044, 7106750.332135592587292 ] ] ], [ [ [ 648193.758332838304341, 7114356.06867671944201 ], [ 648077.130811346578412, 7115290.806417539715767 ], [ 649143.796086788410321, 7115278.646038493141532 ], [ 649260.395185942179523, 7114343.894547654315829 ], [ 648193.758332838304341, 7114356.06867671944201 ] ] ], [ [ [ 644877.153910868102685, 7115326.763489652425051 ], [ 644760.476504710852169, 7116261.431124085560441 ], [ 645827.160756754223257, 7116249.546432137489319 ], [ 645943.809746218612418, 7115314.865141502581537 ], [ 644877.153910868102685, 7115326.763489652425051 ] ] ], [ [ [ 644760.476504710852169, 7116261.431124085560441 ], [ 643693.795352097135037, 7116273.228503584861755 ], [ 643577.124931396450847, 7117207.853509407490492 ], [ 644643.83449190238025, 7117196.069748242385685 ], [ 644760.476504710852169, 7116261.431124085560441 ] ] ], [ [ [ 643711.972728722030297, 7124672.136034708470106 ], [ 644778.912263012723997, 7124660.373803425580263 ], [ 645244.446583441691473, 7120922.517859993502498 ], [ 644177.62040396744851, 7120934.334419399499893 ], [ 644061.155380250886083, 7121868.82820010278374 ], [ 642994.303936274722219, 7121880.544017993845046 ], [ 642877.845969328889623, 7122814.995312550105155 ], [ 643944.725758813903667, 7122803.293053664267063 ], [ 643711.972728722030297, 7124672.136034708470106 ] ] ], [ [ [ 645845.854905165499076, 7124648.524509772658348 ], [ 644778.912263012723997, 7124660.373803425580263 ], [ 644662.617170053301379, 7125594.765515921637416 ], [ 645729.588123329449445, 7125582.929807584732771 ], [ 645845.854905165499076, 7124648.524509772658348 ] ] ], [ [ [ 643711.972728722030297, 7124672.136034708470106 ], [ 642645.03627938835416, 7124683.811205198988318 ], [ 642877.845969328889623, 7122814.995312550105155 ], [ 641810.969245135202073, 7122826.610456300899386 ], [ 641927.455559207941405, 7121892.17269279062748 ], [ 640860.610226167133078, 7121903.714226059615612 ], [ 640627.616335455211811, 7123772.53386321850121 ], [ 641694.518355609267019, 7123761.019326254725456 ], [ 641461.72285611263942, 7125629.750440778210759 ], [ 642528.684559355955571, 7125618.175830943509936 ], [ 642412.368257923051715, 7126552.511594722047448 ], [ 641345.378249100525863, 7126564.072712978348136 ], [ 641229.069072548532858, 7127498.366146882995963 ], [ 640162.053802792099304, 7127509.826809623278677 ], [ 640045.751771728741005, 7128444.077975118532777 ], [ 643246.891561174066737, 7128409.475479571148753 ], [ 643479.361325557925738, 7126540.863473162055016 ], [ 644546.357474922086112, 7126529.128346730023623 ], [ 644662.617170053301379, 7125594.765515921637416 ], [ 643595.649323032586835, 7125606.514189846813679 ], [ 643711.972728722030297, 7124672.136034708470106 ] ] ], [ [ [ 632945.467806953471154, 7134115.358948599547148 ], [ 632713.056900143856183, 7135983.270673642866313 ], [ 633780.308739991858602, 7135972.450953729450703 ], [ 633664.184765510028228, 7136906.377049429342151 ], [ 636866.042265937197953, 7136873.437335304915905 ], [ 636982.081641161232255, 7135939.471508616581559 ], [ 635914.821087510790676, 7135950.551372691057622 ], [ 636030.924147438025102, 7135016.570156341418624 ], [ 634963.694731486262754, 7135027.576557692140341 ], [ 635079.86149704514537, 7134093.579929631203413 ], [ 632945.467806953471154, 7134115.358948599547148 ] ] ], [ [ [ 635682.721428980701603, 7137818.427835328504443 ], [ 635566.724833294516429, 7138752.323109075427055 ], [ 637701.418012535199523, 7138730.156317830085754 ], [ 637817.358255148632452, 7137796.234512165188789 ], [ 635682.721428980701603, 7137818.427835328504443 ] ] ], [ [ [ 646152.765554171754047, 7147964.96518831141293 ], [ 645085.108905070461333, 7147976.736898589879274 ], [ 644854.493201517150737, 7149844.136146474629641 ], [ 645922.205934578436427, 7149832.39127404987812 ], [ 646152.765554171754047, 7147964.96518831141293 ] ] ], [ [ [ 652098.4675762061961, 7151627.583190125413239 ], [ 651983.479652721900493, 7152561.277191778644919 ], [ 653051.298981617437676, 7152548.968858355656266 ], [ 652936.374379519489594, 7153482.647850112989545 ], [ 655072.078965076128952, 7153457.799682373180985 ], [ 655416.790795870940201, 7150656.595188073813915 ], [ 653281.254164439393207, 7150681.525090113282204 ], [ 653166.258910415461287, 7151615.261276260018349 ], [ 652098.4675762061961, 7151627.583190125413239 ] ] ], [ [ [ 651868.527066281414591, 7153494.942612843587995 ], [ 651983.479652721900493, 7152561.277191778644919 ], [ 650915.66361424990464, 7152573.49928536824882 ], [ 650800.68304190132767, 7153507.151163699105382 ], [ 651868.527066281414591, 7153494.942612843587995 ] ] ], [ [ [ 653774.53772108652629, 7155337.566309226676822 ], [ 653659.747059693792835, 7156271.173181610181928 ], [ 654727.684901670669205, 7156258.746811483986676 ], [ 654842.447612856514752, 7155325.126341726630926 ], [ 653774.53772108652629, 7155337.566309226676822 ] ] ], [ [ [ 643933.446705636219122, 7157312.59209649823606 ], [ 643818.475253540440463, 7158246.020948711782694 ], [ 645954.40759390941821, 7158222.685716892592609 ], [ 646069.323160026455298, 7157289.230184016749263 ], [ 643933.446705636219122, 7157312.59209649823606 ] ] ], [ [ [ 653544.991720554418862, 7157204.75150872208178 ], [ 653430.271705141523853, 7158138.301304249092937 ], [ 652362.281321103218943, 7158150.614433415234089 ], [ 652247.568710131803527, 7159084.122170826420188 ], [ 651179.553707950282842, 7159096.335713970474899 ], [ 650950.178684821235947, 7160963.238723622635007 ], [ 656290.565990611677989, 7160901.446069119498134 ], [ 656519.661976675270125, 7159034.407523552887142 ], [ 655451.63362502749078, 7159046.965259922668338 ], [ 655795.626097247353755, 7156246.234308348037302 ], [ 654727.684901670669205, 7156258.746811483986676 ], [ 654612.95750239957124, 7157192.338726231828332 ], [ 653544.991720554418862, 7157204.75150872208178 ] ] ], [ [ [ 651789.071650899015367, 7162817.868312239646912 ], [ 651560.035172590054572, 7164684.570689273998141 ], [ 652628.220785012003034, 7164672.352137580513954 ], [ 652513.783412277698517, 7165605.674172693863511 ], [ 653582.000188022269867, 7165593.383241441100836 ], [ 653696.409713849658147, 7164660.047706140205264 ], [ 654764.601982315536588, 7164647.657393289729953 ], [ 655107.958906805492006, 7161847.439498467370868 ], [ 652971.744910152861848, 7161872.215444174595177 ], [ 652857.201535414205864, 7162805.622786971740425 ], [ 651789.071650899015367, 7162817.868312239646912 ] ] ] ] } }
]
}
