{
"type": "FeatureCollection",
"name": "urban-1985",
"crs": { "type": "name", "properties": { "name": "urn:ogc:def:crs:EPSG::32632" } },
"features": [
{ "type": "Feature", "properties": { "year": 1985 }, "geometry": { "type": "MultiPolygon", "coordinates": [ [ [ [ 238779.077032732660882, 589943.668148824828677 ], [ 238816.899970139464131, 593528.597422497929074 ], [ 242144.978381429420551, 593515.871560932719149 ], [ 242107.22287199011771, 589931.017494638217613 ], [ 238779.077032732660882, 589943.668148824828677 ] ] ], [ [ [ 250991.310889892862178, 590794.23476277210284 ], [ 251010.098791066586273, 592586.563924437039532 ], [ 252119.387198412936414, 592582.509666587458923 ], [ 252128.796835567103699, 593478.675226561375894 ], [ 253238.072133583627874, 593474.633143303333782 ], [ 253228.66812197357649, 592578.47354822116904 ], [ 254337.941595304524526, 592574.455568721401505 ], [ 254328.557391500828089, 591678.306562918704003 ], [ 253219.278301727026701, 591682.318604332162067 ], [ 253209.902672859840095, 590786.168304516002536 ], [ 250991.310889892862178, 590794.23476277210284 ] ] ], [ [ [ 254385.075356371846283, 597055.270517026772723 ], [ 254356.752551368874265, 594366.767542820074596 ], [ 252138.220672609633766, 594374.845444250386208 ], [ 252157.110946299566422, 596167.199881252250634 ], [ 253266.369316440221155, 596163.13990691374056 ], [ 253275.830093349562958, 597059.318177975830622 ], [ 254385.075356371846283, 597055.270517026772723 ] ] ], [ [ [ 243282.771831698686583, 596200.336696288781241 ], [ 244392.090993571880972, 596196.130711532547139 ], [ 244382.599182708596345, 595299.908648037584499 ], [ 243273.274365101475269, 595304.108450443134643 ], [ 243282.771831698686583, 596200.336696288781241 ] ] ], [ [ [ 239964.296443110128166, 597109.315807986538857 ], [ 241073.633289568213513, 597105.048794797970913 ], [ 241083.170639953430509, 598001.298840818577446 ], [ 243301.809569484234089, 597992.807217890629545 ], [ 243282.771831698686583, 596200.336696288781241 ], [ 239954.767711990367388, 596213.064178154105321 ], [ 239964.296443110128166, 597109.315807986538857 ] ] ], [ [ [ 246715.931719832035014, 606046.391279639094137 ], [ 245606.690721738472348, 606050.628120945533738 ], [ 245616.347889793920331, 606946.900604845024645 ], [ 246725.583130735787563, 606942.657643282436766 ], [ 246735.248784027557122, 607838.928768422803842 ], [ 247844.470617498620413, 607834.698295775218867 ], [ 247825.165074988064589, 606042.172992074047215 ], [ 248934.390820746892132, 606037.973257605102845 ], [ 248944.030719095550012, 606934.227462961687706 ], [ 250053.243133590352954, 606930.040242914226837 ], [ 250024.383355063968338, 604241.310002446523868 ], [ 246696.671625246672193, 604253.872808357700706 ], [ 246715.931719832035014, 606046.391279639094137 ] ] ], [ [ [ 248953.684842737042345, 607830.486431039636955 ], [ 247844.470617498620413, 607834.698295775218867 ], [ 247863.833095310576027, 609627.242676403955556 ], [ 248973.035765838838415, 609623.018683854024857 ], [ 248953.684842737042345, 607830.486431039636955 ] ] ], [ [ [ 251210.803069626097567, 611407.153987274738029 ], [ 251191.418419833615189, 609614.626684355549514 ], [ 252300.598470363387605, 609610.458676123991609 ], [ 252290.933237576246029, 608714.208187594893388 ], [ 250072.554069699632237, 608722.550874687032774 ], [ 250101.627099196281051, 611411.352672033361159 ], [ 251210.803069626097567, 611407.153987274738029 ] ] ], [ [ [ 225737.264774830837268, 615094.152668190421537 ], [ 226846.591018093575258, 615089.515635865740478 ], [ 226816.980114530306309, 612400.258852209779434 ], [ 225707.636361997807398, 612404.87605797231663 ], [ 225717.498094721406233, 613301.296792733832262 ], [ 224608.151894532435108, 613305.93939392559696 ], [ 224618.033869188104291, 614202.371564577333629 ], [ 225727.374232335656416, 614197.722327103838325 ], [ 225737.264774830837268, 615094.152668190421537 ] ] ], [ [ [ 232383.24381261022063, 614170.221958636771888 ], [ 233492.526955988956615, 614165.704400077811442 ], [ 233482.69166043685982, 613269.324551774654537 ], [ 232373.402684313070495, 613273.835666021099314 ], [ 232383.24381261022063, 614170.221958636771888 ] ] ], [ [ [ 214784.349602175236214, 627693.038435197900981 ], [ 214845.565266486722976, 633072.537042318261229 ], [ 215954.856936291849706, 633067.574049863498658 ], [ 215924.201939792488702, 630377.823180462582968 ], [ 217033.503086882468779, 630372.900113597977906 ], [ 217023.319714848999865, 629476.333202413399704 ], [ 215914.012571346189361, 629481.24942482681945 ], [ 215893.677280084928498, 627688.11667215556372 ], [ 214784.349602175236214, 627693.038435197900981 ] ] ], [ [ [ 238138.936599374254001, 632972.386384211131372 ], [ 238159.204515872348566, 634765.315130125149153 ], [ 239268.31134860846214, 634760.746713847620413 ], [ 239248.055476712877862, 632967.83055406389758 ], [ 238138.936599374254001, 632972.386384211131372 ] ] ], [ [ [ 251559.234088800352765, 642779.540308061870746 ], [ 251538.854888629866764, 640986.668796619516797 ], [ 252647.827257975877728, 640982.291833952534944 ], [ 252637.665048388735158, 640085.869593661860563 ], [ 250419.700665220763767, 640094.63119294506032 ], [ 250450.266418910206994, 642783.948862216668203 ], [ 251559.234088800352765, 642779.540308061870746 ] ] ], [ [ [ 244967.013832284777891, 648185.240585293504409 ], [ 246075.982647270924645, 648180.696925823460333 ], [ 246055.371505519433413, 646387.704284510109574 ], [ 244946.390396566624986, 646392.235706200357527 ], [ 244967.013832284777891, 648185.240585293504409 ] ] ], [ [ [ 254947.460647502914071, 648145.06192807725165 ], [ 256056.361834569397615, 648140.696827900828794 ], [ 256046.104472057893872, 647244.251800073659979 ], [ 254937.197139283351135, 647248.611028346931562 ], [ 254947.460647502914071, 648145.06192807725165 ] ] ], [ [ [ 242738.721972496336093, 647297.870135522214696 ], [ 242769.758255337306764, 649987.437301916419528 ], [ 243878.730136188591132, 649982.841610232950188 ], [ 243899.480006025143666, 651775.899539893027395 ], [ 246117.37593371985713, 651766.74333254841622 ], [ 246107.006236777844606, 650870.224072499317117 ], [ 244998.055926946370164, 650874.786083731218241 ], [ 244967.013832284777891, 648185.240585293504409 ], [ 243858.037335743720178, 648189.804088116390631 ], [ 243847.712336580239935, 647293.292962035979144 ], [ 242738.721972496336093, 647297.870135522214696 ] ] ], [ [ [ 246169.438171034737024, 656249.416537935147062 ], [ 247278.343596961494768, 656244.837930290494114 ], [ 247299.255761755717685, 658037.93106640316546 ], [ 248408.141098908206914, 658033.360433751367964 ], [ 248376.812920894793933, 655343.746635443996638 ], [ 247267.908876889036037, 655348.299096612608992 ], [ 247257.48839838715503, 654451.765409658197314 ], [ 246148.57052564973128, 654456.33184617490042 ], [ 246169.438171034737024, 656249.416537935147062 ] ] ], [ [ [ 246169.438171034737024, 656249.416537935147062 ], [ 245060.525102673680522, 656254.015234931837767 ], [ 245070.986537429009331, 657150.571419031824917 ], [ 246179.89336891003768, 657145.966610053903423 ], [ 246169.438171034737024, 656249.416537935147062 ] ] ], [ [ [ 248408.141098908206914, 658033.360433751367964 ], [ 248439.597373577184044, 660723.020751519943587 ], [ 249548.456354451860534, 660718.45217836170923 ], [ 249517.018861796415877, 658028.809943872736767 ], [ 248408.141098908206914, 658033.360433751367964 ] ] ], [ [ [ 249611.715396819869056, 666097.876995933707803 ], [ 250720.529047377029201, 666093.292662996100262 ], [ 250741.716523408220382, 667886.464074101997539 ], [ 251850.510007921373472, 667881.888194702332839 ], [ 251797.679532245674636, 663399.028749354183674 ], [ 250688.854451054212404, 663403.574787437915802 ], [ 250667.809132183669135, 661610.455614334903657 ], [ 248450.111264314997243, 661619.584561796975322 ], [ 248471.181744466186501, 663412.727781784371473 ], [ 249580.021866274328204, 663408.141131348791532 ], [ 249611.715396819869056, 666097.876995933707803 ] ] ], [ [ [ 236532.410924325755332, 684985.514250532025471 ], [ 238749.945868762995815, 684975.611811984330416 ], [ 238739.003394034109078, 684078.855230867979117 ], [ 239847.765572495700326, 684073.941724983393215 ], [ 239825.936539098416688, 682280.457179023418576 ], [ 235390.788597055827267, 682300.186490039457567 ], [ 235412.669587039388716, 684093.721417154767551 ], [ 236521.455434721428901, 684088.745076198480092 ], [ 236532.410924325755332, 684985.514250532025471 ] ] ], [ [ [ 225400.259563492203597, 681448.981957606505603 ], [ 225411.236930246639531, 682345.799679235322401 ], [ 224302.357008086633869, 682350.972294282866642 ], [ 224346.4366452221293, 685938.323177133570425 ], [ 225455.290523489180487, 685933.124112771591172 ], [ 225444.255506267596502, 685036.284958047559485 ], [ 226553.10765169543447, 685031.113485932000913 ], [ 226564.136145753553137, 685927.946056792628951 ], [ 227672.973545440414455, 685922.789008405525237 ], [ 227684.0099124397384, 686819.620400349260308 ], [ 228792.832592599675991, 686814.477830450283363 ], [ 228759.786243224807549, 684124.019367051776499 ], [ 227650.943997701688204, 684129.142349926754832 ], [ 227639.950816985976417, 683232.327069099526852 ], [ 226531.093875631166156, 683237.464446107391268 ], [ 226509.137715713353828, 681443.836827848805115 ], [ 225400.259563492203597, 681448.981957606505603 ] ] ], [ [ [ 244282.736391353799263, 684054.497129175928421 ], [ 244293.646340582665289, 684951.222707038163207 ], [ 245402.36323549496592, 684946.407792898477055 ], [ 245391.459789375425316, 684049.68833344487939 ], [ 244282.736391353799263, 684054.497129175928421 ] ] ], [ [ [ 252065.383662943524541, 685814.647304513142444 ], [ 252021.954311515408335, 682227.924748543300666 ], [ 250913.263374914822634, 682232.596006315085106 ], [ 250902.435080582887167, 681335.922839434468187 ], [ 248685.017754662927473, 681345.316005560336635 ], [ 248717.584181911195628, 684035.387582219322212 ], [ 247608.883651247888338, 684040.133560696151108 ], [ 247619.774093125888612, 684936.84086556721013 ], [ 245402.36323549496592, 684946.407792898477055 ], [ 245413.280939793243306, 685843.132633786182851 ], [ 244304.570556562015554, 685847.953665643115528 ], [ 244326.46178870840231, 687641.431753723183647 ], [ 243217.756767938379198, 687646.286069136695005 ], [ 243228.73032213645638, 688543.03935598290991 ], [ 242120.024120075569954, 688547.92089280160144 ], [ 242131.018496837321436, 689444.685758107458241 ], [ 245457.094338451279327, 689430.085954909911379 ], [ 245468.083333401795244, 690326.83781039447058 ], [ 246576.75337841900182, 690322.007332054898143 ], [ 246543.848803798551671, 687631.78627275954932 ], [ 248761.205339625681518, 687622.224986709537916 ], [ 248750.27870152782998, 686725.507545995526016 ], [ 250967.618076998536708, 686716.042434989125468 ], [ 250956.7187059163698, 685819.342379468958825 ], [ 252065.383662943524541, 685814.647304513142444 ] ] ], [ [ [ 217726.467060267867055, 688660.649069854291156 ], [ 216617.574091748101637, 688666.015621131286025 ], [ 216628.71924446511548, 689562.929959510918707 ], [ 215519.824318433180451, 689568.324435913935304 ], [ 215542.171221103693824, 691362.182971151778474 ], [ 218868.79101475130301, 691346.022117807064205 ], [ 218846.483568092808127, 689552.204379610368051 ], [ 219955.353032543149311, 689546.873274474288337 ], [ 219944.227567038789857, 688649.97925543889869 ], [ 218835.351540888543241, 688655.3036148956744 ], [ 218824.233977781084832, 687758.408243582001887 ], [ 217715.342943350260612, 687763.746924731414765 ], [ 217726.467060267867055, 688660.649069854291156 ] ] ], [ [ [ 238826.943860452680383, 691253.058844534447417 ], [ 241044.35581663143239, 691243.152946728398092 ], [ 241011.310165259492351, 688552.823508721543476 ], [ 238793.858863747678697, 688562.691980861825868 ], [ 238826.943860452680383, 691253.058844534447417 ] ] ], [ [ [ 252219.176435822533676, 698368.85874777904246 ], [ 252208.098894931230461, 697472.093886697897688 ], [ 253316.671026010619244, 697467.342829296947457 ], [ 253305.614310109172948, 696570.589370954199694 ], [ 251088.449364742351463, 696580.100971366860904 ], [ 251110.603486844775034, 698373.637095234822482 ], [ 252219.176435822533676, 698368.85874777904246 ] ] ], [ [ [ 222284.984281262441073, 698505.378853121423163 ], [ 221176.19769959372934, 698510.734584522782825 ], [ 221164.934326540271286, 697613.792942886939272 ], [ 218947.322695638984442, 697624.555143515579402 ], [ 218981.196090459299739, 700315.436841287068091 ], [ 222307.541049527877476, 700299.265198199078441 ], [ 222284.984281262441073, 698505.378853121423163 ] ] ], [ [ [ 250035.380792221490992, 701068.800122774322517 ], [ 251143.941282981366385, 701063.982492178562097 ], [ 251121.701870510209119, 699270.413392224232666 ], [ 250013.128080156835495, 699275.219084573793225 ], [ 250035.380792221490992, 701068.800122774322517 ] ] ], [ [ [ 232319.892059825593606, 702942.602479550056159 ], [ 232342.472636039427016, 704736.426058641285636 ], [ 233451.130541301507037, 704731.239392282674089 ], [ 233439.83977210347075, 703834.331245621084236 ], [ 234548.496368386026006, 703829.172535204328597 ], [ 234525.971258189063519, 702035.385563473682851 ], [ 233417.301290419709403, 702040.531517444876954 ], [ 233428.563355138350744, 702937.428623061976396 ], [ 232319.892059825593606, 702942.602479550056159 ] ] ], [ [ [ 231256.458135030290578, 706535.492867750348523 ], [ 231222.502521260001231, 703844.713321331306361 ], [ 230113.821799930010457, 703849.936688209651038 ], [ 230125.132669181504752, 704746.864130882662721 ], [ 229016.450540817924775, 704752.115538358921185 ], [ 229027.782498060900252, 705649.054996303631924 ], [ 230136.457916415529326, 705643.797102685435675 ], [ 230147.79754161904566, 706540.735610777279362 ], [ 231256.458135030290578, 706535.492867750348523 ] ] ], [ [ [ 231256.458135030290578, 706535.492867750348523 ], [ 231267.805411706503946, 707432.43046200030949 ], [ 232376.451206373050809, 707427.202924327459186 ], [ 232365.110655477852561, 706530.271759943687357 ], [ 231256.458135030290578, 706535.492867750348523 ] ] ], [ [ [ 256809.596704572846647, 710904.9184893068159 ], [ 256775.890882228966802, 708214.478376235812902 ], [ 255667.420953997730976, 708219.23535780434031 ], [ 255678.648784014047123, 709116.048969647032209 ], [ 254570.178246798895998, 709120.833477211766876 ], [ 254592.689931340253679, 710914.48915561765898 ], [ 256809.596704572846647, 710904.9184893068159 ] ] ], [ [ [ 241301.979197203036165, 711870.649455880164169 ], [ 241279.277029160992242, 710076.837896145763807 ], [ 240170.714823214162607, 710081.910788334673271 ], [ 240159.378431283519603, 709185.007172589073889 ], [ 239050.801675484137377, 709190.095567606505938 ], [ 239084.874018856557086, 711880.841862827539444 ], [ 241301.979197203036165, 711870.649455880164169 ] ] ], [ [ [ 247964.441263156593777, 712737.472739488002844 ], [ 247987.147797177458415, 714531.244572297902778 ], [ 249095.62248036445817, 714526.293757289415225 ], [ 249072.929505879466888, 712732.53395094210282 ], [ 247964.441263156593777, 712737.472739488002844 ] ] ], [ [ [ 286503.782269469695166, 592465.82189502264373 ], [ 287612.847834338608664, 592462.347808235208504 ], [ 287603.631869963486679, 591566.364206926082261 ], [ 288712.696624081814662, 591562.913330264040269 ], [ 288694.317650446086191, 589770.970288066775538 ], [ 287585.241722360136919, 589774.410984902759083 ], [ 287594.429832630092278, 590670.385268197744153 ], [ 286485.353075731778517, 590673.849121598643251 ], [ 286503.782269469695166, 592465.82189502264373 ] ] ], [ [ [ 269867.00673686520895, 592520.10809756827075 ], [ 268757.834043929353356, 592523.872196206706576 ], [ 268748.522803465370089, 591627.797892256407067 ], [ 267639.337520698551089, 591631.574539482709952 ], [ 267657.985300597501919, 593423.738970202277415 ], [ 269876.326431951893028, 593416.181507142144255 ], [ 269867.00673686520895, 592520.10809756827075 ] ] ], [ [ [ 288740.369473431550432, 594250.862885268754326 ], [ 288721.906988701666705, 592458.891842555371113 ], [ 287612.847834338608664, 592462.347808235208504 ], [ 287622.07772573287366, 593358.336079272790812 ], [ 286513.01776965148747, 593361.815281856921501 ], [ 286522.267205345444381, 594257.813344969763421 ], [ 288740.369473431550432, 594250.862885268754326 ] ] ], [ [ [ 285422.475421099807136, 595157.323727660346776 ], [ 286531.53057652967982, 595153.816091508604586 ], [ 286522.267205345444381, 594257.813344969763421 ], [ 285413.206423575989902, 594261.315839146031067 ], [ 285422.475421099807136, 595157.323727660346776 ] ] ], [ [ [ 273269.299096193804871, 599677.511010005604476 ], [ 274378.399042709148489, 599673.77588945091702 ], [ 274369.003607057093177, 598777.691583999316208 ], [ 275478.102419261122122, 598773.980222988990135 ], [ 275459.364958250487689, 596981.836569902021438 ], [ 274350.254823122348171, 596985.537103529204614 ], [ 274331.562155812163837, 595193.401416036183946 ], [ 273222.433920604875311, 595197.109329695231281 ], [ 273269.299096193804871, 599677.511010005604476 ] ] ], [ [ [ 271060.50515970797278, 600581.141719660372473 ], [ 271041.666181727894582, 598788.935585547122173 ], [ 268823.40673897031229, 598796.523191080661491 ], [ 268832.83055400790181, 599692.634971278486773 ], [ 269941.958070026361383, 599688.826457948773168 ], [ 269951.390271305222996, 600584.937405662261881 ], [ 271060.50515970797278, 600581.141719660372473 ] ] ], [ [ [ 274435.066266944806557, 605050.381085075787269 ], [ 273326.000548239680938, 605054.148833921877667 ], [ 273335.49992162687704, 605950.271762921940535 ], [ 276662.659493540297262, 605939.007823461783119 ], [ 276653.177321961382404, 605042.901120050693862 ], [ 275544.125180347124115, 605046.631847309763543 ], [ 275506.313765157887246, 601462.231068939319812 ], [ 273288.143429928342812, 601469.704665572033264 ], [ 273297.58665318088606, 602365.808589795487933 ], [ 274406.669524163706228, 602362.057152359047905 ], [ 274435.066266944806557, 605050.381085075787269 ] ] ], [ [ [ 275601.262916183390189, 610423.37605164560955 ], [ 276710.280529546609614, 610419.613046720274724 ], [ 276729.42702668037964, 612211.888732328545302 ], [ 277838.426328498171642, 612208.133702120860107 ], [ 277828.851866576529574, 611311.998801889829338 ], [ 278937.850259973783977, 611308.267822199966758 ], [ 278928.295584762585349, 610412.143059043446556 ], [ 277819.291407904936932, 610415.868716043769382 ], [ 277809.744952504173853, 609519.743437433382496 ], [ 275591.704909276391845, 609527.240044269128703 ], [ 275601.262916183390189, 610423.37605164560955 ] ] ], [ [ [ 274492.238534310483374, 610427.157731394749135 ], [ 274501.816346646519378, 611323.303949620458297 ], [ 275610.834943416179158, 611319.516865025390871 ], [ 275601.262916183390189, 610423.37605164560955 ], [ 274492.238534310483374, 610427.157731394749135 ] ] ], [ [ [ 275620.420990953687578, 612215.662491555791348 ], [ 275630.021058776066639, 613111.812938384129666 ], [ 276739.021292892168276, 613108.033802932593971 ], [ 276729.42702668037964, 612211.888732328545302 ], [ 275620.420990953687578, 612215.662491555791348 ] ] ], [ [ [ 264539.641012188047171, 613150.636023678467609 ], [ 264568.699989044223912, 615839.282126136589795 ], [ 266786.796797620831057, 615831.333613824564964 ], [ 266777.108031462295912, 614935.124682317487895 ], [ 267886.15170084516285, 614931.184285772033036 ], [ 267857.187377114663832, 612242.603267508675344 ], [ 265639.058115330000874, 612250.469226604676805 ], [ 265648.710422605508938, 613146.669291932019405 ], [ 264539.641012188047171, 613150.636023678467609 ] ] ], [ [ [ 276748.629570839169901, 614004.183701601927169 ], [ 273421.625966481864452, 614015.593588460586034 ], [ 273402.388583765132353, 612223.26619937887881 ], [ 272293.362145295424853, 612227.096149137243629 ], [ 272312.61114307702519, 614019.434454370988533 ], [ 271203.589452859945595, 614023.29410640290007 ], [ 271213.240841397317126, 614919.475989085505717 ], [ 270104.21807230822742, 614923.359939754009247 ], [ 270113.889345168019645, 615819.55217300192453 ], [ 271222.906284280354157, 615815.662711029057391 ], [ 271232.585781489557121, 616711.854279379709624 ], [ 272341.589983453275636, 616707.978175604483113 ], [ 272322.256710728746839, 614915.610852518118918 ], [ 273431.265713804750703, 614911.764529460808262 ], [ 273450.587320277350955, 616704.1209401168162 ], [ 274559.577825459185988, 616700.282572327647358 ], [ 274549.915840426692739, 615804.107371690799482 ], [ 276767.888161855516955, 615796.498011735267937 ], [ 276748.629570839169901, 614004.183701601927169 ] ] ], [ [ [ 271232.585781489557121, 616711.854279379709624 ], [ 270123.574680886871647, 616715.749252035398968 ], [ 270133.274079445342068, 617611.951183999422938 ], [ 271242.279333004844375, 617608.05070128350053 ], [ 271232.585781489557121, 616711.854279379709624 ] ] ], [ [ [ 269024.261894309427589, 617615.870563581585884 ], [ 269043.714600679872092, 619408.300087915849872 ], [ 270152.715065002266783, 619404.369635303737596 ], [ 270133.274079445342068, 617611.951183999422938 ], [ 269024.261894309427589, 617615.870563581585884 ] ] ], [ [ [ 280152.802885463635903, 621162.189093748573214 ], [ 279043.875334336538799, 621165.95958037499804 ], [ 279034.166718346066773, 620269.781458847457543 ], [ 277925.226628545322455, 620273.56563133711461 ], [ 277915.526138328481466, 619377.387079859734513 ], [ 276806.573483788757585, 619381.184883395791985 ], [ 276816.279843294934835, 620277.368778734700754 ], [ 275707.326329106814228, 620281.190901621244848 ], [ 275697.614099756116048, 619385.0016350352671 ], [ 274588.64795274019707, 619388.83733536163345 ], [ 274598.366052492638119, 620285.032000580918975 ], [ 273489.398979962337762, 620288.89207620092202 ], [ 273499.136987835227046, 621185.09705083607696 ], [ 274608.09818087349413, 621181.231549821794033 ], [ 274617.844337861984968, 622077.435990235768259 ], [ 275726.792848079348914, 622073.584095889003947 ], [ 275736.547137658926658, 622969.788037875434384 ], [ 276845.482991130033042, 622965.949805009062402 ], [ 276835.734596986905672, 622069.751232388080098 ], [ 279053.597944813896902, 622062.142595584504306 ], [ 279063.334549756429624, 622958.330511630629189 ], [ 280172.250321877247188, 622954.549449954065494 ], [ 280152.802885463635903, 621162.189093748573214 ] ] ], [ [ [ 274617.844337861984968, 622077.435990235768259 ], [ 273508.889032847830094, 622081.306916017550975 ], [ 273518.655114979599603, 622977.521678894991055 ], [ 274627.604523437214084, 622973.645328974234872 ], [ 274617.844337861984968, 622077.435990235768259 ] ] ], [ [ [ 263518.174933353788219, 621220.7418405439239 ], [ 263527.979996033711359, 622117.001761192688718 ], [ 261309.922642848890973, 622125.143345592892729 ], [ 261349.331355631089536, 625710.277706562075764 ], [ 262458.339951284229755, 625706.174497270956635 ], [ 262438.619181267218664, 623913.608954402036034 ], [ 263547.632463214045856, 623909.536285767331719 ], [ 263537.799172659986652, 623013.266573885921389 ], [ 264646.811236249399371, 623009.21866755746305 ], [ 264627.198791746981442, 621216.705276167253032 ], [ 263518.174933353788219, 621220.7418405439239 ] ] ], [ [ [ 277964.16861957218498, 623858.328767793951556 ], [ 279073.085149142192677, 623854.523335670004599 ], [ 279063.334549756429624, 622958.330511630629189 ], [ 277954.412117334781215, 622962.13062978873495 ], [ 277964.16861957218498, 623858.328767793951556 ] ] ], [ [ [ 268022.994050206907559, 627478.474472222849727 ], [ 269131.948307190090418, 627474.475023259641603 ], [ 269122.088277205708437, 626578.213706789771095 ], [ 268013.128078154055402, 626582.207597818574868 ], [ 268022.994050206907559, 627478.474472222849727 ] ] ], [ [ [ 274716.077476578589994, 631039.750982497585937 ], [ 274725.97794687282294, 631936.009697929839604 ], [ 275834.861131848418154, 631932.09847405704204 ], [ 275805.219724491063971, 629243.35340337944217 ], [ 274696.318621143465862, 629247.248454078682698 ], [ 274686.460236044658814, 628351.00462677993346 ], [ 273577.546386119211093, 628354.913508295314386 ], [ 273557.859814286639448, 626562.429850405198522 ], [ 272448.927251918416005, 626566.347059550578706 ], [ 272439.099090262199752, 625670.107185362954624 ], [ 270221.201490994251799, 625677.988132772501558 ], [ 270240.895605349040125, 627470.494773066951893 ], [ 269131.948307190090418, 627474.475023259641603 ], [ 269151.710580554325134, 629267.012477582436986 ], [ 266933.818894931231625, 629275.05285761016421 ], [ 266943.733074212563224, 630171.340149218449369 ], [ 265834.782680018921383, 630175.394831914687529 ], [ 265844.716924833715893, 631071.692691961419769 ], [ 268062.598734984581824, 631063.591415776521899 ], [ 268072.535105222428683, 631959.88304889947176 ], [ 269181.459523791796528, 631955.855819784686901 ], [ 269171.529138313722797, 631059.569741419632919 ], [ 270280.452585116028786, 631055.567375399405137 ], [ 270270.542246342287399, 630159.291791719384491 ], [ 272488.380353843211196, 630151.355956081300974 ], [ 272498.278743046568707, 631047.620565925724804 ], [ 274716.077476578589994, 631039.750982497585937 ] ], [ [ 271369.574435468181036, 629259.049111772095785 ], [ 270260.645970109908376, 629263.021168205537833 ], [ 270250.763756438798737, 628366.755497705307789 ], [ 271359.698179795057513, 628362.788943156134337 ], [ 271369.574435468181036, 629259.049111772095785 ] ] ], [ [ [ 256952.954722443508217, 629312.187751567456871 ], [ 256962.922642236255342, 630208.526526785572059 ], [ 255853.907524690759601, 630212.754777301568538 ], [ 255873.897833250957774, 632005.458905357634649 ], [ 256982.900976944132708, 632001.218941961764358 ], [ 256992.91139182477491, 632897.572596203652211 ], [ 258101.901212115888484, 632893.346147386240773 ], [ 258091.896796389250085, 631996.998321227030829 ], [ 261418.840644099924248, 631984.452508552582003 ], [ 261408.868353115540231, 631088.126971611636691 ], [ 258081.906537127651973, 631100.655462522059679 ], [ 258061.968488069047453, 629307.984618903836235 ], [ 256952.954722443508217, 629312.187751567456871 ] ] ], [ [ [ 271399.287526554660872, 631947.859368127421476 ], [ 272508.191177697619423, 631943.890144362929277 ], [ 272498.278743046568707, 631047.620565925724804 ], [ 271389.369108868413605, 631051.584317104425281 ], [ 271399.287526554660872, 631947.859368127421476 ] ] ], [ [ [ 263022.797492701909505, 675009.637013162719086 ], [ 263033.455765108519699, 675906.208775011822581 ], [ 261924.792802938522073, 675910.631469329586253 ], [ 261914.128123348928057, 675014.054020686424337 ], [ 257479.378700091590872, 675031.928609571768902 ], [ 257468.702549637440825, 674135.33344995463267 ], [ 256359.990638540941291, 674139.847915809368715 ], [ 256370.673190768255154, 675036.448899902636185 ], [ 253044.512559784721816, 675050.133725390885957 ], [ 253033.810798426740803, 674153.515103448880836 ], [ 251925.069371393736219, 674158.112098339828663 ], [ 251893.030116281646769, 671468.270199352758937 ], [ 250784.262063222297002, 671472.869939673691988 ], [ 250741.716523408220382, 667886.464074101997539 ], [ 249632.915538476227084, 667891.06039636360947 ], [ 249696.857344191055745, 673270.736782671534456 ], [ 250805.620126735215308, 673266.104508648975752 ], [ 250827.035052471066592, 675059.360244770068675 ], [ 251935.777537071146071, 675054.736654374166392 ], [ 251957.23648928196053, 676848.001693963655271 ], [ 250848.506840293441201, 676852.637205311097205 ], [ 250859.264057444786886, 677749.2836626394419 ], [ 251967.987275780906202, 677744.642191840684973 ], [ 251989.531469478883082, 679537.939179569482803 ], [ 253098.234342145355185, 679533.306590366410092 ], [ 253130.637791384157026, 682223.274371434585191 ], [ 254239.313847924728179, 682218.64487427927088 ], [ 254260.974168651620857, 684011.971739917527884 ], [ 255369.629866493487498, 684007.351376467850059 ], [ 255391.333942804776598, 685800.688018527580425 ], [ 256499.969283670769073, 685796.076900458196178 ], [ 256532.612189151259372, 688486.104815927101299 ], [ 257641.220644564979011, 688481.497240762342699 ], [ 257608.597303983318852, 685791.486769842216745 ], [ 258717.21803713470581, 685786.917625978938304 ], [ 258695.552962180488976, 683993.615883412770927 ], [ 256478.278209097741637, 684002.751946368254721 ], [ 256467.453930591203971, 683106.097544679534622 ], [ 255358.799099962488981, 683110.691129757789895 ], [ 255347.982514539296972, 682214.036256369785406 ], [ 256456.643824629514711, 682209.448517002863809 ], [ 256445.847891231212998, 681312.804856169736013 ], [ 258663.161515315150609, 681303.703620857791975 ], [ 258673.944508835935267, 682200.335671097855084 ], [ 261999.841196181514533, 682186.822973899659701 ], [ 262010.618914424674585, 683083.443184044794179 ], [ 263119.230311096529476, 683078.9750200266717 ], [ 263130.015674886992201, 683975.594927016296424 ], [ 266455.78781698201783, 683962.298961402266286 ], [ 266445.021901990228798, 683065.695931881666183 ], [ 267553.605010547616985, 683061.311368217342533 ], [ 267564.364443863276392, 683957.908826706232503 ], [ 273107.143427002592944, 683936.272026953636669 ], [ 273117.884505468362477, 684832.847432727692649 ], [ 270900.806583779747598, 684841.450274680857547 ], [ 270911.574698352371342, 685738.041971944621764 ], [ 267585.925571292405948, 685751.119915132410824 ], [ 267596.727265363442712, 686647.733559427899309 ], [ 268705.277409837464802, 686643.347723770770244 ], [ 268716.086675515864044, 687539.961236825911328 ], [ 269824.623352680471726, 687535.590895009227097 ], [ 269813.820601643412374, 686638.982895428664051 ], [ 270922.356874160352163, 686634.63907373487018 ], [ 270943.963409394258633, 688427.849519624956883 ], [ 269835.440173462498933, 688432.204312787041999 ], [ 269857.116024174378254, 690225.447431664681062 ], [ 270965.626189305097796, 690221.081669816281646 ], [ 270976.478670958895236, 691117.705901985638775 ], [ 268759.464521008660085, 691126.46953588956967 ], [ 268792.14572644024156, 693816.407920486177318 ], [ 271009.120482448022813, 693807.611313006957062 ], [ 270998.225817552767694, 692910.970716394949704 ], [ 272106.709430796443485, 692906.609704479691572 ], [ 272084.975405074772425, 691113.355799785000272 ], [ 273193.465289776504505, 691109.026839865604416 ], [ 273182.625902707048226, 690212.413492116029374 ], [ 274291.11551771836821, 690208.111074941116385 ], [ 274258.701208466198295, 687518.319861532887444 ], [ 275367.203626069647726, 687514.054683315800503 ], [ 275356.433438888227101, 686617.473840232356451 ], [ 276464.935615613532718, 686613.235041899606586 ], [ 276443.450318473100197, 684820.100292340153828 ], [ 277551.958771111443639, 684815.893142291461118 ], [ 277541.24363493808778, 683919.339196132612415 ], [ 279758.253480393264908, 683910.998302780557424 ], [ 279779.6718106638873, 685704.090467012836598 ], [ 280888.153811392257921, 685699.940915981307626 ], [ 280877.444141192943789, 684803.397373395739123 ], [ 281985.926046520704404, 684799.27400872821454 ], [ 282007.346381146693602, 686592.356078183627687 ], [ 283115.808744225883856, 686588.243286568438634 ], [ 283126.53336789138848, 687484.787260856595822 ], [ 284234.982705516391434, 687480.690310713252984 ], [ 284245.714781152491923, 688377.234554798807949 ], [ 285354.151119354297407, 688373.153500962303951 ], [ 285364.890630452195182, 689269.698050813050941 ], [ 284256.460815371072385, 689273.784233308513649 ], [ 284277.994759455905296, 691066.899922380107455 ], [ 286494.821796803968027, 691058.728181501966901 ], [ 286473.313995257718489, 689265.632948120357469 ], [ 287581.730943147558719, 689261.588924610405229 ], [ 287603.225675236317329, 691054.674012290081009 ], [ 292036.777698962832801, 691038.668662559357472 ], [ 292026.0495164632448, 690142.143409479991533 ], [ 290917.66443072410766, 690146.108086083433591 ], [ 290896.236714380851481, 688353.064005754771642 ], [ 289787.832296974491328, 688357.039803648949601 ], [ 289777.132788208313286, 687460.520932529354468 ], [ 288668.7155411868589, 687464.512760552577674 ], [ 288658.023444684862625, 686567.994299609330483 ], [ 287549.593342035310343, 686572.002102917991579 ], [ 287496.309333971643355, 682089.46574651543051 ], [ 286387.84044993534917, 682093.469159418833442 ], [ 286377.218994040973485, 681196.972995903808624 ], [ 285268.737234112224542, 681200.992162124952301 ], [ 285258.12327428010758, 680304.496269362396561 ], [ 287475.093262510374188, 680296.488957310095429 ], [ 287464.506126546533778, 679400.008623936679214 ], [ 288572.987955589720514, 679396.041228798450902 ], [ 288551.868329528311733, 677603.106757474481128 ], [ 289660.356646847561933, 677599.170193286961876 ], [ 289649.824130596243776, 676702.716015629819594 ], [ 290758.312532483134419, 676698.805173598695546 ], [ 290737.302041272516362, 674905.922847678302787 ], [ 288520.293325938866474, 674913.745163984945975 ], [ 288509.796174313116353, 674017.301967654027976 ], [ 287401.275909118179698, 674021.239027794217691 ], [ 287390.786306177848019, 673124.796095338067971 ], [ 285173.713807355728932, 673132.721856958814897 ], [ 285152.750944801897276, 671339.831526288762689 ], [ 289586.921274484950118, 671324.102929425658658 ], [ 289576.486172274919227, 670427.686011229758151 ], [ 288467.946816349984147, 670431.582331409445032 ], [ 288447.10568685119506, 668638.754302084911615 ], [ 289555.657717066293117, 668634.868049702025019 ], [ 289566.064986460027285, 669531.274387051467784 ], [ 290674.604353987728246, 669527.403575449483469 ], [ 290695.447951815091074, 671320.222106137662195 ], [ 292912.482454088982195, 671312.52204651676584 ], [ 292902.066398237249814, 670416.120062702219002 ], [ 294010.580637583974749, 670412.305748568498529 ], [ 293989.802867946331389, 668619.527510681189597 ], [ 291772.742819717270322, 668627.156887264922261 ], [ 291762.362113717012107, 667730.765817247680388 ], [ 290653.816387706319802, 667734.606194784282707 ], [ 290643.44326646043919, 666838.215417736792006 ], [ 289534.884927645558491, 666842.071206736029126 ], [ 289524.519407669780776, 665945.680686743697152 ], [ 291741.642399957752787, 665937.999491429771297 ], [ 291731.303392251546029, 665041.624221250531264 ], [ 290622.738747887895443, 665045.449654269381426 ], [ 290602.089861380925868, 663252.70489705412183 ], [ 289493.506346989073791, 663256.540646484587342 ], [ 289472.900556163338479, 661463.806814217125066 ], [ 291690.086356525076553, 661456.175591008039191 ], [ 291679.816846498171799, 660559.826510129729286 ], [ 292788.406582032912411, 660556.046198146650568 ], [ 292798.669837706023827, 661452.390320869977586 ], [ 293907.247084093047306, 661448.625277604907751 ], [ 293866.302371965255588, 657863.299786890973337 ], [ 294974.89837865595473, 657859.574587543611415 ], [ 294964.703126242035069, 656963.26112908788491 ], [ 296073.299181224370841, 656959.560924666118808 ], [ 296103.907879552221857, 659648.502263348200358 ], [ 294995.330505770398304, 659652.217101861024275 ], [ 295005.567380417720415, 660548.546172098256648 ], [ 297222.703504584729671, 660541.126939461333677 ], [ 297161.56503827002598, 655163.288917113677599 ], [ 296052.962710312509444, 655166.95932860893663 ], [ 296063.124012953194324, 656063.257535122567788 ], [ 294954.521747958904598, 656066.952860184712335 ], [ 294944.354243833455257, 655170.64977364835795 ], [ 293835.739605419919826, 655174.360252795508131 ], [ 293825.579781959531829, 654278.057433380396105 ], [ 294934.200613891822286, 654274.351862292387523 ], [ 294913.934976666001603, 652481.771536380052567 ], [ 296022.561996440053917, 652478.095735378563404 ], [ 296032.681702029251028, 653374.378435923019424 ], [ 297141.296406258654315, 653370.717731712735258 ], [ 297121.083202987152617, 651578.16719483549241 ], [ 298229.704142050119117, 651574.536124045611359 ], [ 298209.558674694038928, 649782.015836020582356 ], [ 295992.286074201285373, 649789.278530717361718 ], [ 296012.456156587926671, 651581.818189119454473 ], [ 294903.82296943484107, 651585.48910745466128 ], [ 294883.640577867045067, 649792.939681745367125 ], [ 292666.331025912950281, 649800.32159395609051 ], [ 292676.427586867124774, 650696.603587268968113 ], [ 291567.769616403849795, 650700.329315685317852 ], [ 291557.666903446195647, 649804.042356266290881 ], [ 290448.996505420422181, 649807.782990135950968 ], [ 290388.635390629991889, 644430.138739895890467 ], [ 292606.043380379094742, 644422.737128764041699 ], [ 292596.04405972774839, 643526.490900004049763 ], [ 293704.744761427049525, 643522.824598138337024 ], [ 293694.76541558583267, 642626.588393843267113 ], [ 294803.465987368952483, 642622.946687366697006 ], [ 294793.506598761538044, 641726.720474284142256 ], [ 295902.207064436748624, 641723.103308541700244 ], [ 295882.342032626504079, 639930.675859210081398 ], [ 296991.048472024383955, 639927.088043334661052 ], [ 296971.250991102657281, 638134.690538467722945 ], [ 298079.963401389191858, 638131.131965008215047 ], [ 298070.091477277281228, 637234.945614555035718 ], [ 299178.803834792110138, 637231.411364438943565 ], [ 299168.951780668110587, 636335.234859101241454 ], [ 301386.370421497616917, 636328.234352828585543 ], [ 301376.544231060368475, 635432.072416867129505 ], [ 302485.250571125536226, 635428.606078174780123 ], [ 302475.444206525513437, 634532.453894073609263 ], [ 304692.851072920719162, 634525.588880001334473 ], [ 304702.645434725331143, 635421.731684612925164 ], [ 305811.334025140153244, 635418.323628693586215 ], [ 305791.771092337323353, 633626.052333306637593 ], [ 304683.070509235025384, 633629.451091196970083 ], [ 304673.30374369584024, 632733.31831101689022 ], [ 300238.418295553536154, 632747.08819755865261 ], [ 300228.641422656481154, 631850.94154268282 ], [ 301337.37770597951021, 631847.474811853491701 ], [ 301327.62063401110936, 630951.337909408961423 ], [ 299110.130110486992635, 630958.281141944928095 ], [ 299100.374941464455333, 630062.13967456901446 ], [ 303535.355883643147536, 630048.349367419490591 ], [ 303545.087213134567719, 630944.471844077459536 ], [ 304653.81160716782324, 630941.06774780061096 ], [ 304644.086236234405078, 630044.94995040120557 ], [ 306861.529316016356461, 630038.208904442610219 ], [ 306832.471637325827032, 627349.913199794711545 ], [ 309049.927077742177062, 627343.276709679979831 ], [ 309040.280592790688388, 626447.197242330643348 ], [ 306822.813307022326626, 626453.824560405802913 ], [ 306813.168758062063716, 625557.740873461239971 ], [ 309030.64787216152763, 625551.122728691785596 ], [ 309021.028915882459842, 624655.053161582094617 ], [ 310129.765728450147435, 624651.777321683592163 ], [ 310139.378779849386774, 625547.842342554358765 ], [ 312356.823463761189487, 625541.33894026838243 ], [ 312366.438445769599639, 626437.399899176787585 ], [ 313475.146377048338763, 626434.172418516362086 ], [ 313465.537306886399165, 625538.1159231265774 ], [ 314574.245528723462485, 625534.912027994636446 ], [ 314564.656091707758605, 624638.864918453036807 ], [ 318999.457041374582332, 624626.258021841756999 ], [ 318970.841676109994296, 621938.198755322140642 ], [ 321188.244588075729553, 621932.035587801714428 ], [ 321178.745240857475437, 621036.03426647814922 ], [ 322287.44446166686248, 621032.985444581951015 ], [ 322277.964642185019329, 620136.993289218167774 ], [ 321169.259564581967425, 620140.037862685625441 ], [ 321159.787559280055575, 619244.046369234332815 ], [ 322268.498485176532995, 619241.00604482262861 ], [ 322249.607158703089226, 617449.046260176808573 ], [ 323358.324397503514774, 617446.033307727891952 ], [ 323311.36420329392422, 612966.240408912766725 ], [ 321093.866311987512745, 612972.242800795123912 ], [ 321103.24261962051969, 613868.200123129878193 ], [ 319994.491388836991973, 613871.233703099307604 ], [ 320013.296621713554487, 615663.171494723996148 ], [ 317795.801056583295576, 615669.312229075119831 ], [ 317776.972612582903821, 613877.357153927325271 ], [ 318885.734730978962034, 613874.28604654292576 ], [ 318876.34684427047614, 612978.320135298417881 ], [ 319985.109291912580375, 612975.272099988069385 ], [ 319966.386137241439428, 611183.363443242618814 ], [ 317748.832671801210381, 611189.460959480144083 ], [ 317758.1989553263993, 612085.42151143681258 ], [ 316649.419769882457331, 612088.502656912314706 ], [ 316630.689360564341769, 610296.577660820796154 ], [ 319957.045079555013217, 610287.416375239263289 ], [ 319929.103985451278277, 607599.604126503341831 ], [ 318820.306977587228175, 607602.626300029805861 ], [ 318811.014909011428244, 606706.694199146702886 ], [ 317702.206706385477446, 606709.730605300399475 ], [ 317683.65219846565742, 604917.872118865489028 ], [ 316574.827060847426765, 604920.918334387359209 ], [ 316565.564646568382159, 604024.991905280738138 ], [ 315456.728270280873403, 604028.052215731353499 ], [ 315429.006192806642503, 601340.288378321100026 ], [ 314320.147180873784237, 601343.353878342662938 ], [ 314292.531537460105028, 598655.619568439433351 ], [ 310965.869772559148259, 598664.88603375479579 ], [ 310938.326875589671545, 595977.153982767369598 ], [ 313156.140872880001552, 595970.985019784769975 ], [ 313146.998649672255851, 595075.092763996915892 ], [ 309820.252243669005111, 595084.360002688248642 ], [ 309811.106907563691493, 594188.458914488786831 ], [ 310920.033685526752379, 594185.356182234711014 ], [ 310910.907712952350266, 593289.464330499176867 ], [ 309801.975328272674233, 593292.562522319843993 ], [ 309792.857505822554231, 592396.670819014427252 ], [ 308683.913782710849773, 592399.782580870203674 ], [ 308674.804126923554577, 591503.890990267158486 ], [ 307565.849039395339787, 591507.016267309081741 ], [ 307593.236100424895994, 594194.718876853352413 ], [ 308702.174390364205465, 594191.579812536016107 ], [ 308711.325342176889535, 595087.485467930906452 ], [ 305384.509870203328319, 595096.971027383580804 ], [ 305393.691462892515119, 595992.895249340916052 ], [ 306502.630155945080332, 595989.710553067852743 ], [ 306521.023436714196578, 597781.563832454383373 ], [ 307629.945015108445659, 597778.388117307564244 ], [ 307648.382114817737602, 599570.251049842336215 ], [ 304321.633765573147684, 599579.860905292909592 ], [ 304340.159994695917703, 601371.77066133194603 ], [ 303231.243462352256756, 601375.020010820706375 ], [ 303240.532961830846034, 602270.986709959222935 ], [ 304349.443807947449386, 602267.732661286834627 ], [ 304358.74142029020004, 603163.699418754200451 ], [ 303249.836268907529302, 603166.95816600183025 ], [ 303259.153383556287736, 604062.934386114124209 ], [ 302150.248000676860102, 604066.216301059932448 ], [ 302140.925182280596346, 603170.235355614800937 ], [ 299923.085069317137823, 603176.845063943881541 ], [ 299932.419296733278316, 604072.835542157990858 ], [ 298823.495908681070432, 604076.172869321890175 ], [ 298842.217298785224557, 605868.177754175383598 ], [ 296624.375158290436957, 605874.927214592578821 ], [ 296652.59549541643355, 608562.999509481713176 ], [ 297761.502395205781795, 608559.600936573115177 ], [ 297770.931133867008612, 609455.62977358920034 ], [ 298879.826177170150913, 609452.244978669681586 ], [ 298898.713665045273956, 611244.307432948378846 ], [ 302225.327923608128913, 611234.236209169146605 ], [ 302244.236063318676315, 613026.289322499302216 ], [ 303353.083940752374474, 613022.960187944467179 ], [ 303343.628751824144274, 612126.935932899592444 ], [ 305561.318327404151205, 612120.343249770463444 ], [ 305580.219343258067966, 613912.377891473122872 ], [ 304471.389087932067923, 613915.674203562433831 ], [ 304499.861478439182974, 616603.776556871482171 ], [ 306717.481248436321039, 616597.174808990792371 ], [ 306726.987982440565247, 617493.209366340655833 ], [ 305618.186857598659117, 617496.50544833438471 ], [ 305637.253355651453603, 619288.598478282801807 ], [ 306746.042795280751307, 619285.293130197329447 ], [ 306736.508498064591549, 618389.248804350965656 ], [ 307845.297958422335796, 618385.966995084192604 ], [ 307854.82640929199988, 619282.006715562427416 ], [ 308963.604231149191037, 619278.739233876112849 ], [ 308973.140600732876919, 620174.779272616258822 ], [ 310081.906810069456697, 620171.526173365418799 ], [ 310091.451081835431978, 621067.566566162975505 ], [ 307873.924630171153694, 621074.100850615534 ], [ 307864.368633217643946, 620178.051331680268049 ], [ 304538.017846978094894, 620187.981272764969617 ], [ 304557.178822702495381, 621980.113007634412497 ], [ 303448.395226192078553, 621983.470282778027467 ], [ 303458.002293763565831, 622879.548204515594989 ], [ 302349.218655260920059, 622882.929209060152061 ], [ 302320.4212517705746, 620194.696041796007194 ], [ 301211.614032456884161, 620198.081870338297449 ], [ 301182.923422396765091, 617509.878573626629077 ], [ 302291.748188511701301, 617506.506971687311307 ], [ 302272.701891266275197, 615714.405327723594382 ], [ 300055.023053388344124, 615721.148383085150272 ], [ 300026.522385640593711, 613033.003823856939562 ], [ 298917.656518437259365, 613036.389191685477272 ], [ 298946.174608421744779, 615724.548151076887734 ], [ 297837.320101468940265, 615727.966746634570882 ], [ 297846.859638961148448, 616624.034273628727533 ], [ 296738.004862029745709, 616627.47655082680285 ], [ 296728.459499052609317, 615731.404170280206017 ], [ 295619.592767694732174, 615734.860422539175488 ], [ 295610.055445502046496, 614838.788021155865863 ], [ 294501.176733702188358, 614842.258193638175726 ], [ 294520.276889442000538, 616634.417673706659116 ], [ 295629.143956682644784, 616630.937684009666555 ], [ 295638.709012440405786, 617527.019812733633444 ], [ 293420.98035322513897, 617534.008491892833263 ], [ 293401.840784237952903, 615741.829415012616664 ], [ 292292.955465178471059, 615745.342156292172149 ], [ 292302.524135366897099, 616641.434224771801382 ], [ 291193.638381572323851, 616644.970787212252617 ], [ 291212.829080700525083, 618437.179506456013769 ], [ 290103.948713974212296, 618440.744961271528155 ], [ 290046.508480450953357, 613064.147014767397195 ], [ 288937.586835886118934, 613067.701110662776046 ], [ 288928.056351466511842, 612171.613371263258159 ], [ 287819.122546334285289, 612175.18114237068221 ], [ 287828.658826404076535, 613071.273956798482686 ], [ 286719.724418515281286, 613074.865553720854223 ], [ 286700.654201043536887, 611282.674546533031389 ], [ 288918.539785044384189, 611275.53045957966242 ], [ 288909.037136642728001, 610379.452368453494273 ], [ 285582.181790501228534, 610390.181232553091832 ], [ 285572.675748269713949, 609494.092642052215524 ], [ 287790.597265318850987, 609486.931633043684997 ], [ 287781.116691455594264, 608590.858084062347189 ], [ 288890.073593994602561, 608587.3106192414416 ], [ 288899.54840628488455, 609483.379090726957656 ], [ 290008.493180206744, 609479.845189143787138 ], [ 289989.568987284437753, 607687.723146109958179 ], [ 286662.68098700651899, 607698.350306782405823 ], [ 286643.777990807488095, 605906.216959727811627 ], [ 287752.758529614598956, 605902.666199311963283 ], [ 287762.197323580388911, 606798.725374352303334 ], [ 288871.165723709098529, 606795.188066366128623 ], [ 288861.732665760675445, 605899.133970662718639 ], [ 291079.661864074703772, 605892.125106507795863 ], [ 291098.518940168549307, 607684.217930821236223 ], [ 292207.462591943796724, 607680.731300438288599 ], [ 292188.616993243456818, 605888.648469930631109 ], [ 293297.565853751963004, 605885.190362977678888 ], [ 293288.169618706218898, 604989.161090925917961 ], [ 291070.254177705617622, 604996.085866187815554 ], [ 291051.480508441920392, 603204.021693434100598 ], [ 292160.45278983283788, 603200.560052152955905 ], [ 292169.826964985812083, 604096.584757225355133 ], [ 294387.741334371035919, 604089.706900677643716 ], [ 294378.378575440437999, 603193.692111568059772 ], [ 293269.418800998129882, 603197.116858373046853 ], [ 293260.064218383980915, 602301.101883554831147 ], [ 289933.130239576334134, 602311.471808971720748 ], [ 289942.501923322444782, 603207.501782745588571 ], [ 288833.517000970197842, 603211.000320619205013 ], [ 288852.313525972422212, 605003.084652574383654 ], [ 287743.333662327262573, 605006.611801274586469 ], [ 287733.922721741371788, 604110.562173085170798 ], [ 285515.93231183179887, 604117.661740943207406 ], [ 285506.523875461076386, 603221.60663097538054 ], [ 286615.528010545880534, 603218.052744194981642 ], [ 286606.139220959390514, 602322.007525083259679 ], [ 288824.139615802385379, 602314.965292442706414 ], [ 288814.776148887351155, 601418.935013261740096 ], [ 289923.772465566522442, 601415.446584801306017 ], [ 289905.098646850092337, 599623.41035665187519 ], [ 288796.090969908516854, 599626.888673269888386 ], [ 288805.426600248552859, 600522.909475922002457 ], [ 287696.418226870766375, 600526.411215731757693 ], [ 287705.773460421652999, 601422.441836066078395 ], [ 284378.726829212973826, 601433.072675917181186 ], [ 284388.113073002081364, 602329.123448914266191 ], [ 283279.090257831267081, 602332.709046384086832 ], [ 283269.698318503214978, 601436.65308148576878 ], [ 282160.663268452917691, 601440.251884106895886 ], [ 282151.279602444032207, 600544.195438124588691 ], [ 281042.232291458291002, 600547.807391078211367 ], [ 281032.856915300246328, 599651.750428269384429 ], [ 278814.731078386015724, 599659.018869152641855 ], [ 278852.361995669663884, 603243.317435951903462 ], [ 279961.405460960930213, 603239.652836614404805 ], [ 279970.842462900443934, 604135.734036908135749 ], [ 278861.804712328361347, 604139.403936456306837 ], [ 278871.261423880117945, 605035.495194775168784 ], [ 277762.222725301340688, 605039.188902728375979 ], [ 277771.699164032004774, 605935.290252381470054 ], [ 276662.659493540297262, 605939.007823461783119 ], [ 276672.155677020782605, 606835.119297758094035 ], [ 277781.189606138446834, 606831.396373531548306 ], [ 277790.694051600003149, 607727.507273325230926 ], [ 280008.730334138963372, 607720.106493805418722 ], [ 280027.758187546744011, 609512.321415767422877 ], [ 278918.754904296132736, 609516.023103738785721 ], [ 278928.295584762585349, 610412.143059043446556 ], [ 280037.29309362283675, 610408.436075149918906 ], [ 280056.404864411451854, 612200.679826470790431 ], [ 278947.418929908424616, 612204.397400358575396 ], [ 278957.001594545494299, 613100.53180066938512 ], [ 277848.014793648617342, 613104.273423885926604 ], [ 277867.233733551402111, 614896.567360619665124 ], [ 278976.208907840133179, 614892.81509635259863 ], [ 278995.472199686453678, 616685.11776646238286 ], [ 277886.50868611515034, 616688.880669296486303 ], [ 277896.167167091916781, 617585.044605992268771 ], [ 276787.202799561608117, 617588.831719930283725 ], [ 276796.881135870644357, 618485.005866178660654 ], [ 277905.839651170070283, 618481.213407129398547 ], [ 277915.526138328481466, 619377.387079859734513 ], [ 280133.411392884911038, 619369.848314779228531 ], [ 280143.100146183860488, 620266.016260687378235 ], [ 281252.026945544756018, 620262.270036281319335 ], [ 281281.15946717892075, 622950.787444181158207 ], [ 280172.250321877247188, 622954.549449954065494 ], [ 280181.995018967078067, 623850.736987411510199 ], [ 279073.085149142192677, 623854.523335670004599 ], [ 279082.849742949940264, 624750.721074858680367 ], [ 277973.939124761207495, 624754.531820318778045 ], [ 277964.16861957218498, 623858.328767793951556 ], [ 275746.315447272616439, 623865.996885967906564 ], [ 275775.704496108170133, 626554.652938419138081 ], [ 276884.616682521125767, 626550.793234390206635 ], [ 276894.435133966850117, 627447.01641223509796 ], [ 278003.334657820407301, 627443.170536569319665 ], [ 278013.161174598732032, 628339.393318734597415 ], [ 280230.928292366443202, 628331.748554548132233 ], [ 280260.456085969053674, 631020.41485642734915 ], [ 282478.160942813148722, 631012.815526589984074 ], [ 282497.892137206392363, 632805.26362323446665 ], [ 285824.364458026830107, 632793.978359800064936 ], [ 285844.115537958219647, 634586.415392545750365 ], [ 281408.854034743446391, 634601.542589151766151 ], [ 281398.947512498532888, 633705.300841414253227 ], [ 279181.26536940317601, 633712.970374671160243 ], [ 279171.360832583974116, 632816.723090291954577 ], [ 280280.211210318317171, 632812.88391101360321 ], [ 280270.326655297074467, 631916.646893613156863 ], [ 279161.47028996667359, 631920.480792650487274 ], [ 279141.731187426834367, 630128.011128936544992 ], [ 278032.856216663378291, 630131.853741132305004 ], [ 278042.724741906160489, 631028.091395682073198 ], [ 276933.849053497891873, 631031.958620305056684 ], [ 276963.556611979089212, 633720.717448296025395 ], [ 274745.820972508925479, 633728.542067023809068 ], [ 274725.97794687282294, 631936.009697929839604 ], [ 272508.191177697619423, 631943.890144362929277 ], [ 272518.117657775641419, 632840.164698548149318 ], [ 271409.219998204498552, 632844.139394260128029 ], [ 271399.287526554660872, 631947.859368127421476 ], [ 269181.459523791796528, 631955.855819784686901 ], [ 269191.40398030920187, 632852.146871983190067 ], [ 270300.315450206690002, 632848.133451868547127 ], [ 270310.267976483213715, 633744.423958964413032 ], [ 271419.166523797553964, 633740.424402657547034 ], [ 271429.127103313396219, 634636.71440047386568 ], [ 269211.335106381447986, 634644.743926493334584 ], [ 269201.362507845740765, 633748.442905168514699 ], [ 268092.450084412761498, 633752.481241884292103 ], [ 268072.535105222428683, 631959.88304889947176 ], [ 265854.665266326104756, 631967.995516778319143 ], [ 265844.716924833715893, 631071.692691961419769 ], [ 264735.765451053157449, 631075.772295027622022 ], [ 264745.719779043283779, 631972.080756782204844 ], [ 263636.767201898619533, 631976.185334993992001 ], [ 263646.741630710894242, 632872.504431725014001 ], [ 265864.627704476937652, 632864.303313515032642 ], [ 265874.604239266831428, 633760.616089321556501 ], [ 261438.827618536481168, 633777.118497684714384 ], [ 261448.842301952128764, 634673.458964169141836 ], [ 262557.791143250651658, 634669.298554113018326 ], [ 262567.813935013778973, 635565.638294837786816 ], [ 260349.921109318558592, 635573.989997774944641 ], [ 260329.865574225812452, 633781.292585426010191 ], [ 259220.896307304181391, 633785.486068698577583 ], [ 259230.923020253190771, 634681.838051793863997 ], [ 258121.952512893651146, 634686.056730642914772 ], [ 258131.999397909617983, 635582.419502028846182 ], [ 257023.027626364812022, 635586.663431258057244 ], [ 257033.094701119960519, 636483.037024197517894 ], [ 258142.060439320135629, 636478.787269446183927 ], [ 258192.577991671481868, 640960.701297109713778 ], [ 259301.50615011996706, 640956.442040420370176 ], [ 259291.380402490729466, 640060.054980556014925 ], [ 260400.30738449972705, 640055.821106735384092 ], [ 260410.427057238994166, 640952.20239909843076 ], [ 261519.340746497560758, 640947.982372495927848 ], [ 261509.227148051839322, 640051.60682023561094 ], [ 262618.139726616733242, 640047.412120412802324 ], [ 262668.818571150419302, 644529.311804696684703 ], [ 260451.047139929549303, 644537.778042099205777 ], [ 260440.870910533471033, 643641.376546015613712 ], [ 257114.141234995506238, 643654.206459186854772 ], [ 257134.5445166642603, 645447.049272055504844 ], [ 258243.449451225809753, 645442.741297565633431 ], [ 258284.401430554309627, 649028.464598858146928 ], [ 257175.521056853409391, 649032.795843051862903 ], [ 257165.255674744053977, 648136.351564270327799 ], [ 256056.361834569397615, 648140.696827900828794 ], [ 256076.919079320708988, 649933.602175107924268 ], [ 254968.030209329444915, 649937.979017127421685 ], [ 254978.336262901662849, 650834.445220745750703 ], [ 257196.094315089809243, 650825.69971558440011 ], [ 257206.40219118114328, 651722.159323639119975 ], [ 258315.264054445084184, 651717.810634043533355 ], [ 258325.579907911189366, 652614.269552341080271 ], [ 257216.724231897213031, 652618.624055755790323 ], [ 257227.060437220614403, 653515.093919087783433 ], [ 258335.909917431737995, 653510.733602512977086 ], [ 258377.37151569413254, 657096.641265030717477 ], [ 259486.188853298663162, 657092.277811647043563 ], [ 259475.808449143718462, 656195.798945547430776 ], [ 260584.624775114294607, 656191.461356439278461 ], [ 260574.264738624391612, 655294.993407874600962 ], [ 261683.080076628742972, 655290.681628243532032 ], [ 261672.74039010918932, 654394.224563981057145 ], [ 262781.554763820604421, 654389.938539033057168 ], [ 262791.888239873282146, 655286.389901052461937 ], [ 263900.689261800725944, 655282.118225645856 ], [ 263911.03064123832155, 656178.569069465738721 ], [ 262802.235837720567361, 656182.846419056411833 ], [ 262812.597557342844084, 657079.308100204798393 ], [ 261703.801840682368493, 657083.611229895963334 ], [ 261714.183918178692693, 657980.083781603490934 ], [ 259496.583404863806209, 657988.76184606004972 ], [ 259506.992103820666671, 658885.251055944128893 ], [ 258398.187250678020064, 658889.626073567429557 ], [ 258429.517022557702148, 661579.142168998834677 ], [ 262864.617981407849584, 661561.694203719613142 ], [ 262854.185653198917862, 660665.206599443336017 ], [ 266180.455123606370762, 660652.350113653345034 ], [ 266190.868644513539039, 661548.820789532503113 ], [ 267299.604747453820892, 661544.570135537884198 ], [ 267310.02608793717809, 662441.040432191919535 ], [ 265092.559398767189123, 662449.573183855041862 ], [ 265123.945707782870159, 665139.048996371449903 ], [ 264015.220659795915708, 665143.362698720302433 ], [ 263983.815466525265947, 662453.869963829522021 ], [ 258439.988591618573992, 662475.657931475085206 ], [ 258460.974197280535009, 664268.705095379846171 ], [ 259569.741391744551947, 664264.295401032897644 ], [ 259580.249121921282494, 665160.82103966944851 ], [ 257362.720077471516561, 665169.672338419943117 ], [ 257404.943095121445367, 668755.873605129425414 ], [ 258513.685937893140363, 668751.414566513034515 ], [ 258503.115278249897528, 667854.862179485149682 ], [ 262938.039684235816821, 667837.253605898702517 ], [ 262948.584985172026791, 668733.783059643930756 ], [ 260731.149859452765668, 668742.557884910376742 ], [ 260741.721977110224543, 669639.104012574534863 ], [ 257415.534260280721355, 669652.437054028036073 ], [ 257436.759083366545383, 671445.579760622349568 ], [ 258545.482851087901508, 671441.103320599533617 ], [ 258556.110133512323955, 672337.676793507183902 ], [ 257447.392741256539011, 672342.159032644121908 ], [ 257458.040563352958998, 673238.743593366700225 ], [ 264110.198341037263162, 673212.124390943790786 ], [ 264088.993399188155308, 671419.029321501147933 ], [ 265197.674084608093835, 671414.676157165085897 ], [ 265176.538312099175528, 669621.613501622574404 ], [ 266285.22465062700212, 669617.29209757456556 ], [ 266295.779130706097931, 670513.815177107579075 ], [ 267404.452084593009204, 670509.508679924649186 ], [ 267393.903957895352505, 669612.991181677789427 ], [ 269611.241612302779686, 669604.450811714981683 ], [ 269621.777034077327698, 670500.957229570485651 ], [ 270730.429096493171528, 670496.712275093072094 ], [ 270740.972228327824268, 671393.218476342153735 ], [ 271849.611034252739046, 671388.988563761697151 ], [ 271860.161859639105387, 672285.494584326050244 ], [ 272968.787435148609802, 672281.279768457054161 ], [ 272989.918484450434335, 674074.29682544793468 ], [ 274098.524471706245095, 674070.091746886842884 ], [ 274109.10467054345645, 674966.60282709740568 ], [ 271891.898653792915866, 674975.044459894183092 ], [ 271881.305669430992566, 674078.522525216336362 ], [ 270772.685993248422164, 674082.768846837454475 ], [ 270762.10067672713194, 673186.246755039552227 ], [ 268544.827835174161009, 673194.790246259537525 ], [ 268534.243825196346734, 672298.262436949647963 ], [ 266316.930378259159625, 672306.877182718599215 ], [ 266327.527145692089107, 673203.416123138042167 ], [ 265218.866274464409798, 673207.759957843692973 ], [ 265229.483525847375859, 674104.309805534547195 ], [ 264120.821981246524956, 674108.679871997097507 ], [ 264131.459734285715967, 675005.240660164388828 ], [ 263022.797492701909505, 675009.637013162719086 ] ], [ [ 281964.561614980455488, 683006.21355633251369 ], [ 285290.007004476850852, 682994.0000875556143 ], [ 285311.332575607462786, 684787.029580807546154 ], [ 281985.926046520704404, 684799.27400872821454 ], [ 281964.561614980455488, 683006.21355633251369 ] ], [ [ 283041.127460926538333, 680312.586805369355716 ], [ 283030.514575375476852, 679416.085984451463446 ], [ 285247.523264715448022, 679408.00574697938282 ], [ 285258.12327428010758, 680304.496269362396561 ], [ 283041.127460926538333, 680312.586805369355716 ] ], [ [ 283062.395134056918323, 682105.60456140851602 ], [ 281953.90036292898003, 682109.69141855603084 ], [ 281943.253086722630542, 681213.174663473968394 ], [ 279726.230931696365587, 681221.400506150792353 ], [ 279715.584734682226554, 680324.878665114636533 ], [ 283041.127460926538333, 680312.586805369355716 ], [ 283062.395134056918323, 682105.60456140851602 ] ], [ [ 278607.057290758937597, 680329.017569057410583 ], [ 278585.794002846174408, 678535.979434947366826 ], [ 277477.247028299432714, 678540.128548172535375 ], [ 277498.523190279316623, 680333.177282731281593 ], [ 275281.434886119212024, 680341.559141814592294 ], [ 275313.49296046840027, 683031.204540880629793 ], [ 273096.41639271331951, 683039.70201272459235 ], [ 273064.319555128342472, 680350.024247482884675 ], [ 274172.88061567035038, 680345.781288503785618 ], [ 274162.216202058829367, 679449.238178065628745 ], [ 275270.776915642432868, 679445.021413420676254 ], [ 275260.132972357096151, 678548.489042035653256 ], [ 274151.56582418672042, 678552.700423950096592 ], [ 274130.307175750844181, 676759.640955962822773 ], [ 277456.026906801445875, 676747.101218407275155 ], [ 277445.437861291691661, 675850.59556236397475 ], [ 278554.004082848085091, 675846.462354952353053 ], [ 278564.586721233208664, 676742.962708373670466 ], [ 281890.226344222552143, 676730.671376881771721 ], [ 281900.803740837145597, 677627.161326317233033 ], [ 283009.330706425011158, 677623.100420872797258 ], [ 283019.915657200152054, 678519.590525348554365 ], [ 279694.334319625166245, 678531.851076681050472 ], [ 279715.584734682226554, 680324.878665114636533 ], [ 278607.057290758937597, 680329.017569057410583 ] ], [ [ 285205.262729631969705, 675822.097217434085906 ], [ 286313.783035286469385, 675818.108706553699449 ], [ 286303.259171833109576, 674921.650039835600182 ], [ 287411.779445424268488, 674917.687281666905619 ], [ 287432.828318031388335, 676710.599782421602868 ], [ 286324.320840593252797, 676714.572708385414444 ], [ 286356.017907380708493, 679403.996796460705809 ], [ 285247.523264715448022, 679408.00574697938282 ], [ 285205.262729631969705, 675822.097217434085906 ] ], [ [ 284096.735964722698554, 675826.106397395487875 ], [ 284086.199311880627647, 674929.637480056728236 ], [ 285194.73247178044403, 674925.633439096156508 ], [ 285205.262729631969705, 675822.097217434085906 ], [ 284096.735964722698554, 675826.106397395487875 ] ], [ [ 291793.545929829007946, 670419.954877466196194 ], [ 291783.137425096705556, 669523.553238274529576 ], [ 292891.66423317824956, 669519.723374938475899 ], [ 292902.066398237249814, 670416.120062702219002 ], [ 291793.545929829007946, 670419.954877466196194 ] ], [ [ 289279.921943950233981, 644433.86910698376596 ], [ 289269.904344680544455, 643537.607884043594822 ], [ 290378.623884790460579, 643533.882542392238975 ], [ 290388.635390629991889, 644430.138739895890467 ], [ 289279.921943950233981, 644433.86910698376596 ] ], [ [ 310120.166432920494117, 623755.717240791069344 ], [ 311228.903419191250578, 623752.465016531874426 ], [ 311238.496818864485249, 624648.520577917341143 ], [ 310129.765728450147435, 624651.777321683592163 ], [ 310120.166432920494117, 623755.717240791069344 ] ], [ [ 320051.071242732228711, 619247.105620795628056 ], [ 320032.156573092797771, 617455.128781458130106 ], [ 321140.884561718266923, 617452.078084599226713 ], [ 321159.787559280055575, 619244.046369234332815 ], [ 320051.071242732228711, 619247.105620795628056 ] ], [ [ 317814.684287090552971, 617461.286794352694415 ], [ 318923.423159369383939, 617458.198351219762117 ], [ 318932.879486706457101, 618354.188628240604885 ], [ 315606.663860212662257, 618363.523658856283873 ], [ 315616.151400936651044, 619259.531907925847918 ], [ 312289.903278424055316, 619269.050381531007588 ], [ 312270.906876282650046, 617477.01212720409967 ], [ 314488.434584330534562, 617470.665368713089265 ], [ 314478.96864494116744, 616574.66248305386398 ], [ 315587.729919421428349, 616571.521832044352777 ], [ 315568.850833035539836, 614779.539519113721326 ], [ 316677.618173130555078, 614776.426492850063369 ], [ 316687.045051234425046, 615672.410824705264531 ], [ 317795.801056583295576, 615669.312229075119831 ], [ 317814.684287090552971, 617461.286794352694415 ] ], [ [ 310975.078234606073238, 599560.806172813754529 ], [ 308757.286580025916919, 599567.084427210036665 ], [ 308720.490059277915861, 595983.395825922954828 ], [ 309829.411336561082862, 595980.265794086037204 ], [ 309856.971155688341241, 598668.011459151515737 ], [ 310965.869772559148259, 598664.88603375479579 ], [ 310975.078234606073238, 599560.806172813754529 ] ], [ [ 304368.052831698209047, 604059.670940900919959 ], [ 304377.378042145224754, 604955.647234894451685 ], [ 303268.484305751393549, 604958.915377463097684 ], [ 303259.153383556287736, 604062.934386114124209 ], [ 304368.052831698209047, 604059.670940900919959 ] ], [ [ 299951.129250755882822, 605864.830813967506401 ], [ 299960.50497731147334, 606760.8356218917761 ], [ 298851.598756147315726, 606764.187367704114877 ], [ 298842.217298785224557, 605868.177754175383598 ], [ 299951.129250755882822, 605864.830813967506401 ] ], [ [ 298860.994055015675258, 607660.201771519728936 ], [ 297752.087506511888932, 607663.576903558918275 ], [ 297742.686467810999602, 606767.557667382061481 ], [ 298851.598756147315726, 606764.187367704114877 ], [ 298860.994055015675258, 607660.201771519728936 ] ], [ [ 306784.31779951765202, 622869.519455493544228 ], [ 306803.537990472454112, 624661.662131780991331 ], [ 305694.783810720895417, 624664.995263091172092 ], [ 305704.420484744128771, 625561.078633104334585 ], [ 304595.666355975321494, 625564.435518265003338 ], [ 304586.023774997098371, 624668.347492552828044 ], [ 303477.257849844521843, 624671.718820678186603 ], [ 303506.244735905667767, 627360.011784291826189 ], [ 300179.964542669360526, 627370.283000338007696 ], [ 300160.590617269452196, 625578.054324384545907 ], [ 302378.14039826230146, 625571.206667193444446 ], [ 302358.845420795842074, 623779.016764329746366 ], [ 303467.623168323305435, 623775.631048090290278 ], [ 303458.002293763565831, 622879.548204515594989 ], [ 306784.31779951765202, 622869.519455493544228 ] ], [ [ 304614.992913087538909, 627356.626408866839483 ], [ 304624.676889166818, 628252.729288114584051 ], [ 303515.934645001485478, 628256.119344706065021 ], [ 303506.244735905667767, 627360.011784291826189 ], [ 304614.992913087538909, 627356.626408866839483 ] ], [ [ 300199.393797658151016, 629162.531499577686191 ], [ 299090.633613276586402, 629166.003183906781487 ], [ 299071.192479510325938, 627373.74510402046144 ], [ 300179.964542669360526, 627370.283000338007696 ], [ 300199.393797658151016, 629162.531499577686191 ] ], [ [ 296747.564083261531778, 617523.553799249697477 ], [ 296795.56806234800024, 622004.013310400303453 ], [ 297904.387707549030893, 622000.541925002704374 ], [ 297933.338711596210487, 624688.861959389061667 ], [ 296824.536747226840816, 624692.347890414646827 ], [ 296814.866660874569789, 623796.231440902221948 ], [ 295706.052670193836093, 623799.731598973739892 ], [ 295638.709012440405786, 617527.019812733633444 ], [ 296747.564083261531778, 617523.553799249697477 ] ], [ [ 293430.570963399484754, 618430.105336509761401 ], [ 292321.703152682923246, 618433.632965049357153 ], [ 292312.106697876472026, 617537.531158635858446 ], [ 293420.98035322513897, 617534.008491892833263 ], [ 293430.570963399484754, 618430.105336509761401 ] ], [ [ 285525.354691964457743, 605013.721612385124899 ], [ 283307.34984080621507, 605020.905445402720943 ], [ 283297.916019004653208, 604124.835221192683093 ], [ 285515.93231183179887, 604117.661740943207406 ], [ 285525.354691964457743, 605013.721612385124899 ] ], [ [ 278966.59825386304874, 613996.671030283672735 ], [ 280075.572579905274324, 613992.942868874059059 ], [ 280085.177416862687096, 614889.081642111530527 ], [ 278976.208907840133179, 614892.81509635259863 ], [ 278966.59825386304874, 613996.671030283672735 ] ], [ [ 286952.914699463464785, 634582.682117308839224 ], [ 286962.805144080426544, 635478.903023426071741 ], [ 285854.011992403422482, 635482.641412694822066 ], [ 285844.115537958219647, 634586.415392545750365 ], [ 286952.914699463464785, 634582.682117308839224 ] ], [ [ 269221.321775896474719, 635541.049943111487664 ], [ 268112.421381757536437, 635545.099384868866764 ], [ 268102.42869332578266, 634648.787816050229594 ], [ 269211.335106381447986, 634644.743926493334584 ], [ 269221.321775896474719, 635541.049943111487664 ] ], [ [ 270330.21521639788989, 635537.019946648972109 ], [ 270340.209929995471612, 636433.325441547203809 ], [ 269231.322516370564699, 636437.360962176811881 ], [ 269221.321775896474719, 635541.049943111487664 ], [ 270330.21521639788989, 635537.019946648972109 ] ], [ [ 269251.366210115724243, 638229.998036267701536 ], [ 268142.483923968393356, 638234.064130772720091 ], [ 268132.448997098777909, 637337.737535076099448 ], [ 267023.553680471261032, 637341.817580006900243 ], [ 267013.526796481339261, 636445.490422115079127 ], [ 269231.322516370564699, 636437.360962176811881 ], [ 269251.366210115724243, 638229.998036267701536 ] ], [ [ 267033.594652461644728, 638238.149753368692473 ], [ 264815.795019502518699, 638246.379585334099829 ], [ 264805.741955513716675, 637350.036174460896291 ], [ 267023.553680471261032, 637341.817580006900243 ], [ 267033.594652461644728, 638238.149753368692473 ] ], [ [ 263696.825480244471692, 637354.174725239863619 ], [ 263676.749599412025418, 635561.491617265623063 ], [ 264785.678142811579164, 635557.364388111862354 ], [ 264805.741955513716675, 637350.036174460896291 ], [ 263696.825480244471692, 637354.174725239863619 ] ], [ [ 260359.970085825567367, 636470.346196347963996 ], [ 259251.018889729224611, 636474.556993711856194 ], [ 259240.963881067582406, 635578.195024416432716 ], [ 260349.921109318558592, 635573.989997774944641 ], [ 260359.970085825567367, 636470.346196347963996 ] ], [ [ 262577.850848987698555, 636461.98303416010458 ], [ 262597.967043492710218, 638254.687537193996832 ], [ 261489.042343168839579, 638258.870809669373557 ], [ 261478.971136768173892, 637362.510337063577026 ], [ 260370.033201615209691, 637366.707399382372387 ], [ 260359.970085825567367, 636470.346196347963996 ], [ 262577.850848987698555, 636461.98303416010458 ] ], [ [ 263880.048842680291273, 653489.232000785297714 ], [ 264988.855166693800129, 653484.991672070580535 ], [ 265009.483175851986744, 655277.866601371089928 ], [ 263900.689261800725944, 655282.118225645856 ], [ 263880.048842680291273, 653489.232000785297714 ] ], [ [ 266118.270015467249323, 655273.635027578915469 ], [ 266138.942000464652665, 657066.519347989698872 ], [ 265030.167603796522599, 657070.762159904465079 ], [ 265009.483175851986744, 655277.866601371089928 ], [ 266118.270015467249323, 655273.635027578915469 ] ], [ [ 267247.709357341751456, 657062.296640700427815 ], [ 267268.425250844215043, 658855.190469610388391 ], [ 266159.670369897852652, 658859.424357578740455 ], [ 266170.055698727956042, 659755.88463872356806 ], [ 265061.300030592596158, 659760.144302842905745 ], [ 265050.908450369723141, 658863.678404961712658 ], [ 263942.139458827092312, 658867.952612408902496 ], [ 263931.755739771178924, 657971.486255686497316 ], [ 266149.29913713678252, 657962.969263055594638 ], [ 266138.942000464652665, 657066.519347989698872 ], [ 267247.709357341751456, 657062.296640700427815 ] ], [ [ 267227.049814085592516, 655269.423503622994758 ], [ 268335.822605144872796, 655265.232028859434649 ], [ 268325.52017235965468, 654368.808767115580849 ], [ 270543.057278653956018, 654360.497010963386856 ], [ 270563.651379979564808, 656153.326598359970376 ], [ 268346.139116986072622, 656161.660449896822684 ], [ 268356.469707862765063, 657058.094037391245365 ], [ 267247.709357341751456, 657062.296640700427815 ], [ 267227.049814085592516, 655269.423503622994758 ] ], [ [ 275217.697471583611332, 674962.412982952198945 ], [ 275228.285305876110215, 675858.923998117097653 ], [ 274119.698905232304242, 675863.119227729737759 ], [ 274109.10467054345645, 674966.60282709740568 ], [ 275217.697471583611332, 674962.412982952198945 ] ], [ [ 268555.425923792412505, 674091.323358233901672 ], [ 267446.785463715496007, 674095.631549315410666 ], [ 267436.180988126550801, 673199.092886163271032 ], [ 268544.827835174161009, 673194.790246259537525 ], [ 268555.425923792412505, 674091.323358233901672 ] ], [ [ 271934.411120502394624, 678561.185460959561169 ], [ 271945.074369385256432, 679457.734062704956159 ], [ 270836.493183517770376, 679462.013183996081352 ], [ 270857.874738283106126, 681255.137387256603688 ], [ 269749.299561284598894, 681259.448277923744172 ], [ 269717.228984421934001, 678569.753533199313097 ], [ 271934.411120502394624, 678561.185460959561169 ] ], [ [ 262927.508504822151735, 666940.729408413404599 ], [ 262916.991446950240061, 666044.210460022673942 ], [ 264025.717283637379296, 666039.870738336234353 ], [ 264036.228020488400944, 666936.384020554018207 ], [ 262927.508504822151735, 666940.729408413404599 ] ], [ [ 271734.479460117639974, 661527.769922606530599 ], [ 270625.771169966668822, 661531.939616668387316 ], [ 270615.382716965628788, 660635.491128463414498 ], [ 269506.661257683183067, 660639.675555715919472 ], [ 269496.28060899686534, 659743.226764632505365 ], [ 271713.729138350114226, 659734.889107358409092 ], [ 271734.479460117639974, 661527.769922606530599 ] ], [ [ 268387.545954500325024, 659747.425870264181867 ], [ 268366.81437775446102, 657954.532798507367261 ], [ 269475.561522865318693, 657950.344762651599012 ], [ 269496.28060899686534, 659743.226764632505365 ], [ 268387.545954500325024, 659747.425870264181867 ] ], [ [ 284814.920283043989912, 641760.158090766053647 ], [ 284804.920158325810917, 640863.891698649385944 ], [ 285913.683520298218355, 640860.103038053843193 ], [ 285903.703408479457721, 639963.846837926190346 ], [ 287012.466383098275401, 639960.082888145581819 ], [ 287002.506266583572142, 639063.836846751044504 ], [ 289220.025106133252848, 639056.377804189221933 ], [ 289210.091010156495031, 638160.146944971755147 ], [ 291427.596537170466036, 638152.776110386941582 ], [ 291417.688425430678762, 637256.560319245327264 ], [ 293635.180886003829073, 637249.277470410452224 ], [ 293625.298722223262303, 636353.076633245218545 ], [ 292516.549593318253756, 636356.703365307766944 ], [ 292486.968382034800015, 633668.116118261474185 ], [ 293595.735530503909104, 633664.504235509666614 ], [ 293615.430441696080379, 635456.880819823010825 ], [ 295832.922110404528212, 635449.695550710428506 ], [ 295823.079724562820047, 634553.514571275678463 ], [ 298040.558799899881706, 634546.416735445265658 ], [ 298050.389176506316289, 635442.588006952195428 ], [ 296941.65870205819374, 635446.1320634346921 ], [ 296951.508940726460423, 636342.313193714246154 ], [ 295842.778362481738441, 636345.881547998054884 ], [ 295852.648480768373702, 637242.072570314514451 ], [ 294743.917774889850989, 637245.66527704638429 ], [ 294753.807790356106125, 638141.866224662633613 ], [ 293645.076933012751397, 638145.483338493853807 ], [ 293654.986863224301487, 639041.694244671030901 ], [ 292546.255830591137055, 639045.335820257430896 ], [ 292556.185693117906339, 639941.556718255160376 ], [ 290338.716947947221342, 639948.908472681650892 ], [ 290348.672819130995777, 640845.14439641404897 ], [ 288131.190932637313381, 640852.584518232499249 ], [ 288141.172848777612671, 641748.835581791354343 ], [ 287032.428419025673065, 641752.590123805683106 ], [ 287082.577357956557535, 646233.946939405286685 ], [ 288191.291314952773973, 646230.166996434214525 ], [ 288211.436180852469988, 648022.735208075609989 ], [ 287102.734472664014902, 648026.525306865107268 ], [ 287092.648948253481649, 647130.233570159645751 ], [ 285983.934700429614168, 647134.038383092381991 ], [ 286014.251489200280048, 649822.944252683431841 ], [ 284905.549211975652725, 649826.7842529816553 ], [ 284925.842436714097857, 651619.424048284767196 ], [ 286034.532394611858763, 651615.573787895380519 ], [ 286054.869070115557406, 653408.22388780338224 ], [ 283837.507387396181002, 653415.96490805328358 ], [ 283878.397668827325106, 657001.368155119125731 ], [ 282769.73189720796654, 657005.289368705241941 ], [ 282779.995591058279388, 657901.658299664035439 ], [ 281671.329506462847348, 657905.604815757600591 ], [ 281691.911274420446716, 659698.368665603804402 ], [ 280583.251096186169889, 659702.345772195025347 ], [ 280593.569196441210806, 660598.740730822319165 ], [ 278376.241501108626835, 660606.766027905978262 ], [ 278365.910895905457437, 659710.360521885217167 ], [ 277257.230807022075169, 659714.398166208295152 ], [ 277246.907959064934403, 658817.992545861867256 ], [ 278355.594292764784768, 658813.960216980078258 ], [ 278324.728495948365889, 656124.790437217918225 ], [ 277216.023479037336074, 656128.806815786520019 ], [ 277185.265095248876605, 653439.667631544289179 ], [ 266097.654415065539069, 653480.771339047700167 ], [ 266087.367759137938265, 652584.347213832545094 ], [ 268304.957544038712513, 652575.977692852728069 ], [ 268294.697348544024862, 651679.569866009172983 ], [ 269403.48794161726255, 651675.420595251955092 ], [ 269393.247997932834551, 650779.023439561366104 ], [ 270502.037820015451871, 650774.899620270356536 ], [ 270491.818110480089672, 649878.513102493481711 ], [ 271600.607185286004096, 649874.414679912966676 ], [ 271580.222252771956846, 648081.667964830179699 ], [ 272689.016749293194152, 648077.600344515638426 ], [ 272719.596766960516106, 650766.711712037911639 ], [ 271610.820731877407525, 650770.795711304759607 ], [ 271621.048331996775232, 651667.181868148734793 ], [ 273838.581217622966506, 651659.022889403859153 ], [ 273828.365958705893718, 650762.647621845593676 ], [ 276045.883945940062404, 650754.579166204552166 ], [ 276066.303805414354429, 652547.313277108827606 ], [ 278283.770130454562604, 652539.303111307672225 ], [ 278263.374961085442919, 650746.590339452493936 ], [ 279372.110437715891749, 650742.625785382697359 ], [ 279361.940015302156098, 649846.28239180368837 ], [ 278253.198379824287258, 649850.241651203366928 ], [ 278182.35437700082548, 643575.943854376557283 ], [ 279291.138885396125261, 643572.021675996948034 ], [ 279301.211350903729908, 644468.329359944327734 ], [ 280409.983113452268299, 644464.421596022439189 ], [ 280440.266126580652781, 647153.359344088356011 ], [ 279331.512710805865936, 647157.282919685472734 ], [ 279341.641151824500412, 648053.610966124455445 ], [ 281559.129107040411327, 648045.773099067737348 ], [ 281538.910731272946578, 646253.14313111291267 ], [ 282647.657080293865874, 646249.264360574656166 ], [ 282597.386222130269744, 641767.804572160239331 ], [ 284814.920283043989912, 641760.158090766053647 ] ], [ [ 264978.562319209042471, 652588.561925480491482 ], [ 264968.283576479996555, 651692.137314718100242 ], [ 266077.095199419185519, 651687.928225103882141 ], [ 266087.367759137938265, 652584.347213832545094 ], [ 264978.562319209042471, 652588.561925480491482 ] ], [ [ 280399.916746466595214, 643568.119183936505578 ], [ 281508.687993658822961, 643564.23637759918347 ], [ 281518.748262694454752, 644460.533545207115822 ], [ 280409.983113452268299, 644464.421596022439189 ], [ 280399.916746466595214, 643568.119183936505578 ] ], [ [ 272801.761458576016594, 657937.901433090213686 ], [ 273910.481048703193665, 657933.793913793400861 ], [ 273920.808598405681551, 658830.210453505511396 ], [ 272812.095246921177022, 658834.323398459353484 ], [ 272801.761458576016594, 657937.901433090213686 ] ], [ [ 271693.035029846418183, 657942.029080577893183 ], [ 271672.397134777274914, 656149.189784917864017 ], [ 272781.136016352451406, 656145.073045516153798 ], [ 272801.761458576016594, 657937.901433090213686 ], [ 271693.035029846418183, 657942.029080577893183 ] ], [ [ 272770.844362517003901, 655248.666608975152485 ], [ 273879.582617315521929, 655244.575370633276179 ], [ 273889.868058136256877, 656140.97637952642981 ], [ 272781.136016352451406, 656145.073045516153798 ], [ 272770.844362517003901, 655248.666608975152485 ] ], [ [ 261652.103408179798862, 652601.325872793793678 ], [ 261621.253913343301974, 649912.016322000999935 ], [ 262730.099211145425215, 649907.758818160509691 ], [ 262760.930177175439894, 652597.051254312740639 ], [ 261652.103408179798862, 652601.325872793793678 ] ], [ [ 264927.309653512493242, 648106.490086760954 ], [ 264947.768405367329251, 649899.303472038009204 ], [ 263838.93736400315538, 649903.521201721974649 ], [ 263818.466304756177124, 648110.696512988652103 ], [ 264927.309653512493242, 648106.490086760954 ] ], [ [ 264917.101434855605476, 647210.091047754278407 ], [ 266025.943844650755636, 647205.910078161279671 ], [ 266036.145923028350808, 648102.303491853177547 ], [ 264927.309653512493242, 648106.490086760954 ], [ 264917.101434855605476, 647210.091047754278407 ] ], [ [ 274906.585240477928892, 648069.524583986727521 ], [ 274926.933279259887058, 649862.238703531795181 ], [ 273818.164736234233715, 649866.277481053606607 ], [ 273797.80440071382327, 648073.552551107364707 ], [ 274906.585240477928892, 648069.524583986727521 ] ], [ [ 274896.432263032183982, 647173.175186685402878 ], [ 276005.212459560716525, 647169.172424032934941 ], [ 275995.079636546433903, 646272.833504940383136 ], [ 277103.859213581425138, 646268.855892023188062 ], [ 277134.281337776978035, 648957.871900484198704 ], [ 276025.520163929963019, 648961.865567625267431 ], [ 276015.359302029246464, 648065.516442538937554 ], [ 274906.585240477928892, 648069.524583986727521 ], [ 274896.432263032183982, 647173.175186685402878 ] ], [ [ 263787.865566434396897, 645421.497707357048057 ], [ 263777.693547216826119, 644525.108270848635584 ], [ 264886.561408200941514, 644520.924459378584288 ], [ 264896.727312180446461, 645417.308241219143383 ], [ 263787.865566434396897, 645421.497707357048057 ] ], [ [ 268152.532930277520791, 639130.395749736926518 ], [ 268162.596016006078571, 640026.732399124070071 ], [ 269271.466187456564512, 640022.655206007650122 ], [ 269281.537282424804289, 640918.991344636655413 ], [ 267063.802096239931416, 640927.176437811693177 ], [ 267094.13633131433744, 643616.248519040876999 ], [ 265985.276494612335227, 643620.38728714059107 ], [ 265975.144898069032934, 642724.019269538694061 ], [ 264866.271915055112913, 642728.172102773562074 ], [ 264856.148325927439146, 641831.803513699560426 ], [ 265965.027397951460443, 641827.656309686601162 ], [ 265954.923994279117323, 640931.298400429310277 ], [ 264846.038841789180879, 640935.439974572043866 ], [ 264825.862188557395712, 639142.728017542161979 ], [ 268152.532930277520791, 639130.395749736926518 ] ], [ [ 275864.628717604326084, 634620.888343697064556 ], [ 275894.522481180494651, 637309.723205582238734 ], [ 274785.675363378890324, 637313.666758548468351 ], [ 274775.690723264939152, 636417.378073603962548 ], [ 273666.830787201062776, 636421.335709624690935 ], [ 273656.854150766390376, 635525.046622886206023 ], [ 272547.98137036524713, 635529.018287147628143 ], [ 272528.058183260145597, 633736.444235636736266 ], [ 273636.942988340917509, 633732.483457293827087 ], [ 273646.891551139415242, 634628.762541161850095 ], [ 275864.628717604326084, 634620.888343697064556 ] ], [ [ 296921.999797892523929, 633653.784851182950661 ], [ 296912.191132446867414, 632757.618754857569002 ], [ 298020.939594377181493, 632754.089221131755039 ], [ 298030.742272514908109, 633650.250475897686556 ], [ 296921.999797892523929, 633653.784851182950661 ] ], [ [ 291358.53166165179573, 631879.370943585294299 ], [ 292467.317033730796538, 631875.749640088062733 ], [ 292477.135761944344267, 632771.9303819705965 ], [ 291368.356371364614461, 632775.556664534145966 ], [ 291358.53166165179573, 631879.370943585294299 ] ], [ [ 290249.740002938080579, 631883.011571124661714 ], [ 290220.331381448893808, 629194.469276030315086 ], [ 291329.140935160568915, 629190.843671643408015 ], [ 291358.53166165179573, 631879.370943585294299 ], [ 290249.740002938080579, 631883.011571124661714 ] ], [ [ 294655.532000513514504, 629180.082307771779597 ], [ 294636.043340953066945, 627387.785357875516638 ], [ 295744.839825397706591, 627384.246517473366112 ], [ 295764.316601901082322, 629176.53366775077302 ], [ 294655.532000513514504, 629180.082307771779597 ] ], [ [ 291309.616619952488691, 627398.51699440437369 ], [ 291299.875313157972414, 626502.361085494281724 ], [ 292408.696395264763851, 626498.769669768982567 ], [ 292418.431771692354232, 627394.920595795847476 ], [ 291309.616619952488691, 627398.51699440437369 ] ], [ [ 295735.122236833092757, 626488.110375849413686 ], [ 295725.418514760793187, 625591.979180338792503 ], [ 297943.01674532960169, 625584.978494022623636 ], [ 297952.708628545049578, 626481.099968862719834 ], [ 295735.122236833092757, 626488.110375849413686 ] ], [ [ 291290.147906936006621, 625606.210120166069828 ], [ 291280.43440131098032, 624710.064091251930222 ], [ 292389.267318587983027, 624706.48264319030568 ], [ 292398.974910888471641, 625602.623687956482172 ], [ 291290.147906936006621, 625606.210120166069828 ] ], [ [ 312347.222220577765256, 624645.282929786131717 ], [ 312337.63471624837257, 623749.231860545114614 ], [ 313446.360357544908766, 623746.017772336723283 ], [ 313455.941967041988391, 624642.064376795315184 ], [ 312347.222220577765256, 624645.282929786131717 ] ], [ [ 289014.331756312749349, 620236.577682828181423 ], [ 289004.689928764593787, 619340.451063933549449 ], [ 290113.570768957491964, 619336.861651866347529 ], [ 290132.856606762390584, 621129.109697101521306 ], [ 291241.719385268981569, 621125.5291963982163 ], [ 291251.377288262010552, 622021.65555132413283 ], [ 292360.227894389536232, 622018.089059489080682 ], [ 292379.573618388210889, 623810.346528301830404 ], [ 291270.734796307224315, 623813.922991584520787 ], [ 291261.049091949593276, 622917.786813997314312 ], [ 287934.477050609595608, 622928.615551531780511 ], [ 287924.787580396630801, 622032.469166487106122 ], [ 289033.657164739212021, 622028.845604273723438 ], [ 289023.987501645518932, 621132.709193887189031 ], [ 287915.112036442616954, 621136.327687305049039 ], [ 287905.450418771361001, 620240.191106823273003 ], [ 289014.331756312749349, 620236.577682828181423 ] ], [ [ 293488.406182417587843, 623806.789142134482972 ], [ 293478.732270089094527, 622910.662907990976237 ], [ 294587.56450474500889, 622907.129529055557214 ], [ 294597.232521863537841, 623803.25083253858611 ], [ 293488.406182417587843, 623806.789142134482972 ] ], [ [ 285716.73044978256803, 622935.929968672455288 ], [ 284607.847476965282112, 622939.615756550338119 ], [ 284598.140335341216996, 622043.454002734622918 ], [ 283489.244978056871332, 622047.153666551341303 ], [ 283460.189640722237527, 619358.682263518334366 ], [ 284569.102621544385329, 619354.998136515845545 ], [ 284588.447145547543187, 621147.297152896644548 ], [ 285697.341891871765256, 621143.621666252613068 ], [ 285687.668527898553293, 620247.474864791147411 ], [ 286796.562687126453966, 620243.823500625905581 ], [ 286815.911603033659048, 622036.111753263510764 ], [ 285707.029199174139649, 622039.773365159635432 ], [ 285716.73044978256803, 622935.929968672455288 ] ], [ [ 281242.344059877446853, 619366.107352082733996 ], [ 281232.675151685485616, 618469.94954850745853 ], [ 283450.532449095044285, 618462.534902466693893 ], [ 283460.189640722237527, 619358.682263518334366 ], [ 281242.344059877446853, 619366.107352082733996 ] ], [ [ 298993.98158307466656, 620204.910418063402176 ], [ 298984.39250579662621, 619308.828197741298936 ], [ 300093.21760192932561, 619305.409238245920278 ], [ 300112.397872107103467, 621097.568984692567028 ], [ 297894.765072003530804, 621104.445079472265206 ], [ 297885.156286069541238, 620208.353138289297931 ], [ 298993.98158307466656, 620204.910418063402176 ] ], [ [ 292340.937739088898525, 620225.851224181009457 ], [ 292331.313499761861749, 619329.739651175914332 ], [ 293440.175457327743061, 619326.207061464549042 ], [ 293449.793834985583089, 620222.313673923490569 ], [ 292340.937739088898525, 620225.851224181009457 ] ], [ [ 284559.451287380186841, 618458.855955654405989 ], [ 284549.81390513794031, 617562.718650133465417 ], [ 285658.73209618520923, 617559.063773477450013 ], [ 285668.363630032283254, 618455.195925563573837 ], [ 284559.451287380186841, 618458.855955654405989 ] ], [ [ 297865.980263138655573, 618416.183940284303389 ], [ 297856.413026192924008, 617520.106669122236781 ], [ 298965.255874709982891, 617516.67842182458844 ], [ 298974.817269666469656, 618412.750868052244186 ], [ 297865.980263138655573, 618416.183940284303389 ] ], [ [ 281203.752292183169629, 615781.505349962972105 ], [ 281213.37926781643182, 616677.648554602637887 ], [ 282322.322889357339591, 616673.942244435776956 ], [ 282331.958001027698629, 617570.085072031244636 ], [ 280114.075844315753784, 617577.527055801008828 ], [ 280094.796239931252785, 615785.225259576342069 ], [ 281203.752292183169629, 615781.505349962972105 ] ], [ [ 287876.54912369052181, 617551.810685958480462 ], [ 287866.943211386038456, 616655.693628659355454 ], [ 288975.847953064716421, 616652.10048861138057 ], [ 288985.448027116828598, 617548.212473987019621 ], [ 287876.54912369052181, 617551.810685958480462 ] ], [ [ 283402.455898105399683, 613981.871074813883752 ], [ 284511.403895844006911, 613978.218038302962668 ], [ 284540.190474840579554, 616666.586212795460597 ], [ 283431.259947202401236, 616670.254797354573384 ], [ 283402.455898105399683, 613981.871074813883752 ] ], [ [ 282293.501368531782646, 613985.542891704593785 ], [ 282283.922133059240878, 613089.419460296281613 ], [ 283392.882469493895769, 613085.752854710211977 ], [ 283402.455898105399683, 613981.871074813883752 ], [ 282293.501368531782646, 613985.542891704593785 ] ], [ [ 321131.453569519915618, 616556.101279038470238 ], [ 321122.036248417221941, 615660.129355064709671 ], [ 322230.770482493157033, 615657.106033129151911 ], [ 322240.181989299948327, 616553.073705547722057 ], [ 321131.453569519915618, 616556.101279038470238 ] ], [ [ 285639.510858777968679, 615766.814068566192873 ], [ 285629.921155263902619, 614870.696501424186863 ], [ 286738.850376044400036, 614867.075895456480794 ], [ 286748.434257272456307, 615763.18833467469085 ], [ 285639.510858777968679, 615766.814068566192873 ] ], [ [ 314450.653159516281448, 613886.683064429787919 ], [ 314441.242108719074167, 612990.699647068046033 ], [ 315550.026601288467646, 612987.576662603532895 ], [ 315559.431860317301471, 613883.555662397178821 ], [ 314450.653159516281448, 613886.683064429787919 ] ], [ [ 304433.619083164492622, 610331.605609072139487 ], [ 306651.31999805837404, 610325.06896330032032 ], [ 306660.730259958654642, 611221.069556931266561 ], [ 304443.040886143047828, 611227.615506719448604 ], [ 304433.619083164492622, 610331.605609072139487 ] ], [ [ 303324.75979592197109, 610334.901922905002721 ], [ 303315.346029001055285, 609438.892153614899144 ], [ 304424.211079039319884, 609435.600533456425183 ], [ 304433.619083164492622, 610331.605609072139487 ], [ 303324.75979592197109, 610334.901922905002721 ] ], [ [ 311077.278688898135442, 609416.242097167298198 ], [ 311067.918998730601743, 608520.269427482504398 ], [ 313285.57376734574791, 608513.974642513087019 ], [ 313304.283876508125104, 610305.906845433986746 ], [ 312195.470833381114062, 610309.053886744775809 ], [ 312186.103154625277966, 609413.080900628119707 ], [ 311077.278688898135442, 609416.242097167298198 ] ], [ [ 281079.87357519660145, 604132.082618219894357 ], [ 281070.442287438898347, 603236.006690753740259 ], [ 282179.472508616570849, 603232.378997812513262 ], [ 282188.898082728032023, 604128.449679833138362 ], [ 281079.87357519660145, 604132.082618219894357 ] ], [ [ 311002.786109532928094, 602248.595056568505242 ], [ 311012.049564011569601, 603144.534197252010927 ], [ 309903.179320769093465, 603147.682300666347146 ], [ 309893.910174560151063, 602251.738625594764017 ], [ 311002.786109532928094, 602248.595056568505242 ] ], [ [ 310993.536403120378964, 601352.6606770491926 ], [ 313211.282567607588135, 601346.437761156703345 ], [ 313220.520909048151225, 602242.363152767997235 ], [ 311002.786109532928094, 602248.595056568505242 ], [ 310993.536403120378964, 601352.6606770491926 ] ], [ [ 309884.654784920276143, 601355.799711078521796 ], [ 309875.413151877000928, 600459.865549946436659 ], [ 310984.30044480226934, 600456.731051521492191 ], [ 310993.536403120378964, 601352.6606770491926 ], [ 309884.654784920276143, 601355.799711078521796 ] ], [ [ 307666.874309153179638, 601362.132933702669106 ], [ 308775.767431428539567, 601358.9571298022056 ], [ 308785.028504792193417, 602254.900606677983887 ], [ 307676.141066738404334, 602258.081000301288441 ], [ 307666.874309153179638, 601362.132933702669106 ] ], [ [ 305449.070624280720949, 601368.539698977954686 ], [ 305439.806287365325261, 600472.587121793767437 ], [ 307657.621325170795899, 600466.189619272830896 ], [ 307666.874309153179638, 601362.132933702669106 ], [ 305449.070624280720949, 601368.539698977954686 ] ] ], [ [ [ 288572.987955589720514, 679396.041228798450902 ], [ 288594.163280344335362, 681188.997161118779331 ], [ 290811.082144392770715, 681181.104652490699664 ], [ 290789.932576809485909, 679388.168768260395154 ], [ 288572.987955589720514, 679396.041228798450902 ] ] ], [ [ [ 277616.54379641241394, 690195.330502246273682 ], [ 277627.357001785188913, 691091.922409834107384 ], [ 275410.424644408165477, 691100.432344230823219 ], [ 275442.987690605572425, 693790.272794194170274 ], [ 276551.437540623126552, 693785.991222324199043 ], [ 276540.57573580427561, 692889.377620846382342 ], [ 277649.025441879522987, 692885.122587657766417 ], [ 277638.184216948808171, 691988.51976924110204 ], [ 278746.633802651718725, 691984.291220009326935 ], [ 278725.006478418945335, 690191.112535457476042 ], [ 277616.54379641241394, 690195.330502246273682 ] ] ], [ [ [ 286516.385364023677539, 692851.845244514173828 ], [ 283191.174419208662584, 692864.165315603953786 ], [ 283201.996812414843589, 693760.747426715912297 ], [ 284310.400364320841618, 693756.61439405719284 ], [ 284321.230149504262954, 694653.196830222266726 ], [ 286538.004696709045675, 694644.984194745658897 ], [ 286516.385364023677539, 692851.845244514173828 ] ] ], [ [ [ 284321.230149504262954, 694653.196830222266726 ], [ 283212.833172598155215, 694657.335014728014357 ], [ 283223.68349973281147, 695553.928086837404408 ], [ 284332.07389309280552, 695549.784751186845824 ], [ 284321.230149504262954, 694653.196830222266726 ] ] ], [ [ [ 282126.157480415306054, 696454.69643645233009 ], [ 282147.941180271271151, 698247.920419473666698 ], [ 283256.318282593623735, 698243.74027972551994 ], [ 283223.68349973281147, 695553.928086837404408 ], [ 282115.286593648022972, 695558.092695223866031 ], [ 282104.429682354442775, 694661.494444586453028 ], [ 280996.019645421183668, 694665.675120431929827 ], [ 281017.760621576569974, 696458.88752341910731 ], [ 282126.157480415306054, 696454.69643645233009 ] ] ], [ [ [ 277758.208223111578263, 701851.45259975886438 ], [ 278866.585167797340546, 701847.165897295344621 ], [ 278833.703146350686438, 699157.22492205328308 ], [ 276616.902752381633036, 699165.788009455194697 ], [ 276660.826589759904891, 702752.429421962704509 ], [ 277769.203553899016697, 702748.115942036034539 ], [ 277758.208223111578263, 701851.45259975886438 ] ] ], [ [ [ 261131.734364292700775, 701918.329629653599113 ], [ 263348.688368292991072, 701909.133531139232218 ], [ 263337.620585071505047, 701012.404553792090155 ], [ 262229.140498672553804, 701016.986197843914852 ], [ 262218.08018938114401, 700120.257074901019223 ], [ 260001.085259562329156, 700129.473296122741885 ], [ 260012.158864497061586, 701026.213835931266658 ], [ 261120.65326960090897, 701021.589291656273417 ], [ 261131.734364292700775, 701918.329629653599113 ] ] ], [ [ [ 270155.248216103005689, 714436.382645588368177 ], [ 270189.007131763733923, 717126.737493646214716 ], [ 271297.317127542919479, 717122.207540371804498 ], [ 271263.57857547851745, 714431.869082506280392 ], [ 270155.248216103005689, 714436.382645588368177 ] ] ], [ [ [ 290193.49675163149368, 721532.121654098969884 ], [ 290159.895362340146676, 718841.964121894328855 ], [ 289051.711124945315532, 718846.131223988253623 ], [ 289074.111767314025201, 720639.573872918612324 ], [ 286857.751535091665573, 720647.994164733332582 ], [ 286868.986400056281127, 721544.734099697554484 ], [ 290193.49675163149368, 721532.121654098969884 ] ] ], [ [ [ 272428.169312137993984, 718911.275897022103891 ], [ 272462.09828046138864, 721601.683009012253024 ], [ 273570.36047698778566, 721597.1699011385208 ], [ 273581.691390161053278, 722493.978244576836005 ], [ 274689.939946469268762, 722489.481833472382277 ], [ 274678.615879144053906, 721592.678866169066168 ], [ 275786.864520238537807, 721588.209903419134207 ], [ 275764.272154255129863, 719794.631744519458152 ], [ 276872.527731017908081, 719790.195498205372132 ], [ 276861.259406081750058, 718893.420266993576661 ], [ 272428.169312137993984, 718911.275897022103891 ] ] ], [ [ [ 278014.645186145906337, 722476.125195091241039 ], [ 280231.081987939425744, 722467.331258497899398 ], [ 280219.792140146135353, 721570.55476103106048 ], [ 278003.341652474366128, 721579.33819185430184 ], [ 278014.645186145906337, 722476.125195091241039 ] ] ], [ [ [ 272587.586478825309314, 731466.948923155548982 ], [ 274803.952519757323898, 731457.826284695300274 ], [ 274781.037729313364252, 729664.111435531405732 ], [ 272564.643978278967552, 729673.212542575667612 ], [ 272587.586478825309314, 731466.948923155548982 ] ] ], [ [ [ 293185.727390385523904, 595133.152535251807421 ], [ 294294.738152405363508, 595129.772314404137433 ], [ 294276.304025695309974, 593337.841963529470377 ], [ 293167.282026735600084, 593341.212283085333183 ], [ 293158.080171543406323, 592445.249180388753302 ], [ 292049.046323981601745, 592448.632666893070564 ], [ 292085.959527160855941, 596032.533097608946264 ], [ 293194.97089879604755, 596029.129699029261246 ], [ 293185.727390385523904, 595133.152535251807421 ] ] ], [ [ [ 296512.741086405352689, 595123.066472485545091 ], [ 294294.738152405363508, 595129.772314404137433 ], [ 294303.976029578654561, 596025.744528436567634 ], [ 295412.974953021621332, 596022.377585313515738 ], [ 295422.221066805243026, 596918.349579512723722 ], [ 296531.208177694352344, 596914.995968946372159 ], [ 296512.741086405352689, 595123.066472485545091 ] ] ], [ [ [ 304293.947915730823297, 596892.031773426453583 ], [ 305402.88684635196114, 596888.824179255519994 ], [ 305393.691462892515119, 595992.895249340916052 ], [ 304284.74689757876331, 595996.098168062395416 ], [ 304293.947915730823297, 596892.031773426453583 ] ] ], [ [ [ 303185.003079843707383, 596895.257617901545018 ], [ 303203.457809766638093, 598687.14838317304384 ], [ 304312.391349754063413, 598683.913134876871482 ], [ 304293.947915730823297, 596892.031773426453583 ], [ 303185.003079843707383, 596895.257617901545018 ] ] ], [ [ [ 299848.909243622212671, 596009.092077266424894 ], [ 298739.934814427397214, 596012.386115629808046 ], [ 298767.663937143748626, 598700.272436653380282 ], [ 297658.700373306521215, 598703.599217604845762 ], [ 297667.976760947378352, 599599.575604560202919 ], [ 298776.934661547828, 599596.24398576351814 ], [ 298795.517635453608818, 601388.201290100580081 ], [ 301013.392555403057486, 601381.573873192653991 ], [ 300985.572882993961684, 598693.673796855262481 ], [ 302094.51833201374393, 598690.401937000104226 ], [ 302057.641543400706723, 595106.6203426013235 ], [ 300948.673532589222305, 595109.873173464788124 ], [ 300976.327308255480602, 597797.71656836126931 ], [ 299867.370200753270183, 597801.001951033365913 ], [ 299848.909243622212671, 596009.092077266424894 ] ] ], [ [ [ 302122.320993753615767, 601378.287747941096313 ], [ 303231.243462352256756, 601375.020010820706375 ], [ 303212.705886294366792, 599583.10085459263064 ], [ 302103.772069752682, 599586.359136790269986 ], [ 302122.320993753615767, 601378.287747941096313 ] ] ], [ [ [ 296577.618434510659426, 601394.90226559585426 ], [ 296586.94206200807821, 602290.897734566940926 ], [ 297695.889025074895471, 602287.533188344794326 ], [ 297686.571086856420152, 601391.542582769761793 ], [ 296577.618434510659426, 601394.90226559585426 ] ] ], [ [ [ 302131.616179964330513, 602274.259173630271107 ], [ 302140.925182280596346, 603170.235355614800937 ], [ 303249.836268907529302, 603166.95816600183025 ], [ 303240.532961830846034, 602270.986709959222935 ], [ 302131.616179964330513, 602274.259173630271107 ] ] ], [ [ [ 297695.889025074895471, 602287.533188344794326 ], [ 297714.566451915598009, 604079.528668241458945 ], [ 298823.495908681070432, 604076.172869321890175 ], [ 298804.82988490536809, 602284.187059649964795 ], [ 297695.889025074895471, 602287.533188344794326 ] ] ], [ [ [ 295515.444902778952383, 605878.329735832870938 ], [ 296624.375158290436957, 605874.927214592578821 ], [ 296614.996096325397957, 604978.91268964309711 ], [ 295506.060116972308606, 604982.310322555014864 ], [ 295515.444902778952383, 605878.329735832870938 ] ] ], [ [ [ 295515.444902778952383, 605878.329735832870938 ], [ 294406.508479098090902, 605881.750785120297223 ], [ 294425.331126150558703, 607673.813792261178605 ], [ 295534.25607557100011, 607670.382913409499452 ], [ 295515.444902778952383, 605878.329735832870938 ] ] ], [ [ [ 292216.906230150256306, 608576.779902765061706 ], [ 293325.837863366352394, 608573.306888146791607 ], [ 293316.399976106127724, 607677.26325442828238 ], [ 292207.462591943796724, 607680.731300438288599 ], [ 292216.906230150256306, 608576.779902765061706 ] ] ], [ [ [ 291136.399905115598813, 611268.461154576973058 ], [ 291126.908812343375757, 610372.393133849254809 ], [ 294453.66916316235438, 610361.944283346761949 ], [ 294434.763262987835333, 608569.852484744857065 ], [ 293325.837863366352394, 608573.306888146791607 ], [ 293335.289634649641812, 609469.355323408148251 ], [ 290008.493180206744, 609479.845189143787138 ], [ 290027.473011325113475, 611271.986459605628625 ], [ 291136.399905115598813, 611268.461154576973058 ] ] ], [ [ [ 291136.399905115598813, 611268.461154576973058 ], [ 291145.904898871667683, 612164.533997096819803 ], [ 292254.819708124501631, 612161.022392956074327 ], [ 292245.320499906782061, 611264.954543954692781 ], [ 291136.399905115598813, 611268.461154576973058 ] ] ], [ [ [ 303353.083940752374474, 613022.960187944467179 ], [ 303362.552936963329557, 613918.989285915740766 ], [ 304471.389087932067923, 613915.674203562433831 ], [ 304461.925888553494588, 613019.649796793004498 ], [ 303353.083940752374474, 613022.960187944467179 ] ] ], [ [ [ 294482.132079305767547, 613050.118122770567425 ], [ 292264.332808784674853, 613057.095071528339759 ], [ 292273.859801863203757, 613953.172586833476089 ], [ 291164.956589239882305, 613956.694176155608147 ], [ 291174.503285804064944, 614852.781527016777545 ], [ 294501.176733702188358, 614842.258193638175726 ], [ 294482.132079305767547, 613050.118122770567425 ] ] ], [ [ [ 304761.701364491251297, 640798.69424652820453 ], [ 305870.353772481321357, 640795.258311966084875 ], [ 305860.482674241473433, 639899.089906472829171 ], [ 306969.135286909178831, 639895.678180114948191 ], [ 306959.284020749502815, 638999.51945228909608 ], [ 309176.583922455145512, 638992.76384174299892 ], [ 309166.758503913879395, 638096.619322346290573 ], [ 306949.446535538765602, 638103.365777483442798 ], [ 306939.622831305139698, 637207.217148510972038 ], [ 309156.946849322470371, 637200.47985007299576 ], [ 309147.148958709905855, 636304.345417734934017 ], [ 310255.808344055432826, 636301.010526315658353 ], [ 310246.03022445627721, 635404.885665314737707 ], [ 305811.334025140153244, 635418.323628693586215 ], [ 305821.136175920255482, 636314.466808243887499 ], [ 304712.45359462138731, 636317.879512214916758 ], [ 304732.111308574734721, 638110.190265125245787 ], [ 303623.434889538388234, 638113.631772436317988 ], [ 303603.765130743326154, 636321.31167061929591 ], [ 301386.370421497616917, 636328.234352828585543 ], [ 301435.708727328688838, 640809.119599942117929 ], [ 302544.378875345573761, 640805.624889986822382 ], [ 302554.281945229391567, 641701.812376865185797 ], [ 304771.59231234760955, 641694.872362947207876 ], [ 304761.701364491251297, 640798.69424652820453 ] ], [ [ 305840.781846096855588, 638106.768266981816851 ], [ 305850.625365437299479, 639002.926560540217906 ], [ 304741.960862576728687, 639006.35320480260998 ], [ 304732.111308574734721, 638110.190265125245787 ], [ 305840.781846096855588, 638106.768266981816851 ] ] ], [ [ [ 308117.300705946341623, 643476.953245389158837 ], [ 308107.40039244981017, 642580.778821751126088 ], [ 302564.19883004372241, 642598.004935732460581 ], [ 302584.074044353386853, 644390.405298175988719 ], [ 303692.713949359662365, 644386.911388789769262 ], [ 303702.666183444205672, 645283.114510424202308 ], [ 304811.294082446256652, 645279.635633361293003 ], [ 304791.415601718705148, 643487.243822832242586 ], [ 305900.049803530797362, 643483.79395768197719 ], [ 305909.976059229811653, 644379.982673292397521 ], [ 307018.598330941051245, 644376.547866122913547 ], [ 307008.678160465497058, 643480.363765375455841 ], [ 308117.300705946341623, 643476.953245389158837 ] ] ], [ [ [ 298199.506714154966176, 648885.76339666871354 ], [ 298209.558674694038928, 649782.015836020582356 ], [ 299318.185845693573356, 649778.414291242603213 ], [ 299308.140025297529064, 648882.166654412983917 ], [ 298199.506714154966176, 648885.76339666871354 ] ] ], [ [ [ 304931.723972609033808, 656034.41708090424072 ], [ 306040.272198632126674, 656030.902284155483358 ], [ 306030.166684348951094, 655134.646766136400402 ], [ 304921.612261823320296, 655138.156929195742123 ], [ 304931.723972609033808, 656034.41708090424072 ] ] ], [ [ [ 306060.524593929818366, 657823.428894386044703 ], [ 304951.988786473288201, 657826.952956522465684 ], [ 304962.141889494261704, 658723.228694821475074 ], [ 302745.065078129933681, 658730.346498879604042 ], [ 302775.644610808696598, 661419.233030576375313 ], [ 301667.116040331893601, 661422.836279292707331 ], [ 301697.838700841879472, 664111.78401393268723 ], [ 302806.348472306563053, 664108.166633830522187 ], [ 302816.610721299191937, 665004.488328842562623 ], [ 305033.599934932310134, 664997.305143709876575 ], [ 305013.114364330889657, 663204.685679057030939 ], [ 306121.612711576570291, 663201.133836750988849 ], [ 306111.396886748087127, 662304.836605239892378 ], [ 307219.895665203337558, 662301.309638836886734 ], [ 307148.814587351633236, 656027.407543384237215 ], [ 306040.272198632126674, 656030.902284155483358 ], [ 306060.524593929818366, 657823.428894386044703 ] ] ], [ [ [ 293917.517968508822378, 662344.969694372848608 ], [ 295026.082751759095117, 662341.219974669977091 ], [ 295015.818129089544527, 661444.880460637854412 ], [ 293907.247084093047306, 661448.625277604907751 ], [ 293917.517968508822378, 662344.969694372848608 ] ] ], [ [ [ 302826.886784490896389, 665900.815282812807709 ], [ 302837.176661852747202, 666797.147502939100377 ], [ 305054.140694137080573, 666789.945649576373398 ], [ 305043.863415973959491, 665893.622762891696766 ], [ 302826.886784490896389, 665900.815282812807709 ] ] ], [ [ [ 299553.059566919342615, 670393.541667083860375 ], [ 300661.53713299811352, 670389.850344613660127 ], [ 300651.17932959611062, 669493.48755036352668 ], [ 302868.129178672155831, 669486.175832237582654 ], [ 302837.176661852747202, 666797.147502939100377 ], [ 300620.188906155759469, 666804.43090040772222 ], [ 300640.835357302916236, 668597.130049710860476 ], [ 299532.345128410728648, 668600.811851878999732 ], [ 299553.059566919342615, 670393.541667083860375 ] ] ], [ [ [ 306214.175622396927793, 671268.04588032735046 ], [ 305105.734040751529392, 671271.639347555697896 ], [ 305126.467958221794106, 673064.353951302473433 ], [ 304018.033224749611691, 673067.97723757091444 ], [ 304038.835073334863409, 674860.722436333773658 ], [ 306255.673194094502833, 674853.47790593164973 ], [ 306214.175622396927793, 671268.04588032735046 ] ] ], [ [ [ 302961.732684973743744, 677553.54752522544004 ], [ 304070.141386292525567, 677549.880293801310472 ], [ 304059.692143335123546, 676653.488990463665687 ], [ 302951.277039821958169, 676657.15154963452369 ], [ 302961.732684973743744, 677553.54752522544004 ] ] ], [ [ [ 301874.28362233529333, 679350.052905992837623 ], [ 302982.685416628490202, 679346.355562921613455 ], [ 302993.182503072835971, 680242.767639435711317 ], [ 304101.571946638985537, 680239.086395366932265 ], [ 304091.081287974026054, 679342.678989047533832 ], [ 305199.471269734727684, 679339.023183809476905 ], [ 305178.544196891889442, 677546.233776275650598 ], [ 304070.141386292525567, 677549.880293801310472 ], [ 304080.604434515349567, 678446.276957594207488 ], [ 301863.793929805629887, 678453.641505406238139 ], [ 301874.28362233529333, 679350.052905992837623 ] ] ], [ [ [ 307447.689172896672972, 682020.970716471434571 ], [ 309664.389840545947663, 682013.777199455071241 ], [ 309653.903787227231078, 681117.381955352146178 ], [ 307437.19023500662297, 681124.566381041891873 ], [ 307447.689172896672972, 682020.970716471434571 ] ] ], [ [ [ 297578.5773775029229, 691019.137415857519954 ], [ 297567.881869111850392, 690122.636567067005672 ], [ 296459.527697552694008, 690126.495732125360519 ], [ 296470.229739584494382, 691023.001407023984939 ], [ 294253.516083759954199, 691030.792775427224115 ], [ 294264.245076473685913, 691927.313646963681094 ], [ 295372.598435475258157, 691923.402518061106093 ], [ 295404.849021829199046, 694612.983342238469049 ], [ 296513.17655300226761, 694609.078815648565069 ], [ 296480.945646173669957, 691919.512545618810691 ], [ 298697.621756044798531, 691911.796067744144239 ], [ 298686.918933221662883, 691015.294552594190463 ], [ 297578.5773775029229, 691019.137415857519954 ] ] ], [ [ [ 294274.987950792128686, 692823.839988003019243 ], [ 294264.245076473685913, 691927.313646963681094 ], [ 293155.885535822249949, 691931.245932923164219 ], [ 293166.634962630225345, 692827.777180796838365 ], [ 294274.987950792128686, 692823.839988003019243 ] ] ], [ [ [ 289841.5385783399106, 692839.715871797758155 ], [ 292058.275760065764189, 692831.735558624030091 ], [ 292047.51978017273359, 691935.199376539909281 ], [ 289830.769490484206472, 691943.169739160453901 ], [ 289841.5385783399106, 692839.715871797758155 ] ] ], [ [ [ 292069.045638614392374, 693728.277216015500017 ], [ 293177.398279554094188, 693724.313904678449035 ], [ 293166.634962630225345, 692827.777180796838365 ], [ 292058.275760065764189, 692831.735558624030091 ], [ 292069.045638614392374, 693728.277216015500017 ] ] ], [ [ [ 292166.599980544764549, 701797.399710182682611 ], [ 294383.180176090390887, 701789.40580648498144 ], [ 294361.430679758545011, 699996.248483174596913 ], [ 292144.823948518780526, 700004.222731554764323 ], [ 292166.599980544764549, 701797.399710182682611 ] ] ], [ [ [ 296654.285708190582227, 706264.439707931363955 ], [ 296665.237307893228717, 707161.04483238060493 ], [ 299989.904843913973309, 707149.257471517543308 ], [ 300000.85022182733519, 708045.853833561413921 ], [ 301109.05398558662273, 708041.963222383172251 ], [ 301087.190447799745016, 706248.785555756185204 ], [ 298870.750155571033247, 706256.569446529611014 ], [ 298859.825776930782013, 705359.9795091887936 ], [ 295535.099927995936014, 705371.802849466912448 ], [ 295546.044343024434056, 706268.407229116652161 ], [ 296654.285708190582227, 706264.439707931363955 ] ] ], [ [ [ 297850.468219241825864, 713433.453311075689271 ], [ 298958.643673842772841, 713429.490708969417028 ], [ 298903.606373312941287, 708946.372813656111248 ], [ 297795.397271504974924, 708950.311503625591286 ], [ 297850.468219241825864, 713433.453311075689271 ] ] ], [ [ [ 321999.923245211248286, 593259.479923166218214 ], [ 321972.795429501740728, 590571.964210635516793 ], [ 320863.901844784151763, 590574.868239607778378 ], [ 320854.880998517910484, 589679.034756954060867 ], [ 314201.371371000423096, 589696.811843396048062 ], [ 314219.493621532106772, 591488.535858304938301 ], [ 313110.567069994169287, 591491.570719166775234 ], [ 313119.654367885261308, 592387.444197966251522 ], [ 315337.490688240970485, 592381.383666339563206 ], [ 315355.684075048135128, 594173.126901706098579 ], [ 316464.582659346750006, 594170.114991359529085 ], [ 316455.484713058220223, 593274.245431376388296 ], [ 317564.383362929220311, 593271.256060291663744 ], [ 317573.475705410295632, 594167.121244002366439 ], [ 319791.245316820160951, 594161.188236429006793 ], [ 319782.164180516265333, 593265.331723190261982 ], [ 321999.923245211248286, 593259.479923166218214 ] ], [ [ 315319.352158938185312, 590589.659169732360169 ], [ 316428.273109414265491, 590586.664877503295429 ], [ 316446.400472621025983, 592378.380563854356296 ], [ 315337.490688240970485, 592381.383666339563206 ], [ 315319.352158938185312, 590589.659169732360169 ] ] ], [ [ [ 318709.705597071209922, 596851.756397272460163 ], [ 320927.430581896041986, 596845.83387334132567 ], [ 320909.211154933669604, 595054.10589637956582 ], [ 319800.340133461402729, 595057.049451102619059 ], [ 319809.448630410712212, 595952.915374387404881 ], [ 318700.577791509043891, 595955.88143844739534 ], [ 318709.705597071209922, 596851.756397272460163 ] ] ], [ [ [ 316464.582659346750006, 594170.114991359529085 ], [ 316473.694311458733864, 595065.989250975544564 ], [ 315364.801339945523068, 595069.005564352497458 ], [ 315392.235420274198987, 597756.669818214024417 ], [ 318718.847091377829202, 597747.63607845781371 ], [ 318709.705597071209922, 596851.756397272460163 ], [ 317600.834916701423936, 596854.745025234180503 ], [ 317591.701482325093821, 595958.86571929929778 ], [ 318700.577791509043891, 595955.88143844739534 ], [ 318691.463674721191637, 595060.011194807593711 ], [ 317582.581745218485594, 595062.991127946646884 ], [ 317573.475705410295632, 594167.121244002366439 ], [ 316464.582659346750006, 594170.114991359529085 ] ] ], [ [ [ 324336.488718500710092, 604899.983117020921782 ], [ 324327.266234441485722, 604004.086696455953643 ], [ 322109.664204206201248, 604009.967302788747475 ], [ 322091.237412755610421, 602218.171925145550631 ], [ 323200.052475092816167, 602215.230857659480534 ], [ 323181.691683203331195, 600423.463017732370645 ], [ 325399.328534019645303, 600417.652875040890649 ], [ 325390.179940350004472, 599521.78447738091927 ], [ 326498.996108007035218, 599518.911085781524889 ], [ 326508.139042230090126, 600414.775330237695016 ], [ 327616.944316950277425, 600411.916135875857435 ], [ 327598.683387160301208, 598620.200647404766642 ], [ 326489.866802984732203, 598623.051589458948001 ], [ 326480.751127193681896, 597727.196834086673334 ], [ 325371.923666118877009, 597730.061917460989207 ], [ 325381.044984373089392, 598625.920827248482965 ], [ 324272.217897841590457, 598628.80836121190805 ], [ 324281.358505247160792, 599524.676192507846281 ], [ 323172.531769215362146, 599527.586231604102068 ], [ 323163.385509905405343, 598631.714191790786572 ], [ 322054.547787079878617, 598634.638319428893737 ], [ 322063.699698770826217, 599530.514595114160329 ], [ 320954.862260428955778, 599533.461283485521562 ], [ 320945.704695878666826, 598637.580744572798721 ], [ 319836.856202814844437, 598640.541467672446743 ], [ 319827.70666511671152, 597744.661375495139509 ], [ 318718.847091377829202, 597747.63607845781371 ], [ 318764.759893069451209, 602227.105570980696939 ], [ 319873.591155225527473, 602224.109281352371909 ], [ 319901.286010407144204, 604911.835159842041321 ], [ 321010.094751688302495, 604908.844415417872369 ], [ 321028.614954330376349, 606700.677021618001163 ], [ 322137.40686397330137, 606697.696249323547818 ], [ 322128.145647745695896, 605801.781806892249733 ], [ 323236.937913681322243, 605798.823809300549328 ], [ 323227.696072258637287, 604902.918394459993578 ], [ 324336.488718500710092, 604899.983117020921782 ] ], [ [ 319864.386896938900463, 601328.210196829983033 ], [ 320973.218404499115422, 601325.236603799043223 ], [ 320982.416983960196376, 602221.131399559089914 ], [ 319873.591155225527473, 602224.109281352371909 ], [ 319864.386896938900463, 601328.210196829983033 ] ] ], [ [ [ 314488.434584330534562, 617470.665368713089265 ], [ 314497.91424579534214, 618366.673139402060769 ], [ 315606.663860212662257, 618363.523658856283873 ], [ 315597.190033031045459, 617467.520302623393945 ], [ 314488.434584330534562, 617470.665368713089265 ] ] ], [ [ [ 312551.7334417803213, 643463.507878272561356 ], [ 312561.623194129846524, 644359.669315178645775 ], [ 313670.211101632798091, 644356.352698362083174 ], [ 313660.327431321376935, 643460.195712134125642 ], [ 312551.7334417803213, 643463.507878272561356 ] ] ], [ [ [ 313650.45749073382467, 642564.043818771839142 ], [ 313660.327431321376935, 643460.195712134125642 ], [ 314768.915809934143908, 643456.903215236030519 ], [ 314778.793398733017966, 644353.05577814753633 ], [ 313670.211101632798091, 644356.352698362083174 ], [ 313680.108501637587324, 645252.514784651459195 ], [ 314788.684708713786677, 645249.213441772037186 ], [ 314808.508492099586874, 647041.544099946739152 ], [ 317025.619802265311591, 647034.983061489532702 ], [ 317015.713262530742213, 646138.823935483698733 ], [ 319232.814748766133562, 646132.350656946073286 ], [ 319203.21388345194282, 643443.929910037200898 ], [ 318094.64761438005371, 643447.143734971410595 ], [ 318084.801962664874736, 642551.009373314213008 ], [ 313650.45749073382467, 642564.043818771839142 ] ] ], [ [ [ 313709.883079510880634, 647941.031715846038423 ], [ 314818.440965443558525, 647937.717108891345561 ], [ 314808.508492099586874, 647041.544099946739152 ], [ 313699.944490607012995, 647044.854286197107285 ], [ 313709.883079510880634, 647941.031715846038423 ] ] ], [ [ [ 318173.905870067537762, 650616.402669880306348 ], [ 320390.935221194289625, 650609.925920219626278 ], [ 320380.992282351129688, 649713.759184445021674 ], [ 321489.504969736444764, 649710.55489213753026 ], [ 321479.581838777288795, 648814.39755878422875 ], [ 320371.063021952519193, 648817.597595856408589 ], [ 320361.147440030006692, 647921.441147250006907 ], [ 318144.081307577493135, 647927.892119277035818 ], [ 318173.905870067537762, 650616.402669880306348 ] ] ], [ [ [ 312721.727607205451932, 658698.950718992389739 ], [ 312731.850904945109505, 659595.199824680807069 ], [ 313840.334115235484205, 659591.807646778179333 ], [ 313830.217044274904765, 658695.562980566057377 ], [ 312721.727607205451932, 658698.950718992389739 ] ] ], [ [ [ 310525.01705435680924, 660498.307955009746365 ], [ 311633.505331166728865, 660494.870958503917791 ], [ 311643.662348608020693, 661391.134980471571907 ], [ 312752.138713463325985, 661387.713708619587123 ], [ 312731.850904945109505, 659595.199824680807069 ], [ 311623.362059902050532, 659598.612164856982417 ], [ 311613.232534844777547, 658702.358592329197563 ], [ 309396.225350676453672, 658709.234745819005184 ], [ 309406.367331993533298, 659605.497334116138518 ], [ 310514.867546715890057, 659602.044667827314697 ], [ 310525.01705435680924, 660498.307955009746365 ] ] ], [ [ [ 321569.382132376311347, 656879.999486597487703 ], [ 320460.918786843772978, 656883.237797048990615 ], [ 320470.971152085927315, 657779.44596969767008 ], [ 319362.508610490418505, 657782.708633433096111 ], [ 319382.666814049764071, 659575.149173350655474 ], [ 320491.1169170018984, 659571.87795832240954 ], [ 320541.720695294614416, 664053.049519054940902 ], [ 323866.945010620926041, 664043.293545392109081 ], [ 323836.598018721851986, 661354.61284041358158 ], [ 324945.01424936146941, 661351.413927509216592 ], [ 324924.863652305852156, 659558.99468039709609 ], [ 323816.434953187184874, 659562.185263536521234 ], [ 323806.373899239231832, 658665.979321392602287 ], [ 321589.488120449590497, 658672.412546025821939 ], [ 321569.382132376311347, 656879.999486597487703 ] ] ], [ [ [ 319453.651652775704861, 665848.856053917785175 ], [ 319423.147460134816356, 663160.093020333442837 ], [ 317206.280882834631484, 663166.730445981840603 ], [ 317226.628409639000893, 664959.251119075459428 ], [ 318335.051888193876948, 664955.913618974154815 ], [ 318345.239922529202886, 665852.177528128027916 ], [ 319453.651652775704861, 665848.856053917785175 ] ] ], [ [ [ 322768.691490124096163, 664942.766852250671946 ], [ 321660.289669732679613, 664946.02305988559965 ], [ 321670.458854560856707, 665842.27415717067197 ], [ 320562.057952327944804, 665845.554930433281697 ], [ 320582.449920806684531, 667638.081449542893097 ], [ 322799.221180767985061, 667631.523338441504166 ], [ 322768.691490124096163, 664942.766852250671946 ] ] ], [ [ [ 310637.569441590690985, 670357.550723716849461 ], [ 311745.988556007272564, 670354.06434261193499 ], [ 311735.694078484084457, 669457.747641213121824 ], [ 310627.268633977801073, 669461.229536181432195 ], [ 310637.569441590690985, 670357.550723716849461 ] ] ], [ [ [ 313993.737663048843388, 673036.108369426219724 ], [ 313962.809833412757143, 670347.153053348069079 ], [ 311745.988556007272564, 670354.06434261193499 ], [ 311766.618748538312502, 672146.713675343780778 ], [ 312875.019516712985933, 672143.23886988661252 ], [ 312885.34887655696366, 673039.567058900371194 ], [ 313993.737663048843388, 673036.108369426219724 ] ] ], [ [ [ 311776.954463484406006, 673043.046321093454026 ], [ 311808.044082670588978, 675732.076262385467999 ], [ 314024.789051022613421, 675725.111660571070388 ], [ 314014.42485971323913, 674828.771887607639655 ], [ 312906.048807887011208, 674832.239433783572167 ], [ 312885.34887655696366, 673039.567058900371194 ], [ 311776.954463484406006, 673043.046321093454026 ] ] ], [ [ [ 310730.8956525886897, 678424.681086864089593 ], [ 311839.257412724196911, 678421.15436115313787 ], [ 311828.839223773102276, 677524.789632048457861 ], [ 312937.20173351559788, 677521.288096407894045 ], [ 312926.803687863401137, 676624.933185878093354 ], [ 311818.43478041148046, 676628.430268196505494 ], [ 311808.044082670588978, 675732.076262385467999 ], [ 309591.276481159147806, 675739.123485569492914 ], [ 309612.097199386509601, 677531.854834075784311 ], [ 310720.471056850161403, 677528.311877758591436 ], [ 310730.8956525886897, 678424.681086864089593 ] ] ], [ [ [ 320705.950657252338715, 678393.687058534822427 ], [ 322922.569403454195708, 678387.027575663523749 ], [ 322901.874761118902825, 676594.390079754870385 ], [ 320685.2304256495554, 676601.032680977368727 ], [ 320705.950657252338715, 678393.687058534822427 ] ] ], [ [ [ 316262.255653248575982, 677510.907744576106779 ], [ 312937.20173351559788, 677521.288096407894045 ], [ 312947.613516234792769, 678417.648372875875793 ], [ 315164.308886811020784, 678410.69860648503527 ], [ 315185.147990587749518, 680203.41764383809641 ], [ 316293.474489655229263, 680199.965125627000816 ], [ 316283.054499402584042, 679303.607285256031901 ], [ 317391.3818974365131, 679300.179898894042708 ], [ 317401.795466623851098, 680196.533397451392375 ], [ 318510.110954844742082, 680193.122458787634969 ], [ 318520.531797882867977, 681089.477033911505714 ], [ 320737.133585051982664, 681082.708977592061274 ], [ 320705.950657252338715, 678393.687058534822427 ], [ 319597.633216147078201, 678397.047899579280056 ], [ 319556.221904349280521, 674811.743549998966046 ], [ 318447.873479483881965, 674815.107966822339222 ], [ 318458.212155823712237, 675711.430304096429609 ], [ 317349.864650210714899, 675714.819663631496951 ], [ 317380.982031168998219, 678403.831783449859358 ], [ 316272.648220589617267, 678407.254827311029658 ], [ 316262.255653248575982, 677510.907744576106779 ] ] ], [ [ [ 308535.071164340886753, 680224.569373571895994 ], [ 309643.431496421049815, 680220.992103974334896 ], [ 309622.528202469809912, 678428.22855054680258 ], [ 308514.155029007990379, 678431.796752742608078 ], [ 308535.071164340886753, 680224.569373571895994 ] ] ], [ [ [ 310772.731576043413952, 682010.211713182739913 ], [ 311881.067623793845996, 682006.667074341210537 ], [ 311849.689347232982982, 679317.524462722241879 ], [ 310741.334002408315428, 679321.055667747627012 ], [ 310751.786106278304942, 680217.435627620434389 ], [ 309643.431496421049815, 680220.992103974334896 ], [ 309653.903787227231078, 681117.381955352146178 ], [ 310762.251964167109691, 681113.820973694673739 ], [ 310772.731576043413952, 682010.211713182739913 ] ] ], [ [ [ 321992.483414983318653, 693628.711663366295397 ], [ 320884.281498346594162, 693632.123639095923863 ], [ 320873.682032663258724, 692735.701357480487786 ], [ 321981.890495969448239, 692732.293603702797554 ], [ 321971.311245289980434, 691835.881038271123543 ], [ 319754.875860816333443, 691842.709244147874415 ], [ 319765.468188346130773, 692739.130282244761474 ], [ 318657.248929692665115, 692742.580378518323414 ], [ 318646.650062905566301, 691846.155063049402088 ], [ 317538.418816775083542, 691849.622026626369916 ], [ 317559.643332401174121, 693642.48675845679827 ], [ 318667.861490379669704, 693639.011186115792952 ], [ 318689.127693319693208, 695431.889306600904092 ], [ 317580.922657587041613, 695435.373484897543676 ], [ 317612.944412704382557, 698124.744940904318355 ], [ 318721.129701136611402, 698121.247858955757692 ], [ 318742.532841556589119, 699914.181225936859846 ], [ 319850.699479316361248, 699910.696936006308533 ], [ 319861.414974016952328, 700807.167669778806157 ], [ 320969.569586499303114, 700803.700526569155045 ], [ 320948.165504495496862, 699010.773097728029825 ], [ 322056.32796215522103, 699007.335805064998567 ], [ 322067.016558541567065, 699903.792526784702204 ], [ 323175.167066630790941, 699900.372406440670602 ], [ 323196.572026436042506, 701693.294136149226688 ], [ 324304.703988600580487, 701689.887082145549357 ], [ 324272.63687937904615, 699000.525305150542408 ], [ 325380.783405567053705, 698997.15209686011076 ], [ 325359.486771685362328, 697204.280260889907368 ], [ 324251.327061744523235, 697207.645197171950713 ], [ 324219.464718769362662, 694518.366505566285923 ], [ 322003.090002297074534, 694525.135224491008557 ], [ 321992.483414983318653, 693628.711663366295397 ] ], [ [ 322034.991773693007417, 697214.438988924026489 ], [ 323143.162073518615216, 697211.03143967804499 ], [ 323153.816744963289239, 698107.472887869458646 ], [ 322045.653033860726282, 698110.884628188679926 ], [ 322034.991773693007417, 697214.438988924026489 ] ], [ [ 320926.816128951497376, 697217.867845430038869 ], [ 320905.521460143383592, 695424.984711831551977 ], [ 322013.710257876489777, 695421.564294305862859 ], [ 322034.991773693007417, 697214.438988924026489 ], [ 320926.816128951497376, 697217.867845430038869 ] ] ], [ [ [ 319861.414974016952328, 700807.167669778806157 ], [ 318753.254952227522153, 700810.656230737571605 ], [ 318763.990756493352819, 701707.136792718083598 ], [ 317655.831917144707404, 701710.651069637737237 ], [ 317666.588048556586727, 702607.141492997878231 ], [ 319882.887018594192341, 702600.125818222644739 ], [ 319861.414974016952328, 700807.167669778806157 ] ] ], [ [ [ 319893.643568401690573, 703496.613247358123772 ], [ 321001.778283511521295, 703493.133377404417843 ], [ 320991.028374686138704, 702596.650189805892296 ], [ 319882.887018594192341, 702600.125818222644739 ], [ 319893.643568401690573, 703496.613247358123772 ] ] ], [ [ [ 316579.997030826867558, 704403.687753695063293 ], [ 317688.141417505219579, 704400.139059739769436 ], [ 317677.357882021344267, 703503.637487288564444 ], [ 316569.206844137399457, 703507.181858336669393 ], [ 316579.997030826867558, 704403.687753695063293 ] ] ], [ [ [ 318785.50344567373395, 703500.11461714154575 ], [ 318796.280330519832205, 704396.611894046887755 ], [ 317688.141417505219579, 704400.139059739769436 ], [ 317720.574235730571672, 707089.67731837159954 ], [ 319936.80661695334129, 707082.618832082604058 ], [ 319915.197722882498056, 705289.604851616895758 ], [ 321023.319130451884121, 705286.116500726551749 ], [ 321012.541868778294884, 704389.622145299916156 ], [ 319904.413803175906651, 704393.106256078346632 ], [ 319893.643568401690573, 703496.613247358123772 ], [ 318785.50344567373395, 703500.11461714154575 ] ] ], [ [ [ 315471.847137178294361, 704407.25797645363491 ], [ 315504.319966681418009, 707096.822246051859111 ], [ 316612.449853834928945, 707093.238976766820997 ], [ 316579.997030826867558, 704403.687753695063293 ], [ 315471.847137178294361, 704407.25797645363491 ] ] ], [ [ [ 325498.890324908483308, 708858.345354966353625 ], [ 325477.293558981851675, 707065.350769321317784 ], [ 324369.206781502696685, 707068.761166508542374 ], [ 324358.422188991680741, 706172.268166208057664 ], [ 322142.219436885672621, 706179.145442009088583 ], [ 322174.654259768605698, 708868.666301712510176 ], [ 325498.890324908483308, 708858.345354966353625 ] ] ], [ [ [ 313331.586310775019228, 710690.252924271160737 ], [ 307790.930610857671127, 710708.799250229494646 ], [ 307812.851681660511531, 712501.977482596295886 ], [ 308920.980770441936329, 712498.215698566404171 ], [ 308931.95523241488263, 713394.808742489432916 ], [ 311148.18275811598869, 713387.341523612849414 ], [ 311159.157492382568307, 714283.931233729235828 ], [ 312267.255989117664285, 714280.225880564888939 ], [ 312256.288002776389476, 713383.640622280072421 ], [ 314472.481622184277512, 713376.30423300457187 ], [ 314461.540857179206796, 712479.733451853855513 ], [ 315569.636036157433409, 712476.102333253133111 ], [ 315558.71572753728833, 711579.541571615613066 ], [ 313342.506342372100335, 711586.81681525753811 ], [ 313331.586310775019228, 710690.252924271160737 ] ] ], [ [ [ 316710.548681380692869, 715162.196171308052726 ], [ 318926.671028565033339, 715155.017001988133416 ], [ 318915.72982449590927, 714258.452214358374476 ], [ 320023.789583580917679, 714254.899673622916453 ], [ 320001.961733929929323, 712461.795609505148605 ], [ 317785.809822089737281, 712468.905422343639657 ], [ 317807.664631324645597, 714262.026583789149299 ], [ 316699.593970780726522, 714265.622782460413873 ], [ 316710.548681380692869, 715162.196171308052726 ] ] ], [ [ [ 322239.89293263561558, 714247.860076075186953 ], [ 322250.813881212729029, 715144.412167084868997 ], [ 323358.850787061499432, 715140.920931711676531 ], [ 323391.675334158528131, 717830.598756210063584 ], [ 325607.692676641978323, 717823.657036657677963 ], [ 325585.823070985265076, 716030.549340057070367 ], [ 324477.803490698337555, 716034.00099019065965 ], [ 324466.882392530096695, 715137.451550246099941 ], [ 325574.908730899915099, 715134.004022158915177 ], [ 325564.008032691723201, 714237.464381535770372 ], [ 322239.89293263561558, 714247.860076075186953 ] ] ], [ [ [ 325829.389873345615342, 735755.997352689970285 ], [ 324721.521128503722139, 735759.539502742234617 ], [ 324710.299730725295376, 734862.863345145247877 ], [ 326926.045890620327555, 734855.809711523121223 ], [ 326914.852016241115052, 733959.147575846407562 ], [ 325806.97461029922124, 733962.659086029976606 ], [ 325740.056208748952486, 728582.783962349407375 ], [ 324632.132136997999623, 728586.293244568747468 ], [ 324687.89788398850942, 733069.528530785464682 ], [ 323580.003071930608712, 733073.080761510296725 ], [ 323624.889131938107312, 736659.790268789278343 ], [ 324732.756175838643685, 736656.221503623295575 ], [ 324777.832859997812193, 740243.008085116744041 ], [ 323669.993720788625069, 740246.593372782575898 ], [ 323692.627962785772979, 742040.030168665689416 ], [ 324800.4530984434532, 742036.436624245718122 ], [ 324811.783691626042128, 742933.159731309744529 ], [ 325919.596563484345097, 742929.584761130972765 ], [ 325930.933783397253137, 743826.309670402668417 ], [ 327038.73441732005449, 743822.753329390427098 ], [ 327016.087653562426567, 742029.317557257716544 ], [ 325908.272984293173067, 742032.865753957652487 ], [ 325896.96304586151382, 741136.152641622582451 ], [ 327004.784720003372058, 741132.608518206863664 ], [ 326982.219749715644866, 739339.208097831229679 ], [ 325874.384091428713873, 739342.744072426459752 ], [ 325829.389873345615342, 735755.997352689970285 ] ] ], [ [ [ 317011.508173527079634, 739371.845209643943235 ], [ 318119.386509033967741, 739368.128487567650154 ], [ 318108.068621789920144, 738471.403721384122036 ], [ 315892.292497997521423, 738478.8511452866951 ], [ 315903.624353802762926, 739375.584527667961083 ], [ 312579.939656928414479, 739386.938063141540624 ], [ 312614.0805561383022, 742077.212812294135801 ], [ 313721.960017567267641, 742073.39249586884398 ], [ 313733.360783240059391, 742970.158106683404185 ], [ 315949.088953671394847, 742962.576792892068624 ], [ 315937.702227277797647, 742065.819901729002595 ], [ 318153.422374358749948, 742058.338022029376589 ], [ 318142.063385354354978, 741161.595630637835711 ], [ 319249.922277494275477, 741157.892972081084736 ], [ 319238.583989503735211, 740261.16072856716346 ], [ 317022.846753914607689, 740268.580137312528677 ], [ 317011.508173527079634, 739371.845209643943235 ] ] ], [ [ [ 325965.027287083910778, 746516.519883420900442 ], [ 325953.649145235016476, 745619.777224285760894 ], [ 324845.857366560376249, 745623.364489616476931 ], [ 324834.485825722222216, 744726.623656734824181 ], [ 325942.284643993363716, 744723.040489033795893 ], [ 325930.933783397253137, 743826.309670402668417 ], [ 323715.316836099664215, 743833.490537885809317 ], [ 323692.627962785772979, 742040.030168665689416 ], [ 322584.797544092172757, 742043.646387764834799 ], [ 322596.142167020123452, 742940.377776687848382 ], [ 318164.795063877943903, 742955.08630299649667 ], [ 318176.181453876197338, 743851.840480793500319 ], [ 319284.019293396326248, 743848.125030077062547 ], [ 319295.412349219550379, 744744.880849410663359 ], [ 321511.057749746600166, 744737.509699291200377 ], [ 321522.45041291473899, 745634.262989218346775 ], [ 322630.258033621881623, 745630.607371530961245 ], [ 322653.070275831618346, 747424.123364077764563 ], [ 323760.858475476095919, 747420.482228632201441 ], [ 323749.452579132281244, 746523.725418757414445 ], [ 324857.242556541226804, 746520.111245625768788 ], [ 324868.641395626706071, 747416.863932023989037 ], [ 325976.419069501571357, 747413.268473701551557 ], [ 325999.243555890803691, 749206.783476753858849 ], [ 324891.480020960385446, 749210.387125038658269 ], [ 324902.919807132449932, 750107.157646180945449 ], [ 329333.914482850232162, 750092.864194370689802 ], [ 329322.503022250952199, 749196.109884450910613 ], [ 328214.755023323697969, 749199.644857003586367 ], [ 328203.350105596007779, 748302.892489770427346 ], [ 329311.105176499229856, 748299.361529745976441 ], [ 329288.350329696608242, 746505.882656913134269 ], [ 325965.027287083910778, 746516.519883420900442 ] ] ], [ [ [ 335288.071020791772753, 591434.308538057724945 ], [ 334179.245267958089244, 591436.999920247355476 ], [ 334188.226470072288066, 592332.793345523066819 ], [ 333079.401293279719539, 592335.506768841296434 ], [ 333088.401653702603653, 593231.30885555956047 ], [ 335306.035827906802297, 593225.892204433213919 ], [ 335288.071020791772753, 591434.308538057724945 ] ] ], [ [ [ 326444.424716955341864, 594143.825078444904648 ], [ 327553.269426182727329, 594140.99477773741819 ], [ 327544.227496547740884, 593245.167749453801662 ], [ 326435.377187780279201, 593247.993920086184517 ], [ 326444.424716955341864, 594143.825078444904648 ] ] ], [ [ [ 331988.596564993960783, 594129.855156016536057 ], [ 331997.629688066546805, 595025.670645556529053 ], [ 333106.443109979853034, 595022.927140555460937 ], [ 333097.41559261304792, 594127.115643735625781 ], [ 331988.596564993960783, 594129.855156016536057 ] ] ], [ [ [ 325344.641537997988053, 595042.513558348990045 ], [ 325353.721942901029252, 595938.358290193020366 ], [ 326462.560663428041153, 595935.501517461147159 ], [ 326471.649080664676148, 596831.346812481642701 ], [ 328689.299598105833866, 596825.679678427288309 ], [ 328671.15887507860316, 595034.010267370147631 ], [ 326453.485875514918007, 595039.660941842594184 ], [ 326444.424716955341864, 594143.825078444904648 ], [ 322008.993177246069536, 594155.32787535910029 ], [ 322018.076772631146014, 595051.180530188139528 ], [ 325344.641537997988053, 595042.513558348990045 ] ] ], [ [ [ 333106.443109979853034, 595022.927140555460937 ], [ 333115.48420577077195, 595918.743353206431493 ], [ 329789.045543859072495, 595927.040479596122168 ], [ 329798.117087471007835, 596822.873471861705184 ], [ 330906.929441911983304, 596820.085505031398498 ], [ 330925.102067894709762, 598611.757591313333251 ], [ 332033.898049146984704, 598608.979827873292379 ], [ 332042.999106455943547, 599504.818965426646173 ], [ 334260.564605533378199, 599499.310366825549863 ], [ 334251.474844041920733, 598603.479181327275001 ], [ 333142.68896336958278, 598606.220358018414117 ], [ 333124.538879954139702, 596814.564288875320926 ], [ 334233.336030519974884, 596811.831038705655374 ], [ 334215.251496493816376, 595020.20181932207197 ], [ 333106.443109979853034, 595022.927140555460937 ] ] ], [ [ [ 325463.750542519497685, 606688.865192863391712 ], [ 324354.974624595139176, 606691.79033539746888 ], [ 324373.515114453563001, 608483.616771337809041 ], [ 325482.279568144353107, 608480.683278068550862 ], [ 325463.750542519497685, 606688.865192863391712 ] ] ], [ [ [ 332162.54923421505373, 611151.162726711598225 ], [ 328836.385534303728491, 611159.720597876235843 ], [ 328845.694107038434595, 612055.639013551641256 ], [ 326628.237430309236515, 612061.445857646293007 ], [ 326646.918538597063161, 613853.31365927727893 ], [ 329973.061106594512239, 613844.606913439114578 ], [ 329982.40472066658549, 614740.535839330987073 ], [ 333308.483776407083496, 614731.985908309230581 ], [ 333299.157541157561354, 613836.069002278731205 ], [ 335516.529980584396981, 613830.470852742204443 ], [ 335488.667390051239636, 611142.772943920455873 ], [ 334379.966342794010416, 611145.550862414995208 ], [ 334370.700176741869655, 610249.657335031079128 ], [ 335479.406981554231606, 610246.883343586698174 ], [ 335460.926847280818038, 608455.118653648416512 ], [ 334352.208552825497463, 608457.884789141477086 ], [ 334324.572887914138846, 605770.262134582037106 ], [ 335433.308353169297334, 605767.507787630311213 ], [ 335414.963829012820497, 603975.791238937992603 ], [ 334306.21695899812039, 603978.537723796907812 ], [ 334297.059348945622332, 603082.682704501785338 ], [ 333188.301791529986076, 603085.443686885177158 ], [ 333197.465091696765739, 603981.302665492286906 ], [ 330979.946231353795156, 603986.887921085464768 ], [ 330989.134508233866654, 604882.759686866542324 ], [ 328771.606657592230476, 604888.42688376433216 ], [ 328762.406980218365788, 603992.547009130707011 ], [ 325436.059285009105224, 604001.174084623577073 ], [ 325463.750542519497685, 606688.865192863391712 ], [ 326572.521196814777795, 606685.958592685172334 ], [ 326581.773163530277088, 607581.861080871196464 ], [ 328799.287361772847362, 607576.095291225239635 ], [ 328790.046848401019815, 606680.201017622952349 ], [ 331007.551847109338269, 606674.517606692155823 ], [ 331044.549664425721858, 610258.091200741007924 ], [ 332153.27155163756106, 610255.261263180174865 ], [ 332162.54923421505373, 611151.162726711598225 ] ] ], [ [ [ 326609.610837082378566, 610269.597451013163663 ], [ 326618.917319297441281, 611165.519233549828641 ], [ 328836.385534303728491, 611159.720597876235843 ], [ 328827.090573378023691, 610263.807024996727705 ], [ 326609.610837082378566, 610269.597451013163663 ] ] ], [ [ [ 324438.836672543257009, 614755.161465476965532 ], [ 326656.279535810346715, 614749.254851192701608 ], [ 326646.918538597063161, 613853.31365927727893 ], [ 324429.464084150327835, 613859.21195944736246 ], [ 324438.836672543257009, 614755.161465476965532 ] ] ], [ [ [ 329982.40472066658549, 614740.535839330987073 ], [ 328873.701495778514072, 614743.423389271018095 ], [ 328883.064515430130996, 615639.361248050234281 ], [ 327774.361934504413512, 615642.271673241979443 ], [ 327783.744377174298279, 616538.218498209142126 ], [ 330001.132758340798318, 616532.408314869040623 ], [ 329982.40472066658549, 614740.535839330987073 ] ] ], [ [ [ 330029.326838192413561, 619220.253695481689647 ], [ 330038.752070903661661, 620116.211962416302413 ], [ 333364.726318664615974, 620107.589951499947347 ], [ 333336.543948285630904, 617419.765899502905086 ], [ 332227.8734277470503, 617422.609024555655196 ], [ 332237.259800071478821, 618318.549446756253019 ], [ 331128.59004932991229, 618321.415443871519528 ], [ 331137.995843129698187, 619217.364771790569648 ], [ 330029.326838192413561, 619220.253695481689647 ] ] ], [ [ [ 328939.528476847626735, 621015.091106444247998 ], [ 330048.190906608127989, 621012.175144709530286 ], [ 330038.752070903661661, 620116.211962416302413 ], [ 328930.083787783631124, 620119.123867200338282 ], [ 328939.528476847626735, 621015.091106444247998 ] ] ], [ [ [ 333507.471116521512158, 633547.377927691326477 ], [ 334616.030446763150394, 633544.482676903367974 ], [ 334596.833235676400363, 631752.454026762279682 ], [ 333488.261973230866715, 631755.34139957325533 ], [ 333507.471116521512158, 633547.377927691326477 ] ] ], [ [ [ 331299.974274082109332, 634449.260265596676618 ], [ 330191.405779026914388, 634452.217617198242806 ], [ 330181.762902370304801, 633556.179840630153194 ], [ 331290.337377746822312, 633553.226509108324535 ], [ 331271.104367110296153, 631761.174060934106819 ], [ 329053.926429850514978, 631767.083946253987961 ], [ 329102.170717047760263, 636247.293102266499773 ], [ 330210.732339702255558, 636244.308269234374166 ], [ 330201.062258148682304, 635348.260424331645481 ], [ 331309.62476438464364, 635345.29905329272151 ], [ 331299.974274082109332, 634449.260265596676618 ] ] ], [ [ [ 332398.906771323061548, 633550.292538278037682 ], [ 331290.337377746822312, 633553.226509108324535 ], [ 331299.974274082109332, 634449.260265596676618 ], [ 332408.537687830859795, 634446.322302038315684 ], [ 332398.906771323061548, 633550.292538278037682 ] ] ], [ [ [ 333517.096053692977875, 634443.403726074262522 ], [ 333536.386658918461762, 636235.470427520456724 ], [ 334644.928027133340947, 636232.563364577130415 ], [ 334625.649405088857748, 634440.504537258646451 ], [ 333517.096053692977875, 634443.403726074262522 ] ] ], [ [ [ 332427.84027721977327, 636238.396932312753052 ], [ 330210.732339702255558, 636244.308269234374166 ], [ 330220.416023654164746, 637140.361159111605957 ], [ 331328.966526755015366, 637137.391751126968302 ], [ 331338.65779875573935, 638033.445675677503459 ], [ 332447.197208213619888, 638030.491747634951025 ], [ 332427.84027721977327, 636238.396932312753052 ] ] ], [ [ [ 325795.883893242513295, 638048.507786739617586 ], [ 326904.449033496435732, 638045.456366885686293 ], [ 326914.17799358558841, 638941.531583024305291 ], [ 328022.731896532175597, 638938.495563533972017 ], [ 328032.468451605644077, 639834.571746052359231 ], [ 329141.011143164185341, 639831.551181815448217 ], [ 329131.280620404868387, 638935.479070216068067 ], [ 330239.824198618589435, 638932.482102610170841 ], [ 330230.113309970707633, 638036.419101168285124 ], [ 328013.008960757695604, 638042.424446313874796 ], [ 328003.29964431503322, 637146.358387187938206 ], [ 325786.162544671620708, 637152.433501131716184 ], [ 325795.883893242513295, 638048.507786739617586 ] ] ], [ [ [ 323637.424855410994496, 643431.271273004589602 ], [ 321420.330123470863327, 643437.561259950860403 ], [ 321440.026014940638561, 645229.819559719064273 ], [ 325874.145587137783878, 645217.284721585107036 ], [ 325883.989661548868753, 646113.404777750954963 ], [ 323666.952681010589004, 646119.6410819607554 ], [ 323686.706163384835236, 647911.913210934493691 ], [ 324795.215078035485931, 647908.776836013537832 ], [ 324785.337621214799583, 647012.6423822339857 ], [ 328110.851182961720042, 647003.364421621663496 ], [ 328061.759832287149038, 642522.830757448915392 ], [ 326953.230111617071088, 642525.883166140061803 ], [ 326963.027210378786549, 643421.983777582529001 ], [ 324745.964239381952211, 643428.155777006642893 ], [ 324755.787117957195733, 644324.269761240109801 ], [ 323647.253810839378275, 644327.389434328302741 ], [ 323637.424855410994496, 643431.271273004589602 ] ] ], [ [ [ 328120.710310226422735, 647899.48651609942317 ], [ 329229.198328374419361, 647896.429342835326679 ], [ 329219.345309943309985, 647000.311313416925259 ], [ 328110.851182961720042, 647003.364421621663496 ], [ 328120.710310226422735, 647899.48651609942317 ] ] ], [ [ [ 324884.726187036605552, 655974.218877994688228 ], [ 325993.174451418919489, 655971.065009711426683 ], [ 326003.182156118447892, 656867.247001339565031 ], [ 327111.618989395385142, 656864.109066728851758 ], [ 327081.655341562698595, 654175.59102896368131 ], [ 324864.739319358021021, 654181.862207315862179 ], [ 324854.766351873986423, 653285.691654369235039 ], [ 322637.816905822430272, 653292.034436082234606 ], [ 322657.801184788346291, 655084.397460699896328 ], [ 324874.725931089953519, 655078.037946120835841 ], [ 324884.726187036605552, 655974.218877994688228 ] ] ], [ [ [ 332784.579033809073735, 668499.247820747084916 ], [ 332774.431893730652519, 667603.021776825306006 ], [ 330557.754462838289328, 667609.212647835258394 ], [ 330618.916958106623497, 672986.696402142755687 ], [ 331727.220256615197286, 672983.566806525108404 ], [ 331716.998850714298896, 672087.310195981292054 ], [ 332825.303435219102539, 672084.205128834000789 ], [ 332794.739758032897953, 669395.479170684353448 ], [ 331686.416188214963768, 669398.572340862359852 ], [ 331676.249152568634599, 668502.337023912114091 ], [ 332784.579033809073735, 668499.247820747084916 ] ] ], [ [ [ 333943.811708612251095, 672977.369307336048223 ], [ 335052.099928806303069, 672974.301402819110081 ], [ 335041.897557706804946, 672078.056603110861033 ], [ 333933.602993098669685, 672081.120598034118302 ], [ 333943.811708612251095, 672977.369307336048223 ] ] ], [ [ [ 331778.53117251873482, 677464.930125676444732 ], [ 335103.31528783129761, 677455.605698510189541 ], [ 335072.545371820568107, 674766.807039978331886 ], [ 333964.269865977170411, 674769.882761637680233 ], [ 333943.811708612251095, 672977.369307336048223 ], [ 332835.518495666037779, 672980.457775080925785 ], [ 332845.747140078921802, 673876.71576346992515 ], [ 331737.4552549906075, 673879.82875852950383 ], [ 331747.703845804498997, 674776.09605922002811 ], [ 332855.989368421491235, 674772.979101227363572 ], [ 332876.514576751273125, 676565.521853758022189 ], [ 331768.241804604418576, 676568.646735566668212 ], [ 331778.53117251873482, 677464.930125676444732 ] ] ], [ [ [ 329572.298955177306198, 678367.546684497385286 ], [ 330680.569088779564481, 678364.372424554429017 ], [ 330659.963975095655769, 676571.792290958808735 ], [ 329551.681054877699353, 676574.958520414424129 ], [ 329541.392518738342915, 675678.672495481558144 ], [ 328433.098093393200543, 675681.855355858337134 ], [ 328453.701545674703084, 677474.440861286828294 ], [ 329561.983200369228143, 677471.249914344283752 ], [ 329572.298955177306198, 678367.546684497385286 ] ] ], [ [ [ 331788.834132727701217, 678361.218893381301314 ], [ 330680.569088779564481, 678364.372424554429017 ], [ 330690.892046793422196, 679260.670563942869194 ], [ 331799.150685195170809, 679257.513045909116045 ], [ 331788.834132727701217, 678361.218893381301314 ] ] ], [ [ [ 329707.642199243418872, 690019.897221516352147 ], [ 329676.205007821321487, 687330.811668367823586 ], [ 327459.778241906547919, 687337.303419292788021 ], [ 327480.748745731660165, 689130.037845510523766 ], [ 328588.951711111527402, 689126.773345092544332 ], [ 328599.450892553082667, 690023.144697192707099 ], [ 329707.642199243418872, 690019.897221516352147 ] ] ], [ [ [ 330826.328154616639949, 690913.039621778880246 ], [ 329718.148480727686547, 690916.270017801318318 ], [ 329739.201869994401932, 692709.032071624184027 ], [ 331955.530018571938854, 692702.576429395121522 ], [ 331945.009586586616933, 691806.200636780355126 ], [ 333053.172605222789571, 691803.008513907552697 ], [ 333042.672289138194174, 690906.64216439682059 ], [ 331934.502746312879026, 690909.830337473773398 ], [ 331924.009497787628789, 690013.465524239698425 ], [ 330815.828389880422037, 690016.670830696006306 ], [ 330826.328154616639949, 690913.039621778880246 ] ] ], [ [ [ 328683.934564934344962, 697194.313284270116128 ], [ 329792.07349486782914, 697191.033567783422768 ], [ 329760.309694082476199, 694501.816122014075518 ], [ 328652.151058989344165, 694505.083753466955386 ], [ 328683.934564934344962, 697194.313284270116128 ] ] ], [ [ [ 334203.441525030240882, 695385.342256876989268 ], [ 334235.167244908865541, 698074.528775840997696 ], [ 335343.274366609752178, 698071.351682701380923 ], [ 335311.568369337182958, 695382.176836358034052 ], [ 334203.441525030240882, 695385.342256876989268 ] ] ], [ [ [ 330910.815878891793545, 698084.188031659112312 ], [ 330921.438044673355762, 698980.60645159764681 ], [ 333137.6641258810414, 698974.137702309642918 ], [ 333095.309701164369471, 695388.528924413956702 ], [ 330879.030981508491095, 695394.966002489556558 ], [ 330900.207313079154119, 697187.77515498700086 ], [ 332008.336052878468763, 697184.538045383989811 ], [ 332018.938034356571734, 698080.946949830511585 ], [ 330910.815878891793545, 698084.188031659112312 ] ] ], [ [ [ 330900.207313079154119, 697187.77515498700086 ], [ 329792.07349486782914, 697191.033567783422768 ], [ 329802.688645557733253, 698087.450444034882821 ], [ 330910.815878891793545, 698084.188031659112312 ], [ 330900.207313079154119, 697187.77515498700086 ] ] ], [ [ [ 334256.385596995300148, 699867.347503354889341 ], [ 334267.015134575543925, 700763.765203298535198 ], [ 335375.102457038476132, 700760.576443902100436 ], [ 335353.870164230349474, 698967.754380682948977 ], [ 333137.6641258810414, 698974.137702309642918 ], [ 333148.286689400672913, 699870.553758486057632 ], [ 334256.385596995300148, 699867.347503354889341 ] ] ], [ [ [ 334277.658246463048272, 701660.18847035698127 ], [ 334267.015134575543925, 700763.765203298535198 ], [ 333158.922835781704634, 700766.975373825524002 ], [ 333148.286689400672913, 699870.553758486057632 ], [ 330932.073810386878904, 699877.030422042123973 ], [ 330953.386141461785883, 701669.895043407101184 ], [ 329845.285332812694833, 701673.17344702151604 ], [ 329855.96852556639351, 702569.618108457885683 ], [ 332072.151812785945367, 702563.074776475201361 ], [ 332082.835342418169603, 703459.517053373972885 ], [ 333190.912771715549752, 703456.273647243971936 ], [ 333212.307309286436066, 705249.167091453447938 ], [ 329888.099753493792377, 705258.985594263998792 ], [ 329898.837379234842956, 706155.452614169102162 ], [ 331006.904965360998176, 706152.154237502836622 ], [ 331017.649529193411581, 707048.6228726611007 ], [ 332125.705372851691209, 707045.342107613454573 ], [ 332147.22193468461046, 708838.288304136600345 ], [ 331039.179455611563753, 708841.576997263240628 ], [ 331060.763780117500573, 710634.553642543149181 ], [ 329952.729629509267397, 710637.871974380221218 ], [ 329941.923963369219564, 709741.376843434525654 ], [ 328833.878004576894455, 709744.712872328003868 ], [ 328823.079250265145674, 708848.219360406277701 ], [ 327715.021457414200995, 708851.573031435604207 ], [ 327725.826908458140679, 709748.070588384522125 ], [ 323293.5704849435715, 709761.718334531760775 ], [ 323304.416387642966583, 710658.237977538374253 ], [ 322196.345813611987978, 710661.708318251068704 ], [ 322218.092037995462306, 712454.77289040083997 ], [ 323326.14917033346137, 712451.294189658598043 ], [ 323337.036050253023859, 713347.83077325229533 ], [ 326661.155570408445783, 713337.512927260482684 ], [ 326639.435839068726636, 711544.470161639852449 ], [ 327747.478685656096786, 711541.082615299033932 ], [ 327736.645984550996218, 710644.573780591366813 ], [ 328844.690375415608287, 710641.212020226405002 ], [ 328866.35596652503591, 712434.227252930519171 ], [ 331082.402502410346642, 712427.552866465761326 ], [ 331104.095622188644484, 714220.574727002764121 ], [ 328888.076023296336643, 714227.265116475871764 ], [ 328898.956476212013513, 715123.792552928789519 ], [ 330006.962078979122452, 715120.432433133013546 ], [ 330017.84939236450009, 716016.961536413757131 ], [ 331125.843139149830677, 716013.619282136205584 ], [ 331136.737296479230281, 716910.150088297552429 ], [ 332244.719213148928247, 716906.825754463905469 ], [ 332255.620197895914316, 717803.358299561659805 ], [ 333363.59031031280756, 717800.051941099343821 ], [ 333396.354443367454223, 720489.67204268660862 ], [ 334504.299193472135812, 720486.375914661679417 ], [ 334515.240930432919413, 721382.923491732915863 ], [ 333407.30298507004045, 721386.223518595681526 ], [ 333418.26510871690698, 722282.780727617209777 ], [ 335634.122409735689871, 722276.194945268449374 ], [ 335407.052639594534412, 703449.851315527339466 ], [ 334298.985193008848, 703453.051734792301431 ], [ 334288.314932620269246, 702556.61731177335605 ], [ 333180.235876976861618, 702559.835310961585492 ], [ 333169.572564986418001, 701663.402555570006371 ], [ 334277.658246463048272, 701660.18847035698127 ] ], [ [ 332212.097803018172272, 714217.262266901088879 ], [ 332222.958015671814792, 715113.777745384024456 ], [ 331114.962581040221266, 715117.094164121081121 ], [ 331104.095622188644484, 714220.574727002764121 ], [ 332212.097803018172272, 714217.262266901088879 ] ] ], [ [ [ 333396.354443367454223, 720489.67204268660862 ], [ 332288.404695709934458, 720492.990184098482132 ], [ 332299.360042711137794, 721389.545586198451929 ], [ 333407.30298507004045, 721386.223518595681526 ], [ 333396.354443367454223, 720489.67204268660862 ] ] ] ] } }
]
}
