{
"type": "FeatureCollection",
"name": "urban-2000",
"crs": { "type": "name", "properties": { "name": "urn:ogc:def:crs:EPSG::32648" } },
"features": [
{ "type": "Feature", "properties": { "year": 2000 }, "geometry": { "type": "MultiPolygon", "coordinates": [ [ [ [ 626282.024238200625405, 1154189.875767058227211 ], [ 626466.595396238961257, 1155090.697522999485955 ], [ 627570.122963828383945, 1155094.751144961221144 ], [ 627385.562066711951047, 1154193.920311652356759 ], [ 626282.024238200625405, 1154189.875767058227211 ] ] ], [ [ [ 626651.309217596310191, 1155991.531350790057331 ], [ 626466.595396238961257, 1155090.697522999485955 ], [ 625363.07151197665371, 1155086.679137223633006 ], [ 625547.795606717932969, 1155987.503901170566678 ], [ 626651.309217596310191, 1155991.531350790057331 ] ] ], [ [ [ 630023.971759341657162, 1177610.951351057039574 ], [ 629647.818785281386226, 1175808.727172313258052 ], [ 628544.536818754510023, 1175804.532633734168485 ], [ 628920.710695332149044, 1177606.738077638205141 ], [ 627817.453378940466791, 1177602.560726085910574 ], [ 627629.284656929550692, 1176701.461163639556617 ], [ 625422.76020288548898, 1176693.232835283968598 ], [ 625610.949860667693429, 1177594.313786070328206 ], [ 626714.199778081849217, 1177598.419295770814642 ], [ 626902.521625999128446, 1178499.521899200277403 ], [ 628005.764754221774638, 1178503.672663315432146 ], [ 628382.815459416829981, 1180305.933717848733068 ], [ 626176.374836579547264, 1180297.630771995056421 ], [ 626365.135158411809243, 1181198.761191545985639 ], [ 627468.343120462959632, 1181202.904012027196586 ], [ 627657.235597864491865, 1182104.056196944089606 ], [ 629863.641667921910994, 1182112.468739291653037 ], [ 629297.455155635718256, 1179408.993077612482011 ], [ 633710.438552970997989, 1179426.137205724138767 ], [ 633522.03684780234471, 1178524.965727332513779 ], [ 631315.516591542866081, 1178516.340650491416454 ], [ 631127.236603055964224, 1177615.200546975014731 ], [ 630023.971759341657162, 1177610.951351057039574 ] ] ], [ [ [ 627103.937135691870935, 1205516.781390177085996 ], [ 627296.734393740654923, 1206418.225636143004522 ], [ 628399.630299677723087, 1206422.488874359056354 ], [ 628206.843767736689188, 1205521.034985244041309 ], [ 627103.937135691870935, 1205516.781390177085996 ] ] ], [ [ [ 633390.338222540332936, 1209144.4649436569307 ], [ 633197.166689733043313, 1208242.933730555698276 ], [ 634300.060109633719549, 1208247.400568131357431 ], [ 634107.041907233186066, 1207345.872384986840189 ], [ 631901.237495215027593, 1207336.995157132390887 ], [ 632094.27713144000154, 1208238.503748154267669 ], [ 627682.756874543847516, 1208221.152357060462236 ], [ 627296.734393740654923, 1206418.225636143004522 ], [ 626193.842178859980777, 1206413.999194852076471 ], [ 626579.886144442134537, 1208216.9066406567581 ], [ 625477.019084009458311, 1208212.697775516891852 ], [ 625670.265816163970158, 1209114.160987429786474 ], [ 626773.122117917402647, 1209118.379484556382522 ], [ 626966.500750078586861, 1210019.86509473877959 ], [ 628069.349966122419573, 1210024.130144716706127 ], [ 627875.982094649923965, 1209122.634860433870926 ], [ 631184.58439459244255, 1209135.62226699362509 ], [ 631377.920015850686468, 1210037.146738519193605 ], [ 632480.784272903809324, 1210041.559419915545732 ], [ 632287.459391110111028, 1209140.025164323858917 ], [ 633390.338222540332936, 1209144.4649436569307 ] ] ], [ [ [ 627547.492585380445234, 1212724.398665307555348 ], [ 626966.500750078586861, 1210019.86509473877959 ], [ 625863.65521432692185, 1210015.636950999498367 ], [ 626444.679391549667343, 1212720.141493858536705 ], [ 627547.492585380445234, 1212724.398665307555348 ] ] ], [ [ [ 635524.637370521901175, 1219062.159805595641956 ], [ 635135.299526006449014, 1217258.826011634431779 ], [ 632929.739486387115903, 1217249.805918295867741 ], [ 633904.261767090414651, 1221758.138433593092486 ], [ 635006.985746776685119, 1221762.679644264513627 ], [ 634811.806897971080616, 1220860.977172329556197 ], [ 635914.545616028597578, 1220865.545647199498489 ], [ 635719.520193814998493, 1219963.846213235286996 ], [ 634616.770654045278206, 1219959.287726369220763 ], [ 634421.87701632862445, 1219057.611291967332363 ], [ 635524.637370521901175, 1219062.159805595641956 ] ] ], [ [ [ 634099.594061067793518, 1222659.843955861637369 ], [ 633904.261767090414651, 1221758.138433593092486 ], [ 632801.541664829943329, 1221753.634489220101386 ], [ 632996.884805776993744, 1222655.330048920353875 ], [ 634099.594061067793518, 1222659.843955861637369 ] ] ], [ [ [ 628070.443935367977247, 1225338.336140635656193 ], [ 627678.935762148816139, 1223534.979008248075843 ], [ 625473.587940475088544, 1223526.416383762378246 ], [ 625669.292494567111135, 1224428.068833050550893 ], [ 626771.953674058197066, 1224432.341286668088287 ], [ 626967.789986990857869, 1225334.016500845085829 ], [ 628070.443935367977247, 1225338.336140635656193 ] ] ], [ [ [ 633387.998936720308848, 1224458.760258472291753 ], [ 633583.769924044376239, 1225360.494937188690528 ], [ 631378.428151478176005, 1225351.519296402577311 ], [ 631574.363519921782427, 1226253.247082506073639 ], [ 633779.683524154243059, 1226262.242684460477903 ], [ 633975.739735711831599, 1227164.003514748765156 ], [ 635078.394646806991659, 1227168.567456753691658 ], [ 634882.349318663123995, 1226266.796589784324169 ], [ 635985.019017344922759, 1226271.387898916145787 ], [ 635789.127164134988561, 1225369.620080470805988 ], [ 634686.446594681125134, 1225365.038820677436888 ], [ 634490.686476196860895, 1224463.294134959811345 ], [ 633387.998936720308848, 1224458.760258472291753 ] ] ], [ [ [ 642405.294244520366192, 1225397.892580544808879 ], [ 642014.068427783669904, 1223594.274743489455432 ], [ 639808.619930273038335, 1223584.741773002315313 ], [ 640004.18321435211692, 1224486.523763242876157 ], [ 637798.772583174402826, 1224477.119859986705706 ], [ 637994.500127242412418, 1225378.894731729058549 ], [ 636891.811664344393648, 1225374.238717257045209 ], [ 637479.882395177148283, 1228079.611800290876999 ], [ 639685.198127575218678, 1228089.022005342179909 ], [ 639881.485121717909351, 1228990.859652179991826 ], [ 642086.795287528308108, 1229000.44013911136426 ], [ 641890.530030412832275, 1228098.582056873012334 ], [ 640787.86204172403086, 1228093.783299941103905 ], [ 640591.728483882383443, 1227191.948650348000228 ], [ 641694.407331144087948, 1227196.737190695479512 ], [ 641302.589611470932141, 1225393.087048281216994 ], [ 642405.294244520366192, 1225397.892580544808879 ] ] ], [ [ [ 625350.923499153810553, 1228030.533930311445147 ], [ 625547.352306928136386, 1228932.24142879480496 ], [ 626649.955216531874612, 1228936.525622486136854 ], [ 626453.537349759251811, 1228034.808277580188587 ], [ 625350.923499153810553, 1228030.533930311445147 ] ] ], [ [ [ 638778.836126719834283, 1228986.125642766244709 ], [ 638975.276575723662972, 1229887.966299156891182 ], [ 636770.012385615962557, 1229878.590444775065407 ], [ 636573.550152907613665, 1228976.770088488003239 ], [ 634368.279987825546414, 1228967.564482270041481 ], [ 634761.390669665997848, 1230771.177955660037696 ], [ 635864.001974264974706, 1230775.782193072373047 ], [ 636060.760303156450391, 1231677.61876681772992 ], [ 639368.585203351452947, 1231691.687228115042672 ], [ 639171.859601712203585, 1230789.820156086236238 ], [ 641377.118100593797863, 1230799.366514114895836 ], [ 641180.556851411121897, 1229897.49221725598909 ], [ 640077.914686908712611, 1229892.710499886423349 ], [ 639881.485121717909351, 1228990.859652179991826 ], [ 638778.836126719834283, 1228986.125642766244709 ] ] ], [ [ [ 631256.920608795480803, 1229855.807300856336951 ], [ 631060.40382288931869, 1228954.0372134889476 ], [ 629957.786062264814973, 1228949.603091993834823 ], [ 629761.400986186694354, 1228047.856042856816202 ], [ 627556.154859850299545, 1228039.120078328065574 ], [ 628145.803605547291227, 1230744.340860818279907 ], [ 627043.218924210523255, 1230739.999393683858216 ], [ 627240.064762419671752, 1231641.755848836619407 ], [ 626137.494719658396207, 1231637.442026576958597 ], [ 626531.636305811931379, 1233440.974321317626163 ], [ 627634.18440082971938, 1233445.307970486814156 ], [ 627437.053255076985806, 1232543.525369618088007 ], [ 629642.182491426588967, 1232552.285599625203758 ], [ 629445.215923015843146, 1231650.496184369316325 ], [ 630547.797104675322771, 1231654.92269895458594 ], [ 630154.313774934154935, 1229851.363208081107587 ], [ 631256.920608795480803, 1229855.807300856336951 ] ] ], [ [ [ 634052.486222683917731, 1232570.257172166369855 ], [ 634446.759618618758395, 1234373.955763963749632 ], [ 635549.323279638076201, 1234378.562884565908462 ], [ 635352.126224713865668, 1233476.696868234081194 ], [ 636454.704747993499041, 1233481.331483640708029 ], [ 636060.760303156450391, 1231677.61876681772992 ], [ 634958.159918385674246, 1231673.004418325377628 ], [ 635155.07177051610779, 1232574.844051003688946 ], [ 634052.486222683917731, 1232570.257172166369855 ] ] ], [ [ [ 630941.850964640034363, 1233458.534631286514923 ], [ 631139.091840089764446, 1234360.360299238702282 ], [ 630036.543542401748709, 1234355.903774423757568 ], [ 630431.475136586697772, 1236159.574504946358502 ], [ 632636.531617537373677, 1236168.565420567989349 ], [ 632439.016464204760268, 1235266.703354596160352 ], [ 633541.561414636438712, 1235271.245264234021306 ], [ 633344.199846291681752, 1234369.386293331393972 ], [ 632241.643930751713924, 1234364.854471982922405 ], [ 632044.414018520852551, 1233463.018758190330118 ], [ 630941.850964640034363, 1233458.534631286514923 ] ] ], [ [ [ 635549.323279638076201, 1234378.562884565908462 ], [ 636141.770035318564624, 1237084.240273840958253 ], [ 637244.304748306050897, 1237088.915602413238958 ], [ 636651.890861256862991, 1234383.207655829843134 ], [ 635549.323279638076201, 1234378.562884565908462 ] ] ], [ [ [ 628226.433743143221363, 1236150.734398369910195 ], [ 628424.13548775727395, 1237052.569464396918193 ], [ 630629.154884007759392, 1237061.429614898515865 ], [ 630431.475136586697772, 1236159.574504946358502 ], [ 628226.433743143221363, 1236150.734398369910195 ] ] ], [ [ [ 626021.407182019669563, 1236142.0450955319684 ], [ 626615.00645383365918, 1238847.529874086147174 ], [ 627717.484838010044768, 1238851.885579970665276 ], [ 627123.918624490615912, 1236146.37089681182988 ], [ 626021.407182019669563, 1236142.0450955319684 ] ] ], [ [ [ 642050.051452687010169, 1238911.948234016541392 ], [ 641852.196250491542742, 1238009.964574838988483 ], [ 639647.120660492451862, 1238000.329150077654049 ], [ 639844.997780986479484, 1238902.29215523856692 ], [ 638742.477025959291495, 1238897.520801709033549 ], [ 638940.507691804203205, 1239799.486837781732902 ], [ 636735.50014911883045, 1239790.036979908822104 ], [ 636933.695371459238231, 1240691.995798296527937 ], [ 638036.186157807474956, 1240696.712079762481153 ], [ 638234.512970277341083, 1241598.694489823421463 ], [ 639336.996752466540784, 1241603.458918497199193 ], [ 639138.680934421718121, 1240701.466205156873912 ], [ 640241.179733189987019, 1240706.258175193564966 ], [ 640043.017472333740443, 1239804.268492055591196 ], [ 641145.531301506212912, 1239809.0879641759675 ], [ 640947.522579263546504, 1238907.10129910055548 ], [ 642050.051452687010169, 1238911.948234016541392 ] ] ], [ [ [ 627408.469358175178058, 1242455.027102599618956 ], [ 626615.00645383365918, 1238847.529874086147174 ], [ 625512.531730210175738, 1238843.211950315861031 ], [ 626703.648354949778877, 1244254.476943999296054 ], [ 625601.243638786138035, 1244250.136917108902708 ], [ 626198.761131506878883, 1246955.917594079393893 ], [ 627301.132559781312011, 1246960.287766536930576 ], [ 626902.667101040366106, 1245156.400641536107287 ], [ 628005.064395282766782, 1245160.788675804622471 ], [ 627806.05673241277691, 1244258.85491733183153 ], [ 628908.468803043244407, 1244263.27083776332438 ], [ 628510.903562488267198, 1242459.422891358146444 ], [ 627408.469358175178058, 1242455.027102599618956 ] ] ], [ [ [ 642336.577395188505761, 1245221.289057161193341 ], [ 642137.713319606380537, 1244319.222003533737734 ], [ 641035.254444817779586, 1244314.350664606317878 ], [ 640836.521919374354184, 1243412.307449329877272 ], [ 639734.056109448662028, 1243407.48444177932106 ], [ 640131.6857519664336, 1245211.563525159843266 ], [ 642336.577395188505761, 1245221.289057161193341 ] ] ], [ [ [ 642336.577395188505761, 1245221.289057161193341 ], [ 642535.584024950978346, 1246123.369560413528234 ], [ 644740.470096411067061, 1246133.267976948292926 ], [ 644541.485490202321671, 1245231.16652387031354 ], [ 642336.577395188505761, 1245221.289057161193341 ] ] ], [ [ [ 630807.682449011830613, 1247875.620317988097668 ], [ 631007.238490059622563, 1248777.627503398573026 ], [ 632109.602635396993719, 1248782.170188152929768 ], [ 631910.057690356508829, 1247880.152798905503005 ], [ 630807.682449011830613, 1247875.620317988097668 ] ] ], [ [ [ 641433.147182696848176, 1246118.47736930870451 ], [ 642630.246795094106346, 1251531.180738682160154 ], [ 643732.617365761776455, 1251536.13584907213226 ], [ 642535.584024950978346, 1246123.369560413528234 ], [ 641433.147182696848176, 1246118.47736930870451 ] ] ], [ [ [ 628802.521519968868233, 1248768.656391054391861 ], [ 629002.242412616498768, 1249670.656563315773383 ], [ 631206.937159769353457, 1249679.648031076649204 ], [ 631007.238490059622563, 1248777.627503398573026 ], [ 628802.521519968868233, 1248768.656391054391861 ] ] ], [ [ [ 626997.448362901806831, 1250563.810767211951315 ], [ 626797.562569037429057, 1249661.817543972516432 ], [ 625695.228156455326825, 1249657.455200796481222 ], [ 626295.346937362803146, 1252363.444483009399846 ], [ 628499.952570120687596, 1252372.268033106112853 ], [ 628299.792614485952072, 1251470.238018763251603 ], [ 629402.112122125923634, 1251474.696902489056811 ], [ 629002.242412616498768, 1249670.656563315773383 ], [ 627899.900643806788139, 1249666.21799792535603 ], [ 628099.775305260438472, 1250568.221345257014036 ], [ 626997.448362901806831, 1250563.810767211951315 ] ] ], [ [ [ 641527.880343462224118, 1251526.263803873443976 ], [ 641727.906961388303898, 1252428.417816632892936 ], [ 642830.262336960644461, 1252433.345263489289209 ], [ 642630.246795094106346, 1251531.180738682160154 ], [ 641527.880343462224118, 1251526.263803873443976 ] ] ], [ [ [ 643732.617365761776455, 1251536.13584907213226 ], [ 643932.621837004087865, 1252438.310913448687643 ], [ 646137.353337919339538, 1252448.356825662776828 ], [ 645937.370991630246863, 1251546.160599574679509 ], [ 643732.617365761776455, 1251536.13584907213226 ] ] ], [ [ [ 644132.768851625383832, 1253340.499545801430941 ], [ 643932.621837004087865, 1252438.310913448687643 ], [ 642830.262336960644461, 1252433.345263489289209 ], [ 643030.420429448713548, 1253335.523341092513874 ], [ 644132.768851625383832, 1253340.499545801430941 ] ] ], [ [ [ 641928.076137179741636, 1253330.585367009276524 ], [ 642128.38786947960034, 1254232.766469825059175 ], [ 643230.721071200096048, 1254237.714986325940117 ], [ 643030.420429448713548, 1253335.523341092513874 ], [ 641928.076137179741636, 1253330.585367009276524 ] ] ], [ [ [ 628700.255170792923309, 1253274.311402959050611 ], [ 628900.700415127445012, 1254176.36814300599508 ], [ 630002.98647640470881, 1254180.857617971254513 ], [ 629802.552388136042282, 1253278.790665664244443 ], [ 628700.255170792923309, 1253274.311402959050611 ] ] ], [ [ [ 633911.924939534976147, 1256900.929538761032745 ], [ 633711.096451118355617, 1255998.79140334110707 ], [ 632608.821335692424327, 1255994.166542308172211 ], [ 632207.569890529382974, 1254189.951317444676533 ], [ 630002.98647640470881, 1254180.857617971254513 ], [ 630404.282556626247242, 1255985.031737561104819 ], [ 631506.550048140226863, 1255989.579987277509645 ], [ 631908.394305368186906, 1257793.828411022899672 ], [ 630806.149165950715542, 1257789.259575300617144 ], [ 631007.296415595570579, 1258691.393675338011235 ], [ 632109.530368060106412, 1258695.972826920915395 ], [ 632310.809051644289866, 1259598.130731865996495 ], [ 636719.738582673599012, 1259616.872823111480102 ], [ 636518.504621102940291, 1258714.673318600049242 ], [ 635416.255227713729255, 1258709.940611481433734 ], [ 635215.152692968724295, 1257807.765082943020388 ], [ 633010.643251792876981, 1257798.435607075924054 ], [ 632809.660985560971312, 1256896.294337323168293 ], [ 633911.924939534976147, 1256900.929538761032745 ] ] ], [ [ [ 634926.085950660519302, 1153322.33504506922327 ], [ 635294.921771247521974, 1155124.113163807429373 ], [ 636398.479963098769076, 1155128.448697664076462 ], [ 636029.664575641741976, 1153326.651998484507203 ], [ 634926.085950660519302, 1153322.33504506922327 ] ] ], [ [ [ 635664.328009915770963, 1156925.940016370965168 ], [ 635294.921771247521974, 1155124.113163807429373 ], [ 634191.367519984021783, 1155119.812871165806428 ], [ 634376.009570339228958, 1156020.710915165022016 ], [ 633272.46946523245424, 1156016.436606912640855 ], [ 633457.264371250523254, 1156917.337564049521461 ], [ 635664.328009915770963, 1156925.940016370965168 ] ] ], [ [ [ 640997.333510183030739, 1156047.097416618140414 ], [ 641182.05680740554817, 1156948.063841929193586 ], [ 643389.176881996681914, 1156957.16046404116787 ], [ 643204.473998762667179, 1156056.175086141563952 ], [ 640997.333510183030739, 1156047.097416618140414 ] ] ], [ [ [ 637686.653495343634859, 1156033.745450821937993 ], [ 637871.407451578998007, 1156934.683653427287936 ], [ 638974.953178921947256, 1156939.108417873037979 ], [ 638790.209447431145236, 1156038.160835187416524 ], [ 637686.653495343634859, 1156033.745450821937993 ] ] ], [ [ [ 634012.504784242948517, 1159620.113589191110805 ], [ 634197.870149322785437, 1160521.063361478503793 ], [ 636404.851701023522764, 1160529.740364588564262 ], [ 636219.50687968917191, 1159628.771912600612268 ], [ 634012.504784242948517, 1159620.113589191110805 ] ] ], [ [ [ 636590.339119280222803, 1161430.721082926727831 ], [ 637693.825564171071164, 1161435.122088437201455 ], [ 637508.348417471512221, 1160534.131974999560043 ], [ 636404.851701023522764, 1160529.740364588564262 ], [ 636590.339119280222803, 1161430.721082926727831 ] ] ], [ [ [ 638797.316017413744703, 1161439.55852821841836 ], [ 637693.825564171071164, 1161435.122088437201455 ], [ 637879.445299203274772, 1162336.124496110249311 ], [ 638982.925478660617955, 1162340.570372511167079 ], [ 638797.316017413744703, 1161439.55852821841836 ] ] ], [ [ [ 640272.151468683499843, 1163246.085355941904709 ], [ 640458.035804809303954, 1164147.131350649986416 ], [ 642664.975432140287012, 1164156.23852397617884 ], [ 642479.111647373996675, 1163255.173462371574715 ], [ 641375.629500546609052, 1163250.611663519171998 ], [ 641189.898006483446807, 1162349.568513272562996 ], [ 638982.925478660617955, 1162340.570372511167079 ], [ 639168.677519646007568, 1163241.594538958976045 ], [ 640272.151468683499843, 1163246.085355941904709 ] ] ], [ [ [ 641933.679360692156479, 1165953.815354967722669 ], [ 642119.981102505815215, 1166854.908045488642529 ], [ 643223.422112943138927, 1166859.508117576362565 ], [ 643037.130666191922501, 1165958.405837621539831 ], [ 641933.679360692156479, 1165953.815354967722669 ] ] ], [ [ [ 645260.411211856058799, 1171369.890278344741091 ], [ 645447.547614580253139, 1172271.077074265340343 ], [ 646550.935129697201774, 1172275.806514076655731 ], [ 646363.80905562278349, 1171374.609988936921582 ], [ 645260.411211856058799, 1171369.890278344741091 ] ] ], [ [ [ 645634.826553853461519, 1173172.276402462506667 ], [ 645447.547614580253139, 1172271.077074265340343 ], [ 644344.164329757564701, 1172266.383402092382312 ], [ 644531.453610097407363, 1173167.573014400200918 ], [ 645634.826553853461519, 1173172.276402462506667 ] ] ], [ [ [ 658045.76596995012369, 1190337.896615370409563 ], [ 657476.48360872361809, 1187633.372309108264744 ], [ 655270.004280403023586, 1187623.107186328619719 ], [ 655649.425119300372899, 1189426.069790576584637 ], [ 656752.641647496260703, 1189431.20454838545993 ], [ 656942.555327325360849, 1190332.715354582061991 ], [ 658045.76596995012369, 1190337.896615370409563 ] ] ], [ [ [ 652664.338829488493502, 1206525.59109258512035 ], [ 652471.786937183351256, 1205623.918096996610984 ], [ 653574.787173960357904, 1205629.017576737096533 ], [ 653767.328461242257617, 1206530.700848082546145 ], [ 655973.321133974939585, 1206541.030801328830421 ], [ 655780.801041052211076, 1205639.32689590100199 ], [ 656883.814735387801193, 1205644.536736873677 ], [ 656691.447691881563514, 1204742.83559106849134 ], [ 660000.547917178599164, 1204758.654652594355866 ], [ 659808.355028309975751, 1203856.935457637999207 ], [ 662014.466098139877431, 1203867.644408709835261 ], [ 662206.637884207535535, 1204769.384509723866358 ], [ 663309.689908821601421, 1204774.804585533449426 ], [ 663117.52866634959355, 1203873.053990190383047 ], [ 664220.595966117456555, 1203878.500310049625114 ], [ 664412.746670193737373, 1204780.261427256511524 ], [ 665515.808200341882184, 1204785.755035713780671 ], [ 665131.670263392734341, 1202982.224908077158034 ], [ 668440.946901940507814, 1202998.862758994335309 ], [ 668249.123067100415938, 1202097.085762979695573 ], [ 666042.912796710501425, 1202085.978326987242326 ], [ 665659.65030558896251, 1200282.506249888567254 ], [ 663453.417282897164114, 1200271.587605796288699 ], [ 663070.68243906844873, 1198468.210108977742493 ], [ 664173.817549923202023, 1198473.630177347688004 ], [ 663982.674239560263231, 1197571.950644381344318 ], [ 662879.52864607819356, 1197566.541023613186553 ], [ 662688.51727407076396, 1196664.885027628624812 ], [ 663791.67334295087494, 1196670.284215292427689 ], [ 663410.098796110250987, 1194866.990610814187676 ], [ 665616.467055597458966, 1194877.856735435314476 ], [ 665997.999775222153403, 1196681.192150641232729 ], [ 667101.170202702167444, 1196686.700899966526777 ], [ 666338.716143310535699, 1193080.040509004145861 ], [ 667441.933167815906927, 1193085.543752300785854 ], [ 667251.686064528534189, 1192183.900907045230269 ], [ 666148.458621393423527, 1192178.408134672790766 ], [ 665958.343499187612906, 1191276.788820758229122 ], [ 664855.110464028315619, 1191271.342861863086 ], [ 665045.236002783174627, 1192172.951746819773689 ], [ 663942.018176638288423, 1192167.531742664985359 ], [ 664132.296551257022657, 1193069.143257753690705 ], [ 663029.093919595354237, 1193063.749248160980642 ], [ 662838.805110896122642, 1192162.148121393984184 ], [ 661735.596773500321433, 1192156.800882197683677 ], [ 661545.43995420075953, 1191255.223118921276182 ], [ 660442.225875935168006, 1191249.922579828184098 ], [ 660632.393132390920073, 1192151.490024270955473 ], [ 659529.194155508652329, 1192146.215546816354617 ], [ 659909.976881121867336, 1193949.368789020460099 ], [ 658806.803453095606528, 1193944.110120391938835 ], [ 659188.176886624307372, 1195747.294744550716132 ], [ 658085.029025051160716, 1195742.051936265546829 ], [ 658466.993224559351802, 1197545.26799704413861 ], [ 657363.870947081129998, 1197540.041100530186668 ], [ 657555.077230910072103, 1198441.658360849833116 ], [ 656451.970034242840484, 1198436.457724380074069 ], [ 656260.753236686461605, 1197534.850746488198638 ], [ 654054.531388987787068, 1197524.579662703210488 ], [ 654245.769229581113905, 1198426.166158309672028 ], [ 653142.675557519076392, 1198421.075227161636576 ], [ 653334.066412320826203, 1199322.664496220182627 ], [ 652230.987726166611537, 1199317.599945130292326 ], [ 652422.531613602535799, 1200219.192000536480919 ], [ 651319.467898997361772, 1200214.153869266854599 ], [ 651703.004271543351933, 1202017.356565967202187 ], [ 650599.966088121756911, 1202012.334718888625503 ], [ 651176.37111599300988, 1204717.205700420308858 ], [ 650073.369082632358186, 1204712.18999711680226 ], [ 650265.799697116250172, 1205613.82949336618185 ], [ 651368.791122239315882, 1205618.855402793036774 ], [ 651561.3536248030141, 1206520.518150146119297 ], [ 652664.338829488493502, 1206525.59109258512035 ] ], [ [ 652806.046855894150212, 1202022.41508850408718 ], [ 652998.018208164139651, 1202924.046149883652106 ], [ 651894.986199826118536, 1202918.977409896440804 ], [ 651703.004271543351933, 1202017.356565967202187 ], [ 652806.046855894150212, 1202022.41508850408718 ] ], [ [ 658705.30646264902316, 1203851.636086436919868 ], [ 657602.262500466080382, 1203846.373450395883992 ], [ 657410.190943377325311, 1202944.688154926523566 ], [ 658513.245462744729593, 1202949.940421338193119 ], [ 658705.30646264902316, 1203851.636086436919868 ] ], [ [ 659424.396574681042694, 1202053.536451319465414 ], [ 659232.631012491881847, 1201151.856610959395766 ], [ 660335.715832258341834, 1201157.161487731151283 ], [ 660527.470862145069987, 1202058.851723663508892 ], [ 659424.396574681042694, 1202053.536451319465414 ] ], [ [ 658129.550812614266761, 1201146.588387555675581 ], [ 657937.917164960876107, 1200244.931989918462932 ], [ 656834.831017484539188, 1200239.710745066870004 ], [ 656643.329294937080704, 1199338.077719097258523 ], [ 658849.527223792625591, 1199348.536183424293995 ], [ 659232.631012491881847, 1201151.856610959395766 ], [ 658129.550812614266761, 1201146.588387555675581 ] ] ], [ [ [ 640339.069131718948483, 1205570.251500670099631 ], [ 640146.542807125486434, 1204668.702621425734833 ], [ 639043.582859100773931, 1204664.05445015267469 ], [ 639236.11984442116227, 1205565.593398380791768 ], [ 640339.069131718948483, 1205570.251500670099631 ] ] ], [ [ [ 643647.941540181869641, 1205584.446475201984867 ], [ 643455.447166211553849, 1204682.867637879215181 ], [ 644558.423564266995527, 1204687.662813273025677 ], [ 644173.883720650803298, 1202884.523871388053522 ], [ 641967.892559430212714, 1202875.010294401086867 ], [ 642160.112465515965596, 1203776.553304702974856 ], [ 639954.159052862785757, 1203767.16662693885155 ], [ 640146.542807125486434, 1204668.702621425734833 ], [ 642352.474928673356771, 1204678.10921458224766 ], [ 642737.627520976704545, 1206481.259790416574106 ], [ 643840.578461333294399, 1206486.038255367428064 ], [ 644033.357928356272168, 1207387.6429927428253 ], [ 645136.302385495044291, 1207392.468335040379316 ], [ 644750.907298539648764, 1205589.251691637095064 ], [ 643647.941540181869641, 1205584.446475201984867 ] ] ], [ [ [ 659089.855805697967298, 1205655.066785514587536 ], [ 659282.344146267045289, 1206556.801848512375727 ], [ 660385.361012588487938, 1206562.132498678518459 ], [ 660192.883245701319538, 1205660.386994765838608 ], [ 659089.855805697967298, 1205655.066785514587536 ] ] ], [ [ [ 655973.321133974939585, 1206541.030801328830421 ], [ 656358.788716592360288, 1208344.477980232797563 ], [ 657461.770621186355129, 1208349.718940024264157 ], [ 657268.976201334036887, 1207447.97839684295468 ], [ 659474.974931142525747, 1207458.550073181279004 ], [ 659282.344146267045289, 1206556.801848512375727 ], [ 655973.321133974939585, 1206541.030801328830421 ] ] ], [ [ [ 650458.372815174981952, 1206515.482020003022626 ], [ 650843.946556810988113, 1208318.826222189469263 ], [ 651946.906113682780415, 1208323.882837588666007 ], [ 651561.3536248030141, 1206520.518150146119297 ], [ 650458.372815174981952, 1206515.482020003022626 ] ] ], [ [ [ 655255.811345547670498, 1208339.273890872718766 ], [ 655062.995712821837515, 1207437.554095273138955 ], [ 653960.012229035957716, 1207432.39720806456171 ], [ 653767.328461242257617, 1206530.700848082546145 ], [ 652664.338829488493502, 1206525.59109258512035 ], [ 653049.870076094288379, 1208328.976320324232802 ], [ 655255.811345547670498, 1208339.273890872718766 ] ] ], [ [ [ 655255.811345547670498, 1208339.273890872718766 ], [ 655448.769448952516541, 1209241.006818707333878 ], [ 656551.736203702283092, 1209246.221282724058256 ], [ 656358.788716592360288, 1208344.477980232797563 ], [ 655255.811345547670498, 1208339.273890872718766 ] ] ], [ [ [ 641690.745263131451793, 1211881.455632907804102 ], [ 641884.412103198701516, 1212783.108106677187607 ], [ 642987.279954400379211, 1212787.883180721197277 ], [ 642793.623828039504588, 1211886.220631409203634 ], [ 641690.745263131451793, 1211881.455632907804102 ] ] ], [ [ [ 644477.870416037971154, 1214596.079702371964231 ], [ 644283.939911457709968, 1213694.38094876985997 ], [ 645386.805372110800818, 1213699.240165263880044 ], [ 645193.028120606555603, 1212797.544324257178232 ], [ 642987.279954400379211, 1212787.883180721197277 ], [ 643375.019859556341544, 1214591.247379930922762 ], [ 644477.870416037971154, 1214596.079702371964231 ] ] ], [ [ [ 639872.519561111228541, 1213675.314340341603383 ], [ 640066.492989294813015, 1214576.972729309462011 ], [ 641169.331178159452975, 1214581.69389411713928 ], [ 640975.36848881538026, 1213680.025455253897235 ], [ 639872.519561111228541, 1213675.314340341603383 ] ] ], [ [ [ 641363.436430671950802, 1215483.37536116852425 ], [ 642466.26796928117983, 1215488.143669908633456 ], [ 642272.17345758783631, 1214586.452110752696171 ], [ 641169.331178159452975, 1214581.69389411713928 ], [ 641363.436430671950802, 1215483.37536116852425 ] ] ], [ [ [ 645968.992333758971654, 1216404.406181345228106 ], [ 645774.787479999125935, 1215502.671079337131232 ], [ 646877.635721780941822, 1215507.587712640641257 ], [ 646683.584120451938361, 1214605.855509951943532 ], [ 644477.870416037971154, 1214596.079702371964231 ], [ 644671.943461970891804, 1215497.791528268251568 ], [ 642466.26796928117983, 1215488.143669908633456 ], [ 642660.50503555033356, 1216389.848286394961178 ], [ 641557.684245036682114, 1216385.069870837265626 ], [ 641363.436430671950802, 1215483.37536116852425 ], [ 640260.608987926505506, 1215478.644131764769554 ], [ 640843.812393301166594, 1218183.736564290011302 ], [ 644152.210242789005861, 1218198.132585143437609 ], [ 643957.698828656109981, 1217296.391646837815642 ], [ 645060.517172633204609, 1217301.254454810172319 ], [ 644866.159047941095196, 1216399.516440922860056 ], [ 645968.992333758971654, 1216404.406181345228106 ] ] ], [ [ [ 660694.780471745762043, 1218275.130142067791894 ], [ 661797.6545352966059, 1218280.560681981500238 ], [ 661409.116932630771771, 1216476.759415325475857 ], [ 660306.221530572045594, 1216471.350069029722363 ], [ 660694.780471745762043, 1218275.130142067791894 ] ] ], [ [ [ 662900.533286057296209, 1218286.028397588524967 ], [ 661797.6545352966059, 1218280.560681981500238 ], [ 662381.529142121551558, 1220986.362755030626431 ], [ 663484.375846754992381, 1220991.862454385962337 ], [ 662900.533286057296209, 1218286.028397588524967 ] ] ], [ [ [ 641623.412839936208911, 1221790.709539134986699 ], [ 642014.068427783669904, 1223594.274743489455432 ], [ 643116.798828151077032, 1223599.09721769252792 ], [ 642726.164856171351857, 1221795.51163330138661 ], [ 641623.412839936208911, 1221790.709539134986699 ] ] ], [ [ [ 645322.272091844351962, 1223608.854147638659924 ], [ 645517.781281741568819, 1224510.687199065228924 ], [ 646620.513406100566499, 1224515.631951055023819 ], [ 646425.015019064536318, 1223613.788604846457019 ], [ 645322.272091844351962, 1223608.854147638659924 ] ] ], [ [ [ 643189.456522195949219, 1229005.286618066253141 ], [ 643582.392961874254979, 1230809.063051633536816 ], [ 641377.118100593797863, 1230799.366514114895836 ], [ 642362.062736536259763, 1235308.936964155407622 ], [ 641259.485995332710445, 1235304.093620650935918 ], [ 641654.483605973306112, 1237107.99426265899092 ], [ 643859.597484847297892, 1237117.760010397294536 ], [ 643464.643595164641738, 1235313.817990105366334 ], [ 644567.228603125899099, 1235318.736699233297259 ], [ 644369.976389687159099, 1234416.775332473684102 ], [ 643267.380470425705425, 1234411.86698674201034 ], [ 642873.281867829966359, 1232608.004920317325741 ], [ 643975.899587925407104, 1232612.892584103159606 ], [ 643779.075002269586548, 1231710.971173197031021 ], [ 644881.707771693821996, 1231715.886092253262177 ], [ 644685.036608219146729, 1230813.967639517504722 ], [ 645787.684440932585858, 1230818.909774464787915 ], [ 645198.558763029170223, 1228113.203108901157975 ], [ 646301.243369192699902, 1228118.15172242722474 ], [ 646105.164050798048265, 1227216.265714765759185 ], [ 648310.567656087689102, 1227226.254604691406712 ], [ 648114.652511756168678, 1226324.361151849385351 ], [ 649217.371551518095657, 1226329.401362051256001 ], [ 649413.275881874375045, 1227231.305209236918017 ], [ 651618.705339424312115, 1227241.518741284497082 ], [ 651422.822621054016054, 1226339.59402284049429 ], [ 653628.291223554988392, 1226349.936342588160187 ], [ 653432.5725766554242, 1225448.003993099788204 ], [ 655638.080522677279077, 1225458.474916249746457 ], [ 655442.525898393942043, 1224556.534870331175625 ], [ 654339.758920875494368, 1224551.291243788553402 ], [ 653558.922127803671174, 1220943.706391123589128 ], [ 654661.732103487942368, 1220948.908046660711989 ], [ 654272.190045720431954, 1219145.174445759272203 ], [ 656477.866346430499107, 1219155.647557032993063 ], [ 656283.330450166249648, 1218253.779723114101216 ], [ 658489.046278376481496, 1218264.380586062557995 ], [ 658294.674228282528929, 1217362.50501425168477 ], [ 657191.80334586952813, 1217357.196518123615533 ], [ 656997.563064806396142, 1216455.344745754729956 ], [ 655894.686049763346091, 1216450.083873862866312 ], [ 655506.611514225252904, 1214646.441018699435517 ], [ 649992.186635356745683, 1214620.7971391226165 ], [ 650186.206109393038787, 1215522.560113372746855 ], [ 649083.345004501752555, 1215517.532228911761194 ], [ 649471.832891885424033, 1217321.077059381641448 ], [ 648368.99754663114436, 1217316.065700853476301 ], [ 648563.465984399314038, 1218217.84756946307607 ], [ 647460.645673571154475, 1218212.863075838191435 ], [ 647655.267369059147313, 1219114.647830313304439 ], [ 646552.462078525219113, 1219109.690241130068898 ], [ 646357.829634335706942, 1218207.915747737744823 ], [ 645255.017834731144831, 1218203.005584418773651 ], [ 645449.661032917210832, 1219104.769844245165586 ], [ 644346.86420027515851, 1219099.886638918891549 ], [ 644541.660699796513654, 1220001.65382266161032 ], [ 643438.878820026759058, 1219996.797614864306524 ], [ 644219.533372189849615, 1223603.957018832210451 ], [ 643116.798828151077032, 1223599.09721769252792 ], [ 643899.777360978070647, 1227206.42657873686403 ], [ 642797.090279532130808, 1227201.563166583422571 ], [ 642993.202125572250225, 1228103.418276858748868 ], [ 644095.878359132795595, 1228108.291960624279454 ], [ 644292.12190060922876, 1229010.17058831686154 ], [ 643189.456522195949219, 1229005.286618066253141 ] ], [ [ 645322.272091844351962, 1223608.854147638659924 ], [ 645126.905437379609793, 1222707.034298831596971 ], [ 646229.659160203533247, 1222711.958476075204089 ], [ 646425.015019064536318, 1223613.788604846457019 ], [ 647527.762185797095299, 1223618.760391197167337 ], [ 647723.249775289092213, 1224520.614059706218541 ], [ 649928.735375942196697, 1224530.69034999073483 ], [ 650124.343891397351399, 1225432.578022164059803 ], [ 646816.154319990426302, 1225417.488529277266935 ], [ 647011.937759410822764, 1226319.358354098629206 ], [ 645909.227262542350218, 1226314.39296804764308 ], [ 645713.433005749713629, 1225412.533467676956207 ], [ 644610.715909718768671, 1225407.615789512638003 ], [ 644219.533372189849615, 1223603.957018832210451 ], [ 645322.272091844351962, 1223608.854147638659924 ] ], [ [ 649537.945861660293303, 1222726.954820540267974 ], [ 650640.716712982626632, 1222732.028208776144311 ], [ 650445.546483903657645, 1221830.169947053305805 ], [ 651548.33245904231444, 1221835.270237167133018 ], [ 651938.793886827887036, 1223639.020843045320362 ], [ 653041.562730362988077, 1223644.17928642174229 ], [ 653236.996411819127388, 1224546.084979262435809 ], [ 649928.735375942196697, 1224530.69034999073483 ], [ 649537.945861660293303, 1222726.954820540267974 ] ], [ [ 651289.071565941208974, 1215527.625083056744188 ], [ 653494.815661911154166, 1215537.866281140362844 ], [ 653688.945538130355999, 1216439.673479127464816 ], [ 652586.081977586378343, 1216434.523954720702022 ], [ 652780.365036989096552, 1217336.333975044777617 ], [ 651677.516605092678219, 1217331.211195715935901 ], [ 651289.071565941208974, 1215527.625083056744188 ] ] ], [ [ [ 653113.597934452118352, 1229050.592126111499965 ], [ 652721.426635064999573, 1227246.681670320685953 ], [ 651618.705339424312115, 1227241.518741284497082 ], [ 652010.898256559157744, 1229045.408198630902916 ], [ 653113.597934452118352, 1229050.592126111499965 ] ] ], [ [ [ 653113.597934452118352, 1229050.592126111499965 ], [ 653309.897310846252367, 1229952.567415906349197 ], [ 652207.208452682709321, 1229947.372966876253486 ], [ 652403.661138750147074, 1230849.35111441812478 ], [ 656814.400041939457878, 1230870.396378431702033 ], [ 656617.990631784196012, 1229968.375919904559851 ], [ 654412.590605464065447, 1229957.799390563042834 ], [ 654216.302043474745005, 1229055.813551688799635 ], [ 653113.597934452118352, 1229050.592126111499965 ] ] ], [ [ [ 647848.879037655657157, 1245246.267614504089579 ], [ 648047.830649070674554, 1246148.400698744459078 ], [ 646945.372896291082725, 1246143.318444209871814 ], [ 647343.725675072753802, 1247947.604059355566278 ], [ 648446.16142041888088, 1247952.707501700846478 ], [ 648845.062247511232272, 1249757.068582835141569 ], [ 649947.480255836388096, 1249762.231398557312787 ], [ 649747.969602387049235, 1248860.033406543079764 ], [ 650850.402952907606959, 1248865.223661320982501 ], [ 650252.759019691613503, 1246158.679253434762359 ], [ 649150.292679580627009, 1246153.520968229975551 ], [ 648951.352055630763061, 1245251.377285216469318 ], [ 647848.879037655657157, 1245246.267614504089579 ] ] ], [ [ [ 675226.681516103912145, 1139999.311162200756371 ], [ 675590.45798204455059, 1141801.476449528010562 ], [ 676694.344553734175861, 1141807.03286106325686 ], [ 676330.587912454502657, 1140004.847263717092574 ], [ 675226.681516103912145, 1139999.311162200756371 ] ] ], [ [ [ 666759.547057552728802, 1141758.279960522660986 ], [ 666941.728362658293918, 1142659.300956126302481 ], [ 668045.564905934268609, 1142664.588485599961132 ], [ 667863.39356352458708, 1141763.557534501655027 ], [ 666759.547057552728802, 1141758.279960522660986 ] ] ], [ [ [ 655721.34415943804197, 1141707.420900553232059 ], [ 655903.625364254694432, 1142608.343854565406218 ], [ 657007.414675382548012, 1142613.282633196096867 ], [ 656825.143482892774045, 1141712.349998822901398 ], [ 655721.34415943804197, 1141707.420900553232059 ] ] ], [ [ [ 668045.564905934268609, 1142664.588485599961132 ], [ 668227.878636759822257, 1143565.631869833450764 ], [ 669331.710115427849814, 1143570.96427551144734 ], [ 669149.40634960308671, 1142669.910894451895729 ], [ 668045.564905934268609, 1142664.588485599961132 ] ] ], [ [ [ 664724.193792836042121, 1153451.245398613391444 ], [ 664908.266424145665951, 1154352.388671796768904 ], [ 666011.95325429062359, 1154357.665942796738818 ], [ 665827.890699896845035, 1153456.512643805705011 ], [ 664724.193792836042121, 1153451.245398613391444 ] ] ], [ [ [ 673378.412929345620796, 1163397.316221856512129 ], [ 673563.991124878055416, 1164298.659773076418787 ], [ 674667.596461537177674, 1164304.261484399670735 ], [ 674482.028392494423315, 1163402.90758804557845 ], [ 673378.412929345620796, 1163397.316221856512129 ] ] ], [ [ [ 692325.995190396439284, 1164398.723131415201351 ], [ 692511.544145411346108, 1165300.259321867022663 ], [ 693615.230241252225824, 1165306.476189327659085 ], [ 693429.691334985429421, 1164404.929171298397705 ], [ 692325.995190396439284, 1164398.723131415201351 ] ] ], [ [ [ 695665.5445295778336, 1175224.358167423633859 ], [ 695852.79000770940911, 1176126.062796161044389 ], [ 696956.360655545024201, 1176132.446613293373957 ], [ 696769.125307131325826, 1175230.730959391687065 ], [ 695665.5445295778336, 1175224.358167423633859 ] ] ], [ [ [ 696227.707581941387616, 1177929.511754929786548 ], [ 695852.79000770940911, 1176126.062796161044389 ], [ 694749.225055867689662, 1176119.714894309872761 ], [ 695124.162921025766991, 1177923.141815157141536 ], [ 696227.707581941387616, 1177929.511754929786548 ] ] ], [ [ [ 683901.381270123994909, 1176959.809252318227664 ], [ 684464.733534206752665, 1179664.682561639230698 ], [ 685568.20248145761434, 1179670.714392652502283 ], [ 685004.880836964584887, 1176965.808789213420823 ], [ 683901.381270123994909, 1176959.809252318227664 ] ] ], [ [ [ 660378.011407466605306, 1180442.512793988455087 ], [ 660001.564259357866831, 1178639.685219674836844 ], [ 658898.200202379724942, 1178634.491667320253327 ], [ 659086.362887440714985, 1179535.888900799909607 ], [ 657983.013785418705083, 1179530.721198798390105 ], [ 658171.329259815742262, 1180432.121101928409189 ], [ 660378.011407466605306, 1180442.512793988455087 ] ] ], [ [ [ 663688.069671120960265, 1180458.370515731628984 ], [ 663876.475898074568249, 1181359.834228993626311 ], [ 664979.827800958883017, 1181365.202472606441006 ], [ 664791.431898633716628, 1180463.728475128300488 ], [ 663688.069671120960265, 1180458.370515731628984 ] ] ], [ [ [ 657256.463380241533741, 1181328.381876286119223 ], [ 657822.722971701994538, 1184032.666502956300974 ], [ 658926.015668562497012, 1184037.848876670468599 ], [ 658359.78718659421429, 1181333.533807007130235 ], [ 657256.463380241533741, 1181328.381876286119223 ] ] ], [ [ [ 681204.067205015337095, 1211174.273611173033714 ], [ 677894.923908678931184, 1211156.239277276676148 ], [ 678281.413710820954293, 1212960.224793657427654 ], [ 677178.397387535776943, 1212954.265389709733427 ], [ 676598.844550944981165, 1210248.340152115095407 ], [ 675495.801731135114096, 1210242.450514541938901 ], [ 675302.891582951531745, 1209340.513219576328993 ], [ 674199.843316335580312, 1209334.67137916944921 ], [ 674585.82702787569724, 1211138.537664570380002 ], [ 673482.804899473325349, 1211132.711060892324895 ], [ 673676.020826539257541, 1212034.653474712744355 ], [ 671470.012750023161061, 1212023.089527059579268 ], [ 671856.913945217151195, 1213826.971285240724683 ], [ 670753.938540376257151, 1213821.223201510030776 ], [ 670947.613273077295162, 1214723.173390496289358 ], [ 669844.653414000757039, 1214717.451559155248106 ], [ 669650.968084417516366, 1213815.512163312872872 ], [ 668548.0025453499984, 1213809.838169790571555 ], [ 668935.536790896905586, 1215613.708826178452 ], [ 671141.430373557494022, 1215625.137004808522761 ], [ 671335.389840529300272, 1216527.11405918514356 ], [ 672438.333448798046447, 1216532.894649157067761 ], [ 672244.384587879525498, 1215630.906744642183185 ], [ 673347.343793512554839, 1215636.713585975812748 ], [ 673735.362664510030299, 1217440.724634682293981 ], [ 674838.30569503409788, 1217446.590403618756682 ], [ 674644.235686924424954, 1216544.567217132309452 ], [ 675747.194380756351165, 1216550.459196889074519 ], [ 675553.277306675678119, 1215648.438576638465747 ], [ 676656.251678188331425, 1215654.356727728853002 ], [ 676462.487519840127788, 1214752.338660832960159 ], [ 677565.477583419764414, 1214758.282943761907518 ], [ 677371.866322514018975, 1213856.267417317023501 ], [ 678474.872092568548396, 1213862.237792579922825 ], [ 679056.101145191350952, 1216568.357929876074195 ], [ 676850.158167086425237, 1216556.38830833719112 ], [ 677238.398131401045248, 1218360.492069932399318 ], [ 676135.455536981811747, 1218354.540993531467393 ], [ 676913.685845726169646, 1221962.867226381786168 ], [ 675810.790845101699233, 1221956.909339847741649 ], [ 676200.781265552621335, 1223761.131926311878487 ], [ 677303.654977672733366, 1223767.111900133080781 ], [ 677498.853033534949645, 1224669.25467839022167 ], [ 676395.989976427983493, 1224663.263638681266457 ], [ 676591.341019354062155, 1225565.408983652479947 ], [ 678797.05095397552941, 1225577.450631832936779 ], [ 678211.488737003877759, 1222870.989001800538972 ], [ 679314.383387073641643, 1222877.032574686454609 ], [ 679119.491250454913825, 1221974.894891491858289 ], [ 680222.401718503911979, 1221980.964671874884516 ], [ 679833.065618159016594, 1220176.707994419615716 ], [ 682038.944671045173891, 1220188.914903168100864 ], [ 681844.511276192148216, 1219286.784766311291605 ], [ 680741.55853607179597, 1219280.673818812239915 ], [ 680353.097473286557943, 1217476.476641555316746 ], [ 682559.050540302647278, 1217488.691270371666178 ], [ 683141.892091409885325, 1220195.074226785916835 ], [ 684244.8448170281481, 1220201.270797797944397 ], [ 684439.399322582641616, 1221103.436953264288604 ], [ 685542.346800874569453, 1221109.681999752297997 ], [ 685347.802879884839058, 1220207.504617134807631 ], [ 687553.735145240323618, 1220220.084004537435248 ], [ 688332.679760417784564, 1223828.966158726485446 ], [ 689435.61170817585662, 1223835.357057066168636 ], [ 689045.876059988630004, 1222030.865784281864762 ], [ 692354.768405535258353, 1222050.194245251594111 ], [ 692549.533386731171049, 1222952.467175252037123 ], [ 695858.444204078288749, 1222972.165859999135137 ], [ 696053.319719369756058, 1223874.487091976683587 ], [ 694950.354376122588292, 1223867.872004502685741 ], [ 695340.553159094415605, 1225672.533053777413443 ], [ 697546.447254237369634, 1225685.846820636186749 ], [ 697156.290740453521721, 1223881.139547751750797 ], [ 698259.267471350263804, 1223887.829372828127816 ], [ 698064.413058903068304, 1222985.485018408158794 ], [ 696961.425779177807271, 1222978.80676834937185 ], [ 696766.703016670187935, 1222076.487873513251543 ], [ 700075.713707251125015, 1222096.599889504723251 ], [ 699686.757938703522086, 1220291.934299928834662 ], [ 700789.794081395491958, 1220298.689696714980528 ], [ 700984.190363751142286, 1221201.027155408635736 ], [ 703190.259123899275437, 1221214.67304834513925 ], [ 702995.883849942358211, 1220312.312280197395012 ], [ 704098.937539786216803, 1220319.17946894117631 ], [ 703904.714915041346103, 1219416.820947632659227 ], [ 706110.86102908430621, 1219430.643678831402212 ], [ 706305.062690590042621, 1220333.025645592715591 ], [ 707408.134215543977916, 1220340.004635581979528 ], [ 707213.943027931964025, 1219437.610904687317088 ], [ 708317.031030667130835, 1219444.61537210829556 ], [ 709094.606647210428491, 1223054.321536515606567 ], [ 710197.658788857748732, 1223061.410612833919004 ], [ 710392.397505627246574, 1223963.884114014450461 ], [ 711495.445248924428597, 1223971.022450710646808 ], [ 710717.384972598170862, 1220361.165224803611636 ], [ 709614.295324548496865, 1220354.074424129910767 ], [ 709420.125069289817475, 1219451.657082147197798 ], [ 710523.225175804109313, 1219458.736035862471908 ], [ 710329.207490427535959, 1218556.320863524684682 ], [ 708122.992437408072874, 1218542.22383648622781 ], [ 707929.095971007482149, 1217639.84627271303907 ], [ 709032.210915554082021, 1217646.864388429326937 ], [ 708838.467019581352361, 1216744.489006356336176 ], [ 709941.598458930966444, 1216751.53250792552717 ], [ 709554.55788810737431, 1214946.800036650616676 ], [ 710657.716254788800143, 1214953.857083972077817 ], [ 710464.419556027278304, 1214051.499981119297445 ], [ 712670.775446405750699, 1214065.701745324768126 ], [ 712864.051338965306059, 1214968.082502935780212 ], [ 713967.228120500571094, 1214975.250876716338098 ], [ 714160.635706934379414, 1215877.657502870541066 ], [ 716366.987119300290942, 1215892.129434342961758 ], [ 716173.600322564016096, 1214989.69895826256834 ], [ 715070.4111043587327, 1214982.456361463991925 ], [ 714491.072035564808175, 1212275.284775716485456 ], [ 718903.991080489009619, 1212304.334437359357253 ], [ 719289.992106913588941, 1214109.197047219146043 ], [ 720393.216947547974996, 1214116.576068649534136 ], [ 720586.420179296983406, 1215019.040487820282578 ], [ 721689.641049582511187, 1215026.468661314342171 ], [ 721303.397346545360051, 1213221.529786388156936 ], [ 722406.645345521275885, 1213228.970913751749322 ], [ 722020.990485437912866, 1211424.064222725108266 ], [ 720917.721812522737309, 1211416.647201265441254 ], [ 720725.097111978568137, 1210514.226979301078245 ], [ 721828.376111262012273, 1210521.631969865178689 ], [ 721635.903775971499272, 1209619.213758471887559 ], [ 717222.784749426180497, 1209589.863574106013402 ], [ 717030.413174877408892, 1208687.507229352369905 ], [ 718133.693729067104869, 1208694.777429615845904 ], [ 717749.397423823014833, 1206890.082788791041821 ], [ 716646.096235951292329, 1206882.83638187777251 ], [ 716838.183669974096119, 1207785.164836991112679 ], [ 715734.899085109587759, 1207777.943435106193647 ], [ 715542.801332710194401, 1206875.626841725548729 ], [ 711129.683925084304065, 1206847.157327123917639 ], [ 710745.832095563178882, 1205042.660013659624383 ], [ 709642.54746846226044, 1205035.658194613875821 ], [ 709259.243441181257367, 1203231.239501365227625 ], [ 711465.860075243515894, 1203245.233200433198363 ], [ 711083.165735221002251, 1201440.82297526509501 ], [ 713289.848082029726356, 1201454.916833119466901 ], [ 713481.103621687972918, 1202357.138461641035974 ], [ 712377.769655246054754, 1202350.061464934144169 ], [ 712760.727603922365233, 1204154.522707935189828 ], [ 713864.040977115393616, 1204161.623186086071655 ], [ 714055.722790420986712, 1205063.886312130605802 ], [ 715159.032066729152575, 1205071.035362277878448 ], [ 714775.831127396319062, 1203266.499391896650195 ], [ 716982.509603547863662, 1203280.860627216985449 ], [ 717365.669378699734807, 1205085.443895000731573 ], [ 718468.997478472185321, 1205092.703379743266851 ], [ 718277.356843524496071, 1204190.392927080625668 ], [ 720484.05264972243458, 1204204.998509775847197 ], [ 720292.574621061678044, 1203302.678163313539699 ], [ 718085.85827021941077, 1203288.096380412112921 ], [ 717894.50175978266634, 1202385.813724626088515 ], [ 716791.14282028505113, 1202378.589815305313095 ], [ 716599.918108201702125, 1201476.332864590687677 ], [ 715496.555189264239743, 1201469.157486715586856 ], [ 715305.462285876274109, 1200566.926169223152101 ], [ 713098.734636048437096, 1200552.709007002180442 ], [ 712716.934030041098595, 1198748.334701857995242 ], [ 713820.315272767329589, 1198755.401526673231274 ], [ 713439.103554209461436, 1196951.058888935251161 ], [ 714542.511491826851852, 1196958.138913754140958 ], [ 713971.790291088400409, 1194251.692966728238389 ], [ 716178.686197247356176, 1194265.892424169462174 ], [ 715798.956644863821566, 1192461.616998104611412 ], [ 716902.434385717613623, 1192468.748011942254379 ], [ 716712.792907975963317, 1191566.619174755644053 ], [ 715609.304984385962598, 1191559.499858150724322 ], [ 715230.427900957991369, 1189755.306649552192539 ], [ 717437.45072156493552, 1189769.534925850806758 ], [ 717248.245618944521993, 1188867.435491839190945 ], [ 713937.690299136564136, 1188846.182556145358831 ], [ 713559.645394951570779, 1187042.094505269313231 ], [ 714663.177887890487909, 1187049.119290710194036 ], [ 714474.378718286752701, 1186147.084099129075184 ], [ 715577.927589298808016, 1186154.13353532156907 ], [ 715955.647725938935764, 1187958.240775058278814 ], [ 718162.723750313860364, 1187972.494990619365126 ], [ 717785.044158504344523, 1186168.341113566653803 ], [ 716681.482725332956761, 1186161.219206445384771 ], [ 716492.845902919303626, 1185259.174400401301682 ], [ 715389.280638821655884, 1185252.100353228393942 ], [ 714636.113650839775801, 1181644.10352903068997 ], [ 713532.514185534324497, 1181637.111931012012064 ], [ 714097.206638492061757, 1184343.054518572287634 ], [ 711890.08701502927579, 1184329.110537771368399 ], [ 711513.442798004951328, 1182525.18133764853701 ], [ 710409.871979741728865, 1182518.286567916860804 ], [ 710786.536457363050431, 1184322.192812740802765 ], [ 709682.992026249179617, 1184315.311263233423233 ], [ 710060.245242186472751, 1186119.248682535486296 ], [ 708956.727214585640468, 1186112.380405195755884 ], [ 708768.019390666391701, 1185210.416387146804482 ], [ 707664.497272304375656, 1185203.595769201172516 ], [ 708042.075375085114501, 1187007.514463384170085 ], [ 706938.579635318485089, 1187000.707224786281586 ], [ 706560.981189163750969, 1185196.811351282289252 ], [ 705457.471109136240557, 1185190.063132368493825 ], [ 706024.11252171988599, 1187895.893045444739982 ], [ 707127.592060939641669, 1187902.675434170523658 ], [ 707316.746619960293174, 1188804.657178417546675 ], [ 708420.22198787832167, 1188811.487295234343037 ], [ 708609.50848247599788, 1189713.494049906963482 ], [ 709712.979714133311063, 1189720.371965441154316 ], [ 709902.398133884184062, 1190622.403801832580939 ], [ 713212.817945985589176, 1190643.290260618552566 ], [ 713402.347894036676735, 1191545.370422400301322 ], [ 711195.415598812745884, 1191531.386576185235754 ], [ 711764.919240412535146, 1194237.639430092414841 ], [ 708454.658706916030496, 1194216.832708174595609 ], [ 708644.808165439288132, 1195118.909612762741745 ], [ 710851.621940679964609, 1195132.767406427301466 ], [ 711422.861547085107304, 1197839.149644726887345 ], [ 710319.482359500834718, 1197832.167684105457738 ], [ 710510.190037310123444, 1198734.310899503529072 ], [ 709406.827223162399605, 1198727.353919854853302 ], [ 709979.833766817580909, 1201433.831092088017613 ], [ 707773.188079702551477, 1201419.957411976996809 ], [ 708155.944248191197403, 1203224.297777238767594 ], [ 707052.651095155393705, 1203217.392801989801228 ], [ 707244.252695650444366, 1204119.572006448870525 ], [ 703934.440162947168574, 1204099.042899229098111 ], [ 703551.317102690343745, 1202294.767520272638649 ], [ 702448.037450136733241, 1202288.021015222882852 ], [ 701874.388062197598629, 1199581.744923903839663 ], [ 700771.083295289427042, 1199575.069419870153069 ], [ 700198.682487770100124, 1196868.950124800670892 ], [ 701302.01817948569078, 1196875.591474830871448 ], [ 700921.149110432015732, 1195071.557111520553008 ], [ 699817.79283782641869, 1195064.938458276446909 ], [ 699627.561283090617508, 1194162.95293951430358 ], [ 698524.200527540058829, 1194156.382079784059897 ], [ 698334.100876928889193, 1193254.421368850860745 ], [ 697230.735603346605785, 1193247.898232007166371 ], [ 697040.767867305316031, 1192345.962257582927123 ], [ 695937.398040614789352, 1192339.486773022916168 ], [ 696127.376057339482941, 1193241.411532462807372 ], [ 695024.022206828230992, 1193234.96126924129203 ], [ 694644.18781471485272, 1191431.147560978773981 ], [ 695747.562229591538198, 1191437.575463834684342 ], [ 695557.868625510716811, 1190535.677590136416256 ], [ 696661.258992132730782, 1190542.130688056349754 ], [ 696282.318921082653105, 1188738.352859182283282 ], [ 698489.157815858954564, 1188751.323296314338222 ], [ 698299.921559705282561, 1187849.432129282969981 ], [ 693886.225609456654638, 1187823.681079251691699 ], [ 694264.922278955811635, 1189627.387536942958832 ], [ 693161.532971439999528, 1189621.018261760473251 ], [ 693351.104901034967043, 1190522.880454096244648 ], [ 692247.731479010079056, 1190516.536414051195607 ], [ 692058.149274965398945, 1189614.685310668079183 ], [ 690954.771157449693419, 1189608.388682712800801 ], [ 690765.320911918301135, 1188706.561989062465727 ], [ 691868.709301796974614, 1188712.847570047248155 ], [ 691490.256053041783161, 1186909.212118313647807 ], [ 692593.670529920142144, 1186915.511888966662809 ], [ 692404.667502626776695, 1186013.703117116121575 ], [ 691301.242779931402765, 1186007.414377841632813 ], [ 690923.64294242975302, 1184203.858794366708025 ], [ 692027.088135275291279, 1184210.125513966893777 ], [ 691838.511797686223872, 1183308.356653350405395 ], [ 692941.972790497820824, 1183314.648515723412856 ], [ 692565.267230744706467, 1181511.128614398650825 ], [ 694772.24687560973689, 1181523.776593198534101 ], [ 694960.508147467859089, 1182425.551963980542496 ], [ 697167.490065210382454, 1182438.366425466490909 ], [ 696791.150469851563685, 1180634.7846656863112 ], [ 697894.670361791038886, 1180641.22382250521332 ], [ 697706.724029393400997, 1179739.441806563409045 ], [ 695499.669630609103478, 1179726.621711482759565 ], [ 695124.162921025766991, 1177923.141815157141536 ], [ 694020.623934006085619, 1177916.807844852795824 ], [ 694208.316345077822916, 1178818.530150990234688 ], [ 693104.793166070710868, 1178812.221163991373032 ], [ 693292.637967583257705, 1179713.945714859524742 ], [ 689982.132540513994172, 1179695.201887864386663 ], [ 689794.257188602816314, 1178793.510170037625358 ], [ 690897.763619954930618, 1178799.711174456169829 ], [ 690710.040695071686059, 1177898.021741240750998 ], [ 691813.562853152165189, 1177904.247808839427307 ], [ 691625.992337159113958, 1177002.560646626865491 ], [ 692729.530236868886277, 1177008.811737472889945 ], [ 692542.112111635622568, 1176107.12683263188228 ], [ 690335.021565812290646, 1176094.682420681696385 ], [ 690147.725363892037421, 1175193.032504213741049 ], [ 687940.636634789872915, 1175180.753426448674873 ], [ 688127.953161367680877, 1176082.381650967989117 ], [ 687024.427181845298037, 1176076.285129632335156 ], [ 687211.896142035722733, 1176977.915664492174983 ], [ 688315.411944508552551, 1176984.023004698101431 ], [ 688690.756275563267991, 1178787.34515793947503 ], [ 687587.260848719161004, 1178781.2161372336559 ], [ 687963.194595587090589, 1180584.569244279759005 ], [ 689066.66961810272187, 1180590.720002573914826 ], [ 689631.60650686302688, 1183295.881320936372504 ], [ 687424.723261738196015, 1183283.550505384802818 ], [ 686671.67682359891478, 1179676.782239865744486 ], [ 685568.20248145761434, 1179670.714392652502283 ], [ 686321.28982605424244, 1183277.439289109315723 ], [ 685217.861805485095829, 1183271.364199273986742 ], [ 684841.013114090659656, 1181467.997061742702499 ], [ 683737.56998870940879, 1181461.979700335534289 ], [ 684491.877477469854057, 1185068.723466178867966 ], [ 683388.480717517435551, 1185062.69902139226906 ], [ 683577.423567177029327, 1185964.407110568368807 ], [ 682474.042415379779413, 1185958.408048102166504 ], [ 680966.401699189562351, 1178745.197780971648172 ], [ 682069.864883315050974, 1178751.11087250080891 ], [ 681694.398147224215791, 1176947.91797550348565 ], [ 682797.887050916790031, 1176953.84564804751426 ], [ 682610.377332166302949, 1176052.258113087387756 ], [ 685920.906641288311221, 1176070.224516086047515 ], [ 685546.375170747982338, 1174267.02431669505313 ], [ 684442.839684349717572, 1174261.021094831638038 ], [ 684068.856983424397185, 1172457.894610385643318 ], [ 686275.973990817903541, 1172469.893994860351086 ], [ 686089.21636164188385, 1171568.328889854718 ], [ 683882.079056900227442, 1171556.350918301614001 ], [ 683695.443414643756114, 1170654.820240378146991 ], [ 684799.019520156783983, 1170660.78066310333088 ], [ 683682.254417929099873, 1165251.805311393691227 ], [ 689200.519352707080543, 1165281.822216885630041 ], [ 689014.940221579396166, 1164380.318343794904649 ], [ 692325.995190396439284, 1164398.723131415201351 ], [ 692140.588464783853851, 1163497.199966752203181 ], [ 691036.887872580206022, 1163491.040268747834489 ], [ 690851.613338204566389, 1162589.540887258481234 ], [ 688644.208713343366981, 1162577.349533727159724 ], [ 688459.056338664493524, 1161675.884567921981215 ], [ 687355.352233926998451, 1161669.852813814533874 ], [ 687170.332073906669393, 1160768.411449332023039 ], [ 683859.222213371424004, 1160750.560818831436336 ], [ 683674.314188272459432, 1159849.164141859859228 ], [ 685881.735444849706255, 1159861.007965120719746 ], [ 685512.386390746221878, 1158058.210934747476131 ], [ 684408.653008155757561, 1158052.292458450421691 ], [ 684224.181870134547353, 1157150.923782414291054 ], [ 685327.925273821223527, 1157156.831708889687434 ], [ 685143.606431935797445, 1156255.465323484269902 ], [ 686247.365242862608284, 1156261.398017531028017 ], [ 686616.125176608562469, 1158064.164769538911059 ], [ 687719.869397919625044, 1158070.153963721124455 ], [ 687535.428308293339796, 1157168.753555567236617 ], [ 689742.95319345605094, 1157180.816733206622303 ], [ 689558.674357557669282, 1156279.407928994623944 ], [ 688454.899173485580832, 1156273.369319384684786 ], [ 688270.752598195220344, 1155371.984029310755432 ], [ 689374.537769141141325, 1155378.012006878154352 ], [ 689006.691339585697278, 1153575.258751553716138 ], [ 690110.501969964476302, 1153581.30073129455559 ], [ 689926.80209160503, 1152679.932751727057621 ], [ 691030.628216858254746, 1152685.999311460414901 ], [ 690847.0805318626808, 1151784.633539302973077 ], [ 689743.244458368397318, 1151778.577610875014216 ], [ 689559.829071456450038, 1150877.23529441957362 ], [ 691767.526657399721444, 1150889.361060020746663 ], [ 691950.922167135635391, 1151790.724638775689527 ], [ 693054.769396392628551, 1151796.850910211913288 ], [ 693238.297199702356011, 1152698.238027652259916 ], [ 695445.988707009004429, 1152710.617545631714165 ], [ 695079.115034768125042, 1150907.813293779967353 ], [ 693975.246599574806169, 1150901.627403249265626 ], [ 693792.013166106422432, 1150000.255317749455571 ], [ 692688.140465292497538, 1149994.115259591955692 ], [ 692505.03933990362566, 1149092.766697742510587 ], [ 693608.921952632023022, 1149098.896083692787215 ], [ 693060.50164415105246, 1146394.895346924429759 ], [ 694164.419578442582861, 1146401.027808075305074 ], [ 693981.907135194516741, 1145499.709192359354347 ], [ 692877.979322624276392, 1145493.587375435279682 ], [ 691967.501128518953919, 1140987.238930949475616 ], [ 694175.460952702444047, 1140999.411381812067702 ], [ 693993.811670386930928, 1140098.158725628396496 ], [ 686265.980798968113959, 1140056.238429541001096 ], [ 686447.698995889048092, 1140957.417542638722807 ], [ 685343.75501339067705, 1140951.557784436037764 ], [ 685162.026951954467222, 1140050.389067296870053 ], [ 680746.265253848512657, 1140027.339711614651605 ], [ 680928.032822375185788, 1140928.467120347777382 ], [ 678720.203519018250518, 1140917.130797379417345 ], [ 678538.416167490533553, 1140016.023877613246441 ], [ 677434.499452174291946, 1140010.41816857480444 ], [ 677798.236278637778014, 1141812.624131004791707 ], [ 680006.035316990572028, 1141823.911249481141567 ], [ 680188.097395778633654, 1142725.053527760552242 ], [ 676876.436372507829219, 1142708.144447013968602 ], [ 677058.670521760010161, 1143609.268576596397907 ], [ 673747.085727815516293, 1143592.642983368365094 ], [ 673564.821772526367567, 1142691.549339754739776 ], [ 674668.688201412092894, 1142697.046157629229128 ], [ 674122.780230894684792, 1139993.809863190865144 ], [ 671914.992864979896694, 1139982.911669382825494 ], [ 672096.839683584519662, 1140883.957783047109842 ], [ 673200.72091970522888, 1140889.39954504952766 ], [ 673382.700169418589212, 1141790.468198332935572 ], [ 670071.101294016698375, 1141774.217238830402493 ], [ 670435.546531652682461, 1143576.331588892731816 ], [ 669331.710115427849814, 1143570.96427551144734 ], [ 669514.156261201365851, 1144472.030117536894977 ], [ 663995.097509998828173, 1144445.66737216594629 ], [ 663812.601453391602263, 1143544.651308168889955 ], [ 658293.612203739350662, 1143519.210934585426003 ], [ 658476.158295313012786, 1144420.177908468293026 ], [ 656268.615177865023725, 1144410.226620248053223 ], [ 655903.625364254694432, 1142608.343854565406218 ], [ 653696.060347952297889, 1142598.570909283589572 ], [ 653878.504075342323631, 1143499.486838738899678 ], [ 651670.977059701341204, 1143489.834175396710634 ], [ 651306.19195426767692, 1141688.052934136474505 ], [ 654617.549377060029656, 1141702.526645684381947 ], [ 654435.400631860597059, 1140801.625598123297095 ], [ 655539.205424253712408, 1140806.510213928995654 ], [ 655357.209159926860593, 1139905.611780827632174 ], [ 650941.976844088523649, 1139886.320541764376685 ], [ 651124.013149155071005, 1140787.180638749618083 ], [ 650020.226179033052176, 1140782.435279222670943 ], [ 649838.17985133221373, 1139881.58469751640223 ], [ 634385.466151892906055, 1139818.934964112006128 ], [ 634567.653321046498604, 1140719.655218493426219 ], [ 630152.777638053754345, 1140702.97103867563419 ], [ 629970.55004802683834, 1139802.287031303625554 ], [ 625555.694588909042068, 1139786.195463865762576 ], [ 626102.926868416136131, 1142488.175722004845738 ], [ 628310.286319659673609, 1142496.205591497244313 ], [ 628492.962108821142465, 1143396.907408378785476 ], [ 630700.316239306819625, 1143405.094735298538581 ], [ 630517.660734950215556, 1142504.374877066351473 ], [ 629413.971640700940043, 1142500.272806966677308 ], [ 629231.448640679591335, 1141599.573933247942477 ], [ 631438.850894576869905, 1141607.794859984191135 ], [ 631621.353634600178339, 1142508.511802414199337 ], [ 636036.163931150571443, 1142525.40806882432662 ], [ 636401.516291047213599, 1144326.951000221539289 ], [ 635297.82808456546627, 1144322.656290203565732 ], [ 635480.728290915489197, 1145223.436639990424737 ], [ 634377.054163112537935, 1145219.167670764494687 ], [ 634560.107114916900173, 1146119.9508948889561 ], [ 635663.771100950310938, 1146124.229049881920218 ], [ 635846.956513413460925, 1147025.033533577341586 ], [ 636950.614309709519148, 1147029.35588334989734 ], [ 636767.439041315810755, 1146128.542172566521913 ], [ 638974.786913793999702, 1146137.273323613917455 ], [ 639157.941909165820107, 1147038.105571022490039 ], [ 638054.276097564725205, 1147033.71322894631885 ], [ 638237.583813425269909, 1147934.548309516394511 ], [ 634926.64084659027867, 1147921.55353672709316 ], [ 635293.745007310528308, 1149723.204528052825481 ], [ 634190.125604134402238, 1149718.924568450311199 ], [ 633823.001098368316889, 1147917.291990677360445 ], [ 632719.365250207134522, 1147913.065465993480757 ], [ 632902.866370321018621, 1148813.866538912523538 ], [ 630695.62660843913909, 1148805.500288815936074 ], [ 629962.39650103263557, 1145202.441183192655444 ], [ 628858.741636853781529, 1145198.34690548456274 ], [ 628675.780548306414858, 1144297.621175171108916 ], [ 627572.119275584700517, 1144293.570840981323272 ], [ 627389.290678762248717, 1143392.866067459573969 ], [ 626285.622962570050731, 1143388.859607421094552 ], [ 626468.461721783620305, 1144289.555415142327547 ], [ 625364.807854714686982, 1144285.574897049693391 ], [ 625547.799452541628852, 1145186.273688518442214 ], [ 626651.443144794553518, 1145190.263158756075427 ], [ 626834.56723033869639, 1146090.982851859647781 ], [ 625730.933720274828374, 1146086.984415652230382 ], [ 626281.192530252039433, 1148789.188347063725814 ], [ 627384.795449540135451, 1148793.213764241430908 ], [ 627568.490172582562082, 1149693.981391488108784 ], [ 625361.308442276204005, 1149685.947586331982166 ], [ 625913.309917160193436, 1152388.268415975617245 ], [ 627016.868245432036929, 1152392.294847637414932 ], [ 626832.735323810949922, 1151491.50018956232816 ], [ 627936.307586034294218, 1151495.552712541073561 ], [ 629228.162057279027067, 1157801.432471546344459 ], [ 628124.661585828638636, 1157797.316214526072145 ], [ 627939.672724658739753, 1156896.449082682142034 ], [ 625732.662370862788521, 1156888.34073670511134 ], [ 626288.11866697575897, 1159590.923809874104336 ], [ 627391.591110705165192, 1159594.987654579803348 ], [ 627206.306648824480362, 1158694.105402298038825 ], [ 630516.777239579474553, 1158706.481656098039821 ], [ 630702.03082365298178, 1159607.391432484379038 ], [ 634012.504784242948517, 1159620.113589191110805 ], [ 633827.282032025046647, 1158719.176041395403445 ], [ 631620.274994012899697, 1158710.677769079338759 ], [ 631435.174321140861139, 1157809.770945725264028 ], [ 633642.201893938472494, 1157818.250704280799255 ], [ 633457.264371250523254, 1156917.337564049521461 ], [ 630146.697981186560355, 1156904.698595639085397 ], [ 629777.189277611556463, 1155102.96409988659434 ], [ 631984.270710577024147, 1155111.318006945075467 ], [ 631247.046865093056113, 1151507.921049036551267 ], [ 630143.463324507698417, 1151503.763141660485417 ], [ 629959.503727842937224, 1150602.953284755814821 ], [ 632166.695050034439191, 1150611.285938252229244 ], [ 632718.940459843957797, 1153313.806696344632655 ], [ 634926.085950660519302, 1153322.33504506922327 ], [ 634741.881950305658393, 1152421.464226441225037 ], [ 635845.470780844800174, 1152425.771910536801443 ], [ 636029.664575641741976, 1153326.651998484507203 ], [ 637133.247163224150427, 1153331.004138799849898 ], [ 636765.022568246000446, 1151529.23753928183578 ], [ 641179.474661267828196, 1151546.923114261822775 ], [ 641547.617782884510234, 1153348.764582243282348 ], [ 643754.82770465745125, 1153357.855942651629448 ], [ 644308.050483141792938, 1156060.766830642474815 ], [ 645411.631170458509587, 1156065.393849222920835 ], [ 645781.138685566256754, 1157867.415066989138722 ], [ 641366.922669986030087, 1157849.042548166820779 ], [ 641182.05680740554817, 1156948.063841929193586 ], [ 638974.953178921947256, 1156939.108417873037979 ], [ 639159.839490414829925, 1157840.068253530655056 ], [ 640263.379037978244014, 1157844.537737685954198 ], [ 640448.397693893639371, 1158745.519275694154203 ], [ 645966.106246020644903, 1158768.444195047020912 ], [ 646336.468966459273361, 1160570.539559131255373 ], [ 645232.939323892816901, 1160565.86467549810186 ], [ 645789.583099010167643, 1163269.071813472779468 ], [ 643582.597941299201921, 1163259.770753185963258 ], [ 643768.451458028517663, 1164160.845389480236918 ], [ 642664.975432140287012, 1164156.23852397617884 ], [ 643037.130666191922501, 1165958.405837621539831 ], [ 645244.045796498772688, 1165967.693526967894286 ], [ 645803.286021605017595, 1168671.095551675185561 ], [ 646906.719049501582049, 1168675.821817870251834 ], [ 647093.407226554583758, 1169576.990502247121185 ], [ 644886.566021130653098, 1169567.554227156098932 ], [ 645073.417346948408522, 1170468.716000653803349 ], [ 646176.82551207114011, 1170473.425996186910197 ], [ 646363.80905562278349, 1171374.609988936921582 ], [ 647467.211156679084525, 1171379.365440376801416 ], [ 647280.237929367343895, 1170478.171705066226423 ], [ 648383.654630957986228, 1170482.953128005377948 ], [ 648010.156351478886791, 1168680.583743120310828 ], [ 649113.597959660924971, 1168685.381328142480925 ], [ 648927.072883045300841, 1167784.205665369285271 ], [ 650030.529108615592122, 1167789.029128229711205 ], [ 649844.156817478127778, 1166887.856215526349843 ], [ 650947.627675087889656, 1166892.705516057787463 ], [ 651133.989699545549229, 1167793.888224804773927 ], [ 652237.454687966499478, 1167798.782955826725811 ], [ 652423.948942681308836, 1168699.988049085717648 ], [ 650217.043906172271818, 1168690.214573658304289 ], [ 650590.501015492714942, 1170492.623118947027251 ], [ 649487.075648959958926, 1170487.770265724044293 ], [ 649674.028259118669666, 1171388.983568666735664 ], [ 650777.443324733991176, 1171393.846246964065358 ], [ 650964.528135344036855, 1172295.081964017357677 ], [ 652067.937283616280183, 1172299.990252801449969 ], [ 652255.154283957090229, 1173201.248453914187849 ], [ 653358.557549934601411, 1173206.20242311572656 ], [ 653545.906729291658849, 1174107.483178285416216 ], [ 654649.304148023598827, 1174112.482897858368233 ], [ 654836.785495697171427, 1175013.78627712931484 ], [ 655940.177102237357758, 1175018.831817049533129 ], [ 656315.546578784706071, 1176821.496680528158322 ], [ 660729.076210377272218, 1176842.118071329779923 ], [ 660916.933371835621074, 1177743.51000529457815 ], [ 659813.554345274344087, 1177738.290642591193318 ], [ 660001.564259357866831, 1178639.685219674836844 ], [ 662208.306359517155215, 1178650.180232699261978 ], [ 662584.712201485061087, 1180453.048582941992208 ], [ 663688.069671120960265, 1180458.370515731628984 ], [ 663123.705492148641497, 1177754.056558809010312 ], [ 664227.098650108324364, 1177759.383751206798479 ], [ 664791.431898633716628, 1180463.728475128300488 ], [ 665894.798916122876108, 1180469.1224619387649 ], [ 666271.712482138886116, 1182272.103996650781482 ], [ 670685.146610721596517, 1182294.123336140997708 ], [ 670873.775708191795275, 1183195.675128974718973 ], [ 669770.420128865982406, 1183190.105715800775215 ], [ 669959.201916120247915, 1184091.660046098055318 ], [ 668855.861596351023763, 1184086.116308958735317 ], [ 669044.796091679483652, 1184987.673190021654591 ], [ 666838.150821656454355, 1184976.673314346466213 ], [ 667027.248393924674019, 1185878.222348588518798 ], [ 665923.943402066477574, 1185872.766276663402095 ], [ 666113.193731358274817, 1186774.317901388276368 ], [ 667216.48836030298844, 1186779.784370995592326 ], [ 667785.062611499452032, 1189484.548511387780309 ], [ 668888.330981579143554, 1189490.082563827745616 ], [ 668698.674219897249714, 1188588.471022066194564 ], [ 669801.957869624719024, 1188594.030883022816852 ], [ 669612.453858161345124, 1187692.421905589522794 ], [ 671819.056705332128331, 1187703.629415824543685 ], [ 672008.539997924934141, 1188605.25943886092864 ], [ 670905.246451608953066, 1188599.627021673833951 ], [ 671094.882469744421542, 1189501.259582733269781 ], [ 669991.604256971739233, 1189495.652920663589612 ], [ 670181.393018940230832, 1190397.288032980868593 ], [ 667974.872141706990078, 1190386.16263068956323 ], [ 668164.824059711769223, 1191287.789810325019062 ], [ 667061.581353727029637, 1191282.271136637544259 ], [ 667251.686064528534189, 1192183.900907045230269 ], [ 669458.155552614829503, 1192194.995608657132834 ], [ 669838.750492320163175, 1193998.336466300766915 ], [ 668735.534127854625694, 1193992.749855963513255 ], [ 669116.719422389985994, 1195796.122120238374919 ], [ 668013.528819922357798, 1195790.550881973933429 ], [ 668204.345480474410579, 1196692.246171494945884 ], [ 669307.525640586158261, 1196697.827966060023755 ], [ 669498.474237708142027, 1197599.546973709948361 ], [ 668395.304527168394998, 1197593.954608355648816 ], [ 668586.40595873282291, 1198495.676207087235525 ], [ 669689.565212485962547, 1198501.279157730517909 ], [ 670263.69239004701376, 1201206.554913602536544 ], [ 669160.564549926668406, 1201200.920119978487492 ], [ 669352.235508246347308, 1202102.694511720677838 ], [ 670455.352862735744566, 1202108.339948747074232 ], [ 671223.418453687569126, 1205715.612727926811203 ], [ 672326.498759664129466, 1205721.337683568708599 ], [ 672711.364717249525711, 1207525.075363414594904 ], [ 674917.498306360561401, 1207536.678846029331908 ], [ 675110.123774267383851, 1208438.589334978722036 ], [ 678419.330751434084959, 1208456.303638682235032 ], [ 678612.06700815691147, 1209358.260217107832432 ], [ 680818.209799552685581, 1209370.276121292728931 ], [ 680432.921608454431407, 1207566.332565939752385 ], [ 683742.238124865689315, 1207584.567128482274711 ], [ 684320.289444569149055, 1210290.602001305669546 ], [ 681011.067351125879213, 1210272.268117024563253 ], [ 681204.067205015337095, 1211174.273611173033714 ] ], [ [ 694560.724440151592717, 1222063.266435117926449 ], [ 693977.34614654048346, 1219356.461842267541215 ], [ 696183.38793443061877, 1219369.614345646928996 ], [ 696377.684093030286022, 1220271.891677226638421 ], [ 697480.702976512955502, 1220278.535291191190481 ], [ 697675.130810218746774, 1221180.83799267699942 ], [ 696572.122454198077321, 1221174.182848162250593 ], [ 696766.703016670187935, 1222076.487873513251543 ], [ 694560.724440151592717, 1222063.266435117926449 ] ], [ [ 698583.72758107248228, 1220285.216165090445429 ], [ 698195.319524462567642, 1218480.629237632267177 ], [ 697092.273896694066934, 1218473.971435627667233 ], [ 696898.272653111140244, 1217571.710251442622393 ], [ 699104.390648054890335, 1217585.04000606155023 ], [ 699686.757938703522086, 1220291.934299928834662 ], [ 698583.72758107248228, 1220285.216165090445429 ] ], [ [ 702801.65073584811762, 1219409.965440212516114 ], [ 702607.559782872674987, 1218507.632513273740187 ], [ 703710.634444307768717, 1218514.476354162441567 ], [ 703904.714915041346103, 1219416.820947632659227 ], [ 702801.65073584811762, 1219409.965440212516114 ] ], [ [ 706632.222266325494274, 1216730.513484714319929 ], [ 706438.599617042928003, 1215828.175551825203001 ], [ 707541.729423784534447, 1215835.133000117260963 ], [ 707348.259345466503873, 1214932.797261024359614 ], [ 708451.405595671618357, 1214939.780096020083874 ], [ 708838.467019581352361, 1216744.489006356336176 ], [ 706632.222266325494274, 1216730.513484714319929 ] ], [ [ 707019.893973022932187, 1218535.231146010337397 ], [ 705916.801507380325347, 1218528.275669493712485 ], [ 705722.884126734919846, 1217625.921602439833805 ], [ 703516.696128842420876, 1217612.145673412829638 ], [ 703322.899969903519377, 1216709.828890278702602 ], [ 706632.222266325494274, 1216730.513484714319929 ], [ 707019.893973022932187, 1218535.231146010337397 ] ], [ [ 714126.925886119017377, 1189748.247028376441449 ], [ 713023.430092118564062, 1189741.223750431323424 ], [ 712834.184333655750379, 1188839.170876915333793 ], [ 713937.690299136564136, 1188846.182556145358831 ], [ 714126.925886119017377, 1189748.247028376441449 ] ], [ [ 702639.538241486530751, 1203190.140369089087471 ], [ 701536.27480742696207, 1203183.419122765073553 ], [ 701344.763672177679837, 1202281.311226322315633 ], [ 702448.037450136733241, 1202288.021015222882852 ], [ 702639.538241486530751, 1203190.140369089087471 ] ], [ [ 699095.352608076529577, 1196862.345324378693476 ], [ 698904.826394351548515, 1195960.344042723532766 ], [ 700008.166573132621124, 1195966.93751509161666 ], [ 700198.682487770100124, 1196868.950124800670892 ], [ 699095.352608076529577, 1196862.345324378693476 ] ], [ [ 684630.044456290197559, 1175162.603916118619964 ], [ 683526.524512319127098, 1175156.625837379368022 ], [ 683339.309562596143223, 1174255.053723827470094 ], [ 684442.839684349717572, 1174261.021094831638038 ], [ 684630.044456290197559, 1175162.603916118619964 ] ], [ [ 681488.307205098564737, 1170643.006615965859964 ], [ 681301.793559673475102, 1169741.510183783015236 ], [ 680198.223239499377087, 1169735.667562000919133 ], [ 680011.841750524821691, 1168834.19465433456935 ], [ 681115.422215365921147, 1168840.026708588702604 ], [ 680557.162001452757977, 1166135.653881070204079 ], [ 682764.39951036486309, 1166147.361558295320719 ], [ 683695.443414643756114, 1170654.820240378146991 ], [ 681488.307205098564737, 1170643.006615965859964 ] ], [ [ 677804.696502925478853, 1168822.637593621620908 ], [ 677991.09829630353488, 1169724.089448872487992 ], [ 674680.449642309453338, 1169706.990092239109799 ], [ 674494.017354597104713, 1168805.569609035737813 ], [ 675597.571950485929847, 1168811.223257513716817 ], [ 675411.292170976405032, 1167909.805216386215761 ], [ 679825.602571103023365, 1167932.734675120329484 ], [ 680011.841750524821691, 1168834.19465433456935 ], [ 677804.696502925478853, 1168822.637593621620908 ] ], [ [ 679094.658162422361784, 1169729.860650655580685 ], [ 679281.192116608959623, 1170631.335947019979358 ], [ 678177.642412413610145, 1170625.554218648234382 ], [ 677991.09829630353488, 1169724.089448872487992 ], [ 679094.658162422361784, 1169729.860650655580685 ] ], [ [ 673390.467836075695232, 1168799.951639138627797 ], [ 673204.167726345360279, 1167898.554401806090027 ], [ 674307.727412494248711, 1167904.16198357520625 ], [ 674494.017354597104713, 1168805.569609035737813 ], [ 673390.467836075695232, 1168799.951639138627797 ] ], [ [ 684593.266427197027951, 1158953.673975251615047 ], [ 683489.548448960995302, 1158947.780320275807753 ], [ 683304.924996654619463, 1158046.409339756704867 ], [ 684408.653008155757561, 1158052.292458450421691 ], [ 684593.266427197027951, 1158953.673975251615047 ] ], [ [ 684039.853014350868762, 1156249.567932831356302 ], [ 683855.666442017885856, 1155348.22489540069364 ], [ 681648.15562984731514, 1155336.556981757283211 ], [ 681464.091328305425122, 1154435.247675266815349 ], [ 684775.395578130846843, 1154452.771016791462898 ], [ 685143.606431935797445, 1156255.465323484269902 ], [ 684039.853014350868762, 1156249.567932831356302 ] ], [ [ 685707.637960467254743, 1142753.933110329322517 ], [ 683499.805712358094752, 1142742.27660492178984 ], [ 683317.773329276591539, 1141841.10338647197932 ], [ 684421.696650216821581, 1141846.903824724024162 ], [ 684239.816437022062019, 1140945.732863980578259 ], [ 685343.75501339067705, 1140951.557784436037764 ], [ 685707.637960467254743, 1142753.933110329322517 ] ], [ [ 686811.562192318495363, 1142759.813701849896461 ], [ 686629.55946073809173, 1141858.609295347705483 ], [ 687733.4990147810895, 1141864.514329482335597 ], [ 688097.62698822573293, 1143666.956726507982239 ], [ 685889.792843708768487, 1143655.139747431967407 ], [ 685707.637960467254743, 1142753.933110329322517 ], [ 686811.562192318495363, 1142759.813701849896461 ] ], [ [ 691409.419425330241211, 1143684.94411361310631 ], [ 691591.667162518599071, 1144586.215950628044084 ], [ 689383.819761831779033, 1144574.168340585194528 ], [ 689566.229500080924481, 1145475.431806406239048 ], [ 688462.323990209610201, 1145469.449907605070621 ], [ 688097.62698822573293, 1143666.956726507982239 ], [ 691409.419425330241211, 1143684.94411361310631 ] ], [ [ 680370.301783368340693, 1143626.208391116932034 ], [ 680552.648478559101932, 1144527.375853684265167 ], [ 677241.047000284539536, 1144510.405263910302892 ], [ 677058.670521760010161, 1143609.268576596397907 ], [ 680370.301783368340693, 1143626.208391116932034 ] ], [ [ 638791.774498837534338, 1145236.453191531589255 ], [ 637688.08842658821959, 1145232.079399723093957 ], [ 637505.208473976235837, 1144331.280623617116362 ], [ 638608.904665547655895, 1144335.645161042222753 ], [ 638426.177415172569454, 1143434.849218423711136 ], [ 639529.887754532508552, 1143439.239402486477047 ], [ 640078.466910282033496, 1146141.691353291505948 ], [ 638974.786913793999702, 1146137.273323613917455 ], [ 638791.774498837534338, 1145236.453191531589255 ] ], [ [ 640261.611776697565801, 1147042.532910240115598 ], [ 640444.899214945849963, 1147943.386610110523179 ], [ 639341.239483700948767, 1147938.94994750013575 ], [ 639157.941909165820107, 1147038.105571022490039 ], [ 640261.611776697565801, 1147042.532910240115598 ] ], [ [ 629041.845373204560019, 1146099.084612938342616 ], [ 629408.480784269282594, 1147900.596013801870868 ], [ 627201.243383976863697, 1147892.458140978589654 ], [ 626834.56723033869639, 1146090.982851859647781 ], [ 629041.845373204560019, 1146099.084612938342616 ] ], [ [ 627752.327551835565828, 1150594.761036367854103 ], [ 628855.913762650685385, 1150598.83961023343727 ], [ 629039.883575543644838, 1151499.640363035257906 ], [ 627936.307586034294218, 1151495.552712541073561 ], [ 627752.327551835565828, 1150594.761036367854103 ] ], [ [ 635661.419587018201128, 1151524.903978654183447 ], [ 635477.510995419230312, 1150624.048189075663686 ], [ 636581.124162463471293, 1150628.372480727732182 ], [ 636765.022568246000446, 1151529.23753928183578 ], [ 635661.419587018201128, 1151524.903978654183447 ] ], [ [ 648740.690320136258379, 1166883.042521204566583 ], [ 648554.450272195972502, 1165981.891881607240066 ], [ 647450.977833423414268, 1165977.123519700486213 ], [ 646893.082027071621269, 1163273.775584345217794 ], [ 649100.092742310487665, 1163283.289611087180674 ], [ 648914.433002156438306, 1162382.179151445161551 ], [ 650017.955083849956281, 1162386.979683118872344 ], [ 650203.604593766969629, 1163288.099868388613686 ], [ 651307.120817306800745, 1163292.945622607599944 ], [ 651492.902600191766396, 1164194.088051703060046 ], [ 649285.894995174603537, 1164184.412533301394433 ], [ 649471.839759498368949, 1165085.547932098153979 ], [ 650575.331128609948792, 1165090.377682847902179 ], [ 650761.408151023322716, 1165991.535340089118108 ], [ 649657.927034018561244, 1165986.695821495726705 ], [ 649844.156817478127778, 1166887.856215526349843 ], [ 648740.690320136258379, 1166883.042521204566583 ] ], [ [ 647823.620990708121099, 1167779.417835498228669 ], [ 646720.173399476916529, 1167774.665637896163389 ], [ 646347.509685568278655, 1165972.390735058113933 ], [ 647450.977833423414268, 1165977.123519700486213 ], [ 647823.620990708121099, 1167779.417835498228669 ] ], [ [ 647810.91525532619562, 1162377.414088461780921 ], [ 647625.387801126111299, 1161476.325761470245197 ], [ 648728.915775972651318, 1161481.081140377325937 ], [ 648914.433002156438306, 1162382.179151445161551 ], [ 647810.91525532619562, 1162377.414088461780921 ] ], [ [ 670148.126078329980373, 1184993.22737875697203 ], [ 670526.401522599626333, 1186796.40110887074843 ], [ 668319.787847104249522, 1186785.287061559036374 ], [ 668130.558238517958671, 1185883.714613935211673 ], [ 669233.872967931092717, 1185889.243073529563844 ], [ 669044.796091679483652, 1184987.673190021654591 ], [ 670148.126078329980373, 1184993.22737875697203 ] ], [ [ 678226.736813929630443, 1207554.360499825328588 ], [ 676020.57269367959816, 1207542.535872431471944 ], [ 675635.769794350606389, 1205738.733355034608394 ], [ 676738.870284905075096, 1205744.605516608804464 ], [ 676931.190070745768026, 1206646.510938933119178 ], [ 679137.385486482526176, 1206658.387464777100831 ], [ 679522.410048622055911, 1208462.282179868314415 ], [ 678419.330751434084959, 1208456.303638682235032 ], [ 678226.736813929630443, 1207554.360499825328588 ] ], [ [ 690862.674372138571925, 1220239.232471677940339 ], [ 689759.689143342431635, 1220232.812396553345025 ], [ 689177.037716434453614, 1217526.227139175636694 ], [ 691383.076953296782449, 1217539.036447962978855 ], [ 691189.165362487314269, 1216636.846154036233202 ], [ 692292.203802931355312, 1216643.295205245260149 ], [ 692680.148173045250587, 1218447.712265216279775 ], [ 690474.118935739737935, 1218434.805888783885166 ], [ 690862.674372138571925, 1220239.232471677940339 ] ], [ [ 695989.233979665208608, 1218467.350838375743479 ], [ 694886.199741376796737, 1218460.767444881843403 ], [ 694692.177480458281934, 1217558.529205480823293 ], [ 695795.222229997394606, 1217565.101140376878902 ], [ 695989.233979665208608, 1218467.350838375743479 ] ], [ [ 685868.019893107237294, 1217507.291951084509492 ], [ 684765.024765880894847, 1217501.05455794534646 ], [ 684377.217410106328316, 1215696.822776516200975 ], [ 685480.233631647657603, 1215703.037793161114678 ], [ 685868.019893107237294, 1217507.291951084509492 ] ], [ [ 701116.714621163788252, 1216696.224940583575517 ], [ 698910.552586131729186, 1216682.769605276640505 ], [ 698716.856710453052074, 1215780.513027986511588 ], [ 697613.773874054662883, 1215773.852600044105202 ], [ 697033.507975318236277, 1213067.200105948839337 ], [ 699239.742195478989743, 1213080.489108790410683 ], [ 699819.94530611357186, 1215787.210579910315573 ], [ 700923.039693043217994, 1215793.94525682227686 ], [ 701116.714621163788252, 1216696.224940583575517 ] ], [ [ 693201.49948095891159, 1215747.582108152098954 ], [ 692098.444960787077434, 1215741.107285213423893 ], [ 691904.828348941169679, 1214838.933085188735276 ], [ 693007.893369296682067, 1214845.396548955701292 ], [ 693201.49948095891159, 1215747.582108152098954 ] ], [ [ 693917.510584362782538, 1213949.713892729254439 ], [ 695020.597307588905096, 1213956.240140762412921 ], [ 695214.040224226540886, 1214858.434751814464107 ], [ 694110.963983721216209, 1214851.897104172036052 ], [ 693917.510584362782538, 1213949.713892729254439 ] ], [ [ 694827.296602361951955, 1213054.059263966046274 ], [ 695930.399448946584016, 1213060.611165345646441 ], [ 696123.689683741657063, 1213962.803454618202522 ], [ 695020.597307588905096, 1213956.240140762412921 ], [ 694827.296602361951955, 1213054.059263966046274 ] ], [ [ 712425.08274829457514, 1207756.500584884081036 ], [ 713002.321552742738277, 1210463.427438756451011 ], [ 710795.870321892318316, 1210449.246056645410135 ], [ 710988.588188637979329, 1211351.559243440395221 ], [ 708782.182168403174728, 1211337.502262552734464 ], [ 708589.443541986867785, 1210435.21255761035718 ], [ 707486.239241057308391, 1210428.251261605415493 ], [ 707293.632358136121184, 1209525.98710674373433 ], [ 708396.847039460088126, 1209532.936717911856249 ], [ 708204.392662071739323, 1208630.67472838354297 ], [ 709307.623755150241777, 1208637.649582833983004 ], [ 708923.162095825187862, 1206833.143742464249954 ], [ 710026.419964281143621, 1206840.132104624528438 ], [ 710603.294564840965904, 1209546.946764458436519 ], [ 711706.527472965302877, 1209554.007201942848042 ], [ 711321.823001801152714, 1207749.426749704638496 ], [ 712425.08274829457514, 1207756.500584884081036 ] ], [ [ 707101.167607454699464, 1208623.736787382978946 ], [ 706908.844990257639438, 1207721.500288470415398 ], [ 708012.080411062925123, 1207728.426573961507529 ], [ 708204.392662071739323, 1208630.67472838354297 ], [ 707101.167607454699464, 1208623.736787382978946 ] ], [ [ 686333.659089989727363, 1209400.961938329972327 ], [ 685230.558553901268169, 1209394.750936212483793 ], [ 685037.88526135252323, 1208492.728225998347625 ], [ 686140.996273386874236, 1208498.928109670523554 ], [ 686333.659089989727363, 1209400.961938329972327 ] ], [ [ 714823.87091880699154, 1208673.077593720983714 ], [ 713720.609152841614559, 1208665.918156183557585 ], [ 713528.348656314658001, 1207763.611310129985213 ], [ 714631.620757904020138, 1207770.758926512673497 ], [ 714823.87091880699154, 1208673.077593720983714 ] ], [ [ 700433.017221009242348, 1203176.734619171824306 ], [ 699329.765450185630471, 1203170.086857303977013 ], [ 698755.596491118194535, 1200463.872533134184778 ], [ 699858.879302841378376, 1200470.486131980549544 ], [ 700433.017221009242348, 1203176.734619171824306 ] ], [ [ 697270.230408028466627, 1198653.243372516008094 ], [ 697079.399183126399294, 1197751.237600923050195 ], [ 699286.021007029572502, 1197764.360159274423495 ], [ 699476.831589967710897, 1198666.388562263920903 ], [ 697270.230408028466627, 1198653.243372516008094 ] ], [ [ 695976.096868567401543, 1197744.731183580122888 ], [ 695594.840378971886821, 1195940.78274786262773 ], [ 696698.163329341914505, 1195947.266660092398524 ], [ 697079.399183126399294, 1197751.237600923050195 ], [ 695976.096868567401543, 1197744.731183580122888 ] ], [ [ 696507.758702943800017, 1195045.301461207214743 ], [ 697611.097666155779734, 1195051.810634107096121 ], [ 697801.49199044436682, 1195953.78709138603881 ], [ 696698.163329341914505, 1195947.266660092398524 ], [ 696507.758702943800017, 1195045.301461207214743 ] ], [ [ 713370.836080182343721, 1186140.07089680689387 ], [ 712267.299642874626443, 1186133.093927299370989 ], [ 712078.62227820570115, 1185231.09545143134892 ], [ 713182.168858581455424, 1185238.060879799770191 ], [ 713370.836080182343721, 1186140.07089680689387 ] ], [ [ 679700.801805822411552, 1183241.530614889925346 ], [ 678597.405601829406805, 1183235.672264688415453 ], [ 678220.43383144820109, 1181432.433917920570821 ], [ 679323.850573962554336, 1181438.270940759917721 ], [ 679700.801805822411552, 1183241.530614889925346 ] ], [ [ 671600.04103830549866, 1181398.169116733362898 ], [ 670496.659883500658907, 1181392.584531158208847 ], [ 670308.315527781262062, 1180491.058699623681605 ], [ 671411.706976618152112, 1180496.63283578120172 ], [ 671600.04103830549866, 1181398.169116733362898 ] ], [ [ 679135.588428152957931, 1180536.660742702893913 ], [ 678032.161427173996344, 1180530.834362087538466 ], [ 677844.031345171155408, 1179629.247865319484845 ], [ 678947.468597411178052, 1179635.063618000829592 ], [ 679135.588428152957931, 1180536.660742702893913 ] ], [ [ 666809.937881730962545, 1179573.070744673255831 ], [ 665706.55573498562444, 1179567.651054631685838 ], [ 665518.45495677459985, 1178666.192534905159846 ], [ 666621.847403472289443, 1178671.601914225379005 ], [ 666809.937881730962545, 1179573.070744673255831 ] ], [ [ 656856.112509827711619, 1174122.589823285350576 ], [ 657959.523517121793702, 1174127.697030660463497 ], [ 658146.973951297113672, 1175029.030467998003587 ], [ 659250.379258035914972, 1175034.183580560609698 ], [ 659437.961843353114091, 1175935.53983727702871 ], [ 657231.176436932641082, 1175925.249320782255381 ], [ 656856.112509827711619, 1174122.589823285350576 ] ], [ [ 678009.00421326700598, 1175127.273588600801304 ], [ 679112.497790716937743, 1175133.072288654511794 ], [ 679299.895817274460569, 1176034.614847681717947 ], [ 678196.412450017989613, 1176028.805563424248248 ], [ 678009.00421326700598, 1175127.273588600801304 ] ], [ [ 678925.242079476593062, 1174231.542730520945042 ], [ 680028.751063927193172, 1174237.366707015549764 ], [ 680215.996577225625515, 1175138.906862678704783 ], [ 679112.497790716937743, 1175133.072288654511794 ], [ 678925.242079476593062, 1174231.542730520945042 ] ], [ [ 662915.305572377168573, 1171449.694960013963282 ], [ 660708.380128395743668, 1171439.218909601215273 ], [ 660895.372394624631852, 1172340.544417822733521 ], [ 661998.822505870601162, 1172345.774681735318154 ], [ 662185.946942280279472, 1173247.123049247078598 ], [ 661082.507095554028638, 1173241.882656772388145 ], [ 661269.784229926764965, 1174143.233640668448061 ], [ 660166.359345057047904, 1174138.018938575172797 ], [ 659791.926963295089081, 1172335.349932000506669 ], [ 658688.486179759493098, 1172330.191223487490788 ], [ 658501.47338375041727, 1171428.885861470131204 ], [ 659604.924434717511758, 1171434.034510641358793 ], [ 659418.064349349122494, 1170532.731791636208072 ], [ 662728.476237051188946, 1170548.361940360860899 ], [ 662915.305572377168573, 1171449.694960013963282 ] ], [ [ 666786.979647886473686, 1174169.84466403350234 ], [ 666599.753821543883532, 1173268.442691119387746 ], [ 667703.217575047514401, 1173273.862123590428382 ], [ 667890.433155015809461, 1174175.274376892484725 ], [ 666786.979647886473686, 1174169.84466403350234 ] ], [ [ 665496.294913635356352, 1173263.05906825652346 ], [ 665309.201240303576924, 1172361.680149911204353 ], [ 666412.670392421772704, 1172367.053534108912572 ], [ 666599.753821543883532, 1173268.442691119387746 ], [ 665496.294913635356352, 1173263.05906825652346 ] ], [ [ 664392.840819202829152, 1173257.711254192516208 ], [ 663289.391506123705767, 1173252.399248122703284 ], [ 663102.277329150820151, 1172351.040724524762481 ], [ 664205.736896589165553, 1172356.342546984320506 ], [ 664392.840819202829152, 1173257.711254192516208 ] ], [ [ 663831.956291466834955, 1170553.643438128288835 ], [ 664935.44111201656051, 1170558.960661312332377 ], [ 665122.249972680583596, 1171460.314019013894722 ], [ 664018.775386927416548, 1171454.986613043118268 ], [ 663831.956291466834955, 1170553.643438128288835 ] ], [ [ 664748.774659558781423, 1169657.620062564965338 ], [ 665852.274500858853571, 1169662.962815810227767 ], [ 666038.930730829713866, 1170564.313610712764785 ], [ 664935.44111201656051, 1170558.960661312332377 ], [ 664748.774659558781423, 1169657.620062564965338 ] ], [ [ 653900.803527472540736, 1170507.395978970220312 ], [ 652797.364922626991756, 1170502.435974831925705 ], [ 652610.585687989136204, 1169601.205717388773337 ], [ 653714.034571175579913, 1169606.155828078277409 ], [ 653900.803527472540736, 1170507.395978970220312 ] ], [ [ 668245.92449176358059, 1170575.126691390993074 ], [ 667142.425180036108941, 1170569.702287135412917 ], [ 666769.275549909565598, 1168766.993022982263938 ], [ 667872.795279129059054, 1168772.396938961930573 ], [ 668245.92449176358059, 1170575.126691390993074 ] ], [ [ 672659.971006490639411, 1170597.181603151140735 ], [ 669349.428698142291978, 1170580.586824296275154 ], [ 669162.803105267812498, 1169679.205275755375624 ], [ 670266.32244068174623, 1169684.690831856336445 ], [ 670079.84942332864739, 1168783.311792504508048 ], [ 671183.383902579778805, 1168788.82273171050474 ], [ 671369.846729957615025, 1169690.212090721353889 ], [ 672473.37600523151923, 1169695.769053181866184 ], [ 672659.971006490639411, 1170597.181603151140735 ] ], [ [ 661251.749047225806862, 1168740.508518633199856 ], [ 662355.244835753692314, 1168745.73407876258716 ], [ 662541.789324427722022, 1169647.041651346487924 ], [ 661438.303766334895045, 1169641.80599178164266 ], [ 661251.749047225806862, 1168740.508518633199856 ] ], [ [ 661982.583135252236389, 1166943.157026103464887 ], [ 663086.104076632414944, 1166948.398044284898788 ], [ 663272.353502794750966, 1167849.690325291827321 ], [ 664375.868984252796508, 1167854.977085017366335 ], [ 664562.250616554636508, 1168756.292208540486172 ], [ 662355.244835753692314, 1168745.73407876258716 ], [ 661982.583135252236389, 1166943.157026103464887 ] ], [ [ 662899.997070914134383, 1166047.118451257469133 ], [ 664003.532956734648906, 1166052.384972648462281 ], [ 664189.629763897974044, 1166953.674677787115797 ], [ 663086.104076632414944, 1166948.398044284898788 ], [ 662899.997070914134383, 1166047.118451257469133 ] ], [ [ 663631.766586968209594, 1164249.84361190488562 ], [ 664735.32761102844961, 1164255.125484910095111 ], [ 665107.073615529690869, 1166057.687082630349323 ], [ 664003.532956734648906, 1166052.384972648462281 ], [ 663631.766586968209594, 1164249.84361190488562 ] ], [ [ 658858.338765040272847, 1167828.899706952506676 ], [ 657754.846716950647533, 1167823.7911535971798 ], [ 657568.546185830025934, 1166922.549090890679508 ], [ 658672.048465044004843, 1166927.647655623033643 ], [ 658858.338765040272847, 1167828.899706952506676 ] ], [ [ 667686.44425565446727, 1167871.051229240372777 ], [ 666582.914328546263278, 1167865.657536187907681 ], [ 666396.695504641858861, 1166964.334793935529888 ], [ 667500.235622398206033, 1166969.718278186395764 ], [ 667686.44425565446727, 1167871.051229240372777 ] ], [ [ 658299.895214720745571, 1165125.181433439254761 ], [ 660506.954507817863487, 1165135.445365313440561 ], [ 660692.939489617943764, 1166036.692171082366258 ], [ 658485.900614521000534, 1166026.408235828857869 ], [ 658299.895214720745571, 1165125.181433439254761 ] ], [ [ 660321.111963463714346, 1164234.211191002046689 ], [ 661424.658795333001763, 1164239.386465737828985 ], [ 661610.491145533975214, 1165140.630668928381056 ], [ 660506.954507817863487, 1165135.445365313440561 ], [ 660321.111963463714346, 1164234.211191002046689 ] ], [ [ 667314.169380604056641, 1166068.398071564501151 ], [ 666210.619079438620247, 1166063.024782001506537 ], [ 666024.685054183122702, 1165161.727486175484955 ], [ 667128.245531513821334, 1165167.090595153626055 ], [ 667314.169380604056641, 1166068.398071564501151 ] ], [ [ 674482.028392494423315, 1163402.90758804557845 ], [ 675585.648935008794069, 1163408.534468432422727 ], [ 675771.206882578320801, 1164309.898737458279356 ], [ 674667.596461537177674, 1164304.261484399670735 ], [ 674853.306875141337514, 1165205.62818112433888 ], [ 673749.711672193952836, 1165200.016110583208501 ], [ 673935.574570056516677, 1166101.385248645441607 ], [ 671728.419600706431083, 1166090.247147995047271 ], [ 671542.536405896302313, 1165188.898673948599026 ], [ 672646.121526495669968, 1165194.43960847100243 ], [ 672274.802513404982165, 1163391.760369023773819 ], [ 673378.412929345620796, 1163397.316221856512129 ], [ 673192.977086825412698, 1162495.985442662844434 ], [ 674296.602669241139665, 1162501.56647779000923 ], [ 674482.028392494423315, 1163402.90758804557845 ] ], [ [ 675956.907167488709092, 1165211.275820938870311 ], [ 677060.51258138474077, 1165216.959030877565965 ], [ 677246.345071508781984, 1166118.359371496830136 ], [ 676142.749788504093885, 1166112.665733166271821 ], [ 675956.907167488709092, 1165211.275820938870311 ] ], [ [ 676503.8690892807208, 1162512.835008873371407 ], [ 677607.509991227183491, 1162518.522506525507197 ], [ 677237.146177490241826, 1160715.816396977752447 ], [ 681651.842462518368848, 1160738.837596806930378 ], [ 681836.912896857364103, 1161640.226069384953007 ], [ 679629.574448642437346, 1161628.623633834533393 ], [ 679814.80733977665659, 1162530.003970332676545 ], [ 678711.156064005335793, 1162524.245493391528726 ], [ 678896.541360305156559, 1163425.628203279338777 ], [ 677792.905386754078791, 1163419.894775194581598 ], [ 677978.44310641544871, 1164321.279872182291001 ], [ 680185.700053637265228, 1164332.803184101590887 ], [ 680371.359873915556818, 1165234.222090018447489 ], [ 677060.51258138474077, 1165216.959030877565965 ], [ 676503.8690892807208, 1162512.835008873371407 ] ], [ [ 680918.463850703672506, 1162535.79793821554631 ], [ 681103.828963552019559, 1163437.201613172888756 ], [ 680000.182541850721464, 1163431.39714898285456 ], [ 679814.80733977665659, 1162530.003970332676545 ], [ 680918.463850703672506, 1162535.79793821554631 ] ], [ [ 682207.48065757076256, 1163443.041596723720431 ], [ 682578.617599501507357, 1165245.908662558766082 ], [ 681474.986095548141748, 1165240.047589060850441 ], [ 681103.828963552019559, 1163437.201613172888756 ], [ 682207.48065757076256, 1163443.041596723720431 ] ], [ [ 685518.467695134342648, 1163460.774672360159457 ], [ 684414.799991197534837, 1163454.828125430271029 ], [ 684600.277147248503752, 1164356.276367367012426 ], [ 683496.624893553671427, 1164350.354749423684552 ], [ 682940.590046616853215, 1161646.080484439153224 ], [ 685147.960358282551169, 1161657.895713513717055 ], [ 685333.142889241804369, 1162559.32873669709079 ], [ 687540.514655720209703, 1162571.307104524690658 ], [ 687911.266279742936604, 1164374.254522185539827 ], [ 685703.934774738620035, 1164362.233534876257181 ], [ 685518.467695134342648, 1163460.774672360159457 ] ], [ [ 667860.410678622312844, 1163369.892074610106647 ], [ 667119.318969518179074, 1159764.849995234282687 ], [ 668222.95005221629981, 1159770.223113656742498 ], [ 668964.001227280008607, 1163375.305882327491418 ], [ 667860.410678622312844, 1163369.892074610106647 ] ], [ [ 664912.071370972320437, 1159754.209954945836216 ], [ 664727.134180059889331, 1158853.001274830196053 ], [ 666934.402024467708543, 1158863.621123224264011 ], [ 667119.318969518179074, 1159764.849995234282687 ], [ 664912.071370972320437, 1159754.209954945836216 ] ], [ [ 663623.507469424861483, 1158847.744406024925411 ], [ 663993.544528052094392, 1160650.15425982978195 ], [ 662889.942860477021895, 1160644.912691923556849 ], [ 662704.842980481218547, 1159743.711504735052586 ], [ 661601.235907852533273, 1159738.515373930102214 ], [ 661416.26831047097221, 1158837.336775240022689 ], [ 662519.885523616336286, 1158842.522906423546374 ], [ 662335.070491122081876, 1157941.346882884157822 ], [ 657920.589149690698832, 1157920.85433822334744 ], [ 657735.876008665072732, 1157019.730596716748551 ], [ 661046.760411839699373, 1157035.017246063565835 ], [ 660862.220113069168292, 1156133.876287422142923 ], [ 663069.520012926775962, 1156144.224005949916318 ], [ 663254.040079251280986, 1157045.384907361119986 ], [ 664357.68702904949896, 1157050.621708863414824 ], [ 664727.134180059889331, 1158853.001274830196053 ], [ 663623.507469424861483, 1158847.744406024925411 ] ], [ [ 656632.257105057826266, 1157014.705668553942814 ], [ 656447.676281113293953, 1156113.604265264235437 ], [ 657551.30532355629839, 1156118.619345858925954 ], [ 657735.876008665072732, 1157019.730596716748551 ], [ 656632.257105057826266, 1157014.705668553942814 ] ], [ [ 666749.627474778797477, 1157962.404882031260058 ], [ 667853.278781039058231, 1157967.757739995839074 ], [ 667668.656728855334222, 1157066.544006258947775 ], [ 668772.323019495233893, 1157071.922072351444513 ], [ 669141.689314157003537, 1158874.382458000211045 ], [ 666934.402024467708543, 1158863.621123224264011 ], [ 666749.627474778797477, 1157962.404882031260058 ] ], [ [ 665645.981024823850021, 1157957.087368135573342 ], [ 665461.338765803724527, 1157055.893825316568837 ], [ 666564.995321682537906, 1157061.201257515465841 ], [ 666749.627474778797477, 1157962.404882031260058 ], [ 665645.981024823850021, 1157957.087368135573342 ] ], [ [ 668587.853446552995592, 1156170.710832396289334 ], [ 669691.53473648999352, 1156176.114066363312304 ], [ 669875.994225774076767, 1157077.335456602275372 ], [ 668772.323019495233893, 1157071.922072351444513 ], [ 668587.853446552995592, 1156170.710832396289334 ] ], [ [ 670979.670379866147414, 1157082.784159826347604 ], [ 671348.996306464774534, 1158885.285285638878122 ], [ 670245.340331400861032, 1158879.816184803377837 ], [ 669875.994225774076767, 1157077.335456602275372 ], [ 670979.670379866147414, 1157082.784159826347604 ] ], [ [ 670795.22096923890058, 1156181.552591775311157 ], [ 671898.91217697551474, 1156187.026409450918436 ], [ 672083.351513943634927, 1157088.268182845087722 ], [ 670979.670379866147414, 1157082.784159826347604 ], [ 670795.22096923890058, 1156181.552591775311157 ] ], [ [ 671530.460592812858522, 1154384.580823481315747 ], [ 672634.176923342747614, 1154390.069510429399088 ], [ 673002.608391876914538, 1156192.535520215053111 ], [ 671898.91217697551474, 1156187.026409450918436 ], [ 671530.460592812858522, 1154384.580823481315747 ] ], [ [ 674106.309646120527759, 1156198.079924896825105 ], [ 673737.898283241083845, 1154395.593436230672523 ], [ 674841.62470468855463, 1154401.152601716574281 ], [ 675578.976603713352233, 1158006.217448048759252 ], [ 674475.290402543731034, 1158000.617158737266436 ], [ 674659.994300270103849, 1158901.904840599978343 ], [ 673556.323258730815724, 1158896.329612705856562 ], [ 673002.608391876914538, 1156192.535520215053111 ], [ 674106.309646120527759, 1156198.079924896825105 ] ], [ [ 676682.667918561724946, 1158011.853088025934994 ], [ 677052.177761731320061, 1159814.48252754076384 ], [ 675948.506590385455638, 1159808.82618659036234 ], [ 675578.976603713352233, 1158006.217448048759252 ], [ 676682.667918561724946, 1158011.853088025934994 ] ], [ [ 676498.126493596937507, 1157110.557489453116432 ], [ 677601.833010227652267, 1157116.218123933766037 ], [ 677786.364379259059206, 1158017.524079517228529 ], [ 676682.667918561724946, 1158011.853088025934994 ], [ 676498.126493596937507, 1157110.557489453116432 ] ], [ [ 673741.17958652426023, 1159797.619721065275371 ], [ 672637.523689668858424, 1159792.069594803033397 ], [ 672452.657271517906338, 1158890.789761330001056 ], [ 673556.323258730815724, 1158896.329612705856562 ], [ 673741.17958652426023, 1159797.619721065275371 ] ], [ [ 650565.418679648428224, 1159688.500673004193231 ], [ 651668.980144072091207, 1159693.342886574100703 ], [ 651483.921055340091698, 1158792.253046334255487 ], [ 652587.497121769236401, 1158797.120896249543875 ], [ 652402.59070874855388, 1157896.033752701012418 ], [ 654609.776545484317467, 1157905.855979489628226 ], [ 654794.662616447778419, 1158806.962681567762047 ], [ 653691.077631418593228, 1158802.024107747944072 ], [ 653876.116353425197303, 1159703.133479514857754 ], [ 654979.691162666887976, 1159708.081860359525308 ], [ 655535.631640382809564, 1162411.51439731894061 ], [ 654432.087402180535719, 1162406.536511248676106 ], [ 654061.297556720441207, 1160604.255328003084287 ], [ 652957.737416027579457, 1160599.332543453900144 ], [ 653143.071294764289632, 1161500.457075124373659 ], [ 652039.52580785844475, 1161495.559927117079496 ], [ 651854.181728662224486, 1160594.445175501285121 ], [ 650750.630462472792715, 1160589.593223410192877 ], [ 650565.418679648428224, 1159688.500673004193231 ] ], [ [ 657186.854351052548736, 1159718.084794522030279 ], [ 658290.442794512491673, 1159723.139349344884977 ], [ 658846.291650028433651, 1162426.660897188121453 ], [ 657742.733732156804763, 1162421.576589531265199 ], [ 657186.854351052548736, 1159718.084794522030279 ] ], [ [ 658105.444745387532748, 1158821.990584416780621 ], [ 659209.047953518340364, 1158827.070615009404719 ], [ 659394.035847028018907, 1159728.229297009063885 ], [ 658290.442794512491673, 1159723.139349344884977 ], [ 658105.444745387532748, 1158821.990584416780621 ] ], [ [ 672089.356546603143215, 1162490.439893356524408 ], [ 670985.741016414714977, 1162484.929829036118463 ], [ 670800.427289018989541, 1161583.632359018782154 ], [ 671904.052941275993362, 1161589.13216140633449 ], [ 672089.356546603143215, 1162490.439893356524408 ] ], [ [ 670615.255931565188803, 1160682.34760444262065 ], [ 669511.625132314511575, 1160676.893479032209143 ], [ 669326.586033414467238, 1159775.631632007891312 ], [ 670430.226945281261578, 1159781.07555110193789 ], [ 670615.255931565188803, 1160682.34760444262065 ] ], [ [ 679074.72965312039014, 1158924.559534232597798 ], [ 681282.128491973155178, 1158936.099162238417193 ], [ 681466.914327149279416, 1159837.461965861031786 ], [ 679259.535604091593996, 1159825.901430075289682 ], [ 679074.72965312039014, 1158924.559534232597798 ] ], [ [ 680912.983727077953517, 1157133.41197978053242 ], [ 682016.711128942552023, 1157139.21391874155961 ], [ 682385.835814611637034, 1158941.922049565473571 ], [ 681282.128491973155178, 1158936.099162238417193 ], [ 680912.983727077953517, 1157133.41197978053242 ] ], [ [ 651299.004463717457838, 1157891.175640790956095 ], [ 650195.422624699305743, 1157886.352862226311117 ], [ 650010.638355075148866, 1156985.297573906136677 ], [ 651114.230370455305092, 1156990.110655962955207 ], [ 651299.004463717457838, 1157891.175640790956095 ] ], [ [ 664540.26357153232675, 1152550.114657622063532 ], [ 663436.561388911679387, 1152544.892602431122214 ], [ 663252.763511446886696, 1151643.784349979134277 ], [ 667667.641374916071072, 1151664.843595971353352 ], [ 668035.299040041398257, 1153467.152754342881963 ], [ 666931.592438238905743, 1153461.815095449564978 ], [ 667115.644920715596527, 1154362.978447770234197 ], [ 668219.341455597663298, 1154368.326187517493963 ], [ 668403.526258176891133, 1155269.512208828702569 ], [ 667299.839797462918796, 1155264.15437427116558 ], [ 667484.177067253505811, 1156165.342889060964808 ], [ 666380.505566414096393, 1156160.010235548717901 ], [ 666196.158210206427611, 1155258.831802011933178 ], [ 665092.481464232085273, 1155253.544491249369457 ], [ 664908.266424145665951, 1154352.388671796768904 ], [ 663804.584398103645071, 1154347.146633976371959 ], [ 663620.501684874878265, 1153446.013359079603106 ], [ 664724.193792836042121, 1153451.245398613391444 ], [ 664540.26357153232675, 1152550.114657622063532 ] ], [ [ 659574.169227453297935, 1155227.636832212796435 ], [ 658470.520853496855125, 1155222.561073899734765 ], [ 658286.245203199796379, 1154321.464915123768151 ], [ 659389.903691395069472, 1154326.530798780964687 ], [ 659574.169227453297935, 1155227.636832212796435 ] ], [ [ 679440.665984958643094, 1155325.030160921858624 ], [ 677233.197249863878824, 1155313.644425950711593 ], [ 677049.092860974487849, 1154412.37665509711951 ], [ 679256.581649682600982, 1154423.741677331971005 ], [ 679440.665984958643094, 1155325.030160921858624 ] ], [ [ 670426.749259465839714, 1154379.127374560106546 ], [ 669323.04289112216793, 1154373.709162843879312 ], [ 669139.010537492809817, 1153472.525621289853007 ], [ 670242.726962773944251, 1153477.933697099797428 ], [ 670426.749259465839714, 1154379.127374560106546 ] ], [ [ 685695.292363180313259, 1153557.344154723221436 ], [ 686799.086568389669992, 1153563.280464170500636 ], [ 686982.958608154440299, 1154464.629484485834837 ], [ 685879.17438533436507, 1154458.682626045541838 ], [ 685695.292363180313259, 1153557.344154723221436 ] ], [ [ 684591.503568634740077, 1153551.443066911539063 ], [ 684407.753839026903734, 1152650.127900297520682 ], [ 685511.552613712381572, 1152656.018480620114133 ], [ 685695.292363180313259, 1153557.344154723221436 ], [ 684591.503568634740077, 1153551.443066911539063 ] ], [ [ 686615.356794114923105, 1152661.944255029084161 ], [ 687719.166412431979552, 1152667.905224417569116 ], [ 687902.886216460494325, 1153569.251996147446334 ], [ 686799.086568389669992, 1153563.280464170500636 ], [ 686615.356794114923105, 1152661.944255029084161 ] ], [ [ 630511.810433454229496, 1153305.419087490299717 ], [ 629408.251139011932537, 1153301.278058933094144 ], [ 629223.996034752111882, 1152400.453174703987315 ], [ 630327.56556013179943, 1152404.585071337176487 ], [ 630511.810433454229496, 1153305.419087490299717 ] ], [ [ 671162.578469847911038, 1152582.185757555533201 ], [ 674473.802811903180555, 1152598.696266654413193 ], [ 674657.642585883382708, 1153499.918105332413688 ], [ 671346.448348068632185, 1153483.376982586691156 ], [ 671162.578469847911038, 1152582.185757555533201 ] ], [ [ 674290.10538397054188, 1151697.487071516690776 ], [ 675393.866973532713018, 1151703.050698669627309 ], [ 675210.321903198258951, 1150801.843901161570102 ], [ 676314.098609134089202, 1150807.432427787221968 ], [ 675947.455482500023209, 1149005.036229235585779 ], [ 678155.06428963446524, 1149016.277560642920434 ], [ 677971.976182903163135, 1148115.077872823690996 ], [ 679075.79832828103099, 1148120.740855954354629 ], [ 679442.096918872673996, 1149923.173488391330466 ], [ 680545.90434924478177, 1149928.892192860832438 ], [ 680729.257137189852074, 1150830.137863439042121 ], [ 681833.059856273350306, 1150835.90205891430378 ], [ 681649.717041693278588, 1149934.646005274029449 ], [ 682753.535028421902098, 1149940.434926497749984 ], [ 683120.343011465971358, 1151742.980581555981189 ], [ 682016.544968786649406, 1151737.170825203880668 ], [ 682200.172378019662574, 1152638.45231836871244 ], [ 681096.389627308002673, 1152632.667315003694966 ], [ 681280.169327054172754, 1153533.951124431798235 ], [ 680176.401853237533942, 1153528.190914329141378 ], [ 679808.964763761148788, 1151725.656803320161998 ], [ 678705.1825370186707, 1151719.952536054654047 ], [ 678521.667467906023376, 1150818.714878081111237 ], [ 677417.880453305318952, 1150813.056086478056386 ], [ 677968.882622517761774, 1153516.776144997915253 ], [ 676865.130801236955449, 1153511.121584050124511 ], [ 676681.31107187201269, 1152609.879198607522994 ], [ 674473.802811903180555, 1152598.696266654413193 ], [ 674290.10538397054188, 1151697.487071516690776 ] ], [ [ 673186.348873219103552, 1151691.958602284546942 ], [ 673002.783777245203964, 1150790.772240746067837 ], [ 674106.55030329991132, 1150796.290505760582164 ], [ 674290.10538397054188, 1151697.487071516690776 ], [ 673186.348873219103552, 1151691.958602284546942 ] ], [ [ 674660.540744587546214, 1148098.299226954812184 ], [ 675026.919174118549563, 1149900.649732803693041 ], [ 673923.137571114581078, 1149895.106555238831788 ], [ 673373.753477645106614, 1147191.630253770155832 ], [ 674477.565046569565311, 1147197.142861199565232 ], [ 674294.731694667367265, 1146295.999068064149469 ], [ 675398.558319015195593, 1146301.536506762029603 ], [ 675215.8772764345631, 1145400.395096175838262 ], [ 677423.56580686988309, 1145411.554523065220565 ], [ 677606.226940309396014, 1146312.716368180699646 ], [ 678710.069001676980406, 1146318.358792585553601 ], [ 678892.862506375066005, 1147219.543510218849406 ], [ 677789.030399391660467, 1147213.89081338676624 ], [ 677971.976182903163135, 1148115.077872823690996 ], [ 674660.540744587546214, 1148098.299226954812184 ] ], [ [ 662149.056018345057964, 1151638.607415032340214 ], [ 661045.353249975945801, 1151633.465629139682278 ], [ 660861.677656966610812, 1150732.38969726790674 ], [ 661965.390495470259339, 1150737.521581704262644 ], [ 662149.056018345057964, 1151638.607415032340214 ] ], [ [ 671532.299150421400554, 1148982.974483694881201 ], [ 670428.522646687575616, 1148977.546733554685488 ], [ 670611.82304657518398, 1149878.68763636238873 ], [ 671715.589539541397244, 1149884.125507844844833 ], [ 671899.022292834939435, 1150785.289105288684368 ], [ 669691.514320182846859, 1150774.42821974446997 ], [ 669508.061525895143859, 1149873.284865261754021 ], [ 668404.304945307085291, 1149867.91719373036176 ], [ 668587.767767552169971, 1150769.050468022702262 ], [ 667484.026127797667868, 1150763.707842585863546 ], [ 667300.553272613557056, 1149862.584620958892629 ], [ 666196.806475623394363, 1149857.28714614501223 ], [ 666013.465982929919846, 1148956.186453451169655 ], [ 667117.222810585517436, 1148961.47391702234745 ], [ 666934.034742940682918, 1148060.375716717913747 ], [ 671349.151126699172892, 1148081.836018734611571 ], [ 671532.299150421400554, 1148982.974483694881201 ] ], [ [ 689193.425041427835822, 1149074.589077485492453 ], [ 688089.564681133837439, 1149068.600046888459474 ], [ 687906.566116016590968, 1148167.306665914366022 ], [ 689010.436400718172081, 1148173.28514842572622 ], [ 689193.425041427835822, 1149074.589077485492453 ] ], [ [ 664360.516867038328201, 1146247.73673165240325 ], [ 663256.739605912822299, 1146242.549191895406693 ], [ 663073.948708913638256, 1145341.518202964449301 ], [ 665281.528040757519193, 1145351.908439807826653 ], [ 665647.212203675881028, 1147154.022523260209709 ], [ 664543.440165023668669, 1147148.790055118966848 ], [ 664360.516867038328201, 1146247.73673165240325 ] ], [ [ 681100.542397657292895, 1147230.953978137811646 ], [ 679996.699828392826021, 1147225.231231517158449 ], [ 679813.916273138485849, 1146324.036213918821886 ], [ 680917.768786909291521, 1146329.748633035924286 ], [ 681100.542397657292895, 1147230.953978137811646 ] ], [ [ 692139.263775445986539, 1147290.108029366703704 ], [ 691035.366962036117911, 1147284.034981233533472 ], [ 690852.682630087132566, 1146382.735449079424143 ], [ 691956.589338772464544, 1146388.797894231975079 ], [ 692139.263775445986539, 1147290.108029366703704 ] ], [ [ 647073.47182769572828, 1142570.08891675923951 ], [ 639347.313187945168465, 1142538.446279786527157 ], [ 639164.881199432187714, 1141637.665231339400634 ], [ 636957.424162659561262, 1141628.956684820819646 ], [ 636775.114578554988839, 1140728.20612276205793 ], [ 643397.595106716034934, 1140754.694155072327703 ], [ 643579.844226229819469, 1141655.500324457651004 ], [ 646891.110344846732914, 1141669.242415562039241 ], [ 647073.47182769572828, 1142570.08891675923951 ] ], [ [ 690123.36770579777658, 1142777.664842325029895 ], [ 689019.427032755222172, 1142771.679566953796893 ], [ 688837.444044318050146, 1141870.454230683622882 ], [ 689941.394581582630053, 1141876.4289998463355 ], [ 690123.36770579777658, 1142777.664842325029895 ] ], [ [ 628127.753182076849043, 1141595.515710925450549 ], [ 627024.06145944353193, 1141591.492315150098875 ], [ 626841.660839465679601, 1140690.823309196392074 ], [ 627945.362697335192934, 1140694.837753075873479 ], [ 628127.753182076849043, 1141595.515710925450549 ] ] ], [ [ [ 701769.865308783715591, 1183366.28424873505719 ], [ 701958.34985429502558, 1184268.153245037188753 ], [ 703061.852298744488508, 1184274.781594571424648 ], [ 702873.377927190391347, 1183372.901334182592109 ], [ 701769.865308783715591, 1183366.28424873505719 ] ] ], [ [ [ 696440.925034543382935, 1184235.553988484665751 ], [ 696818.422622319194488, 1186039.220221769763157 ], [ 697921.875619967933744, 1186045.690039620734751 ], [ 697544.398451856686734, 1184242.001510925358161 ], [ 696440.925034543382935, 1184235.553988484665751 ] ] ], [ [ [ 655616.151303390273824, 1184022.410150651121512 ], [ 655805.210195459192619, 1184923.843759980984032 ], [ 656908.48335812764708, 1184928.963991794502363 ], [ 657476.48360872361809, 1187633.372309108264744 ], [ 658579.730118337552994, 1187638.559232022846118 ], [ 658390.264654270838946, 1186737.066732536768541 ], [ 659493.526176366955042, 1186742.279678165679798 ], [ 659304.213561897282489, 1185840.789861389901489 ], [ 658200.941640964359976, 1185835.587120743002743 ], [ 657822.722971701994538, 1184032.666502956300974 ], [ 655616.151303390273824, 1184022.410150651121512 ] ] ], [ [ [ 665199.307032832410187, 1187670.441880344646052 ], [ 665388.852543517597951, 1188572.009097026893869 ], [ 666492.12158891686704, 1188577.460129896178842 ], [ 666113.193731358274817, 1186774.317901388276368 ], [ 663906.61891873087734, 1186763.49362175911665 ], [ 664096.032403767341748, 1187665.03749320958741 ], [ 665199.307032832410187, 1187670.441880344646052 ] ] ], [ [ [ 664285.588302082498558, 1188566.594338539754972 ], [ 664096.032403767341748, 1187665.03749320958741 ], [ 662992.762541458243504, 1187659.669352111406624 ], [ 663182.32883254007902, 1188561.215853621251881 ], [ 664285.588302082498558, 1188566.594338539754972 ] ] ], [ [ [ 659872.578734564594924, 1188545.298032212071121 ], [ 660975.824080851743929, 1188550.567701257998124 ], [ 660786.236988822231069, 1187649.041804802371189 ], [ 659682.981234345934354, 1187643.782396992668509 ], [ 659872.578734564594924, 1188545.298032212071121 ] ] ], [ [ [ 661165.553606605390087, 1189452.106542843393981 ], [ 662268.793218288803473, 1189457.422786192968488 ], [ 662458.654758970718831, 1190358.984904824988917 ], [ 663561.888671172549948, 1190364.34779272810556 ], [ 663182.32883254007902, 1188561.215853621251881 ], [ 660975.824080851743929, 1188550.567701257998124 ], [ 661165.553606605390087, 1189452.106542843393981 ] ] ], [ [ [ 663561.888671172549948, 1190364.34779272810556 ], [ 663751.882216185680591, 1191265.933259133249521 ], [ 664855.110464028315619, 1191271.342861863086 ], [ 664665.127333481330425, 1190369.747008451027796 ], [ 663561.888671172549948, 1190364.34779272810556 ] ] ], [ [ [ 668354.448997130268253, 1212907.922920730663463 ], [ 669457.425131098134443, 1212913.586163361556828 ], [ 669264.024555326555856, 1212011.673544597113505 ], [ 670367.016183447092772, 1212017.363040610449389 ], [ 670173.768561790930107, 1211115.453039273619652 ], [ 671276.775698434910737, 1211121.168749111238867 ], [ 670697.918743097689003, 1208415.48664339329116 ], [ 665182.77358110412024, 1208387.438097496982664 ], [ 665375.636326062027365, 1209289.265388353494927 ], [ 664272.63236498599872, 1209283.755718261469156 ], [ 664465.648095979820937, 1210185.585678089875728 ], [ 662259.675609313766472, 1210174.655911368550733 ], [ 662452.854944080812857, 1211076.477983877528459 ], [ 660246.922487915260717, 1211065.674879463855177 ], [ 660440.265474964398891, 1211967.489130759611726 ], [ 659337.316853046882898, 1211962.132510864874348 ], [ 659530.81290617142804, 1212863.949495336040854 ], [ 660633.750898569822311, 1212869.316631112014875 ], [ 660827.378757433616556, 1213771.157395125832409 ], [ 657518.61054541147314, 1213755.135506897233427 ], [ 657712.412785900989547, 1214656.957995978184044 ], [ 656609.509880928206258, 1214651.680976168019697 ], [ 656803.465242724865675, 1215553.50623663677834 ], [ 657906.357480742968619, 1215558.793733828235418 ], [ 658100.444628637866117, 1216460.64273504843004 ], [ 659203.330773232621141, 1216465.977842539548874 ], [ 658815.320261124055833, 1214662.27207892248407 ], [ 661021.149050262058154, 1214673.011437413282692 ], [ 661409.116932630771771, 1216476.759415325475857 ], [ 663614.921798838302493, 1216487.689470591256395 ], [ 663420.887943064677529, 1215585.787595851579681 ], [ 664523.808113854029216, 1215591.297649146988988 ], [ 664329.927310480619781, 1214689.398468797560781 ], [ 665432.862878900254145, 1214694.934947508620098 ], [ 665626.733052046853118, 1215596.844797991216183 ], [ 666729.662789626745507, 1215602.429043217562139 ], [ 667117.809070534771308, 1217406.310297708027065 ], [ 664911.996948462212458, 1217395.13607964781113 ], [ 665106.304977110004984, 1218297.075359174050391 ], [ 667312.095800704555586, 1218308.271033461904153 ], [ 667506.524922295706347, 1219210.245194519869983 ], [ 669712.313842334551737, 1219221.611184168839827 ], [ 670101.556627574609593, 1221025.643121679779142 ], [ 671204.437148254364729, 1221031.403652648674324 ], [ 671009.755220903549343, 1220129.370072867721319 ], [ 672112.65134757058695, 1220135.156972513301298 ], [ 671918.122427514288574, 1219233.126010262407362 ], [ 673021.034174472908489, 1219238.939239134546369 ], [ 672826.65824338211678, 1218336.910881624789909 ], [ 670620.818469213787466, 1218325.343395951669663 ], [ 670426.563647453673184, 1217423.350269260816276 ], [ 669323.640559997642413, 1217417.633125016232952 ], [ 669129.517485648044385, 1216515.66426292876713 ], [ 668026.588675065198913, 1216509.995054924627766 ], [ 667638.748430187348276, 1214706.119112288346514 ], [ 666535.803241474437527, 1214700.508495059795678 ], [ 666342.086089911637828, 1213798.601313366787508 ], [ 668548.0025453499984, 1213809.838169790571555 ], [ 668354.448997130268253, 1212907.922920730663463 ] ], [ [ 669517.906012656632811, 1218319.615427179960534 ], [ 668414.998467145604081, 1218313.924639968201518 ], [ 668220.722378350328654, 1217411.953134782845154 ], [ 669323.640559997642413, 1217417.633125016232952 ], [ 669517.906012656632811, 1218319.615427179960534 ] ] ], [ [ [ 662706.203937946353108, 1217384.110464120283723 ], [ 662900.533286057296209, 1218286.028397588524967 ], [ 664003.416756003745832, 1218291.533289710525423 ], [ 663809.098070250009187, 1217389.604696983471513 ], [ 662706.203937946353108, 1217384.110464120283723 ] ] ], [ [ [ 675097.912655772641301, 1223755.189303763210773 ], [ 674707.900936344871297, 1221950.988749466137961 ], [ 673605.016087479540147, 1221945.105454347096384 ], [ 673799.961427428992465, 1222847.187956370180473 ], [ 671594.228099508094601, 1222835.511368829989806 ], [ 671789.33712082542479, 1223737.585534852929413 ], [ 670686.488600761978887, 1223731.792308523552492 ], [ 670881.75066540017724, 1224633.869104835903272 ], [ 669778.9177743694745, 1224628.102324825478718 ], [ 669583.645023221732117, 1223726.036429059226066 ], [ 668480.806356241926551, 1223720.317895595915616 ], [ 668871.515624423860572, 1225524.441469843266532 ], [ 667768.703237300738692, 1225518.738575791474432 ], [ 667964.282155039953068, 1226420.80979565018788 ], [ 670169.890400829841383, 1226432.274761819746345 ], [ 669974.33290067256894, 1225530.181764136999846 ], [ 672179.982248369720764, 1225541.774556903867051 ], [ 671984.58850421034731, 1224639.67325926409103 ], [ 673087.431322758086026, 1224645.514788982924074 ], [ 672892.190615373197943, 1223743.416108917910606 ], [ 675097.912655772641301, 1223755.189303763210773 ] ] ], [ [ [ 680222.401718503911979, 1221980.964671874884516 ], [ 681589.560679766116664, 1228296.293714091181755 ], [ 682692.401878924341872, 1228302.479131372179836 ], [ 681910.356977053219453, 1224693.592643643496558 ], [ 683013.246051528956741, 1224699.770591130713001 ], [ 682818.101192209403962, 1223797.572069960413501 ], [ 681715.201488887076266, 1223791.405326191103086 ], [ 681325.317406307673082, 1221987.071752023883164 ], [ 680222.401718503911979, 1221980.964671874884516 ] ] ], [ [ [ 672179.982248369720764, 1225541.774556903867051 ], [ 672571.196813824819401, 1227346.017931279959157 ], [ 673674.007561261765659, 1227351.892417060211301 ], [ 673282.814383730757982, 1225547.627057118574157 ], [ 672179.982248369720764, 1225541.774556903867051 ] ] ], [ [ [ 676786.834393035504036, 1226467.567976120859385 ], [ 676982.470096182078123, 1227369.740630995715037 ], [ 675879.644170488230884, 1227363.753766027279198 ], [ 676075.432890768861398, 1228265.929000453324988 ], [ 677178.248127503786236, 1228271.926963194971904 ], [ 677374.168485705391504, 1229174.12698764866218 ], [ 679579.793000373872928, 1229186.257689310004935 ], [ 679188.137349503813311, 1227381.826746398117393 ], [ 680290.978741041151807, 1227387.925998647231609 ], [ 679899.913670428330079, 1225583.527567775454372 ], [ 678797.05095397552941, 1225577.450631832936779 ], [ 678992.522994177998044, 1226479.631843044189736 ], [ 676786.834393035504036, 1226467.567976120859385 ] ] ], [ [ [ 674338.708874219097197, 1235465.788919243728742 ], [ 674141.749247195664793, 1234563.537333495914936 ], [ 675244.474155729869381, 1234569.500357535202056 ], [ 675047.667630171752535, 1233667.251389435259625 ], [ 677253.154182222322561, 1233679.268154595745727 ], [ 676663.653050745022483, 1230972.536827647360042 ], [ 677766.43617757386528, 1230978.568173096049577 ], [ 678159.273161435732618, 1232783.064307003282011 ], [ 679262.040000705164857, 1232789.155609105015174 ], [ 678673.030145891942084, 1230082.398466480430216 ], [ 677570.231169492704794, 1230076.340719297761098 ], [ 677374.168485705391504, 1229174.12698764866218 ], [ 674065.7701376080513, 1229156.212307773064822 ], [ 674654.481602202402428, 1231862.794649858493358 ], [ 671346.225180012057535, 1231845.118305493379012 ], [ 671542.779260774725117, 1232747.30662789568305 ], [ 672645.51564973522909, 1232753.17218205682002 ], [ 673235.999770843773149, 1235459.852466674754396 ], [ 674338.708874219097197, 1235465.788919243728742 ] ] ], [ [ [ 696958.032181936781853, 1248214.960070902248845 ], [ 696759.274553073104471, 1247312.306151653872803 ], [ 695656.609183174557984, 1247305.538637701421976 ], [ 695457.982988887000829, 1246402.910737877013162 ], [ 694355.312502721208148, 1246396.193076184717938 ], [ 694156.817753244657069, 1245493.591122598620132 ], [ 693054.142115469905548, 1245486.923241834156215 ], [ 692855.778821054380387, 1244584.347161347977817 ], [ 691753.09799632593058, 1244577.728990202769637 ], [ 692348.646871200529858, 1247285.46457628835924 ], [ 694553.949467496247962, 1247298.809204495279118 ], [ 694951.650037772255018, 1249104.084046523785219 ], [ 693849.017517292872071, 1249097.369159789988771 ], [ 694247.308534557698295, 1250902.677290624706075 ], [ 696452.536016335361637, 1250916.192442055325955 ], [ 696253.341002231696621, 1250013.507629526313394 ], [ 697355.974033848615363, 1250020.310631709871814 ], [ 697156.932009294396266, 1249117.628225803608075 ], [ 698259.581524123321287, 1249124.457520382246003 ], [ 698060.69247091433499, 1248221.77750847232528 ], [ 696958.032181936781853, 1248214.960070902248845 ] ] ], [ [ [ 676903.548539847019129, 1257111.610526837874204 ], [ 675801.110250950558111, 1257105.479719373397529 ], [ 676202.354023645166308, 1258910.624883680604398 ], [ 677304.770390983438119, 1258916.778565926942974 ], [ 677104.088302076328546, 1258014.1874965345487 ], [ 678206.520746202208102, 1258020.368127138819546 ], [ 678005.991935810539871, 1257117.779700110666454 ], [ 679108.440470695728436, 1257123.987240116577595 ], [ 678908.06492047989741, 1256221.401443151058629 ], [ 676703.151105618337169, 1256209.047641600714996 ], [ 676903.548539847019129, 1257111.610526837874204 ] ] ], [ [ [ 698452.307037571095861, 1259943.827768736053258 ], [ 699554.820948571781628, 1259950.762065336341038 ], [ 699354.214840371627361, 1259047.921881820308045 ], [ 698251.690064734779298, 1259040.999597358750179 ], [ 698452.307037571095861, 1259943.827768736053258 ] ] ], [ [ [ 673997.536514964071102, 1258898.432778371730819 ], [ 674198.393859870731831, 1259801.003664522431791 ], [ 676403.189409417333081, 1259813.218607715331018 ], [ 676202.354023645166308, 1258910.624883680604398 ], [ 673997.536514964071102, 1258898.432778371730819 ] ] ], [ [ [ 705386.471676312852651, 1147365.717611407628283 ], [ 705569.169896569568664, 1148267.170093333348632 ], [ 707777.100539315142669, 1148280.284274162258953 ], [ 707594.421991812298074, 1147378.809814216103405 ], [ 705386.471676312852651, 1147365.717611407628283 ] ] ], [ [ [ 743283.889446276938543, 1154814.682224588468671 ], [ 743100.52000497863628, 1153912.758636730723083 ], [ 745308.767009435221553, 1153928.332295367261395 ], [ 744942.492697542766109, 1152124.477769040269777 ], [ 746046.646325980196707, 1152132.293477795319632 ], [ 745498.328112958930433, 1149426.577115298015997 ], [ 746602.51797238655854, 1149434.392014872981235 ], [ 746237.701267024967819, 1147630.624635168351233 ], [ 744029.290023632231168, 1147615.077825379790738 ], [ 744211.646770287305117, 1148516.930859607178718 ], [ 743107.461514354567043, 1148509.198167602531612 ], [ 743289.969837719574571, 1149411.052736514015123 ], [ 742185.801357398158871, 1149403.343254964798689 ], [ 742368.461275213281624, 1150305.199373179581016 ], [ 737951.896471421001479, 1150274.665425808634609 ], [ 738134.737145835300907, 1151176.487572746817023 ], [ 735926.515952617512085, 1151161.408011917723343 ], [ 735560.937645805533975, 1149357.824202590389177 ], [ 733352.705032848170958, 1149342.932238451903686 ], [ 732805.343912774696946, 1146637.726805106038228 ], [ 731701.208660792675801, 1146630.368428091518581 ], [ 731336.991676524630748, 1144826.987838402623311 ], [ 730232.843762530363165, 1144819.68765572574921 ], [ 729687.554044739808887, 1142114.750735329464078 ], [ 728583.383755963062868, 1142107.520079058827832 ], [ 728401.894808784243651, 1141205.912329199025407 ], [ 727297.721501310705207, 1141198.72803426370956 ], [ 727479.22013581043575, 1142100.324326478177682 ], [ 726375.063152018352412, 1142093.163476502057165 ], [ 726738.505832151160575, 1143896.372669232776389 ], [ 725634.374867615755647, 1143889.223874415270984 ], [ 725816.318937023868784, 1144790.836790225701407 ], [ 724712.204276995616965, 1144783.711534716188908 ], [ 725076.53792089887429, 1146586.954050345811993 ], [ 723972.4492919286713, 1146579.840957933338359 ], [ 724520.044156592804939, 1149284.769409647444263 ], [ 727832.242004004772753, 1149306.317047036951408 ], [ 728015.028372942470014, 1150208.020797058241442 ], [ 729119.09780848340597, 1150215.285141098545864 ], [ 729485.077008711639792, 1152018.75565661652945 ], [ 733901.343834744999185, 1152048.257713611703366 ], [ 734084.507359250332229, 1152950.059616775950417 ], [ 735188.581278014928102, 1152957.534889983246103 ], [ 735555.314678633119911, 1154761.202413704944775 ], [ 736659.375935230636969, 1154768.736493272939697 ], [ 736475.948021356132813, 1153866.884228113107383 ], [ 739788.202561871381477, 1153889.662709746742621 ], [ 739604.945829517790116, 1152987.788389278808609 ], [ 741813.169882462127134, 1153003.12659878260456 ], [ 742179.786322381347418, 1154806.936352432938293 ], [ 743283.889446276938543, 1154814.682224588468671 ] ] ], [ [ [ 709063.885771576547995, 1149188.392485780874267 ], [ 709429.933814470539801, 1150991.42861093999818 ], [ 711637.841883388813585, 1151004.81984838959761 ], [ 711454.766488373628817, 1150103.273035700898618 ], [ 710350.799544846173376, 1150096.570963857229799 ], [ 709985.055412496323697, 1148293.538759154034778 ], [ 707777.100539315142669, 1148280.284274162258953 ], [ 707959.921216107090004, 1149181.771737525938079 ], [ 709063.885771576547995, 1149188.392485780874267 ] ] ], [ [ [ 711271.833198873559013, 1149201.739297143882141 ], [ 711454.766488373628817, 1150103.273035700898618 ], [ 712558.739595935679972, 1150110.010241757612675 ], [ 712375.816135151311755, 1149208.465362262679264 ], [ 711271.833198873559013, 1149201.739297143882141 ] ] ], [ [ [ 714028.972446232801303, 1151919.933999564033002 ], [ 714212.312353407032788, 1152821.529397167963907 ], [ 716420.230694003636017, 1152835.246916150208563 ], [ 715870.696225091349334, 1150130.432675384916365 ], [ 713662.718899759929627, 1150116.78258304297924 ], [ 713845.774627955746837, 1151018.351733040995896 ], [ 712741.805155105306767, 1151011.568209307268262 ], [ 712925.012811480090022, 1151913.139279446331784 ], [ 714028.972446232801303, 1151919.933999564033002 ] ] ], [ [ [ 745306.926614244701341, 1159332.344844477018341 ], [ 745491.137674758210778, 1160234.36195525364019 ], [ 746595.196521988487802, 1160242.250797434709966 ], [ 746410.995227447710931, 1159340.221591019770131 ], [ 745306.926614244701341, 1159332.344844477018341 ] ] ], [ [ [ 729855.015676854178309, 1164629.681775659555569 ], [ 730040.225748835247941, 1165531.601577426306903 ], [ 731144.121520112035796, 1165539.028876633848995 ], [ 730958.921329264296219, 1164637.097309160046279 ], [ 729855.015676854178309, 1164629.681775659555569 ] ] ], [ [ [ 723465.136714334599674, 1181701.335891433758661 ], [ 723089.566871303599328, 1179897.23254639073275 ], [ 724193.243752351263538, 1179904.525523218559101 ], [ 724005.681914906017482, 1179002.482559435768053 ], [ 725109.375348961097188, 1179009.799815544160083 ], [ 724734.697795817861333, 1177205.73126134974882 ], [ 725838.417812622501515, 1177213.060985747724771 ], [ 725651.302073135273531, 1176311.035380709217861 ], [ 727858.781845413031988, 1176325.779146225191653 ], [ 727671.828106190543622, 1175423.743586755124852 ], [ 725464.328347889008, 1175409.023389335721731 ], [ 725277.49663807626348, 1174507.0249967162963 ], [ 726381.253210098715499, 1174514.355381129542366 ], [ 726194.573498240322806, 1173612.358830608660355 ], [ 727298.346632789238356, 1173619.713334644446149 ], [ 726925.433174041216262, 1171815.73747219517827 ], [ 728029.232843675417826, 1171823.104287402005866 ], [ 727656.907302512321621, 1170019.159200935391709 ], [ 726553.087739461101592, 1170011.815880225272849 ], [ 726181.31033854780253, 1168207.948439725441858 ], [ 727285.14976670849137, 1168215.268322662683204 ], [ 726913.960245742113329, 1166411.431533652357757 ], [ 728017.826116943615489, 1166418.763678098097444 ], [ 727832.454267860855907, 1165516.853832970373333 ], [ 728936.336675480939448, 1165524.209896576125175 ], [ 728751.116717483615503, 1164622.301832896890119 ], [ 729855.015676854178309, 1164629.681775659555569 ], [ 729485.021495699416846, 1162825.882673234445974 ], [ 736108.675232585985214, 1162870.768011412350461 ], [ 736663.701972118811682, 1165576.699687383370474 ], [ 737767.638607008615509, 1165584.340720419771969 ], [ 737397.498531739693135, 1163780.348840888589621 ], [ 739605.431967766024172, 1163795.68992361263372 ], [ 739975.532678852439858, 1165599.729666555067524 ], [ 742183.454701441340148, 1165615.261127176927403 ], [ 741998.3530537574552, 1164713.210383149096742 ], [ 743102.334454646799713, 1164721.017489671241492 ], [ 743287.426274769939482, 1165623.080303341615945 ], [ 745495.390706503530964, 1165638.825553268427029 ], [ 745125.388235847582109, 1163834.665184495737776 ], [ 744021.382833058596589, 1163826.798978600418195 ], [ 743836.584627807606012, 1162924.751430382952094 ], [ 742732.576523182331584, 1162916.932871572906151 ], [ 742917.384537062956952, 1163818.968350742012262 ], [ 741813.39331565471366, 1163811.173299739602953 ], [ 741628.575488294474781, 1162909.149861979763955 ], [ 740524.581490935059264, 1162901.402400430757552 ], [ 740339.895764198270626, 1161999.40459303651005 ], [ 741443.89957284310367, 1162007.14005491277203 ], [ 741259.365570472786203, 1161105.143863591598347 ], [ 743467.413911961601116, 1161120.697295654797927 ], [ 743283.041403691284359, 1160218.690679214894772 ], [ 744387.085979399969801, 1160226.508582908194512 ], [ 744202.865148082142696, 1159324.503540127770975 ], [ 745306.926614244701341, 1159332.344844477018341 ], [ 744755.144767751218751, 1156626.375215482665226 ], [ 743651.054031407693401, 1156618.570030833594501 ], [ 744018.786212204606272, 1158422.512110479176044 ], [ 742914.722092267358676, 1158414.7182734424714 ], [ 742546.970395404845476, 1156610.800204278668389 ], [ 741442.893827511696145, 1156603.065734647214413 ], [ 741810.665050092153251, 1158406.959848603000864 ], [ 740706.615053457207978, 1158399.236834791954607 ], [ 740890.723309613298625, 1159301.192268451210111 ], [ 737578.644634518539533, 1159278.199934299802408 ], [ 737394.507014553179033, 1158376.280247919028625 ], [ 736290.484877845738083, 1158368.698866637423635 ], [ 736843.352963787736371, 1161074.462903436738998 ], [ 730219.540379005135037, 1161029.506085097789764 ], [ 730035.050100601860322, 1160127.641966351540759 ], [ 728931.095148635329679, 1160120.285049890866503 ], [ 729115.595272799953818, 1161022.137473390670493 ], [ 728011.656840116716921, 1161014.804341948358342 ], [ 728196.308813908253796, 1161916.658529760316014 ], [ 727092.386885135550983, 1161909.349223394412547 ], [ 727647.224418958649039, 1164614.957479760050774 ], [ 726543.338749082060531, 1164607.648715143557638 ], [ 726728.578493782202713, 1165509.533385501476005 ], [ 725624.709321058122441, 1165502.248553066048771 ], [ 725995.634653681423515, 1167306.034989132778719 ], [ 724891.791882552672178, 1167298.762473003705963 ], [ 725077.477494259481318, 1168200.664253568043932 ], [ 723973.651201663771644, 1168193.415763093158603 ], [ 724345.468362257932313, 1169997.236493740230799 ], [ 722137.875102432211861, 1169982.80010652448982 ], [ 722324.016637957538478, 1170884.707441685488448 ], [ 721220.239689399721101, 1170877.531267998507246 ], [ 721406.533235349692404, 1171779.440482858102769 ], [ 722510.300209049717523, 1171786.628272818867117 ], [ 722696.725814513396472, 1172688.562614759895951 ], [ 720489.218278631917201, 1172674.199603280285373 ], [ 720675.805900288047269, 1173576.124209113186225 ], [ 723987.046940585947596, 1173597.757405563257635 ], [ 724360.588323173578829, 1175401.717164439614862 ], [ 723256.854825206100941, 1175394.446853950386867 ], [ 723443.848556225188076, 1176296.435387696838006 ], [ 721236.421037453925237, 1176281.979158396599814 ], [ 721610.874677097075619, 1178085.950216323602945 ], [ 720507.190648286952637, 1178078.752703222678974 ], [ 721257.842608450329863, 1181686.811189439147711 ], [ 720154.20522084122058, 1181679.60299399215728 ], [ 720530.403617109870538, 1183483.690544336335734 ], [ 722737.644521850161254, 1183498.189940835116431 ], [ 722549.494458290282637, 1182596.115884029073641 ], [ 723653.134678886970505, 1182603.408047061180696 ], [ 723841.274670531158336, 1183505.49387802509591 ], [ 724944.911326259141788, 1183512.833975973306224 ], [ 724568.793496878817677, 1181708.652400168823078 ], [ 723465.136714334599674, 1181701.335891433758661 ] ] ], [ [ [ 702643.454170086421072, 1171662.724863758543506 ], [ 703016.8084063596325, 1173466.196566286729649 ], [ 704120.450088652782142, 1173472.79820564109832 ], [ 703560.662175830220804, 1170767.577058078953996 ], [ 701353.324305203277618, 1170754.476504062302411 ], [ 701166.992536897072569, 1169852.78488911758177 ], [ 698959.657973116030917, 1169839.849485735641792 ], [ 699332.50395216466859, 1171643.201657655416057 ], [ 702643.454170086421072, 1171662.724863758543506 ] ] ], [ [ [ 738695.472665059496649, 1170094.559014639584348 ], [ 739067.599811578867957, 1171898.742084749042988 ], [ 741275.355664790724404, 1171914.299444309901446 ], [ 741461.612329327035695, 1172816.435730278491974 ], [ 743669.376487418427132, 1172832.160661339759827 ], [ 744228.938523590215482, 1175538.725203833077103 ], [ 745332.801529402961023, 1175546.678081421880051 ], [ 743843.553138691349886, 1168329.350942749064416 ], [ 741635.676108534098603, 1168313.675716749159619 ], [ 741821.355243420694023, 1169215.769154539098963 ], [ 740717.437161612324417, 1169207.973040219862014 ], [ 740903.268079760600813, 1170110.068114306079224 ], [ 738695.472665059496649, 1170094.559014639584348 ] ] ], [ [ [ 730440.581632815650664, 1178144.826196324080229 ], [ 730253.363889173255302, 1177242.73960188543424 ], [ 732460.876983199035749, 1177257.794756739633158 ], [ 732273.821185041102581, 1176355.698030375177041 ], [ 727858.781845413031988, 1176325.779146225191653 ], [ 728233.115322939353064, 1178129.891206670319661 ], [ 730440.581632815650664, 1178144.826196324080229 ] ] ], [ [ [ 732460.876983199035749, 1177257.794756739633158 ], [ 732648.074751996435225, 1178159.905197331914678 ], [ 733751.831445460091345, 1178167.498704927740619 ], [ 733564.64365669246763, 1177265.376299815485254 ], [ 732460.876983199035749, 1177257.794756739633158 ] ] ], [ [ [ 744789.777619415894151, 1178245.41431601298973 ], [ 745164.379811861785129, 1180049.943131053587422 ], [ 746268.193187603959814, 1180057.957351501332596 ], [ 745519.596088766818866, 1176448.906164272222668 ], [ 744415.742994915693998, 1176440.941046677296981 ], [ 744602.689360583201051, 1177343.170745697570965 ], [ 743498.853301213821396, 1177335.22936415951699 ], [ 743685.951490957988426, 1178237.460693563800305 ], [ 744789.777619415894151, 1178245.41431601298973 ] ] ], [ [ [ 706535.174121625721455, 1179792.163327100221068 ], [ 706723.039310710504651, 1180694.035107875242829 ], [ 708930.191007253946736, 1180707.598529809853062 ], [ 708742.34605394420214, 1179805.704031960107386 ], [ 706535.174121625721455, 1179792.163327100221068 ] ] ], [ [ [ 697921.875619967933744, 1186045.690039620734751 ], [ 698299.921559705282561, 1187849.432129282969981 ], [ 700506.803974751499481, 1187862.525293049868196 ], [ 700128.798901240690611, 1186058.738332142354921 ], [ 701232.269249070901424, 1186065.316808776231483 ], [ 701421.190491702407598, 1186967.214824358001351 ], [ 702524.65648674336262, 1186973.840802137507126 ], [ 702902.905059380456805, 1188777.699794734828174 ], [ 704006.356527060386725, 1188784.38468015100807 ], [ 704195.683838258264586, 1189686.345757522853091 ], [ 706402.584168081521057, 1189699.84723181463778 ], [ 706024.11252171988599, 1187895.893045444739982 ], [ 703817.17136940639466, 1187882.437109268968925 ], [ 703439.227519634412602, 1186078.582427739165723 ], [ 702335.745444499654695, 1186071.931506976718083 ], [ 702146.976566607132554, 1185170.03565953229554 ], [ 699940.009631804656237, 1185156.864987531444058 ], [ 699751.362542221322656, 1184255.005047152284533 ], [ 700854.853279490955174, 1184261.561062894994393 ], [ 700666.358554997248575, 1183359.703303094720468 ], [ 701769.865308783715591, 1183366.28424873505719 ], [ 701581.522931298939511, 1182464.428655879572034 ], [ 702685.04571652924642, 1182471.034491577884182 ], [ 702496.855667982250452, 1181569.181052009109408 ], [ 706911.046635828097351, 1181595.920319441240281 ], [ 706723.039310710504651, 1180694.035107875242829 ], [ 701205.264685302623548, 1180660.757621578872204 ], [ 701393.322723065270111, 1181562.586451735347509 ], [ 700289.795632725581527, 1181556.027936102822423 ], [ 700478.006005666684359, 1182457.85893240547739 ], [ 698270.989604737260379, 1182444.827818179503083 ], [ 699025.334368908312172, 1186052.196076085558161 ], [ 697921.875619967933744, 1186045.690039620734751 ] ] ], [ [ [ 718323.188355016056448, 1183469.335777747677639 ], [ 718888.611920928000472, 1186175.49925775709562 ], [ 719992.186044721980579, 1186182.693640093784779 ], [ 720180.934563505463302, 1187084.787161373067647 ], [ 721284.504965607542545, 1187092.029531711246818 ], [ 721095.766562005737796, 1186189.924261659849435 ], [ 722199.353504896396771, 1186197.191123543772846 ], [ 722010.767247916897759, 1185295.087783598108217 ], [ 720907.17020191566553, 1185287.832683720160276 ], [ 720530.403617109870538, 1183483.690544336335734 ], [ 718323.188355016056448, 1183469.335777747677639 ] ] ], [ [ [ 744112.873729092301801, 1190854.018984965980053 ], [ 744491.508900528308004, 1192658.865405570017174 ], [ 745595.160877376561984, 1192666.943917113356292 ], [ 745216.545805187546648, 1190862.072679623262957 ], [ 744112.873729092301801, 1190854.018984965980053 ] ] ], [ [ [ 743043.279910324374214, 1196252.580470275366679 ], [ 743995.289835825446062, 1200765.101653766352683 ], [ 745098.836755989701487, 1200773.219148977659643 ], [ 744146.877391382236965, 1196260.635655764490366 ], [ 743043.279910324374214, 1196252.580470275366679 ] ] ], [ [ [ 715114.51146321115084, 1199664.708668220322579 ], [ 715305.462285876274109, 1200566.926169223152101 ], [ 716408.835468525532633, 1200574.089759993832558 ], [ 716217.894902484025806, 1199671.860486447112635 ], [ 715114.51146321115084, 1199664.708668220322579 ] ] ], [ [ [ 726530.47111050656531, 1201542.56299377582036 ], [ 726339.480617182678543, 1200640.212562420172617 ], [ 725236.049748696153983, 1200632.71886132308282 ], [ 725045.191054069553502, 1199730.394413214176893 ], [ 722838.328460889635608, 1199715.541019346565008 ], [ 723220.228756568045355, 1201520.155915257288143 ], [ 726530.47111050656531, 1201542.56299377582036 ] ] ], [ [ [ 744377.087095905444585, 1202570.209386809030548 ], [ 743995.289835825446062, 1200765.101653766352683 ], [ 742891.749998926767148, 1200757.020861831493676 ], [ 743082.587819100124761, 1201659.555145058548078 ], [ 741979.06517657416407, 1201651.498604865977541 ], [ 742170.055050133611076, 1202554.034619234269485 ], [ 744377.087095905444585, 1202570.209386809030548 ] ] ], [ [ [ 727825.020617308327928, 1202452.481929227942601 ], [ 728016.284899493446574, 1203354.872422844171524 ], [ 730223.118337390129454, 1203370.115968112833798 ], [ 730414.504164974438027, 1204272.544781082309783 ], [ 731517.920670326100662, 1204280.233899349812418 ], [ 731135.311432031448931, 1202475.365959504619241 ], [ 730031.874494959251024, 1202467.701206621713936 ], [ 729840.772638894501142, 1201565.300481381127611 ], [ 726530.47111050656531, 1201542.56299377582036 ], [ 726721.603612580918707, 1202444.927402427187189 ], [ 727825.020617308327928, 1202452.481929227942601 ] ] ], [ [ [ 742552.460522998357192, 1204359.149253736482933 ], [ 743703.082660745363683, 1209774.835110272513703 ], [ 742599.658691837103106, 1209766.702836773823947 ], [ 742791.935921184252948, 1210669.354607001179829 ], [ 743895.349671732168645, 1210677.499449560884386 ], [ 744280.309386841487139, 1212482.871149766957387 ], [ 745383.709763804683462, 1212491.078234986169264 ], [ 744998.770496406010352, 1210685.681297211907804 ], [ 746102.198427269468084, 1210693.900151185225695 ], [ 744950.847195147769526, 1205277.97771987807937 ], [ 743847.358119451906532, 1205269.834392058895901 ], [ 743655.952693822328001, 1204367.243232463253662 ], [ 742552.460522998357192, 1204359.149253736482933 ] ] ], [ [ [ 737801.822364488849416, 1207929.382675682660192 ], [ 738186.032866063993424, 1209734.543492695083842 ], [ 740392.831833099597134, 1209750.549217178020626 ], [ 740008.662233168957755, 1207945.33859924133867 ], [ 737801.822364488849416, 1207929.382675682660192 ] ] ], [ [ [ 730270.204446266405284, 1208777.186800780706108 ], [ 730462.452425891300663, 1209679.687992800492793 ], [ 731565.800750507623889, 1209687.413594076177105 ], [ 731950.702105003874749, 1211492.482969012577087 ], [ 734157.377856958773918, 1211508.094320427393541 ], [ 733964.876738428836688, 1210605.527903988258913 ], [ 736171.600179299828596, 1210621.262590355239809 ], [ 735979.261534257559106, 1209718.685653695371002 ], [ 733772.517581218271516, 1209702.975690639577806 ], [ 733580.300386552000418, 1208800.437665042001754 ], [ 730270.204446266405284, 1208777.186800780706108 ] ] ], [ [ [ 727152.447430370026268, 1209656.732963070273399 ], [ 726960.168620353098959, 1208754.268355875276029 ], [ 725856.836554214823991, 1208746.702739833854139 ], [ 726049.125651138136163, 1209649.155207356903702 ], [ 722739.199522593640722, 1209626.643686854979023 ], [ 723317.01168001210317, 1212333.976636236067861 ], [ 724420.282938058488071, 1212341.479778222739697 ], [ 724227.547177866566926, 1211439.009294597432017 ], [ 727537.431063616415486, 1211461.70449168398045 ], [ 727344.868245200370438, 1210559.211669916519895 ], [ 730654.842389181489125, 1210582.203328518429771 ], [ 730462.452425891300663, 1209679.687992800492793 ], [ 727152.447430370026268, 1209656.732963070273399 ] ] ], [ [ [ 741688.529212704044767, 1210661.246768308570608 ], [ 741880.958577573765069, 1211563.900303121423349 ], [ 742984.355055657797493, 1211572.02069791755639 ], [ 742791.935921184252948, 1210669.354607001179829 ], [ 741688.529212704044767, 1210661.246768308570608 ] ] ], [ [ [ 734212.08620408596471, 1216915.893439723877236 ], [ 735315.365687549812719, 1216923.791944371769205 ], [ 735508.860501136863604, 1217826.458212882978842 ], [ 736612.136490754783154, 1217834.40637106820941 ], [ 735646.133466694038361, 1213321.155801175395027 ], [ 733439.485280296416022, 1213305.420924012316391 ], [ 733632.422567262081429, 1214208.017662829020992 ], [ 734735.732968287775293, 1214215.878941848874092 ], [ 735122.012826730264351, 1216021.139986638911068 ], [ 734018.723030380439013, 1216013.25390529516153 ], [ 734212.08620408596471, 1216915.893439723877236 ] ] ], [ [ [ 736284.259258634294383, 1221437.266703452914953 ], [ 735181.031445021391846, 1221429.305860392283648 ], [ 735569.603225603816099, 1223234.771332896081731 ], [ 734466.402953619835898, 1223226.82283088285476 ], [ 734660.912145506357774, 1224129.564651435939595 ], [ 735764.102043307502754, 1224137.525667641079053 ], [ 735958.742810977273621, 1225040.294422037666664 ], [ 738165.122380227432586, 1225056.353820230113342 ], [ 737970.502359703881666, 1224153.559924745699391 ], [ 739073.712842320674099, 1224161.633168055908754 ], [ 738684.919321119552478, 1222356.063530284212902 ], [ 739788.157430046820082, 1222364.148950269678608 ], [ 739206.062634960515425, 1219655.864963141269982 ], [ 738102.793527627363801, 1219647.817283987998962 ], [ 737715.419338473002426, 1217842.391745904926211 ], [ 736612.136490754783154, 1217834.40637106820941 ], [ 736805.762934008031152, 1218737.099446309264749 ], [ 735702.497266265563667, 1218729.138807601295412 ], [ 735896.27598170901183, 1219631.833743966417387 ], [ 734793.027479074080475, 1219623.897880694596097 ], [ 734986.95848460344132, 1220526.594691674923524 ], [ 736090.196646240656264, 1220534.543037429684773 ], [ 736284.259258634294383, 1221437.266703452914953 ] ] ], [ [ [ 721423.154430103255436, 1224036.949837848544121 ], [ 721228.5203501584474, 1223134.356031227624044 ], [ 722331.641224683262408, 1223141.856062705628574 ], [ 721942.820044013555162, 1221336.686746900202706 ], [ 720839.67831975966692, 1221329.211035853251815 ], [ 720257.480616537271999, 1218621.599857609486207 ], [ 719154.31405350624118, 1218614.197742985794321 ], [ 718960.521850508754142, 1217711.701038911473006 ], [ 717857.351235012756661, 1217704.348188427742571 ], [ 717663.690693058306351, 1216801.877612336538732 ], [ 716560.515989935956895, 1216794.57395486254245 ], [ 717141.955032820580527, 1219501.991935326484963 ], [ 718245.098510705516674, 1219509.331624879036099 ], [ 718439.185241955798119, 1220411.844515761127695 ], [ 719542.324626342626289, 1220419.233525561401621 ], [ 721100.048959863372147, 1227639.94389272108674 ], [ 724409.254871899494901, 1227662.627171691507101 ], [ 724214.073555640876293, 1226759.951855608727783 ], [ 725317.165599860833026, 1226767.575660855742171 ], [ 725122.136753629194573, 1225864.902364712907001 ], [ 722915.938260250375606, 1225849.716769205639139 ], [ 722526.264869174454361, 1224044.462051809765399 ], [ 721423.154430103255436, 1224036.949837848544121 ] ] ], [ [ [ 741474.743554378743283, 1225080.723704820265993 ], [ 739268.322496899869293, 1225064.439675570931286 ], [ 739463.074079161160626, 1225967.26066289190203 ], [ 737256.701495524961501, 1225951.101163941901177 ], [ 737646.671982276602648, 1227756.736098500434309 ], [ 738749.834045056952164, 1227764.822358395438641 ], [ 738554.788224135409109, 1226861.985021507833153 ], [ 739657.967587874038145, 1226870.096145569812506 ], [ 739853.003021809039637, 1227772.946139171021059 ], [ 743162.551755901891738, 1227797.542619018815458 ], [ 742772.685053089400753, 1225991.780915213050321 ], [ 741669.474405974033289, 1225983.570028953719884 ], [ 741474.743554378743283, 1225080.723704820265993 ] ] ], [ [ [ 744727.694587625563145, 1235021.173535600537434 ], [ 745830.808355193468742, 1235029.550089267781004 ], [ 745634.679284978308715, 1234126.532064410857856 ], [ 744531.555094789131545, 1234118.16839780472219 ], [ 744727.694587625563145, 1235021.173535600537434 ] ] ] ] } }
]
}
