{
"type": "FeatureCollection",
"name": "urban-1985",
"crs": { "type": "name", "properties": { "name": "urn:ogc:def:crs:EPSG::32648" } },
"features": [
{ "type": "Feature", "properties": { "year": 1985 }, "geometry": { "type": "MultiPolygon", "coordinates": [ [ [ [ 523825.517870778974611, 2276081.314312770497054 ], [ 524908.61891221976839, 2276082.868273883592337 ], [ 524540.898443787824363, 2275164.450316053815186 ], [ 523457.775529406906571, 2275162.920448169577867 ], [ 523825.517870778974611, 2276081.314312770497054 ] ] ], [ [ [ 533903.587634573807009, 2271509.192597332876176 ], [ 530653.938114621909335, 2271503.029949629679322 ], [ 531388.071588897495531, 2273340.004030830226839 ], [ 530304.900222355732694, 2273338.039319321978837 ], [ 530672.203420246951282, 2274256.545088744256645 ], [ 529589.054615551722236, 2274254.625168638303876 ], [ 530324.133977765101008, 2276091.674195354804397 ], [ 529241.029560171300545, 2276089.774861458223313 ], [ 528505.906549061997794, 2274252.774268590379506 ], [ 527422.759193756966852, 2274250.992388335987926 ], [ 528893.665059274062514, 2277925.011304066050798 ], [ 527810.605784308398142, 2277923.201681236736476 ], [ 528178.711928249453194, 2278841.753776006400585 ], [ 526012.639189118519425, 2278838.293476943392307 ], [ 526380.932230423437431, 2279756.82575318031013 ], [ 524214.905891907808837, 2279753.593692013993859 ], [ 523478.375347660738043, 2277916.654485505539924 ], [ 521312.263749250094406, 2277913.795661779586226 ], [ 522048.881967214343604, 2279750.638367275241762 ], [ 523131.893641328089871, 2279752.081437699031085 ], [ 523500.395563514903188, 2280670.569737506099045 ], [ 528915.353593154344708, 2280678.944040719885379 ], [ 529283.889109204872511, 2281597.582270059268922 ], [ 530366.860883684363216, 2281599.489117252174765 ], [ 529629.976736441603862, 2279762.192729780916125 ], [ 530712.993012605817057, 2279764.120092277880758 ], [ 529976.725054563721642, 2277926.890056951437145 ], [ 531059.785797179793008, 2277928.837940158788115 ], [ 530691.888331549358554, 2277010.241713173221797 ], [ 532858.055821173009463, 2277014.296210563275963 ], [ 532490.345108765061013, 2276095.680089401546866 ], [ 533573.451876197592355, 2276097.786650118883699 ], [ 532838.503352361498401, 2274260.591990224551409 ], [ 533921.654533825349063, 2274262.718972173053771 ], [ 533554.416698720073327, 2273344.140433051157743 ], [ 535720.765157725312747, 2273348.552809515967965 ], [ 535353.713935286505148, 2272429.954382725525647 ], [ 534270.517519571469165, 2272427.738008228130639 ], [ 533903.587634573807009, 2271509.192597332876176 ] ], [ [ 531407.239151624613442, 2276093.642604575958103 ], [ 531039.649730820441619, 2275175.079507289454341 ], [ 532122.777497615548782, 2275177.092705491930246 ], [ 532490.345108765061013, 2276095.680089401546866 ], [ 531407.239151624613442, 2276093.642604575958103 ] ] ], [ [ [ 523478.375347660738043, 2277916.654485505539924 ], [ 524561.432011342491023, 2277918.18759057438001 ], [ 523825.517870778974611, 2276081.314312770497054 ], [ 522742.417423529026564, 2276079.829425514675677 ], [ 523478.375347660738043, 2277916.654485505539924 ] ] ], [ [ [ 529652.56774437520653, 2282516.249270359519869 ], [ 529283.889109204872511, 2281597.582270059268922 ], [ 528200.918064234429039, 2281595.744663190096617 ], [ 528569.618599864537828, 2282514.387312704697251 ], [ 529652.56774437520653, 2282516.249270359519869 ] ] ], [ [ [ 534353.10619204712566, 2283443.183379741385579 ], [ 533984.371977707720362, 2282524.389783350285143 ], [ 531818.468276036321186, 2282520.180989818647504 ], [ 532556.167307236930355, 2284357.69916510861367 ], [ 533639.074982115882449, 2284359.817881772294641 ], [ 533270.175802295678295, 2283441.019858261570334 ], [ 534353.10619204712566, 2283443.183379741385579 ] ] ], [ [ [ 532925.231472136336379, 2285276.501615268643945 ], [ 532556.167307236930355, 2284357.69916510861367 ], [ 531473.260442931205034, 2284355.649772248230875 ], [ 531842.346509746974334, 2285274.427729425020516 ], [ 530759.462340011261404, 2285272.423194736707956 ], [ 531867.644919171347283, 2288028.857130587100983 ], [ 530784.827314219088294, 2288026.848459613043815 ], [ 531154.529660398606211, 2288945.693137507420033 ], [ 532237.325319298543036, 2288947.726362264715135 ], [ 532607.148818854941055, 2289866.624603673350066 ], [ 533689.923336125910282, 2289868.751900359522551 ], [ 532950.463316960725933, 2288030.935235359705985 ], [ 534033.282534528523684, 2288033.082774226088077 ], [ 533294.438733292161487, 2286195.333013580646366 ], [ 536543.032974858069792, 2286202.044512891676277 ], [ 535804.892871448420919, 2284364.263287719804794 ], [ 533639.074982115882449, 2284359.817881772294641 ], [ 534008.117254137410782, 2285278.644852562341839 ], [ 532925.231472136336379, 2285276.501615268643945 ] ] ], [ [ [ 535142.621396782225929, 2290789.925274300854653 ], [ 534772.698691260186024, 2289870.948686438146979 ], [ 533689.923336125910282, 2289868.751900359522551 ], [ 534059.867982630501501, 2290787.703821015078574 ], [ 535142.621396782225929, 2290789.925274300854653 ] ] ], [ [ [ 537427.87523969146423, 2301814.955292812082916 ], [ 537056.191671916283667, 2300895.677189568057656 ], [ 535973.681903808494098, 2300893.32211656589061 ], [ 536345.387508703977801, 2301812.575257991906255 ], [ 537427.87523969146423, 2301814.955292812082916 ] ] ], [ [ [ 539324.182710037799552, 2309167.661415771115571 ], [ 537159.563205381738953, 2309162.710057366639376 ], [ 536413.917648268048652, 2307323.861815174110234 ], [ 537496.271134862094186, 2307326.252207349054515 ], [ 536751.2420378185343, 2305487.471932793501765 ], [ 537833.64061742881313, 2305489.882148549426347 ], [ 537089.227930183871649, 2303651.169777671340853 ], [ 538171.671567432349548, 2303653.59982388978824 ], [ 537799.701872353209183, 2302734.262827483005822 ], [ 536717.236184985842556, 2302731.857801595702767 ], [ 536345.387508703977801, 2301812.575257991906255 ], [ 535262.900679411366582, 2301810.265071474481374 ], [ 534891.173028342309408, 2300891.03686420340091 ], [ 532726.157847890048288, 2300886.675820113625377 ], [ 535704.338418847532012, 2308240.925695835612714 ], [ 534622.008829015423544, 2308238.650274409446865 ], [ 536488.132348339189775, 2312835.889359249267727 ], [ 537570.351246535778046, 2312838.290501983370632 ], [ 536450.314346630359069, 2310079.782824907917529 ], [ 538614.887747015338391, 2310084.644357796292752 ], [ 539361.347437272313982, 2311923.720639179926366 ], [ 541525.836223705089651, 2311928.963583204429597 ], [ 541152.579078216571361, 2311009.360063092783093 ], [ 540070.312075785826892, 2311006.728799059521407 ], [ 539324.182710037799552, 2309167.661415771115571 ] ] ], [ [ [ 529583.422527178074233, 2309147.587458514608443 ], [ 528837.467006394057535, 2307309.089433906599879 ], [ 527755.119987732614391, 2307307.259142141789198 ], [ 528501.119861779501662, 2309145.707356868777424 ], [ 529583.422527178074233, 2309147.587458514608443 ] ] ], [ [ [ 528538.957687106449157, 2311901.715005714446306 ], [ 527792.054710928350687, 2310063.140520253684372 ], [ 528874.334474833100103, 2310064.975476645864546 ], [ 528501.119861779501662, 2309145.707356868777424 ], [ 527418.817902394104749, 2309143.89732178626582 ], [ 527045.724216877599247, 2308224.683445694390684 ], [ 524881.077903572935611, 2308221.323275229427963 ], [ 525254.215994414058514, 2309140.487450297456235 ], [ 526336.516622208640911, 2309142.157353011425585 ], [ 526709.775635339668952, 2310061.375657808035612 ], [ 525627.497221261030063, 2310059.680889058392495 ], [ 526374.489073018543422, 2311898.155678944196552 ], [ 528538.957687106449157, 2311901.715005714446306 ] ] ], [ [ [ 527162.351370612392202, 2316493.057526681106538 ], [ 528244.473408335354179, 2316494.856893478892744 ], [ 527870.190299122361466, 2315575.457758613862097 ], [ 526788.045993124716915, 2315573.683435987215489 ], [ 527162.351370612392202, 2316493.057526681106538 ] ] ], [ [ [ 530408.719606316066347, 2316498.666488104499876 ], [ 532572.968812773819081, 2316502.757232579868287 ], [ 532198.774685456068255, 2315583.257644570898265 ], [ 530034.481006280519068, 2315579.217181966174394 ], [ 530408.719606316066347, 2316498.666488104499876 ] ] ], [ [ [ 530783.101309466874227, 2317418.145360077731311 ], [ 530408.719606316066347, 2316498.666488104499876 ], [ 528244.473408335354179, 2316494.856893478892744 ], [ 528993.468972542788833, 2318333.743714512791485 ], [ 530075.547171098180115, 2318335.663600230589509 ], [ 529701.000104315113276, 2317416.180290258023888 ], [ 530783.101309466874227, 2317418.145360077731311 ] ] ], [ [ [ 531532.294015165767632, 2319257.191923738457263 ], [ 531157.626113247359172, 2318337.653828431852162 ], [ 530075.547171098180115, 2318335.663600230589509 ], [ 530450.237342504784465, 2319255.176507673691958 ], [ 531532.294015165767632, 2319257.191923738457263 ] ] ], [ [ [ 522588.360347749840003, 2323837.082740772515535 ], [ 522212.753562389232684, 2322917.648161869961768 ], [ 521130.792721814708784, 2322916.236494964454323 ], [ 521506.421900534303859, 2323835.646014808677137 ], [ 522588.360347749840003, 2323837.082740772515535 ] ] ], [ [ [ 525879.783821042161435, 2326598.799620222765952 ], [ 525127.944103588233702, 2324759.682065664790571 ], [ 526209.86193212470971, 2324761.355482194107026 ], [ 525834.179143288987689, 2323841.815956350881606 ], [ 526916.119982163771056, 2323843.534708180930465 ], [ 527291.780407808953896, 2324763.099433167371899 ], [ 528373.699557354673743, 2324764.913918830920011 ], [ 527622.566529740695842, 2322925.763678392861038 ], [ 526540.60267858824227, 2322923.999616741668433 ], [ 525789.997447641333565, 2321085.018211961258203 ], [ 524707.989558081375435, 2321083.374880276620388 ], [ 525083.242953766952269, 2322002.82568600634113 ], [ 524001.258027640287764, 2322001.227695339359343 ], [ 524752.238942406955175, 2323840.167711325921118 ], [ 522588.360347749840003, 2323837.082740772515535 ], [ 522964.110281105269678, 2324756.546835005749017 ], [ 524046.026895486807916, 2324758.079183343797922 ], [ 524421.897577183437534, 2325677.597969317808747 ], [ 523340.0033599503804, 2325676.040475176181644 ], [ 523716.039581785502378, 2326595.563691921997815 ], [ 522634.168353527435102, 2326594.051611423492432 ], [ 523386.715061187918764, 2328433.136513013392687 ], [ 524468.541444411734119, 2328434.698977806605399 ], [ 524092.218944105727132, 2327515.116515902336687 ], [ 525174.068347602733411, 2327516.724390404764563 ], [ 524797.911395389121026, 2326597.146361446939409 ], [ 525879.783821042161435, 2326598.799620222765952 ] ] ], [ [ [ 521552.297683915297966, 2326592.610119738150388 ], [ 521176.216627304733265, 2325673.137170868460089 ], [ 523340.0033599503804, 2325676.040475176181644 ], [ 522964.110281105269678, 2324756.546835005749017 ], [ 521882.194233728514519, 2324755.08502043178305 ], [ 521506.421900534303859, 2323835.646014808677137 ], [ 519342.54657273076009, 2323832.98408049158752 ], [ 520470.42754624405643, 2326591.239216663409024 ], [ 521552.297683915297966, 2326592.610119738150388 ] ] ], [ [ [ 527337.769044933025725, 2327520.151990306563675 ], [ 526961.656885447213426, 2326600.523468481376767 ], [ 525879.783821042161435, 2326598.799620222765952 ], [ 526255.918372312444262, 2327518.402881793677807 ], [ 527337.769044933025725, 2327520.151990306563675 ] ] ], [ [ [ 548363.489839827874675, 2334001.974970277398825 ], [ 549445.200963398092426, 2334005.176378253847361 ], [ 549068.489335201797076, 2333084.875969171058387 ], [ 547986.7559383881744, 2333081.700527351815253 ], [ 548363.489839827874675, 2334001.974970277398825 ] ] ], [ [ [ 548363.489839827874675, 2334001.974970277398825 ], [ 545118.363513636868447, 2333992.795646992046386 ], [ 545872.394093322567642, 2335833.280175593681633 ], [ 546954.057101010926999, 2335836.32098894007504 ], [ 546576.992620607139543, 2334916.037587239407003 ], [ 547658.679089281475171, 2334919.123301988001913 ], [ 548035.721265374682844, 2335839.432673902250826 ], [ 549117.386613058042713, 2335842.615230918861926 ], [ 548363.489839827874675, 2334001.974970277398825 ] ] ], [ [ [ 549494.549479857319966, 2336762.9811110063456 ], [ 550576.193744842195883, 2336766.260595940519124 ], [ 550199.0531707132468, 2335845.868660438340157 ], [ 549117.386613058042713, 2335842.615230918861926 ], [ 549494.549479857319966, 2336762.9811110063456 ] ] ], [ [ [ 551608.626892745727673, 2334011.791647222824395 ], [ 549445.200963398092426, 2334005.176378253847361 ], [ 549822.055576066253707, 2334925.507264947518706 ], [ 550903.745647483388893, 2334928.805514058563858 ], [ 551657.839255492785014, 2336769.610981561243534 ], [ 550576.193744842195883, 2336766.260595940519124 ], [ 551330.903821563115343, 2338607.136211955919862 ], [ 550249.304161341395229, 2338603.804526837076992 ], [ 550626.895971028250642, 2339524.262125107459724 ], [ 553871.631860484718345, 2339534.548566953744739 ], [ 554249.299717585672624, 2340455.115407582838088 ], [ 555330.858672596164979, 2340458.71244839578867 ], [ 554575.710491336183622, 2338617.557006085291505 ], [ 555657.315366396331228, 2338621.172518684528768 ], [ 555279.977972830412909, 2337700.614672145806253 ], [ 554198.35082831303589, 2337697.02538547012955 ], [ 553444.060369963990524, 2335856.054188655223697 ], [ 552362.390022519626655, 2335852.588138833176345 ], [ 551608.626892745727673, 2334011.791647222824395 ] ] ], [ [ [ 547004.512496963376179, 2338594.235203673597425 ], [ 548086.1085256714141, 2338597.354023150634021 ], [ 547708.615056042559445, 2337676.979175687301904 ], [ 546626.996694534318522, 2337673.886388039216399 ], [ 547004.512496963376179, 2338594.235203673597425 ] ] ], [ [ [ 546678.422924668062478, 2340431.92444713274017 ], [ 547759.973092970787548, 2340435.024409940000623 ], [ 548137.917881545843557, 2341355.464863114990294 ], [ 549219.446873021428473, 2341358.661956956610084 ], [ 548841.52443666185718, 2340438.195382499601692 ], [ 551004.630756681202911, 2340444.750358674209565 ], [ 550626.895971028250642, 2339524.262125107459724 ], [ 547382.17129727662541, 2339514.614533888641745 ], [ 547004.512496963376179, 2338594.235203673597425 ], [ 545922.917625500354916, 2338591.187338519375771 ], [ 546678.422924668062478, 2340431.92444713274017 ] ] ], [ [ [ 520721.502295791462529, 2340378.827279001008719 ], [ 520343.138893384253606, 2339459.060690780170262 ], [ 519261.586875617154874, 2339457.761227786075324 ], [ 519639.972861483227462, 2340377.502444009762257 ], [ 520721.502295791462529, 2340378.827279001008719 ] ] ], [ [ [ 543382.148392506991513, 2337665.033583050128073 ], [ 544137.457120374194346, 2339505.605781054589897 ], [ 543055.887936464045197, 2339502.744825529865921 ], [ 542678.139688285649754, 2338582.469464734196663 ], [ 541596.549179507535882, 2338579.705412667244673 ], [ 543108.489867390017025, 2342260.88566899811849 ], [ 542026.989996687276289, 2342258.088808706495911 ], [ 542783.863317800220102, 2344098.809695578180254 ], [ 541702.40934500459116, 2344096.031894068233669 ], [ 542081.082981041981839, 2345016.412059939000756 ], [ 539918.222996134660207, 2345011.017799175810069 ], [ 540297.08458149782382, 2345931.376419523265213 ], [ 541378.491603532806039, 2345934.063998653087765 ], [ 541757.473752088961191, 2346854.479166354518384 ], [ 543920.245955782243982, 2346860.1200284906663 ], [ 543541.308725622482598, 2345939.652675389312208 ], [ 545704.130128957564011, 2345945.526046068407595 ], [ 544189.990798590704799, 2342263.753592357970774 ], [ 548516.005660500610247, 2342275.935924727004021 ], [ 548137.917881545843557, 2341355.464863114990294 ], [ 545974.863425362738781, 2341349.283787403255701 ], [ 544463.763389401836321, 2337667.913592141121626 ], [ 543382.148392506991513, 2337665.033583050128073 ] ] ], [ [ [ 546028.231655174982734, 2344107.569810176733881 ], [ 547109.689995947759598, 2344110.632086439058185 ], [ 546731.271473272820003, 2343190.152052478864789 ], [ 545649.790733644273132, 2343187.115903921891004 ], [ 546028.231655174982734, 2344107.569810176733881 ] ] ], [ [ [ 550354.072075538453646, 2344120.245635453145951 ], [ 549975.720694961724803, 2343199.687052068766207 ], [ 548894.236427330528386, 2343196.437626109458506 ], [ 549272.610179533483461, 2344116.969998630229384 ], [ 550354.072075538453646, 2344120.245635453145951 ] ] ], [ [ [ 539918.222996134660207, 2345011.017799175810069 ], [ 539539.504449339583516, 2344090.689643721561879 ], [ 538458.053473283187486, 2344088.125194130465388 ], [ 538836.794489135965705, 2345008.427385917399079 ], [ 539918.222996134660207, 2345011.017799175810069 ] ] ], [ [ [ 521211.312510415096767, 2346815.095071248244494 ], [ 523374.054300630581565, 2346818.030423969961703 ], [ 522994.688868862984236, 2345898.054361724760383 ], [ 524076.083231861761305, 2345899.603222407400608 ], [ 523317.827008939231746, 2344059.689993514679372 ], [ 521154.948390524252318, 2344056.76563911465928 ], [ 521534.050156576675363, 2344976.65617536380887 ], [ 520452.634266000997741, 2344975.275173032656312 ], [ 520831.901811998221092, 2345895.170143015682697 ], [ 519750.509064970421605, 2345893.834784582722932 ], [ 520509.518912474042736, 2347733.663549380842596 ], [ 519428.17197017633589, 2347732.348332226742059 ], [ 520187.799778088694438, 2349572.245913913007826 ], [ 519106.498676730494481, 2349570.950828770175576 ], [ 520247.082140353624709, 2352330.945591412950307 ], [ 522409.54867907287553, 2352333.760841133072972 ], [ 522029.256433247879613, 2351413.681214755866677 ], [ 523110.513200407032855, 2351415.170175102539361 ], [ 522350.403494925703853, 2349575.049916443880647 ], [ 523431.706163522903807, 2349576.55883422633633 ], [ 523051.888680317380931, 2348656.518201727420092 ], [ 521970.563354402082041, 2348655.034926836844534 ], [ 521211.312510415096767, 2346815.095071248244494 ] ] ], [ [ [ 543217.962032935000025, 2347777.735830957069993 ], [ 543597.207756459596567, 2348698.238283659331501 ], [ 542515.867127936100587, 2348695.401205521076918 ], [ 543274.832592018297873, 2350536.445725704077631 ], [ 544356.128247780958191, 2350539.335171089973301 ], [ 543976.596495579113252, 2349618.771386554930359 ], [ 545057.915721121709794, 2349621.705917241517454 ], [ 544678.549456040957011, 2348701.146617995109409 ], [ 545759.892253246274777, 2348704.126208937726915 ], [ 545001.633663463057019, 2346863.047261141240597 ], [ 543920.245955782243982, 2346860.1200284906663 ], [ 544299.326200091163628, 2347780.617998889181763 ], [ 543217.962032935000025, 2347777.735830957069993 ] ] ], [ [ [ 547979.629186121397652, 2351469.104728265665472 ], [ 547600.021856947685592, 2350548.43137860763818 ], [ 548681.322029143222608, 2350551.606072992086411 ], [ 548301.880144357448444, 2349630.937216913793236 ], [ 546139.236053392058238, 2349624.711732246447355 ], [ 546518.72285369085148, 2350545.327997119631618 ], [ 545437.424992820248008, 2350542.295928089413792 ], [ 545817.077268624329008, 2351462.916682023089379 ], [ 547979.629186121397652, 2351469.104728265665472 ] ] ], [ [ [ 524159.944841548451222, 2379932.859202626161277 ], [ 524544.879674304160289, 2380853.649497922509909 ], [ 521303.320035894867033, 2380849.053269819822162 ], [ 521688.46697116852738, 2381769.795318738091737 ], [ 523849.460169117606711, 2381772.839961463119835 ], [ 524620.091415572096594, 2383614.522069167811424 ], [ 522459.190250843705144, 2383611.371832297183573 ], [ 522073.757043669815175, 2382690.568162256386131 ], [ 520993.284270448319148, 2382689.127862873021513 ], [ 521764.339874257275369, 2384530.71328645478934 ], [ 531488.202578280586749, 2384546.754690915346146 ], [ 531102.810160146793351, 2383625.707945104222745 ], [ 532183.265784877934493, 2383627.825305427890271 ], [ 531798.039389438112266, 2382706.783040351700038 ], [ 533958.998875805991702, 2382711.181336069945246 ], [ 533573.961400647647679, 2381790.116906678769737 ], [ 532493.458339400705881, 2381787.908268628641963 ], [ 531723.766775945550762, 2379945.925966241396964 ], [ 532804.315652170567773, 2379948.081403203774244 ], [ 532035.242189801763743, 2378106.170159908477217 ], [ 533115.837637298041955, 2378108.344651959836483 ], [ 533500.279949282063171, 2379029.31130934227258 ], [ 534580.853332265047356, 2379031.584516249597073 ], [ 534965.41583250160329, 2379952.608847366180271 ], [ 538207.072568229865283, 2379959.941444051451981 ], [ 537822.578650869312696, 2379038.837115832604468 ], [ 538903.155568201793358, 2379041.39897644566372 ], [ 538518.827528824098408, 2378120.299142464529723 ], [ 539599.428222599788569, 2378122.90644896728918 ], [ 539215.266041671857238, 2377201.811110220383853 ], [ 540295.890513447578996, 2377204.463837947230786 ], [ 539144.330580471316352, 2374441.284818136133254 ], [ 541305.719209932954982, 2374446.646423298399895 ], [ 540922.197509537218139, 2373525.595752683002502 ], [ 539841.479936270043254, 2373522.905586441978812 ], [ 539458.078500064671971, 2372601.912679897621274 ], [ 538377.339130501262844, 2372599.321104619186372 ], [ 537994.057964734965935, 2371678.385841900948435 ], [ 540155.583185973577201, 2371683.587813276331872 ], [ 539772.490567875094712, 2370762.630480596795678 ], [ 540853.277376408339478, 2370765.312795720528811 ], [ 541236.347255865461193, 2371686.296715007629246 ], [ 546640.183254914125428, 2371700.920399648137391 ], [ 546257.22693128476385, 2370779.803131638094783 ], [ 547338.020129694021307, 2370782.916953734587878 ], [ 547720.953769592801109, 2371704.060974651481956 ], [ 548801.725450880010612, 2371707.273496687877923 ], [ 548418.814485577400774, 2370786.102695134002715 ], [ 549499.610025365138426, 2370789.360356282908469 ], [ 550265.529596955166198, 2372631.786929431837052 ], [ 551346.281027917517349, 2372635.170213302131742 ], [ 551729.432599823572673, 2373556.457458603661507 ], [ 549567.976314091123641, 2373549.709100856911391 ], [ 549951.316206937888637, 2374470.9739675889723 ], [ 548870.612588140880689, 2374467.680921823717654 ], [ 549254.118152164388448, 2375388.950305879116058 ], [ 550334.799070567823946, 2375392.270253540482372 ], [ 550718.424902446684428, 2376313.597990837413818 ], [ 552879.745067925541662, 2376320.508009665179998 ], [ 553263.468466306687333, 2377241.92123891832307 ], [ 554344.107787076034583, 2377245.511424663010985 ], [ 555111.938040948240086, 2379088.486827585846186 ], [ 556192.533315659849904, 2379092.203367126174271 ], [ 555808.569407796254382, 2378170.672711735591292 ], [ 557969.809450332075357, 2378178.267953593749553 ], [ 557202.401107314159162, 2376335.193097179289907 ], [ 559363.73740351642482, 2376342.968174123205245 ], [ 558980.292898377520032, 2375421.423979820683599 ], [ 557899.601404563873075, 2375417.527550760190934 ], [ 557133.095898117055185, 2373574.588430050294846 ], [ 559294.570805642637424, 2373582.344860170036554 ], [ 558911.577663637930527, 2372660.868560806848109 ], [ 559992.339874167344533, 2372664.827668133657426 ], [ 560375.310419668327086, 2373586.331086271908134 ], [ 561456.051509081968106, 2373590.38932047970593 ], [ 561073.103551017120481, 2372668.858755791094154 ], [ 562153.868720607017167, 2372672.961824346799403 ], [ 561771.086239348049276, 2371751.435804210603237 ], [ 562851.875490959733725, 2371755.58368246210739 ], [ 562469.258467070176266, 2370834.0622075246647 ], [ 561388.446659049019217, 2370829.941470738034695 ], [ 560623.59621142805554, 2368987.04773504845798 ], [ 563866.171470415196382, 2368999.462982697878033 ], [ 563484.028192131314427, 2368077.982281045988202 ], [ 564564.912210950045846, 2368082.237306422553957 ], [ 564182.934327802853659, 2367160.761149938218296 ], [ 563102.027805532095954, 2367156.53322823997587 ], [ 562720.170313142938539, 2366235.11579215247184 ], [ 563801.099332406418398, 2366239.316640423610806 ], [ 563419.407227281015366, 2365317.903745763003826 ], [ 562338.455717481672764, 2365313.729940684046596 ], [ 561956.884021067875437, 2364392.375641759485006 ], [ 563037.858014944358729, 2364396.52243386907503 ], [ 562656.451697916956618, 2363475.172672679182142 ], [ 561575.455226421239786, 2363471.052863332442939 ], [ 561194.169336059014313, 2362549.761573382653296 ], [ 562275.188278713030741, 2362553.854430159088224 ], [ 561894.067759852507152, 2361632.567674298305064 ], [ 559731.986435061902739, 2361624.507455410435796 ], [ 559350.963893537409604, 2360703.305910909082741 ], [ 562594.155516811995767, 2360715.42303795972839 ], [ 561832.673882458591834, 2358872.952922270167619 ], [ 565076.013839216437191, 2358885.553076731506735 ], [ 564695.554611976258457, 2357964.284462955314666 ], [ 566857.833960637683049, 2357972.988503182772547 ], [ 567238.248409441905096, 2358894.311026144307107 ], [ 569400.489572953199968, 2358903.355258437804878 ], [ 569020.119866571505554, 2357981.978715125471354 ], [ 567938.976080690161325, 2357977.447837377432734 ], [ 567178.620540023315698, 2356134.843380386941135 ], [ 568259.809039934305474, 2356139.320300341118127 ], [ 567500.069678187486716, 2354296.787901709787548 ], [ 568581.304522634251043, 2354301.282417257316411 ], [ 567822.181290142470971, 2352458.822006842587143 ], [ 568903.462443829397671, 2352463.334127712529153 ], [ 568524.137434466741979, 2351542.124179198872298 ], [ 569605.442574112326838, 2351546.68078187527135 ], [ 569226.282718577422202, 2350625.475371281150728 ], [ 570307.611846301238984, 2350630.076430845074356 ], [ 569928.617125181364827, 2349708.875558591913432 ], [ 571009.970243122777902, 2349713.521050110924989 ], [ 570252.453884796472266, 2347871.159782490227371 ], [ 568089.660333049250767, 2347862.04743023449555 ], [ 567711.071939900517464, 2346940.967440891545266 ], [ 569873.909988991101272, 2346950.02621599053964 ], [ 569117.250776580884121, 2345107.853058867156506 ], [ 568035.786437714239582, 2345103.341579794883728 ], [ 568414.066844460787252, 2346024.385763715021312 ], [ 567332.626418593339622, 2346019.918727497104555 ], [ 566954.323771631810814, 2345098.901258357334882 ], [ 565872.862751742010005, 2345094.532093927729875 ], [ 565116.641611856175587, 2343252.644045982975513 ], [ 566198.147110717836767, 2343256.959926194977015 ], [ 565820.273101761238649, 2342336.035999916959554 ], [ 566901.802449653623626, 2342340.396356539335102 ], [ 567279.654237813316286, 2343261.346907848957926 ], [ 569442.673483117716387, 2343270.334177969023585 ], [ 569064.866109635215253, 2342349.330293238628656 ], [ 567983.333443408599123, 2342344.82778743840754 ], [ 567605.646738447714597, 2341423.881760826800019 ], [ 566524.093539343448356, 2341419.476952855009586 ], [ 566146.527509380830452, 2340498.588665222749114 ], [ 565064.953739316668361, 2340494.281469016335905 ], [ 565442.541977128828876, 2341415.143191378097981 ], [ 564360.992025187122636, 2341410.880475783720613 ], [ 564738.745373121695593, 2342331.74671695753932 ], [ 563657.219237131532282, 2342327.528507054783404 ], [ 564413.199086900101975, 2344169.30111568979919 ], [ 563331.719018924399279, 2344165.100864949636161 ], [ 563709.945544175687246, 2345086.007233641576022 ], [ 562628.489303315291181, 2345081.851536583155394 ], [ 563006.881000985275023, 2346002.762424423359334 ], [ 561925.448585119564086, 2345998.651306082494557 ], [ 563440.533558443654329, 2349682.499815840739757 ], [ 565603.22156426962465, 2349691.006552105303854 ], [ 565224.280582736595534, 2348769.944252864457667 ], [ 564142.913485361263156, 2348765.681961487513036 ], [ 563385.415598884341307, 2346923.70443675853312 ], [ 564466.827280942583457, 2346927.913371073082089 ], [ 564845.48248746083118, 2347848.913203088101 ], [ 565926.87347381899599, 2347853.220039471518248 ], [ 566305.649282513419166, 2348774.277810541447252 ], [ 568468.391595545574091, 2348783.158727245405316 ], [ 568847.265724888071418, 2349704.301363671198487 ], [ 567765.916015679831617, 2349699.798464704304934 ], [ 568144.955290916375816, 2350620.945635466836393 ], [ 567063.629536762135103, 2350616.487222761847079 ], [ 567442.833977312431671, 2351537.638927424326539 ], [ 566361.532176094013266, 2351533.225025920663029 ], [ 566740.901801380096003, 2352454.381264034193009 ], [ 564578.347712451126426, 2352445.713910108897835 ], [ 564957.904878821107559, 2353366.847865434829146 ], [ 563876.652571487007663, 2353362.594465107657015 ], [ 563497.073059193906374, 2352441.487297770567238 ], [ 561334.52840236958582, 2352433.248199367430061 ], [ 560955.047079772339202, 2351512.225751054473221 ], [ 562036.340999568696134, 2351516.282910329755396 ], [ 561657.024939074646682, 2350595.264984259847552 ], [ 562738.342724055983126, 2350599.366790634114295 ], [ 562359.191906219581142, 2349678.353387328796089 ], [ 561277.851785704842769, 2349674.278251116164029 ], [ 560898.821541961748153, 2348753.322679199278355 ], [ 561980.183991541271098, 2348757.371175240259618 ], [ 561601.318982527824119, 2347836.420122681651264 ], [ 560519.934210351202637, 2347832.398236838169396 ], [ 559384.129713335540146, 2345069.811370750889182 ], [ 558302.679472241201438, 2345065.94028870202601 ], [ 557924.341508440556936, 2344145.166511040180922 ], [ 555761.400661497260444, 2344137.690645603463054 ], [ 555383.161003192537464, 2343217.000591926742345 ], [ 557546.146475747926161, 2343224.423675056546926 ], [ 557168.094376666238531, 2342303.71174925332889 ], [ 559331.130087447119877, 2342311.366386279929429 ], [ 558575.543814409873448, 2340469.929651467129588 ], [ 557493.980694387806579, 2340466.119569816160947 ], [ 557871.724638905725442, 2341386.796112824697047 ], [ 555708.647185838897713, 2341379.33633283386007 ], [ 556086.57864416250959, 2342299.991034667007625 ], [ 551760.529245884856209, 2342285.818857037462294 ], [ 552138.692944433656521, 2343206.399184565525502 ], [ 554301.670323531725444, 2343213.395694336853921 ], [ 554679.932308194343932, 2344134.059398479759693 ], [ 552516.999608947313391, 2344127.010272860527039 ], [ 552895.449236918590032, 2345047.652153349015862 ], [ 549651.126914604334161, 2345037.533073674421757 ], [ 549272.610179533483461, 2344116.969998630229384 ], [ 547109.689995947759598, 2344110.632086439058185 ], [ 547488.251514427014627, 2345031.142763149458915 ], [ 546406.815578979207203, 2345028.054329299833626 ], [ 547164.412423381814733, 2346869.115331671200693 ], [ 548245.803528776974417, 2346872.256170405540615 ], [ 549003.927496270043775, 2348713.492525653447956 ], [ 547922.581246794317849, 2348710.299162331968546 ], [ 548301.880144357448444, 2349630.937216913793236 ], [ 549383.203956175246276, 2349634.156887453515083 ], [ 549762.623396837501787, 2350554.852080717217177 ], [ 548681.322029143222608, 2350551.606072992086411 ], [ 549440.634750346303917, 2352393.036315775010735 ], [ 546196.872546019614674, 2352383.568210557103157 ], [ 545817.077268624329008, 2351462.916682023089379 ], [ 542573.257763015222736, 2351454.169659721665084 ], [ 543333.126351516344585, 2353295.345881518907845 ], [ 537927.006483284523711, 2353281.932648773770779 ], [ 537546.887952308868989, 2352361.460068568587303 ], [ 536465.644304415909573, 2352359.017694261390716 ], [ 535326.079346195794642, 2349597.861329013481736 ], [ 536407.390674088150263, 2349600.225599194411188 ], [ 537166.912472106982023, 2351441.01805451605469 ], [ 540410.716696630464867, 2351448.695004773326218 ], [ 540030.951894844300114, 2350528.205255210399628 ], [ 542193.537998977466486, 2350533.62759152520448 ], [ 541434.527543902746402, 2348692.635383180342615 ], [ 542515.867127936100587, 2348695.401205521076918 ], [ 542136.598927726969123, 2347774.924891516566277 ], [ 541055.236857895040885, 2347772.185180171858519 ], [ 540676.089202922419645, 2346851.765536074992269 ], [ 536350.560737312422134, 2346841.623011406511068 ], [ 534835.040702193509787, 2343160.664390608202666 ], [ 532672.101828644517809, 2343156.227153545245528 ], [ 531536.829078167909756, 2340395.980765362270176 ], [ 530455.293346553924493, 2340393.945902009960264 ], [ 530077.13278133305721, 2339473.949722193181515 ], [ 531158.691004521329887, 2339475.958937122952193 ], [ 530780.696023314725608, 2338555.967207649722695 ], [ 531862.277489418745972, 2338558.0217528748326 ], [ 531484.44807264150586, 2337638.03447460802272 ], [ 532566.052783509716392, 2337640.134324874728918 ], [ 532188.388911575661041, 2336720.151498659513891 ], [ 533270.016869073500857, 2336722.296628704294562 ], [ 532515.163258797023445, 2334882.369945986196399 ], [ 533596.836887430166826, 2334884.534720292780548 ], [ 532842.600445247953758, 2333044.677038107533008 ], [ 531760.881990786991082, 2333042.56339511461556 ], [ 531383.955991394817829, 2332122.705091731622815 ], [ 532465.696849057683721, 2332124.793213625438511 ], [ 530583.325217232806608, 2327525.823021100834012 ], [ 531665.178748466074467, 2327527.854600674007088 ], [ 530537.53998488583602, 2324768.754495264030993 ], [ 531619.46131629939191, 2324770.780586576554924 ], [ 530868.462283841334283, 2322931.478742329403758 ], [ 534114.364900152897462, 2322937.828130494337529 ], [ 532989.140197992208414, 2320178.870708094444126 ], [ 531907.105012729298323, 2320176.75967659521848 ], [ 532282.059103446546942, 2321096.35711762541905 ], [ 531200.046989217051305, 2321094.291237330064178 ], [ 531575.166459537460469, 2322013.893120786175132 ], [ 530493.177414324251004, 2322011.872417191974819 ], [ 529743.036981188692153, 2320172.748807530384511 ], [ 530825.070616041426547, 2320174.719043170567602 ], [ 530450.237342504784465, 2319255.176507673691958 ], [ 527204.071733813732862, 2319249.552479190286249 ], [ 527578.971890014363453, 2320169.019528506323695 ], [ 526496.940380206564441, 2320167.260484594851732 ], [ 527622.566529740695842, 2322925.763678392861038 ], [ 529786.496305641718209, 2322929.503240922931582 ], [ 530161.946593952015974, 2323849.114006980322301 ], [ 529080.003680775524117, 2323847.183733238372952 ], [ 529831.37824078311678, 2325686.443869001697749 ], [ 528749.48074204439763, 2325684.533564385958016 ], [ 529125.405037324409932, 2326604.182934431824833 ], [ 528043.530615307972766, 2326602.317906466778368 ], [ 528419.620392162702046, 2327521.971716187894344 ], [ 527337.769044933025725, 2327520.151990306563675 ], [ 527714.024322969722562, 2328439.810238882433623 ], [ 526632.196048610145226, 2328438.035840505734086 ], [ 527008.61684742977377, 2329357.698527098633349 ], [ 525926.81164404086303, 2329355.969481640029699 ], [ 526303.397983255563304, 2330275.636605393607169 ], [ 525221.615848948364146, 2330273.952938256785274 ], [ 525975.26277535117697, 2332113.325819279998541 ], [ 523811.790158184070606, 2332110.069396013859659 ], [ 524188.873236266954336, 2333029.749825982376933 ], [ 523107.160298054805025, 2333028.202446124982089 ], [ 523484.408994999830611, 2333947.887309689074755 ], [ 522402.719118488661479, 2333946.385409664362669 ], [ 523535.391553712019231, 2336705.542625639587641 ], [ 522453.769772147294134, 2336704.035533566959202 ], [ 522076.046630835277028, 2335784.312039005570114 ], [ 520994.402872328762896, 2335782.901174693834037 ], [ 521372.148543597315438, 2336702.599333406426013 ], [ 520290.52784142375458, 2336701.23402495495975 ], [ 520668.439210062031634, 2337620.936613452620804 ], [ 519586.841562465880997, 2337619.616886185016483 ], [ 520343.138893384253606, 2339459.060690780170262 ], [ 521424.691411892534234, 2339460.431127977091819 ], [ 521046.493734389659949, 2338540.668970827478915 ], [ 522128.069338831002824, 2338542.084984947461635 ], [ 521750.037366604199633, 2337622.327259862329811 ], [ 522831.636058726056945, 2337623.788825611118227 ], [ 523587.798057623556815, 2339463.384925767313689 ], [ 524669.352238088380545, 2339464.968286776915193 ], [ 523913.235313060227782, 2337625.32131090387702 ], [ 524994.835156243178062, 2337626.924715957138687 ], [ 524239.335805949929636, 2335787.34636068250984 ], [ 526402.627369500463828, 2335790.664141206070781 ], [ 526780.260482902405784, 2336710.489255506079644 ], [ 525698.636882450664416, 2336708.769486382137984 ], [ 527589.061753029120155, 2341308.216745739337057 ], [ 526507.551394468056969, 2341306.440329004079103 ], [ 526886.088259702431969, 2342226.394184365402907 ], [ 523641.628669642028399, 2342221.414490172173828 ], [ 524020.376350237405859, 2343141.321672572288662 ], [ 522938.913603316759691, 2343139.778373144567013 ], [ 523317.827008939231746, 2344059.689993514679372 ], [ 525480.707920973189175, 2344062.898798174224794 ], [ 525101.839687954518013, 2343142.936057142913342 ], [ 528346.233511881087907, 2343148.205724044702947 ], [ 529103.977703769807704, 2344988.315117718186229 ], [ 528022.557548785465769, 2344986.436132270377129 ], [ 528401.666867883293889, 2345906.510345871094614 ], [ 527320.269978108117357, 2345904.676812418736517 ], [ 526941.13808276783675, 2344984.628287982195616 ], [ 525859.719279128708877, 2344982.891584597993642 ], [ 526618.171360780019313, 2346822.96741807507351 ], [ 527699.544987089000642, 2346824.755474366713315 ], [ 528458.524335882393643, 2348665.003335503861308 ], [ 527377.195912755210884, 2348663.163806725293398 ], [ 526997.612079236540012, 2347743.050527415238321 ], [ 525916.261714662890881, 2347741.307973438408226 ], [ 526295.86816219962202, 2348661.395529202185571 ], [ 525214.541057650465518, 2348659.698502685874701 ], [ 525594.313253869418986, 2349579.790503888390958 ], [ 524513.009407651028596, 2349578.139029966667295 ], [ 524892.947372154449113, 2350498.235475608147681 ], [ 525974.228573024971411, 2350499.912677634041756 ], [ 526354.287012598360889, 2351420.065055155195296 ], [ 524191.770534987153951, 2351416.730468470137566 ], [ 524952.407429690589197, 2353257.0228032018058 ], [ 523871.195454961562064, 2353255.411014420446008 ], [ 525775.405860847793519, 2357856.542295006103814 ], [ 524694.308030721498653, 2357854.872769233305007 ], [ 523551.284253638877999, 2355094.180723888799548 ], [ 522470.118846691970248, 2355092.660206706263125 ], [ 522089.374470328970347, 2354172.515814642421901 ], [ 523170.562591797381174, 2354174.010564432945102 ], [ 522789.984066100500058, 2353253.870613940060139 ], [ 519546.35314935160568, 2353249.677740191109478 ], [ 520307.789660062931944, 2355089.833501589484513 ], [ 519226.625827333016787, 2355088.527313257101923 ], [ 520369.922499871172477, 2357848.90992691507563 ], [ 521451.018067149328999, 2357850.293348808307201 ], [ 522595.534782680857461, 2360611.025393905583769 ], [ 521514.50753893237561, 2360609.564468021504581 ], [ 521896.322177127760369, 2361529.843223090283573 ], [ 520815.318257239763625, 2361528.428038379643112 ], [ 521197.298840244649909, 2362448.711235874798149 ], [ 522278.279957018094137, 2362450.152317875530571 ], [ 523042.624931739468593, 2364290.861652448307723 ], [ 524123.56098713632673, 2364292.42633831454441 ], [ 524888.432865319657139, 2366133.309470402542502 ], [ 523807.542442791920621, 2366131.692723721265793 ], [ 523425.01212149404455, 2365211.261955231893808 ], [ 522344.099452754773665, 2365209.743000604677945 ], [ 521961.689440540329088, 2364289.368685503490269 ], [ 520880.75448706955649, 2364287.947437270544469 ], [ 520498.464790119207464, 2363367.629456091206521 ], [ 519417.507513383578043, 2363366.305828633252531 ], [ 520182.275729767105076, 2365206.920330203603953 ], [ 519101.364622598164715, 2365205.616614033002406 ], [ 520249.659161880263127, 2367966.688364200759679 ], [ 519168.817139537830371, 2367965.37858140328899 ], [ 520318.468701401841827, 2370726.646204661112279 ], [ 519237.695851091761142, 2370725.330249097198248 ], [ 520388.704510647105053, 2373486.794137596152723 ], [ 519308.000919604441151, 2373485.471902765799314 ], [ 520076.101658272440545, 2375326.548342436552048 ], [ 521156.759357855073176, 2375327.92285560676828 ], [ 520772.66036186600104, 2374407.343196232803166 ], [ 522934.023207860125694, 2374410.255979385226965 ], [ 523318.076333786477335, 2375330.888030314352363 ], [ 524398.735662926686928, 2375332.478692268487066 ], [ 524782.908990630763583, 2376253.167703848797828 ], [ 525863.545997452340089, 2376254.85671104118228 ], [ 526247.839520768844523, 2377175.602803369984031 ], [ 523005.999091660312843, 2377170.673120963852853 ], [ 523390.504547675140202, 2378091.371046021580696 ], [ 524471.094477417645976, 2378092.968468875158578 ], [ 524855.720105414744467, 2379013.723483059555292 ], [ 522694.586738511105068, 2379010.548135701101273 ], [ 523079.401420098496601, 2379931.281275408342481 ], [ 524159.944841548451222, 2379932.859202626161277 ] ], [ [ 530717.560822654166259, 2382704.692301262635738 ], [ 530332.454568353947252, 2381783.70772732514888 ], [ 531412.956070755026303, 2381785.771875610109419 ], [ 531798.039389438112266, 2382706.783040351700038 ], [ 530717.560822654166259, 2382704.692301262635738 ] ], [ [ 530643.218673855182715, 2379943.842718950007111 ], [ 530258.564600738463923, 2379022.924663006793708 ], [ 531339.135609892313369, 2379024.981383025180548 ], [ 531723.766775945550762, 2379945.925966241396964 ], [ 530643.218673855182715, 2379943.842718950007111 ] ], [ [ 530954.647524353233166, 2378104.067802470177412 ], [ 530570.302521872217767, 2377183.185192615259439 ], [ 531650.920072273002006, 2377185.261055842507631 ], [ 532035.242189801763743, 2378106.170159908477217 ], [ 530954.647524353233166, 2378104.067802470177412 ] ], [ [ 540470.35052300861571, 2369844.359955500811338 ], [ 542631.972600129549392, 2369849.887140815146267 ], [ 543014.854016635683365, 2370770.893176835495979 ], [ 540853.277376408339478, 2370765.312795720528811 ], [ 540470.35052300861571, 2369844.359955500811338 ] ], [ [ 541866.638816726161167, 2368007.968359934631735 ], [ 542947.496796056046151, 2368010.786599066574126 ], [ 543712.78518938657362, 2369852.758568122517318 ], [ 542631.972600129549392, 2369849.887140815146267 ], [ 541866.638816726161167, 2368007.968359934631735 ] ], [ [ 540785.781861693831161, 2368005.22195528075099 ], [ 541168.399945249315351, 2368926.139256568159908 ], [ 540087.566698200185783, 2368923.438162454869598 ], [ 538940.073420644155703, 2366160.85874783154577 ], [ 540020.974778730305843, 2366163.480361958965659 ], [ 540403.30680534185376, 2367084.335667686536908 ], [ 541484.186454892507754, 2367087.055551313329488 ], [ 541866.638816726161167, 2368007.968359934631735 ], [ 540785.781861693831161, 2368005.22195528075099 ] ], [ [ 537859.173015631968156, 2366158.308912019710988 ], [ 538241.550445868400857, 2367079.111319222487509 ], [ 537160.673683044849895, 2367076.606853649485856 ], [ 536778.273537237546407, 2366155.830854163970798 ], [ 535697.374959005042911, 2366153.424573916010559 ], [ 535315.095146519946866, 2365232.705783739220351 ], [ 536396.016443052096292, 2365235.085714154411107 ], [ 535631.931419671862386, 2363393.68788565415889 ], [ 536712.899006072315387, 2363396.086901467759162 ], [ 536331.093771703890525, 2362475.407862568739802 ], [ 537412.084937788313255, 2362477.852258551400155 ], [ 536648.948979278677143, 2360636.533898607827723 ], [ 539892.063997318968177, 2360644.139143839944154 ], [ 539510.778526334441267, 2359723.447235078085214 ], [ 540591.841410009539686, 2359726.09920768532902 ], [ 541736.059030912350863, 2362488.346521442290395 ], [ 543898.052105456939898, 2362494.023665466811508 ], [ 544279.698768043075688, 2363414.887489017099142 ], [ 543198.724332035868429, 2363411.986601380165666 ], [ 543580.536634327494539, 2364332.854919466655701 ], [ 542499.585897510754876, 2364329.999245575629175 ], [ 542117.750953963608481, 2363409.157410861924291 ], [ 541036.778607353800908, 2363406.399917063768953 ], [ 540655.064040353987366, 2362485.61545314732939 ], [ 538493.077020273311064, 2362480.368322071619332 ], [ 539256.739824843942188, 2364321.862568921875209 ], [ 538175.793091654544696, 2364319.293790438212454 ], [ 538940.073420644155703, 2366160.85874783154577 ], [ 537859.173015631968156, 2366158.308912019710988 ] ], [ [ 536462.363755657570437, 2367994.954673862084746 ], [ 535381.511525452136993, 2367992.56743600172922 ], [ 534616.477254479890689, 2366151.090070938225836 ], [ 535697.374959005042911, 2366153.424573916010559 ], [ 536462.363755657570437, 2367994.954673862084746 ] ], [ [ 540210.721594207687303, 2358805.411782310344279 ], [ 541291.80808174260892, 2358808.109008118044585 ], [ 541672.905288562760688, 2359728.822766195982695 ], [ 540591.841410009539686, 2359726.09920768532902 ], [ 540210.721594207687303, 2358805.411782310344279 ] ], [ [ 543135.187813155935146, 2360652.388908181805164 ], [ 544216.231163791846484, 2360655.282057881355286 ], [ 544597.569200005382299, 2361576.110413813497871 ], [ 546759.613998405635357, 2361582.164537858217955 ], [ 547141.049848038470373, 2362503.076906159985811 ], [ 543898.052105456939898, 2362494.023665466811508 ], [ 543135.187813155935146, 2360652.388908181805164 ] ], [ [ 543835.036136287380941, 2359734.484642468392849 ], [ 545997.171281479415484, 2359740.432867083698511 ], [ 546378.321142044733278, 2360661.283202085644007 ], [ 544216.231163791846484, 2360655.282057881355286 ], [ 543835.036136287380941, 2359734.484642468392849 ] ], [ [ 552496.164622361306101, 2375399.126324644312263 ], [ 553576.84930854907725, 2375402.662449051160365 ], [ 553960.407074628048576, 2376324.071149556431919 ], [ 552879.745067925541662, 2376320.508009665179998 ], [ 552496.164622361306101, 2375399.126324644312263 ] ], [ [ 551415.481218500994146, 2375395.662259635981172 ], [ 551032.021046139881946, 2374474.339044047985226 ], [ 552112.727132148924284, 2374477.776151674799621 ], [ 552496.164622361306101, 2375399.126324644312263 ], [ 551415.481218500994146, 2375395.662259635981172 ] ], [ [ 553193.434491375111975, 2374481.285290953703225 ], [ 554274.143150220625103, 2374484.866462375503033 ], [ 554657.535303464857861, 2375406.270633353386074 ], [ 553576.84930854907725, 2375402.662449051160365 ], [ 553193.434491375111975, 2374481.285290953703225 ] ], [ [ 559670.454867783933878, 2358864.910658836364746 ], [ 559289.883536585373804, 2357943.776331869885325 ], [ 561452.147419934975915, 2357951.764963902067393 ], [ 561832.673882458591834, 2358872.952922270167619 ], [ 559670.454867783933878, 2358864.910658836364746 ] ], [ [ 565169.750505788833834, 2346011.19820882473141 ], [ 566251.187647897517309, 2346015.522876073606312 ], [ 567008.266080156201497, 2347857.598114980850369 ], [ 565926.87347381899599, 2347853.220039471518248 ], [ 565169.750505788833834, 2346011.19820882473141 ] ], [ [ 558681.160364647745155, 2345986.745039573870599 ], [ 557599.733878247905523, 2345982.918645045720041 ], [ 557221.230664609931409, 2345062.140359016135335 ], [ 558302.679472241201438, 2345065.94028870202601 ], [ 558681.160364647745155, 2345986.745039573870599 ] ], [ [ 556139.783263852470554, 2345058.411581159569323 ], [ 556896.977290703682229, 2346899.946223943028599 ], [ 553652.777373228571378, 2346889.028416770976037 ], [ 552895.449236918590032, 2345047.652153349015862 ], [ 556139.783263852470554, 2345058.411581159569323 ] ], [ [ 550521.891210400848649, 2352396.335087834857404 ], [ 550901.739578280248679, 2353317.122964853886515 ], [ 549820.505581740872003, 2353313.797765617724508 ], [ 549440.634750346303917, 2352393.036315775010735 ], [ 550521.891210400848649, 2352396.335087834857404 ] ], [ [ 550200.519390309695154, 2354234.590143227484077 ], [ 552362.943701804499142, 2354241.364880829118192 ], [ 553123.310339897871017, 2356083.148610450793058 ], [ 552042.142496147076599, 2356079.672469278797507 ], [ 552422.562731803394854, 2357000.584367456380278 ], [ 551341.41865394753404, 2356997.153159123845398 ], [ 550960.975928927771747, 2356076.267808307427913 ], [ 549879.810611719149165, 2356072.934627056587487 ], [ 551021.635200340533629, 2358835.60422548186034 ], [ 552102.733002826105803, 2358839.017055862117559 ], [ 552483.60462165356148, 2359759.995665289461613 ], [ 553564.681192659423687, 2359763.506696251686662 ], [ 553945.673255853005685, 2360684.543123197741807 ], [ 552864.619200050132349, 2360681.0054244636558 ], [ 554008.520667457138188, 2363444.221918775700033 ], [ 552927.535518690478057, 2363440.675737489946187 ], [ 552546.069533044821583, 2362519.59906854853034 ], [ 551465.063127732952125, 2362516.151291157584637 ], [ 551846.551666127867065, 2363437.201257360167801 ], [ 550765.569083293201402, 2363433.798477897420526 ], [ 550384.057983057573438, 2362512.775186693295836 ], [ 549303.054072535829619, 2362509.470754681155086 ], [ 548921.663379197125323, 2361588.505235364660621 ], [ 550002.689854203956202, 2361591.78305027494207 ], [ 549621.46469925402198, 2360670.822036818601191 ], [ 550702.514948243275285, 2360674.144881756044924 ], [ 549940.538648614077829, 2358832.262957554776222 ], [ 548859.443321142112836, 2358828.993251610547304 ], [ 547717.483621245133691, 2356066.48270185245201 ], [ 548798.646517997956835, 2356069.672925058286637 ], [ 548418.301769551122561, 2355148.871548376977444 ], [ 547337.116362624452449, 2355145.707759273704141 ], [ 546956.892095533548854, 2354224.963717605452985 ], [ 548038.100006173830479, 2354228.101102654356509 ], [ 547658.04123038763646, 2353307.36155625898391 ], [ 549820.505581740872003, 2353313.797765617724508 ], [ 550200.519390309695154, 2354234.590143227484077 ] ], [ [ 555285.649963071104139, 2356090.315335364546627 ], [ 554905.440084843779914, 2355169.354771679267287 ], [ 553824.247152789612301, 2355165.762269144877791 ], [ 553444.157771642436273, 2354244.859387202654034 ], [ 554525.373152915388346, 2354248.425319277215749 ], [ 554145.449169802595861, 2353327.526946441736072 ], [ 556307.928831119439565, 2353334.819925641641021 ], [ 556687.807955900672823, 2354255.771462547127157 ], [ 555606.589872158598155, 2354252.062677554320544 ], [ 556747.152164472267032, 2357015.024285168386996 ], [ 553503.708095269743353, 2357004.087083728983998 ], [ 553123.310339897871017, 2356083.148610450793058 ], [ 555285.649963071104139, 2356090.315335364546627 ] ], [ [ 551722.004346085130237, 2357918.069564395584166 ], [ 552803.125928118010052, 2357921.527350170537829 ], [ 553183.832082575419918, 2358842.501449176110327 ], [ 552102.733002826105803, 2358839.017055862117559 ], [ 551722.004346085130237, 2357918.069564395584166 ] ], [ [ 555026.728633577702567, 2360688.152440847828984 ], [ 556170.494959502131678, 2363451.529386820737273 ], [ 555089.507138903602026, 2363447.839801716152579 ], [ 553945.673255853005685, 2360684.543123197741807 ], [ 555026.728633577702567, 2360688.152440847828984 ] ], [ [ 554645.759076509275474, 2359767.089318382553756 ], [ 555726.838299700990319, 2359770.743532186374068 ], [ 556107.785359716392122, 2360691.833377921488136 ], [ 555026.728633577702567, 2360688.152440847828984 ], [ 554645.759076509275474, 2359767.089318382553756 ] ], [ [ 550066.264390205498785, 2364351.495199030730873 ], [ 551147.223152386955917, 2364354.852955741342157 ], [ 551529.020187819493003, 2365275.93865210423246 ], [ 549367.149066152633168, 2365269.24147862335667 ], [ 548222.051369690452702, 2362506.237994654569775 ], [ 549303.054072535829619, 2362509.470754681155086 ], [ 550066.264390205498785, 2364351.495199030730873 ] ], [ [ 549240.382520725950599, 2359749.892114522401243 ], [ 548159.310936119640246, 2359746.667443392798305 ], [ 547778.349191422574222, 2358825.795107188634574 ], [ 548859.443321142112836, 2358828.993251610547304 ], [ 549240.382520725950599, 2359749.892114522401243 ] ], [ [ 546697.256232953746803, 2358822.668523838277906 ], [ 546316.414928416255862, 2357901.853654051199555 ], [ 544154.187296347576194, 2357895.868023418355733 ], [ 543773.443878759513609, 2356975.136883804108948 ], [ 545935.716620780411176, 2356981.069720005150884 ], [ 545555.161312560783699, 2356060.316690031904727 ], [ 546636.321894938591868, 2356063.363956989720464 ], [ 547778.349191422574222, 2358825.795107188634574 ], [ 546697.256232953746803, 2358822.668523838277906 ] ], [ [ 546576.81082249537576, 2353304.250545230228454 ], [ 545495.581557745113969, 2353301.210929381195456 ], [ 545115.62078137579374, 2352380.554910990409553 ], [ 546196.872546019614674, 2352383.568210557103157 ], [ 546576.81082249537576, 2353304.250545230228454 ] ], [ [ 544414.353409597999416, 2353298.242708283476532 ], [ 544794.479704452096485, 2354218.903215773403645 ], [ 543713.275170947308652, 2354215.980098136235029 ], [ 543333.126351516344585, 2353295.345881518907845 ], [ 544414.353409597999416, 2353298.242708283476532 ] ], [ [ 534244.768885992118157, 2349595.568339792080224 ], [ 533106.423861546791159, 2346834.763704313430935 ], [ 535269.180920785292983, 2346839.265377565287054 ], [ 535648.441109367529862, 2347759.555031714960933 ], [ 534567.084693786804564, 2347757.2426811857149 ], [ 535326.079346195794642, 2349597.861329013481736 ], [ 534244.768885992118157, 2349595.568339792080224 ] ], [ [ 536144.871984790195711, 2354197.518058647867292 ], [ 533982.479454783140682, 2354192.885966860223562 ], [ 534743.612570367520675, 2356033.775215768720955 ], [ 535824.763172073871829, 2356036.107725623063743 ], [ 536205.521704674814828, 2356956.624323957134038 ], [ 537286.650568039738573, 2356959.054467273876071 ], [ 538048.551549827679992, 2358800.232004934456199 ], [ 535886.385236346162856, 2358795.338457462377846 ], [ 535505.317952038021758, 2357874.786752446554601 ], [ 533343.109851623303257, 2357870.231732754502445 ], [ 533724.222441745107062, 2358790.731137139722705 ], [ 532643.142297771177255, 2358788.53481134166941 ], [ 533787.406527934479527, 2361550.138281873892993 ], [ 534868.418633150518872, 2361552.413114603143185 ], [ 535250.103495538351126, 2362473.035133777651936 ], [ 534169.114082815242, 2362470.734071847051382 ], [ 534550.964705894468352, 2363391.360564383678138 ], [ 533469.998838265542872, 2363389.104937329422683 ], [ 534234.174714510794729, 2365230.397602908778936 ], [ 533153.255120557849295, 2365228.161171335726976 ], [ 533535.580397203681059, 2366148.827344901394099 ], [ 531373.789118578424677, 2366144.517222387250513 ], [ 530991.418340982287191, 2365223.903554718475789 ], [ 532072.33633820223622, 2365225.996488707605749 ], [ 531690.13139563635923, 2364305.387288964353502 ], [ 529528.250653407536447, 2364301.325559538323432 ], [ 529910.501102436799556, 2365221.882369074039161 ], [ 528829.584596104105003, 2365219.932931490708143 ], [ 528065.181265785475262, 2363378.902204541489482 ], [ 531308.069535559276119, 2363384.808764609042555 ], [ 530926.150760501506738, 2362464.260884016752243 ], [ 532007.137741776299663, 2362466.346947274636477 ], [ 531625.38477434287779, 2361545.80353267211467 ], [ 532706.395250494009815, 2361547.935088000260293 ], [ 531943.363971443846822, 2359706.887802022509277 ], [ 530862.308092907187529, 2359704.808504046406597 ], [ 530480.98438396200072, 2358784.356826927512884 ], [ 531562.062954011256807, 2358786.41004137089476 ], [ 531180.905021348269656, 2357865.962826909963042 ], [ 532262.007040971308015, 2357868.061515755020082 ], [ 531881.014865014352836, 2356947.618764926679432 ], [ 532962.140335887321271, 2356949.762903192546219 ], [ 532581.313897060113959, 2356029.324616956990212 ], [ 533662.462820868589915, 2356031.5141796534881 ], [ 531760.589994813781232, 2351429.649866337422282 ], [ 532841.852824474801309, 2351431.780832623131573 ], [ 532082.150462397839874, 2349591.196202943101525 ], [ 534244.768885992118157, 2349595.568339792080224 ], [ 536144.871984790195711, 2354197.518058647867292 ] ], [ [ 534486.87683503748849, 2360631.821796501986682 ], [ 535567.912471373216249, 2360634.142041645012796 ], [ 535949.431592628010549, 2361554.759586506988853 ], [ 534868.418633150518872, 2361552.413114603143185 ], [ 534486.87683503748849, 2360631.821796501986682 ] ], [ [ 530419.018420434673317, 2356025.159910600166768 ], [ 530799.890175980050117, 2356945.54612714285031 ], [ 529718.766242270823568, 2356943.544989550951868 ], [ 528957.120485692052171, 2355102.854964906815439 ], [ 532200.630537672201172, 2355108.916842577513307 ], [ 532581.313897060113959, 2356029.324616956990212 ], [ 530419.018420434673317, 2356025.159910600166768 ] ], [ [ 533050.812246942776255, 2344076.369687850121409 ], [ 531969.36654630547855, 2344074.231932609342039 ], [ 531590.633610562887043, 2343154.115166034549475 ], [ 532672.101828644517809, 2343156.227153545245528 ], [ 533050.812246942776255, 2344076.369687850121409 ] ], [ [ 530833.597008175565861, 2341313.972181860357523 ], [ 529752.084533272311091, 2341311.982671902049333 ], [ 529373.758364445413463, 2340391.98204261995852 ], [ 530455.293346553924493, 2340393.945902009960264 ], [ 530833.597008175565861, 2341313.972181860357523 ] ], [ [ 527861.884742927621119, 2336712.279917453415692 ], [ 528239.638485217816196, 2337632.160451990552247 ], [ 527158.036715688649565, 2337630.344286259729415 ], [ 526780.260482902405784, 2336710.489255506079644 ], [ 527861.884742927621119, 2336712.279917453415692 ] ], [ [ 529321.240950130391866, 2337634.04753844672814 ], [ 529699.115315021248534, 2338553.983611350413412 ], [ 528617.535337907262146, 2338552.070963696576655 ], [ 528239.638485217816196, 2337632.160451990552247 ], [ 529321.240950130391866, 2337634.04753844672814 ] ], [ [ 528995.575298487441614, 2339472.011483566369861 ], [ 527914.018529361579567, 2339470.144220969639719 ], [ 527535.956065344391391, 2338550.229264420457184 ], [ 528617.535337907262146, 2338552.070963696576655 ], [ 528995.575298487441614, 2339472.011483566369861 ] ], [ [ 527967.576077068806626, 2342228.196198523044586 ], [ 530130.553802453563549, 2342232.013402487151325 ], [ 530509.166169474250637, 2343152.074265471659601 ], [ 528346.233511881087907, 2343148.205724044702947 ], [ 527967.576077068806626, 2342228.196198523044586 ] ], [ [ 525479.395588048384525, 2375334.141404251568019 ], [ 526560.056135547230951, 2375335.876166496425867 ], [ 526944.183635908877477, 2376256.617796152364463 ], [ 525863.545997452340089, 2376254.85671104118228 ], [ 525479.395588048384525, 2375334.141404251568019 ] ], [ [ 526780.99498152686283, 2383617.961498943623155 ], [ 526395.65378332848195, 2382697.052063301205635 ], [ 527476.12951168930158, 2382698.85371557995677 ], [ 527861.44773082586471, 2383619.789661768823862 ], [ 526780.99498152686283, 2383617.961498943623155 ] ], [ [ 528941.901159466942772, 2383621.690123557578772 ], [ 528556.605910131242126, 2382700.727639155462384 ], [ 529637.083005002117716, 2382702.673834291752428 ], [ 530022.355293792323209, 2383623.662884576711804 ], [ 528941.901159466942772, 2383621.690123557578772 ] ], [ [ 528866.967698861262761, 2380860.788820126093924 ], [ 529251.953805842204019, 2381781.715823481790721 ], [ 528171.453756860457361, 2381779.796163801569492 ], [ 527786.444702205364592, 2380858.895665489137173 ], [ 528866.967698861262761, 2380860.788820126093924 ] ], [ [ 528482.124686612281948, 2379939.892792222555727 ], [ 529562.671319533488713, 2379941.831661038100719 ], [ 529947.491399795748293, 2380862.754191254731268 ], [ 528866.967698861262761, 2380860.788820126093924 ], [ 528482.124686612281948, 2379939.892792222555727 ] ], [ [ 525625.400716288480908, 2380855.326004638336599 ], [ 525240.488852555747144, 2379934.509317679796368 ], [ 526321.033479490899481, 2379936.231620800681412 ], [ 526705.922383468598127, 2380857.07472707843408 ], [ 525625.400716288480908, 2380855.326004638336599 ] ], [ [ 527016.855898951180279, 2379017.1874720742926 ], [ 526632.276155451429076, 2378096.379713089205325 ], [ 527712.867956503294408, 2378098.193534928839654 ], [ 528097.424771641963162, 2379019.027707805391401 ], [ 527016.855898951180279, 2379017.1874720742926 ] ], [ [ 535661.42755927471444, 2379033.929886079393327 ], [ 535277.030983959441073, 2378112.910041134804487 ], [ 534196.433893223525956, 2378110.591278930194676 ], [ 533812.157517919316888, 2377189.62910340167582 ], [ 535973.398265939671546, 2377194.285581167321652 ], [ 536742.00265668425709, 2379036.347419160418212 ], [ 535661.42755927471444, 2379033.929886079393327 ] ], [ [ 535205.366088794427924, 2375352.348105297423899 ], [ 536286.033425570349209, 2375354.731332094408572 ], [ 535902.254742995719425, 2374433.782608415931463 ], [ 538063.637713489821181, 2374438.71205552155152 ], [ 538831.24689481803216, 2376280.746953073423356 ], [ 537750.600566530833021, 2376278.192992285359651 ], [ 538134.642527419724502, 2377199.230491755530238 ], [ 535973.398265939671546, 2377194.285581167321652 ], [ 535205.366088794427924, 2375352.348105297423899 ] ], [ [ 534821.564586678519845, 2374431.425923231523484 ], [ 534437.906145588727668, 2373510.53473583329469 ], [ 535518.61911500361748, 2373512.864909719675779 ], [ 535902.254742995719425, 2374433.782608415931463 ], [ 534821.564586678519845, 2374431.425923231523484 ] ], [ [ 532276.482704979367554, 2373506.090380087029189 ], [ 531892.921686527086422, 2372585.283034404274076 ], [ 534054.390768067794852, 2372589.674511204008013 ], [ 534437.906145588727668, 2373510.53473583329469 ], [ 532276.482704979367554, 2373506.090380087029189 ] ], [ [ 533044.033968707663007, 2375347.797809844370931 ], [ 531963.369132604217157, 2375345.630740548949689 ], [ 531195.772180966567248, 2373503.976197600830346 ], [ 532276.482704979367554, 2373506.090380087029189 ], [ 533044.033968707663007, 2375347.797809844370931 ] ], [ [ 526176.07174520730041, 2374415.165320870932192 ], [ 525792.230467434041202, 2373494.485227460972965 ], [ 527953.645077174645849, 2373498.065628156997263 ], [ 528721.379203264485113, 2375339.561842760071158 ], [ 527640.717331819352694, 2375337.682979247998446 ], [ 527256.755834829295054, 2374416.945813410449773 ], [ 526176.07174520730041, 2374415.165320870932192 ] ], [ [ 523247.07442741538398, 2372570.595870843622833 ], [ 523630.818378771306016, 2373491.192807537503541 ], [ 522550.11321382317692, 2373489.654589781071991 ], [ 522166.346354224137031, 2372569.083829756826162 ], [ 523247.07442741538398, 2372570.595870843622833 ] ], [ [ 522863.473606598156039, 2371650.029562283772975 ], [ 523944.225140511756763, 2371651.587396402377635 ], [ 524327.803068793029524, 2372572.179879011120647 ], [ 523247.07442741538398, 2372570.595870843622833 ], [ 522863.473606598156039, 2371650.029562283772975 ] ], [ [ 554588.542956399614923, 2372645.751923829782754 ], [ 554205.602281187195331, 2371724.415328517090529 ], [ 555286.381516979890876, 2371728.059542587492615 ], [ 555669.299565812805668, 2372649.42311529815197 ], [ 554588.542956399614923, 2372645.751923829782754 ] ], [ [ 531509.503747071838006, 2371664.506559054367244 ], [ 530360.108428083825856, 2368902.362036942970008 ], [ 531440.933801729464903, 2368904.416390767786652 ], [ 531823.899689664016478, 2369825.126750516239554 ], [ 532904.70304230239708, 2369827.279295345302671 ], [ 533287.789213885203935, 2370748.046822794247419 ], [ 532207.008657770347781, 2370745.867915459908545 ], [ 532590.260703508276492, 2371666.639917379245162 ], [ 531509.503747071838006, 2371664.506559054367244 ] ], [ [ 521399.242048519023228, 2370728.034071614500135 ], [ 521015.904607505071908, 2369807.555010141339153 ], [ 523177.498666425002739, 2369810.494279541540891 ], [ 523560.790338874212466, 2370731.025540476199239 ], [ 521399.242048519023228, 2370728.034071614500135 ] ], [ [ 528581.494195718551055, 2369819.10043336218223 ], [ 529662.295292806345969, 2369821.037319811992347 ], [ 530045.44988160347566, 2370741.725842771120369 ], [ 528964.671608697040938, 2370739.762676833197474 ], [ 528581.494195718551055, 2369819.10043336218223 ] ], [ [ 527500.693797617568634, 2369817.235432480927557 ], [ 527117.63665718305856, 2368896.630125077906996 ], [ 528198.459882250055671, 2368898.468904371373355 ], [ 528581.494195718551055, 2369819.10043336218223 ], [ 527500.693797617568634, 2369817.235432480927557 ] ], [ [ 526036.814095434150659, 2368894.86320343054831 ], [ 525653.877233737148345, 2367974.314712287858129 ], [ 526734.72262524231337, 2367976.055470226332545 ], [ 527117.63665718305856, 2368896.630125077906996 ], [ 526036.814095434150659, 2368894.86320343054831 ] ], [ [ 526419.894072069786489, 2369815.44231690466404 ], [ 525339.094992641941644, 2369813.721086382400244 ], [ 524955.992170562851243, 2368893.168139180634171 ], [ 526036.814095434150659, 2368894.86320343054831 ], [ 526419.894072069786489, 2369815.44231690466404 ] ], [ [ 523875.170856134966016, 2368891.544932089745998 ], [ 523492.18830719194375, 2367971.048685406800359 ], [ 524573.032469867030159, 2367972.64578409306705 ], [ 524955.992170562851243, 2368893.168139180634171 ], [ 523875.170856134966016, 2368891.544932089745998 ] ], [ [ 534368.570583921042271, 2370750.297644526232034 ], [ 533602.586882665287703, 2368908.740674940869212 ], [ 534683.414642833173275, 2368911.010605897288769 ], [ 535066.312188153970055, 2369831.800045473035425 ], [ 536147.118034234968945, 2369834.168251407332718 ], [ 536530.135871467879042, 2370755.015032462310046 ], [ 534368.570583921042271, 2370750.297644526232034 ] ], [ [ 535764.243251384003088, 2368913.352396523114294 ], [ 537925.90311939152889, 2368918.251558108720928 ], [ 538691.704731824225746, 2370760.020081921946257 ], [ 537610.919841831317171, 2370757.481599329970777 ], [ 537227.924764326075092, 2369836.608345028944314 ], [ 536147.118034234968945, 2369834.168251407332718 ], [ 535764.243251384003088, 2368913.352396523114294 ] ], [ [ 551661.204762358684093, 2370796.091439676936716 ], [ 550513.533553110202774, 2368032.525672931689769 ], [ 551594.400678848731332, 2368035.918603003956378 ], [ 552742.004012421588413, 2370799.564862867817283 ], [ 551661.204762358684093, 2370796.091439676936716 ] ], [ [ 554520.974240869632922, 2369885.426879471167922 ], [ 554138.485018648440018, 2368964.157724882941693 ], [ 555219.333419159171171, 2368967.793055672664195 ], [ 555601.80004344729241, 2369889.089124541729689 ], [ 554520.974240869632922, 2369885.426879471167922 ] ], [ [ 554771.836397378472611, 2365286.522581064142287 ], [ 555917.882069302606396, 2368050.208712310064584 ], [ 554837.009735674248077, 2368046.528425636235625 ], [ 553690.896355300559662, 2365282.922848260495812 ], [ 554771.836397378472611, 2365286.522581064142287 ] ], [ [ 554390.107058932306245, 2364365.356595372781157 ], [ 555471.070989345782436, 2364369.001266725361347 ], [ 555852.777780300821178, 2365290.194071023259312 ], [ 554771.836397378472611, 2365286.522581064142287 ], [ 554390.107058932306245, 2364365.356595372781157 ] ], [ [ 529594.560323634417728, 2367061.086124565917999 ], [ 529212.000911485287361, 2366140.494203948415816 ], [ 530292.894644318148494, 2366142.469825304113328 ], [ 530675.431276518502273, 2367063.087959875818342 ], [ 529594.560323634417728, 2367061.086124565917999 ] ], [ [ 541101.877116346498951, 2366166.173754770774394 ], [ 540337.687519238097593, 2364324.503070689737797 ], [ 541418.636201303568669, 2364327.21529611479491 ], [ 542182.780459947651252, 2366168.938926646020263 ], [ 541101.877116346498951, 2366166.173754770774394 ] ], [ [ 543263.68483599263709, 2366171.77587797306478 ], [ 542881.563859031768516, 2365250.872057349421084 ], [ 543962.491948136594146, 2365253.754244789015502 ], [ 544344.590270936489105, 2366174.68460915191099 ], [ 543263.68483599263709, 2366171.77587797306478 ] ], [ [ 528000.679836518946104, 2360619.40415629837662 ], [ 526856.504322956199758, 2357858.283347311895341 ], [ 527937.603443552972749, 2357860.095926394686103 ], [ 529463.366119975922629, 2361541.755336462520063 ], [ 527301.350352957029827, 2361537.993690965231508 ], [ 526919.649559437995777, 2360617.585185320582241 ], [ 528000.679836518946104, 2360619.40415629837662 ] ], [ [ 525457.039516440825537, 2359695.485752255655825 ], [ 525075.602211835677736, 2358775.164077866822481 ], [ 526156.677310849656351, 2358776.859518804121763 ], [ 526538.091877891449258, 2359697.207138426601887 ], [ 525457.039516440825537, 2359695.485752255655825 ] ], [ [ 557889.000870101153851, 2359778.266736880410463 ], [ 557127.625468220445327, 2357936.073855102527887 ], [ 558208.753788783797063, 2357939.889324353076518 ], [ 558970.084270305698738, 2359782.135728829540312 ], [ 557889.000870101153851, 2359778.266736880410463 ] ], [ [ 555346.034179874346592, 2358849.684926576446742 ], [ 554965.373002756154165, 2357928.657529261894524 ], [ 556046.498548380215652, 2357932.329923580866307 ], [ 556427.137250432628207, 2358853.384011674206704 ], [ 555346.034179874346592, 2358849.684926576446742 ] ], [ [ 521069.79878269508481, 2356930.109863991849124 ], [ 520688.722646153357346, 2356009.95659202337265 ], [ 521769.864237648376729, 2356011.359965235926211 ], [ 522150.917628283204976, 2356931.539009353145957 ], [ 521069.79878269508481, 2356930.109863991849124 ] ], [ [ 538687.672687469865195, 2355122.969633472617716 ], [ 538307.268062509596348, 2354202.435826582368463 ], [ 539388.467498091049492, 2354205.00183996418491 ], [ 540149.374631375307217, 2356046.152509138453752 ], [ 536905.914652508334257, 2356038.511709542945027 ], [ 536525.32179058669135, 2355117.999583835247904 ], [ 538687.672687469865195, 2355122.969633472617716 ] ], [ [ 527495.321028566453606, 2354180.703723089303821 ], [ 527875.951924556400627, 2355100.977228558622301 ], [ 526794.784047308028676, 2355099.170936531387269 ], [ 526414.130473677301779, 2354178.923309039790183 ], [ 527495.321028566453606, 2354180.703723089303821 ] ], [ [ 527114.833242894965224, 2353260.46054658619687 ], [ 529277.261718000285327, 2353264.183846030849963 ], [ 529657.704188918694854, 2354184.478801448829472 ], [ 527495.321028566453606, 2354180.703723089303821 ], [ 527114.833242894965224, 2353260.46054658619687 ] ], [ [ 528516.806078461464494, 2351423.684976689051837 ], [ 529598.066648355219513, 2351425.601938656065613 ], [ 530358.477020106045529, 2353266.152579925488681 ], [ 529277.261718000285327, 2353264.183846030849963 ], [ 528516.806078461464494, 2351423.684976689051837 ] ], [ [ 540850.027380911982618, 2355128.225472793448716 ], [ 540469.667900193249807, 2354207.639273434411734 ], [ 542632.071710090502165, 2354213.128402133472264 ], [ 543012.386083113611676, 2355133.767104759812355 ], [ 540850.027380911982618, 2355128.225472793448716 ] ], [ [ 564256.374976917286403, 2354283.732950669713318 ], [ 564636.240272984141484, 2355204.902786274440587 ], [ 561392.626893269713037, 2355192.41033824859187 ], [ 561012.694466549437493, 2354271.320880269631743 ], [ 557769.027430679881945, 2354259.551674777641892 ], [ 556629.886101394658908, 2351496.710575300268829 ], [ 558792.463703520828858, 2351504.325472015887499 ], [ 559551.658754316391423, 2353346.294891924597323 ], [ 562795.401831908733584, 2353358.412468176800758 ], [ 563175.14659873850178, 2354279.524163481313735 ], [ 564256.374976917286403, 2354283.732950669713318 ] ], [ [ 554467.314060990815051, 2351489.381056616548449 ], [ 554087.841353682684712, 2350568.549254341516644 ], [ 555169.14909718662966, 2350572.151835839264095 ], [ 555548.599399251164868, 2351493.010143965948373 ], [ 554467.314060990815051, 2351489.381056616548449 ] ], [ [ 529218.076108988141641, 2350505.372121072839946 ], [ 528838.228670656913891, 2349585.172597113531083 ], [ 529919.535190830007195, 2349587.109186184592545 ], [ 530299.36002060608007, 2350507.334548859857023 ], [ 529218.076108988141641, 2350505.372121072839946 ] ], [ [ 537488.702896226313896, 2349602.661150666885078 ], [ 537109.179121371591464, 2348682.28464414877817 ], [ 539271.851403050706722, 2348687.317504342179745 ], [ 539651.330129480105825, 2349607.746098871808499 ], [ 537488.702896226313896, 2349602.661150666885078 ] ], [ [ 551166.623633457929827, 2348720.093027795664966 ], [ 551545.855245282989927, 2349640.810087213292718 ], [ 550464.528980963863432, 2349637.447844065260142 ], [ 550085.274949635728262, 2348716.757147321477532 ], [ 551166.623633457929827, 2348720.093027795664966 ] ], [ [ 550787.534991970285773, 2347799.406828239094466 ], [ 551868.907336782780476, 2347802.78760754223913 ], [ 552247.973574304953218, 2348723.500167545396835 ], [ 551166.623633457929827, 2348720.093027795664966 ], [ 550787.534991970285773, 2347799.406828239094466 ] ], [ [ 553329.324798740912229, 2348726.978567051701248 ], [ 553708.511598763521761, 2349647.748435019515455 ], [ 552627.182775696273893, 2349644.243617369793355 ], [ 552247.973574304953218, 2348723.500167545396835 ], [ 553329.324798740912229, 2348726.978567051701248 ] ], [ [ 552950.280956121743657, 2347806.239618865773082 ], [ 554031.655876558390446, 2347809.762862696778029 ], [ 554410.67733333283104, 2348730.52822680445388 ], [ 553329.324798740912229, 2348726.978567051701248 ], [ 552950.280956121743657, 2347806.239618865773082 ] ], [ [ 556573.386439259978943, 2348737.841329059097916 ], [ 556952.506089501781389, 2349658.690617915708572 ], [ 554789.841741044889204, 2349651.324540656991303 ], [ 554410.67733333283104, 2348730.52822680445388 ], [ 556573.386439259978943, 2348737.841329059097916 ] ], [ [ 559115.176033557974733, 2349666.341853298246861 ], [ 558736.101104624336585, 2348745.439478429965675 ], [ 559817.460588512942195, 2348749.345447115600109 ], [ 560196.513170338701457, 2349670.274406626820564 ], [ 559115.176033557974733, 2349666.341853298246861 ] ], [ [ 531702.513906358508393, 2348670.94943201681599 ], [ 531323.020437011145987, 2347750.732981970533729 ], [ 532404.374384180526249, 2347752.831656624563038 ], [ 532783.845285431132652, 2348673.073968510143459 ], [ 531702.513906358508393, 2348670.94943201681599 ] ], [ [ 549327.195819900836796, 2346875.468212039209902 ], [ 548948.370726504945196, 2345954.869910516310483 ], [ 550029.786630035960115, 2345958.126882658805698 ], [ 550408.589323329040781, 2346878.751457024831325 ], [ 549327.195819900836796, 2346875.468212039209902 ] ], [ [ 551489.984065641066991, 2346882.105905825272202 ], [ 551111.203763380646706, 2345961.455030888319016 ], [ 552192.622153123142198, 2345964.854355672840029 ], [ 552571.380073415115476, 2346885.531558913178742 ], [ 551489.984065641066991, 2346882.105905825272202 ] ], [ [ 531645.861832439666614, 2345912.437960189767182 ], [ 531266.820186984841712, 2344992.286513160914183 ], [ 532348.242568393470719, 2344994.378923715557903 ], [ 532727.261674310546368, 2345914.556170545052737 ], [ 531645.861832439666614, 2345912.437960189767182 ] ], [ [ 530729.218514563282952, 2335798.150086440611631 ], [ 531106.761746852076612, 2336718.077262799721211 ], [ 528943.509689168655314, 2336714.141472473740578 ], [ 528565.921534650260583, 2335794.265382448676974 ], [ 530729.218514563282952, 2335798.150086440611631 ] ], [ [ 530351.818378278752789, 2334878.252914545126259 ], [ 531433.490431297919713, 2334880.276010836008936 ], [ 531810.868126669549383, 2335800.198737646453083 ], [ 530729.218514563282952, 2335798.150086440611631 ], [ 530351.818378278752789, 2334878.252914545126259 ] ], [ [ 526025.137377991806716, 2334870.868912430480123 ], [ 525270.586770690977573, 2333031.367987862322479 ], [ 527434.015734824701212, 2333034.816658616065979 ], [ 528188.476489081513137, 2334874.419237414840609 ], [ 526025.137377991806716, 2334870.868912430480123 ] ], [ [ 529974.561340507119894, 2333958.385716153308749 ], [ 529597.447403754340485, 2333038.548460331745446 ], [ 530679.164319176692516, 2333040.520535951945931 ], [ 531056.255827964865603, 2333960.383287253323942 ], [ 529974.561340507119894, 2333958.385716153308749 ] ], [ [ 528329.201557193300687, 2322008.042368156835437 ], [ 527954.015165305696428, 2321088.51614796416834 ], [ 529036.025046884897165, 2321090.370752776507288 ], [ 529411.189122454612516, 2322009.922166407108307 ], [ 528329.201557193300687, 2322008.042368156835437 ] ] ], [ [ [ 523871.195454961562064, 2353255.411014420446008 ], [ 523490.782760312082246, 2352335.275506561622024 ], [ 522409.54867907287553, 2352333.760841133072972 ], [ 522789.984066100500058, 2353253.870613940060139 ], [ 523871.195454961562064, 2353255.411014420446008 ] ] ], [ [ [ 550580.676173544954509, 2355155.41348023712635 ], [ 550200.519390309695154, 2354234.590143227484077 ], [ 548038.100006173830479, 2354228.101102654356509 ], [ 548418.301769551122561, 2355148.871548376977444 ], [ 550580.676173544954509, 2355155.41348023712635 ] ] ], [ [ [ 552042.142496147076599, 2356079.672469278797507 ], [ 551661.865223667467944, 2355158.791623915079981 ], [ 550580.676173544954509, 2355155.41348023712635 ], [ 550960.975928927771747, 2356076.267808307427913 ], [ 552042.142496147076599, 2356079.672469278797507 ] ] ], [ [ [ 535124.393729204544798, 2356954.265682391356677 ], [ 534743.612570367520675, 2356033.775215768720955 ], [ 533662.462820868589915, 2356031.5141796534881 ], [ 534043.266615113709122, 2356951.978542243596166 ], [ 535124.393729204544798, 2356954.265682391356677 ] ] ], [ [ [ 520433.480822381738108, 2360608.175150498282164 ], [ 521514.50753893237561, 2360609.564468021504581 ], [ 520369.922499871172477, 2357848.90992691507563 ], [ 519288.827432039775886, 2357847.598030480090529 ], [ 520433.480822381738108, 2360608.175150498282164 ] ] ], [ [ [ 520815.318257239763625, 2361528.428038379643112 ], [ 520433.480822381738108, 2360608.175150498282164 ], [ 519352.454606536368374, 2360606.857441141270101 ], [ 519734.314847314497456, 2361527.08448946941644 ], [ 520815.318257239763625, 2361528.428038379643112 ] ] ], [ [ [ 552164.746505866758525, 2361598.553614717442542 ], [ 551783.566439678426832, 2360677.539344145450741 ], [ 550702.514948243275285, 2360674.144881756044924 ], [ 551083.717554264352657, 2361595.132509902119637 ], [ 552164.746505866758525, 2361598.553614717442542 ] ] ], [ [ [ 533088.125507054268382, 2362468.504676450043917 ], [ 534169.114082815242, 2362470.734071847051382 ], [ 533787.406527934479527, 2361550.138281873892993 ], [ 532706.395250494009815, 2361547.935088000260293 ], [ 533088.125507054268382, 2362468.504676450043917 ] ] ], [ [ [ 532771.072917415294796, 2364307.525734981056303 ], [ 532389.033790310611948, 2363386.921004172880203 ], [ 531308.069535559276119, 2363384.808764609042555 ], [ 531690.13139563635923, 2364305.387288964353502 ], [ 532771.072917415294796, 2364307.525734981056303 ] ] ], [ [ [ 567043.895865555503406, 2366252.349923775531352 ], [ 566662.271177847054787, 2365330.855732826981694 ], [ 565581.314930999535136, 2365326.466641232836992 ], [ 565962.962082154350355, 2366247.933705628849566 ], [ 567043.895865555503406, 2366252.349923775531352 ] ] ], [ [ [ 564182.934327802853659, 2367160.761149938218296 ], [ 565263.842420695000328, 2367165.060888776089996 ], [ 564882.029913257458247, 2366243.589278048370034 ], [ 563801.099332406418398, 2366239.316640423610806 ], [ 564182.934327802853659, 2367160.761149938218296 ] ] ], [ [ [ 521541.001496063894592, 2376248.533147460315377 ], [ 523702.272589054191485, 2376251.55077433725819 ], [ 523318.076333786477335, 2375330.888030314352363 ], [ 521156.759357855073176, 2375327.92285560676828 ], [ 521541.001496063894592, 2376248.533147460315377 ] ] ], [ [ [ 549324.881134252529591, 2378149.618418264202774 ], [ 550405.4926822707057, 2378152.94711258681491 ], [ 550021.558201764826663, 2377231.58336911117658 ], [ 548940.923924881964922, 2377228.281640037428588 ], [ 549324.881134252529591, 2378149.618418264202774 ] ] ], [ [ [ 522309.915188942977693, 2378089.845755700953305 ], [ 521925.386773942271248, 2377169.174103561323136 ], [ 519764.163718176132534, 2377166.392382574733347 ], [ 520533.455587253614794, 2379007.661428212653846 ], [ 521614.020899114431813, 2379009.068702077958733 ], [ 521229.326374842959922, 2378088.392597698606551 ], [ 522309.915188942977693, 2378089.845755700953305 ] ] ], [ [ [ 549708.981317155412398, 2379070.986683584284037 ], [ 549324.881134252529591, 2378149.618418264202774 ], [ 548244.270790371927433, 2378146.361864661797881 ], [ 548628.393717719940469, 2379067.703162081539631 ], [ 549708.981317155412398, 2379070.986683584284037 ] ] ], [ [ [ 551870.160182223888114, 2379077.770232442766428 ], [ 552950.751500606769696, 2379081.270260751247406 ], [ 552566.719496251316741, 2378159.8209252753295 ], [ 551486.105460810242221, 2378156.347948098089546 ], [ 551870.160182223888114, 2379077.770232442766428 ] ] ], [ [ [ 555496.067577301058918, 2380010.022019923664629 ], [ 555111.938040948240086, 2379088.486827585846186 ], [ 554031.344111388782039, 2379084.842458964325488 ], [ 554415.496353017399088, 2380006.350514252670109 ], [ 555496.067577301058918, 2380010.022019923664629 ] ] ], [ [ [ 521303.320035894867033, 2380849.053269819822162 ], [ 520918.316240406536963, 2379928.341983600519598 ], [ 519837.774429424782284, 2379926.980618598870933 ], [ 520222.801231065532193, 2380847.66562374914065 ], [ 521303.320035894867033, 2380849.053269819822162 ] ] ], [ [ [ 545386.637935303035192, 2379058.285603765863925 ], [ 544306.0549252089113, 2379055.2907515889965 ], [ 545459.554924127180129, 2381819.180193419102579 ], [ 542218.017587091424502, 2381810.386871638707817 ], [ 542602.872056743246503, 2382731.665467392187566 ], [ 546924.832739835255779, 2382743.642142989207059 ], [ 545386.637935303035192, 2379058.285603765863925 ] ] ], [ [ [ 534654.465280852629803, 2381792.397790072951466 ], [ 534269.593773605534807, 2380871.337846372276545 ], [ 533189.066991918371059, 2380869.083606409840286 ], [ 533573.961400647647679, 2381790.116906678769737 ], [ 534654.465280852629803, 2381792.397790072951466 ] ] ], [ [ [ 567382.446226920117624, 2380055.17381596704945 ], [ 568150.635576285771094, 2381898.941029627807438 ], [ 565989.552529793698341, 2381889.971892901230603 ], [ 566758.403850208153017, 2383733.757379006128758 ], [ 565677.910046904347837, 2383729.326212729327381 ], [ 566062.572666245047003, 2384651.239561447873712 ], [ 569303.991045718430541, 2384664.832707419991493 ], [ 568534.944542580051348, 2382820.872775380965322 ], [ 569615.465930530102924, 2382825.49329619249329 ], [ 569231.179579979507253, 2381903.533988626673818 ], [ 570311.725272452458739, 2381908.199208906851709 ], [ 569159.791135032661259, 2379142.431373656261712 ], [ 568079.177661137073301, 2379137.848739431239665 ], [ 568463.03544275125023, 2380059.711742758285254 ], [ 567382.446226920117624, 2380055.17381596704945 ] ] ], [ [ [ 554415.496353017399088, 2380006.350514252670109 ], [ 552254.357861742377281, 2379999.224096896592528 ], [ 551870.160182223888114, 2379077.770232442766428 ], [ 549708.981317155412398, 2379070.986683584284037 ], [ 550477.610593414399773, 2380913.817804342135787 ], [ 547235.98790895123966, 2380904.021828716620803 ], [ 548005.325705731054768, 2382746.817004789132625 ], [ 549085.819842379773036, 2382750.064144625328481 ], [ 549470.680417338735424, 2383671.536116594914347 ], [ 550551.152965290704742, 2383674.882627244107425 ], [ 550936.133719184668735, 2384596.413341763429344 ], [ 552016.584716623881832, 2384599.859309655614197 ], [ 551631.626745837274939, 2383678.301444597076625 ], [ 552712.101785326143727, 2383681.792569135781378 ], [ 552327.309540366055444, 2382760.239236970432103 ], [ 553407.808623549179174, 2382763.775493619497865 ], [ 552638.698496827622876, 2380920.709573718253523 ], [ 554799.791537319892086, 2380927.890242756344378 ], [ 554415.496353017399088, 2380006.350514252670109 ] ] ], [ [ [ 519912.812009204935748, 2382687.759833420626819 ], [ 520993.284270448319148, 2382689.127862873021513 ], [ 520607.971178926585708, 2381768.381361211184412 ], [ 519527.475889363791794, 2381767.039645972661674 ], [ 519912.812009204935748, 2382687.759833420626819 ] ] ], [ [ [ 536505.096394457039423, 2383637.017750774975866 ], [ 536119.961674910504371, 2382715.86872391635552 ], [ 533958.998875805991702, 2382711.181336069945246 ], [ 534344.179414847749285, 2383632.276926659047604 ], [ 533263.722194329369813, 2383630.0149658434093 ], [ 533649.068724722368643, 2384551.115042693447322 ], [ 535809.938152352115139, 2384555.764706829097122 ], [ 535424.637472775182687, 2383634.611188193783164 ], [ 536505.096394457039423, 2383637.017750774975866 ] ] ], [ [ [ 548390.209075639024377, 2383668.261912180576473 ], [ 548005.325705731054768, 2382746.817004789132625 ], [ 546924.832739835255779, 2382743.642142989207059 ], [ 547694.78807191119995, 2384586.509442906361073 ], [ 549855.683963478426449, 2384593.039708321914077 ], [ 549470.680417338735424, 2383671.536116594914347 ], [ 548390.209075639024377, 2383668.261912180576473 ] ] ], [ [ [ 537970.811071884352714, 2384560.70368593512103 ], [ 537585.556206241250038, 2383639.496614739764482 ], [ 536505.096394457039423, 2383637.017750774975866 ], [ 536890.374162459396757, 2384558.198031840845942 ], [ 537970.811071884352714, 2384560.70368593512103 ] ] ], [ [ [ 533903.587634573807009, 2271509.192597332876176 ], [ 536070.024834416457452, 2271513.645721515174955 ], [ 535703.281516364193521, 2270595.080452515278012 ], [ 533536.800843512755819, 2270590.675862065982074 ], [ 533903.587634573807009, 2271509.192597332876176 ] ] ], [ [ [ 558156.523681493010372, 2280754.06620758632198 ], [ 557788.718846108880825, 2279834.790354767348617 ], [ 556705.675337798660621, 2279831.133245029952377 ], [ 557073.501818298595026, 2280750.384057668037713 ], [ 558156.523681493010372, 2280754.06620758632198 ] ] ], [ [ [ 557117.683299443218857, 2286259.051527829840779 ], [ 556380.37114846939221, 2284420.325348400045186 ], [ 558546.237237520050257, 2284427.682548796292394 ], [ 558177.838963010115549, 2283508.313579687383026 ], [ 554928.976881612325087, 2283497.457080456893891 ], [ 555666.046526482212357, 2285336.073941878974438 ], [ 554583.138691223342903, 2285332.543598823715001 ], [ 554951.909673965536058, 2286251.87124748295173 ], [ 557117.683299443218857, 2286259.051527829840779 ] ] ], [ [ [ 554237.960607817862183, 2287167.717290914151818 ], [ 555320.823620269657113, 2287171.228454831987619 ], [ 554951.909673965536058, 2286251.87124748295173 ], [ 553869.024926234851591, 2286248.38518821215257 ], [ 554237.960607817862183, 2287167.717290914151818 ] ] ], [ [ [ 552097.240296876174398, 2289915.548104791902006 ], [ 550989.379560667555779, 2287157.600283153355122 ], [ 548823.665251598344184, 2287151.202676558867097 ], [ 549192.852743812603876, 2288070.439086221624166 ], [ 550275.687490912736394, 2288073.628178460989147 ], [ 550644.996187852812, 2288992.919057016260922 ], [ 548479.371512509649619, 2288986.560291471425444 ], [ 548848.866806204547174, 2289905.830595016013831 ], [ 552097.240296876174398, 2289915.548104791902006 ] ] ], [ [ [ 552072.238604963524267, 2287160.903205556795001 ], [ 552441.360764543525875, 2288080.214683806989342 ], [ 553524.19934495864436, 2288083.612097846344113 ], [ 553893.442716576973908, 2289002.978215320501477 ], [ 552810.625902326544747, 2288999.555693931877613 ], [ 553549.58510269143153, 2290838.326430613175035 ], [ 554632.358365086140111, 2290841.799253975041211 ], [ 554262.829057433526032, 2289922.373923950828612 ], [ 555345.625448536477052, 2289925.891078756656498 ], [ 554976.260871415142901, 2289006.470205973833799 ], [ 556059.080393782583997, 2289010.031666384544224 ], [ 555689.880527690169401, 2288090.615251061040908 ], [ 554607.039257025578991, 2288087.078953434247524 ], [ 554237.960607817862183, 2287167.717290914151818 ], [ 552072.238604963524267, 2287160.903205556795001 ] ] ], [ [ [ 549218.505099238594994, 2290825.130374471656978 ], [ 548848.866806204547174, 2289905.830595016013831 ], [ 547766.078108303365298, 2289902.730414970777929 ], [ 548135.738225281238556, 2290822.005167428869754 ], [ 549218.505099238594994, 2290825.130374471656978 ] ] ], [ [ [ 549218.505099238594994, 2290825.130374471656978 ], [ 549588.28638915263582, 2291744.459660025779158 ], [ 550671.032665457227267, 2291747.679473214782774 ], [ 550301.273197031696327, 2290828.325103854760528 ], [ 549218.505099238594994, 2290825.130374471656978 ] ] ], [ [ [ 552836.529024150338955, 2291754.327751551754773 ], [ 553919.279160375939682, 2291757.756217639893293 ], [ 553549.58510269143153, 2290838.326430613175035 ], [ 552466.813171833986416, 2290834.923131458461285 ], [ 552836.529024150338955, 2291754.327751551754773 ] ] ], [ [ [ 550671.032665457227267, 2291747.679473214782774 ], [ 551040.9351218045922, 2292667.063408016227186 ], [ 552123.660838793846779, 2292670.377912338357419 ], [ 552493.684455063310452, 2293589.816612605936825 ], [ 553576.38965105114039, 2293593.225893086288124 ], [ 552836.529024150338955, 2291754.327751551754773 ], [ 550671.032665457227267, 2291747.679473214782774 ] ] ], [ [ [ 551410.980563619639724, 2293586.476938512176275 ], [ 551781.168988449149765, 2294505.920094984583557 ], [ 552863.85104784136638, 2294509.28496800083667 ], [ 552493.684455063310452, 2293589.816612605936825 ], [ 551410.980563619639724, 2293586.476938512176275 ] ] ], [ [ [ 564431.074575153063051, 2296386.297358124051243 ], [ 563348.421675220015459, 2296382.185081051196903 ], [ 563718.820920908940025, 2297301.971409760881215 ], [ 562636.191365596256219, 2297297.903290956746787 ], [ 563748.311894385959022, 2300057.365852689836174 ], [ 564830.876097102533095, 2300061.510755051393062 ], [ 564089.363074752734974, 2298221.787777962163091 ], [ 565171.972443601465784, 2298225.951211874373257 ], [ 565913.441908855340444, 2300065.725462750531733 ], [ 566996.00935651967302, 2300070.009976385161281 ], [ 565884.084805414662696, 2297310.316814183723181 ], [ 564801.452058551018126, 2297306.109250641427934 ], [ 564431.074575153063051, 2296386.297358124051243 ] ] ], [ [ [ 553359.444205505540594, 2306450.725524231791496 ], [ 552987.331421678420156, 2305530.971034154761583 ], [ 551904.917269469238818, 2305527.581357295624912 ], [ 552277.052005728357472, 2306447.310379120986909 ], [ 553359.444205505540594, 2306450.725524231791496 ] ] ], [ [ [ 559143.571671163663268, 2307388.763505754526705 ], [ 558771.425579398754053, 2306468.851147287525237 ], [ 557689.026498519349843, 2306465.086034650914371 ], [ 558061.194504397339188, 2307384.972756878472865 ], [ 559143.571671163663268, 2307388.763505754526705 ] ] ], [ [ [ 567464.668925882782787, 2309257.535669103264809 ], [ 566382.324658911209553, 2309253.202999677043408 ], [ 566754.768128746422008, 2310173.360805094707757 ], [ 571084.067900387919508, 2310191.215820773039013 ], [ 569967.428375933668576, 2307430.522341935895383 ], [ 571049.823140269843861, 2307435.083373280707747 ], [ 570677.917514505679719, 2306514.887184527236968 ], [ 567430.672921681310982, 2306501.491917388048023 ], [ 567802.644022152060643, 2307421.610364724416286 ], [ 566720.254379053134471, 2307417.259417597670108 ], [ 567464.668925882782787, 2309257.535669103264809 ] ] ], [ [ [ 551602.415989749832079, 2310119.701809296850115 ], [ 551229.665386243839748, 2309199.903951250482351 ], [ 550147.342970318510197, 2309196.622449382673949 ], [ 550520.115579193690792, 2310116.394804893061519 ], [ 551602.415989749832079, 2310119.701809296850115 ] ] ], [ [ [ 565672.447386210085824, 2310169.072326527442783 ], [ 565299.982036368339323, 2309248.940412003546953 ], [ 564217.641031440347433, 2309244.747905481141061 ], [ 564590.128270206740126, 2310164.853956874925643 ], [ 565672.447386210085824, 2310169.072326527442783 ] ] ], [ [ [ 558061.194504397339188, 2307384.972756878472865 ], [ 555896.444460536004044, 2307377.601325400639325 ], [ 555524.23259957425762, 2306457.76579244621098 ], [ 553359.444205505540594, 2306450.725524231791496 ], [ 553731.69995740649756, 2307370.509978831280023 ], [ 550484.593122171121649, 2307360.398109454661608 ], [ 551229.665386243839748, 2309199.903951250482351 ], [ 552311.989071219344623, 2309203.255527339875698 ], [ 551939.403437754721381, 2308283.462136727292091 ], [ 554104.098674914450385, 2308290.324428568594158 ], [ 554476.640355561394244, 2309210.168904088437557 ], [ 555558.968008551397361, 2309213.730705724097788 ], [ 555186.4482908496866, 2308293.860646164510399 ], [ 557351.151651521795429, 2308301.143227204214782 ], [ 557723.627470236038789, 2309221.06453803461045 ], [ 558805.959332555998117, 2309224.836569745559245 ], [ 559178.556149907759391, 2310144.813721808604896 ], [ 555931.630680432543159, 2310133.63085111649707 ], [ 556304.436304022790864, 2311053.561113049276173 ], [ 555222.152596403844655, 2311049.948055168613791 ], [ 555595.123151662992314, 2311969.882792139425874 ], [ 556677.384876855066977, 2311973.521522252820432 ], [ 557423.710860368213616, 2313813.532905538566411 ], [ 558505.930022369488142, 2313817.293283255770802 ], [ 557759.648005249444395, 2311977.230411739554256 ], [ 558841.912563640857115, 2311981.009461123496294 ], [ 559588.150632291566581, 2313821.123876350466162 ], [ 560670.372716923244298, 2313825.024685363285244 ], [ 559924.178578827530146, 2311984.858670937363058 ], [ 561006.446077604428865, 2311988.778041725978255 ], [ 560633.585344850318506, 2311068.714666212443262 ], [ 561715.876291654421948, 2311072.678387589287013 ], [ 562461.696796191623434, 2312912.887085681781173 ], [ 564626.195591408293694, 2312921.12840117700398 ], [ 564253.257743437890895, 2312000.957125525921583 ], [ 563170.985633114585653, 2311996.827268451917917 ], [ 562425.494810567004606, 2310156.627541937399656 ], [ 561343.180413315189071, 2310152.619495490565896 ], [ 560225.950303585617803, 2307392.624277432914823 ], [ 559143.571671163663268, 2307388.763505754526705 ], [ 559515.860696055693552, 2308308.706006155349314 ], [ 558433.505449897726066, 2308304.889591676648706 ], [ 558061.194504397339188, 2307384.972756878472865 ] ] ], [ [ [ 564253.257743437890895, 2312000.957125525921583 ], [ 565335.531444537919015, 2312005.157145849429071 ], [ 564962.758408725378104, 2311084.990360049530864 ], [ 563880.462796789943241, 2311080.816233933437616 ], [ 564253.257743437890895, 2312000.957125525921583 ] ] ], [ [ [ 565372.499981445726007, 2314761.562228202354163 ], [ 566454.707911078701727, 2314765.840107836760581 ], [ 566081.506198178278282, 2313845.581988835241646 ], [ 564999.276338230352849, 2313841.330091767013073 ], [ 565372.499981445726007, 2314761.562228202354163 ] ] ], [ [ [ 565745.866518583032303, 2315681.824841416440904 ], [ 565372.499981445726007, 2314761.562228202354163 ], [ 564290.293669377570041, 2314757.354595104698092 ], [ 564663.682152250781655, 2315677.591224038042128 ], [ 565745.866518583032303, 2315681.824841416440904 ] ] ], [ [ [ 571530.213084374670871, 2316624.470661572180688 ], [ 571903.755742178298533, 2317544.924954268615693 ], [ 572985.90646509884391, 2317549.632617171388119 ], [ 572612.385712527204305, 2316629.152114522177726 ], [ 573694.560136712039821, 2316633.903873360715806 ], [ 572947.990957348723896, 2314792.982597453985363 ], [ 571865.772759964689612, 2314788.283225560095161 ], [ 572239.007809991249815, 2315708.702327675186098 ], [ 570074.620516569470055, 2315699.462060089688748 ], [ 570448.042225485551171, 2316619.859513850882649 ], [ 571530.213084374670871, 2316624.470661572180688 ] ] ], [ [ [ 568322.859737690538168, 2319367.588916561100632 ], [ 567240.761557000805624, 2319363.180681597907096 ], [ 566866.823468853486702, 2318442.795851435046643 ], [ 565784.704978672321886, 2318438.48410419607535 ], [ 566532.767986425897107, 2320279.232162116095424 ], [ 569778.99664746702183, 2320292.535346623510122 ], [ 570153.176553728641011, 2321213.033877759240568 ], [ 571235.234229754190892, 2321217.635345384478569 ], [ 570487.061192688532174, 2319376.61654513888061 ], [ 572651.269617523765191, 2319385.92572285188362 ], [ 572277.44125405093655, 2318465.409964325837791 ], [ 567948.943612311733887, 2318447.177956285886467 ], [ 568322.859737690538168, 2319367.588916561100632 ] ] ], [ [ [ 569819.952965381322429, 2323049.539682544302195 ], [ 569445.465354473446496, 2322129.005890064872801 ], [ 568363.433101021917537, 2322124.519087398890406 ], [ 567989.066375555936247, 2321204.042268481105566 ], [ 566907.013819931889884, 2321199.652125559281558 ], [ 566532.767986425897107, 2320279.232162116095424 ], [ 565450.695090512512252, 2320274.938593189232051 ], [ 564328.74897156143561, 2317513.940602399874479 ], [ 565410.887809366569854, 2317518.155947600491345 ], [ 564663.682152250781655, 2315677.591224038042128 ], [ 563581.499385632458143, 2315673.427880364470184 ], [ 563955.052727615344338, 2316593.669001528527588 ], [ 562872.893504041014239, 2316589.549972722306848 ], [ 563246.611724579590373, 2317509.79558583907783 ], [ 561082.341896030120552, 2317501.7165363044478 ], [ 561456.247015559696592, 2318421.940679321065545 ], [ 562538.359160208958201, 2318425.971002105623484 ], [ 562912.385188768035732, 2319346.251589508727193 ], [ 563994.476881150621921, 2319350.378286571707577 ], [ 565491.921987033449113, 2323031.910454720258713 ], [ 566573.92723820602987, 2323036.212018185295165 ], [ 566199.373634346178733, 2322115.756887580268085 ], [ 567281.40253655903507, 2322120.102753445040435 ], [ 568030.608609290095046, 2323961.096127064432949 ], [ 569112.595171968569048, 2323965.564931871835142 ], [ 568737.942700651008636, 2323045.026631474960595 ], [ 569819.952965381322429, 2323049.539682544302195 ] ] ], [ [ [ 562245.915832972037606, 2323019.42872978746891 ], [ 561871.274113340536132, 2322099.078092887066305 ], [ 564035.320709743769839, 2322107.276557672768831 ], [ 562912.385188768035732, 2319346.251589508727193 ], [ 561830.295051584253088, 2319342.195275439415127 ], [ 561456.247015559696592, 2318421.940679321065545 ], [ 560374.136390403145924, 2318417.980711202602834 ], [ 561122.419415803509764, 2320258.468430928420275 ], [ 562204.486001628916711, 2320262.480355649255216 ], [ 562578.81986322090961, 2321182.795950966887176 ], [ 558250.6506482710829, 2321167.066783530637622 ], [ 558625.215616263332777, 2322087.308882729150355 ], [ 560789.253121378598735, 2322095.08455846272409 ], [ 561163.916892342269421, 2323015.409141338896006 ], [ 562245.915832972037606, 2323019.42872978746891 ] ] ], [ [ [ 565534.568661027471535, 2325789.071822555270046 ], [ 564784.658895068685524, 2323948.112852023448795 ], [ 565866.640497562591918, 2323952.370087756309658 ], [ 565491.921987033449113, 2323031.910454720258713 ], [ 562245.915832972037606, 2323019.42872978746891 ], [ 562995.628001577570103, 2324860.221770818345249 ], [ 561913.673183069447987, 2324856.149985522031784 ], [ 562664.001122335903347, 2326697.013275005389005 ], [ 563745.911792786442675, 2326701.137375647202134 ], [ 563370.698445596150123, 2325780.664237183518708 ], [ 565534.568661027471535, 2325789.071822555270046 ] ] ], [ [ [ 568405.425960444263183, 2324881.638935121707618 ], [ 568030.608609290095046, 2323961.096127064432949 ], [ 565866.640497562591918, 2323952.370087756309658 ], [ 566616.506182161625475, 2325793.381480963435024 ], [ 567698.445347856497392, 2325797.76171732833609 ], [ 567323.463097438099794, 2324877.214401885867119 ], [ 568405.425960444263183, 2324881.638935121707618 ] ] ], [ [ [ 565534.568661027471535, 2325789.071822555270046 ], [ 565909.737880550208502, 2326709.597389298956841 ], [ 566991.653351278859191, 2326713.933303503785282 ], [ 566616.506182161625475, 2325793.381480963435024 ], [ 565534.568661027471535, 2325789.071822555270046 ] ] ], [ [ [ 557629.959321221802384, 2327597.798855897504836 ], [ 558711.84039667295292, 2327601.596008811146021 ], [ 558336.373640296282247, 2326681.222900203429163 ], [ 557254.470436202129349, 2326677.45181065890938 ], [ 557629.959321221802384, 2327597.798855897504836 ] ] ], [ [ [ 565954.255228596739471, 2329467.01461887685582 ], [ 568117.952136166160926, 2329475.773649618960917 ], [ 567742.376330761238933, 2328555.129356568679214 ], [ 565578.635274530621246, 2328546.422987671103328 ], [ 565954.255228596739471, 2329467.01461887685582 ] ] ], [ [ [ 568493.670815376448445, 2330396.448828737251461 ], [ 568869.532365906168707, 2331317.154925253242254 ], [ 566705.923794553382322, 2331308.290392600465566 ], [ 567834.498250809148885, 2334070.435801327228546 ], [ 568916.235386521788314, 2334074.912003398407251 ], [ 568539.923134649870917, 2333154.13945993129164 ], [ 569621.684071011259221, 2333158.659995906520635 ], [ 569245.536785279866308, 2332237.891970517113805 ], [ 570327.321524587925524, 2332242.456815217155963 ], [ 569575.499708921648562, 2330400.96077969064936 ], [ 568493.670815376448445, 2330396.448828737251461 ] ] ], [ [ [ 559509.547753237071447, 2332199.993053110316396 ], [ 558757.283588990801945, 2330359.023455302231014 ], [ 559839.098239624290727, 2330362.898976326920092 ], [ 559463.202698821900412, 2329442.434015699196607 ], [ 563790.564828857313842, 2329458.538339472841471 ], [ 564166.37186713819392, 2330379.108187206089497 ], [ 563084.551153148058802, 2330374.949814335908741 ], [ 563836.638162749237381, 2332216.129320779349655 ], [ 566000.192703646840528, 2332224.622068408410996 ], [ 565624.121989515726455, 2331303.964241660200059 ], [ 566705.923794553382322, 2331308.290392600465566 ], [ 565954.255228596739471, 2329467.01461887685582 ], [ 564872.409228593693115, 2329462.741135559976101 ], [ 564496.767186766606756, 2328542.175793615169823 ], [ 565578.635274530621246, 2328546.422987671103328 ], [ 565203.158209709450603, 2327625.862151865847409 ], [ 561957.492422926356085, 2327613.411242922767997 ], [ 562333.035758466692641, 2328533.893383292481303 ], [ 561251.172364542493597, 2328529.858165856916457 ], [ 560875.606920827762224, 2327609.402201772667468 ], [ 558711.84039667295292, 2327601.596008811146021 ], [ 559087.450083678006195, 2328521.999703589361161 ], [ 556923.733634166535921, 2328514.423867781180888 ], [ 557299.530541517306119, 2329434.805962240789086 ], [ 556217.696596382767893, 2329431.097960709128529 ], [ 556969.763563095941208, 2331271.901724778115749 ], [ 554806.188537756330334, 2331264.593488987069577 ], [ 555558.916048129089177, 2333105.415222238283604 ], [ 554477.174994551111013, 2333101.815034558065236 ], [ 554853.775392167153768, 2334022.245690289884806 ], [ 552690.341751841595396, 2334015.205509148538113 ], [ 553444.060369963990524, 2335856.054188655223697 ], [ 555607.405041175545193, 2335863.198911995626986 ], [ 556738.921611740486696, 2338624.858989402186126 ], [ 558902.138319811085239, 2338632.444807287771255 ], [ 558147.739970306167379, 2336791.202236860059202 ], [ 557066.086426186026074, 2336787.426436848938465 ], [ 556312.215350916376337, 2334946.359454835765064 ], [ 557393.913347444846295, 2334950.082785501610488 ], [ 556264.245444211293943, 2332188.633908650837839 ], [ 558427.778885336709209, 2332196.135905272793025 ], [ 558804.147532241768204, 2333116.64054353768006 ], [ 559885.894223622861318, 2333120.523905149661005 ], [ 560262.383616200648248, 2334041.08550097187981 ], [ 561344.109609688981436, 2334045.065928682219237 ], [ 560967.642391116009094, 2333124.478061587549746 ], [ 563131.143261106335558, 2333132.59876118786633 ], [ 562378.726176817552187, 2331291.410243081394583 ], [ 560215.136703595402651, 2331283.394616688136011 ], [ 560591.318088257336058, 2332203.92096802033484 ], [ 559509.547753237071447, 2332199.993053110316396 ] ] ], [ [ [ 557722.402290310245007, 2333112.827976205851883 ], [ 558098.936057883314788, 2334033.337112750392407 ], [ 559180.659107819083147, 2334037.175895845517516 ], [ 558804.147532241768204, 2333116.64054353768006 ], [ 557722.402290310245007, 2333112.827976205851883 ] ] ], [ [ [ 567129.262150902766734, 2334986.781019549351186 ], [ 568210.975488242343999, 2334991.212862548884004 ], [ 567834.498250809148885, 2334070.435801327228546 ], [ 566752.762786825653166, 2334066.030425978358835 ], [ 567129.262150902766734, 2334986.781019549351186 ] ] ], [ [ [ 561392.709302185918204, 2336802.955064297188073 ], [ 561015.791157971136272, 2335882.301049205008894 ], [ 562097.472784015233628, 2335886.33410874241963 ], [ 561720.719741484266706, 2334965.684600619599223 ], [ 558475.612758113304153, 2334953.876964873168617 ], [ 558852.432388511486351, 2335874.447563872672617 ], [ 557770.755191799718887, 2335870.627136969473213 ], [ 558147.739970306167379, 2336791.202236860059202 ], [ 561392.709302185918204, 2336802.955064297188073 ] ] ], [ [ [ 561065.360828589531593, 2338640.31446401681751 ], [ 560688.134647018974647, 2337719.625071655958891 ], [ 559606.50042984506581, 2337715.681127833668143 ], [ 559983.748835796257481, 2338636.344155522529036 ], [ 561065.360828589531593, 2338640.31446401681751 ] ] ], [ [ [ 559279.551885819295421, 2339553.112340576015413 ], [ 560361.140161946765147, 2339557.038055547513068 ], [ 559983.748835796257481, 2338636.344155522529036 ], [ 558902.138319811085239, 2338632.444807287771255 ], [ 559279.551885819295421, 2339553.112340576015413 ] ] ], [ [ [ 574850.251952696125954, 2343294.046673026867211 ], [ 574472.555459158611484, 2342372.908968328032643 ], [ 573391.014031437109224, 2342368.051078299060464 ], [ 573768.732683072797954, 2343289.161963399033993 ], [ 574850.251952696125954, 2343294.046673026867211 ] ] ], [ [ [ 567657.648901333217509, 2344182.328638392034918 ], [ 567279.654237813316286, 2343261.346907848957926 ], [ 566198.147110717836767, 2343256.959926194977015 ], [ 566576.164001507451758, 2344177.91500180400908 ], [ 567657.648901333217509, 2344182.328638392034918 ] ] ], [ [ [ 561168.763528640032746, 2344156.913745143450797 ], [ 560087.288053139229305, 2344152.92687492351979 ], [ 560844.017691497923806, 2345994.611369538120925 ], [ 561925.448585119564086, 2345998.651306082494557 ], [ 561547.034602282452397, 2345077.766994130797684 ], [ 562628.489303315291181, 2345081.851536583155394 ], [ 562250.24050836940296, 2344160.971741627901793 ], [ 563331.719018924399279, 2344165.100864949636161 ], [ 562953.63539242441766, 2343244.2255874639377 ], [ 560790.635366692440584, 2343236.091527545358986 ], [ 561168.763528640032746, 2344156.913745143450797 ] ] ], [ [ [ 583283.703650886542164, 2350690.85264396853745 ], [ 585446.413013381650671, 2350701.980639571789652 ], [ 584689.188091438729316, 2348858.852665448095649 ], [ 585770.59017776674591, 2348864.469130656681955 ], [ 585392.213995831552893, 2347942.925621721893549 ], [ 581066.529472212539986, 2347920.996151532977819 ], [ 581823.601737148943357, 2349763.89742717333138 ], [ 582904.975502420915291, 2349769.327226681169122 ], [ 583283.703650886542164, 2350690.85264396853745 ] ] ], [ [ [ 571388.94270064518787, 2350634.748814804945141 ], [ 572470.275308166630566, 2350639.492523819673806 ], [ 572091.325105275493115, 2349718.237838882952929 ], [ 571009.970243122777902, 2349713.521050110924989 ], [ 571388.94270064518787, 2350634.748814804945141 ] ] ], [ [ [ 567063.629536762135103, 2350616.487222761847079 ], [ 566684.567970996373333, 2349695.366861057467759 ], [ 565603.22156426962465, 2349691.006552105303854 ], [ 565982.305429555126466, 2350612.100132539402694 ], [ 567063.629536762135103, 2350616.487222761847079 ] ] ], [ [ [ 563819.662049758713692, 2350603.539917077869177 ], [ 564198.933435263228603, 2351524.611271248664707 ], [ 566361.532176094013266, 2351533.225025920663029 ], [ 565982.305429555126466, 2350612.100132539402694 ], [ 563819.662049758713692, 2350603.539917077869177 ] ] ], [ [ [ 582581.24514883896336, 2351606.925628094933927 ], [ 583662.574577072984539, 2351612.409854573663324 ], [ 583283.703650886542164, 2350690.85264396853745 ], [ 582202.352050897432491, 2350685.395645993296057 ], [ 582581.24514883896336, 2351606.925628094933927 ] ] ], [ [ [ 570743.779286768403836, 2354310.485749936662614 ], [ 570364.190860711736605, 2353389.185939339920878 ], [ 569282.930316503858194, 2353384.575512842275202 ], [ 569662.541049983119592, 2354305.848366451915354 ], [ 570743.779286768403836, 2354310.485749936662614 ] ] ], [ [ [ 574045.749532589688897, 2357084.225917696487159 ], [ 573665.777185262530111, 2356162.777242065872997 ], [ 570422.191089341416955, 2356148.488606688566506 ], [ 569662.541049983119592, 2354305.848366451915354 ], [ 568581.304522634251043, 2354301.282417257316411 ], [ 569340.999214199953713, 2356143.868708894588053 ], [ 568259.809039934305474, 2356139.320300341118127 ], [ 569020.119866571505554, 2357981.978715125471354 ], [ 570101.265344792976975, 2357986.581137066707015 ], [ 570481.612693455070257, 2358907.98473225068301 ], [ 572643.86414447450079, 2358917.458398465998471 ], [ 571883.40166593331378, 2357074.574492098297924 ], [ 574045.749532589688897, 2357084.225917696487159 ] ] ], [ [ [ 573404.89798022992909, 2360760.469066245481372 ], [ 574485.981682810117491, 2360765.36762100784108 ], [ 573724.992528005735949, 2358922.302592202555388 ], [ 572643.86414447450079, 2358917.458398465998471 ], [ 573404.89798022992909, 2360760.469066245481372 ] ] ], [ [ [ 573785.629150789231062, 2361682.022015830501914 ], [ 573404.89798022992909, 2360760.469066245481372 ], [ 572323.816076447605155, 2360755.642141084186733 ], [ 572704.569606153992936, 2361677.167892721481621 ], [ 573785.629150789231062, 2361682.022015830501914 ] ] ], [ [ [ 568761.334895797772333, 2362579.91683458071202 ], [ 567618.805729870917276, 2359815.665088763460517 ], [ 566537.710025028209202, 2359811.223330390639603 ], [ 567299.298072460573167, 2361653.972114886157215 ], [ 566218.248818202060647, 2361649.547922288998961 ], [ 565837.360944842803292, 2360728.184774425812066 ], [ 563675.222423636820167, 2360719.605326065793633 ], [ 564056.155150266713463, 2361640.914495025295764 ], [ 562975.110683612292632, 2361636.705259142443538 ], [ 563356.208746811375022, 2362558.018965169321746 ], [ 564437.230766832944937, 2362562.255178997758776 ], [ 564818.449270821642131, 2363483.627409993670881 ], [ 563737.449703892343678, 2363479.364188035950065 ], [ 564500.360289632342756, 2365322.149312413763255 ], [ 565581.314930999535136, 2365326.466641232836992 ], [ 565199.810659714974463, 2364405.031220050062984 ], [ 566280.78936355037149, 2364409.393215320538729 ], [ 565518.254365261876956, 2362566.563072243239731 ], [ 566599.279568575788289, 2362570.942645508330315 ], [ 566980.453193449531682, 2363492.36897611990571 ], [ 568061.457602101261728, 2363496.847321519628167 ], [ 567680.306403260445222, 2362575.393899412360042 ], [ 568761.334895797772333, 2362579.91683458071202 ] ] ], [ [ [ 586438.809183674515225, 2363583.951233041938394 ], [ 587519.847646773676388, 2363589.72044774889946 ], [ 587139.09858177579008, 2362667.774621860589832 ], [ 586058.037853905349039, 2362662.032999565824866 ], [ 586438.809183674515225, 2363583.951233041938394 ] ] ], [ [ [ 586438.809183674515225, 2363583.951233041938394 ], [ 585357.772837550379336, 2363578.253739655483514 ], [ 585738.709203105652705, 2364500.176561719737947 ], [ 586819.723269079811871, 2364505.901649890467525 ], [ 586438.809183674515225, 2363583.951233041938394 ] ] ], [ [ [ 587581.979696771129966, 2366349.899163124151528 ], [ 588662.951326751150191, 2366355.751336530782282 ], [ 588281.774021768593229, 2365433.708772707730532 ], [ 587200.780107615632005, 2365427.884282459504902 ], [ 587581.979696771129966, 2366349.899163124151528 ] ] ], [ [ [ 594195.5394579351414, 2371907.174949706997722 ], [ 593813.572656275937334, 2370984.85427162470296 ], [ 592732.705820818780921, 2370978.647390057798475 ], [ 593114.694918757653795, 2371900.940119445323944 ], [ 594195.5394579351414, 2371907.174949706997722 ] ] ], [ [ [ 587844.715779763646424, 2377392.57934152148664 ], [ 587461.71384312515147, 2376470.286859601736069 ], [ 584219.574746822123416, 2376453.108760281000286 ], [ 584602.643929232377559, 2377375.317601719405502 ], [ 587844.715779763646424, 2377392.57934152148664 ] ] ], [ [ [ 596175.745181862032041, 2379280.457095359452069 ], [ 597256.411118084099144, 2379286.916609672829509 ], [ 596873.302729505929165, 2378364.334240525960922 ], [ 595792.614445290761068, 2378357.902918261475861 ], [ 596175.745181862032041, 2379280.457095359452069 ] ] ], [ [ [ 599417.750138642964885, 2379300.052235656417906 ], [ 599034.686419415287673, 2378377.41339868074283 ], [ 597953.993378749932162, 2378370.837733693886548 ], [ 598337.079428216209635, 2379293.44832279952243 ], [ 599417.750138642964885, 2379300.052235656417906 ] ] ], [ [ [ 595861.815877412562259, 2381119.220231336075813 ], [ 596245.397063160780817, 2382041.844736457336694 ], [ 597325.993542442796752, 2382048.316728254780173 ], [ 596559.018611926003359, 2380203.044100822880864 ], [ 595478.377386575797573, 2380196.628589785192162 ], [ 595095.081593170296401, 2379274.069778949487954 ], [ 594014.420325626269914, 2379267.754659546073526 ], [ 594397.738491264404729, 2380190.28530365601182 ], [ 593317.101899619330652, 2380184.014241544995457 ], [ 593700.585156740271486, 2381106.549516556318849 ], [ 595861.815877412562259, 2381119.220231336075813 ] ] ], [ [ [ 595548.549201447051018, 2382958.074168703984469 ], [ 596629.120941291912459, 2382964.502138035837561 ], [ 596245.397063160780817, 2382041.844736457336694 ], [ 595164.802931698504835, 2382035.445025378838181 ], [ 595548.549201447051018, 2382958.074168703984469 ] ] ], [ [ [ 592306.847858604975045, 2382939.22410349175334 ], [ 591155.835521824192256, 2380171.688785857986659 ], [ 588994.578042189008556, 2380159.652215794660151 ], [ 589761.866568991914392, 2382004.530649652238935 ], [ 588681.285970827564597, 2381998.564604356884956 ], [ 589065.166777286562137, 2382921.024784015025944 ], [ 585823.505245857639238, 2382903.476187255699188 ], [ 586207.596195600461215, 2383825.884885596111417 ], [ 585127.069060500361957, 2383820.151944625657052 ], [ 585511.325255906907842, 2384742.565259394235909 ], [ 590913.869836461846717, 2384772.093732641078532 ], [ 590529.726020372821949, 2383849.539936908986419 ], [ 591610.263929416192695, 2383855.634525749832392 ], [ 591994.385296434629709, 2384778.21650132490322 ], [ 595235.945238291053101, 2384797.018970838282257 ], [ 594851.891164997126907, 2383874.352288366295397 ], [ 593771.346475375583395, 2383868.04070060653612 ], [ 593387.412686460651457, 2382945.435152320191264 ], [ 592306.847858604975045, 2382939.22410349175334 ] ] ], [ [ [ 558485.193297785823233, 2276165.303302961867303 ], [ 558118.146425562445074, 2275246.124739765655249 ], [ 557034.991971023380756, 2275242.45428233128041 ], [ 557402.060437986627221, 2276161.607894559856504 ], [ 558485.193297785823233, 2276165.303302961867303 ] ] ], [ [ [ 563919.478842087322846, 2278938.789130027871579 ], [ 563184.843094098614529, 2277100.083990047685802 ], [ 564267.961960257496685, 2277104.149951194413006 ], [ 563900.880016362061724, 2276184.81664210697636 ], [ 566067.165670549729839, 2276193.105593460146338 ], [ 565700.269713021581993, 2275273.751597001217306 ], [ 562450.779011255595833, 2275261.497155149932951 ], [ 562817.739593318197876, 2276180.775799499824643 ], [ 561734.600736954947934, 2276176.804044839460403 ], [ 562101.72580348525662, 2277096.087144588120282 ], [ 559935.495840845629573, 2277088.300798473879695 ], [ 559568.327616203809157, 2276169.067797118797898 ], [ 558485.193297785823233, 2276165.303302961867303 ], [ 558852.383114800206386, 2277084.5112967165187 ], [ 555603.053633658215404, 2277073.557470232248306 ], [ 555970.451243042014539, 2277992.719981343951076 ], [ 557053.538022033753805, 2277996.327097578905523 ], [ 557421.056958811706863, 2278915.543994783889502 ], [ 558504.123537001549266, 2278919.245261177420616 ], [ 559239.54699376237113, 2280757.817580833565444 ], [ 558156.523681493010372, 2280754.06620758632198 ], [ 558892.562186761642806, 2282592.706512099597603 ], [ 561058.52372117980849, 2282600.378983411937952 ], [ 559954.810210254392587, 2279842.312161578796804 ], [ 562120.90755104762502, 2279850.11075507523492 ], [ 561753.332129233749583, 2278930.764072925318033 ], [ 563919.478842087322846, 2278938.789130027871579 ] ], [ [ 558136.626223409664817, 2278000.003353970590979 ], [ 560302.807001326349564, 2278007.563289319630712 ], [ 560670.261095214285888, 2278926.855299709364772 ], [ 558504.123537001549266, 2278919.245261177420616 ], [ 558136.626223409664817, 2278000.003353970590979 ] ] ], [ [ [ 573707.475203280104324, 2284486.948580582626164 ], [ 572624.518581796088256, 2284482.264589531812817 ], [ 572992.778681180090643, 2285401.992744681891054 ], [ 571909.845439233584329, 2285397.352576855104417 ], [ 572646.837363591999747, 2287236.847860957961529 ], [ 573729.727443428477272, 2287241.539152411743999 ], [ 573361.181635868619196, 2286321.750922175124288 ], [ 574444.095125928288326, 2286326.486034269910306 ], [ 574075.713740208302625, 2285406.702281723730266 ], [ 575158.650643275119364, 2285411.481188646517694 ], [ 574422.359521395526826, 2283571.952688888181001 ], [ 573339.379517576890066, 2283567.224900456611067 ], [ 573707.475203280104324, 2284486.948580582626164 ] ] ], [ [ [ 569398.177863019169308, 2287223.190528634469956 ], [ 567924.506354903569445, 2283544.625660107471049 ], [ 565758.569119354244322, 2283536.07114624697715 ], [ 566863.738096189219505, 2286294.797563669271767 ], [ 565780.836821443168446, 2286290.548216993454844 ], [ 566149.533904925920069, 2287210.157995938789099 ], [ 569398.177863019169308, 2287223.190528634469956 ] ] ], [ [ [ 565780.836821443168446, 2286290.548216993454844 ], [ 565412.282636410789564, 2285370.96828730031848 ], [ 564329.361359121510759, 2285366.813686131965369 ], [ 564697.9371839214582, 2286286.368262893054634 ], [ 565780.836821443168446, 2286290.548216993454844 ] ] ], [ [ [ 570849.816057306248695, 2288147.415130133740604 ], [ 570481.062600334873423, 2287227.673549718223512 ], [ 569398.177863019169308, 2287223.190528634469956 ], [ 569766.952937334543094, 2288142.906586931087077 ], [ 570849.816057306248695, 2288147.415130133740604 ] ] ], [ [ [ 572670.573217582190409, 2289991.617581226397306 ], [ 573753.396671128808521, 2289996.316268878057599 ], [ 573384.400715732714161, 2289076.463361410424113 ], [ 574467.247607416356914, 2289081.205892846919596 ], [ 574098.416101421578787, 2288161.357465817593038 ], [ 573015.547612405847758, 2288156.64056892413646 ], [ 572646.837363591999747, 2287236.847860957961529 ], [ 571563.949091543094255, 2287232.225993611849844 ], [ 572670.573217582190409, 2289991.617581226397306 ] ] ], [ [ [ 570135.870885693235323, 2289062.652642449829727 ], [ 569766.952937334543094, 2288142.906586931087077 ], [ 568684.091553158592433, 2288138.467493669595569 ], [ 569053.031134225311689, 2289058.188025739509612 ], [ 570135.870885693235323, 2289062.652642449829727 ] ] ], [ [ [ 568339.297207718365826, 2289973.517891914118081 ], [ 567970.193100466392934, 2289053.792886106763035 ], [ 566887.356757481466047, 2289049.467222930397838 ], [ 567256.482521672267467, 2289969.166731707751751 ], [ 568339.297207718365826, 2289973.517891914118081 ] ] ], [ [ [ 563638.85760376881808, 2289036.907086058054119 ], [ 564008.048392016673461, 2289956.530270289164037 ], [ 562925.240235188044608, 2289952.457120895851403 ], [ 563664.093938314006664, 2291791.742310457397252 ], [ 564746.858690718072467, 2291795.866319235414267 ], [ 564377.382088482263498, 2290876.183337886817753 ], [ 567625.75117455504369, 2290888.896211205981672 ], [ 567256.482521672267467, 2289969.166731707751751 ], [ 566173.669508327497169, 2289964.885075103957206 ], [ 565435.517545963055454, 2288125.566907296422869 ], [ 564352.662835530820303, 2288121.405607614200562 ], [ 564721.689036068855785, 2289041.024323503021151 ], [ 563638.85760376881808, 2289036.907086058054119 ] ] ], [ [ [ 569791.338928250013851, 2290897.719115901738405 ], [ 569422.113593400688842, 2289977.938556338660419 ], [ 568339.297207718365826, 2289973.517891914118081 ], [ 568708.544197152601555, 2290893.272897562477738 ], [ 569791.338928250013851, 2290897.719115901738405 ] ] ], [ [ [ 566199.222855274332687, 2292719.798311997205019 ], [ 565829.625052799354307, 2291800.059885329566896 ], [ 564746.858690718072467, 2291795.866319235414267 ], [ 565116.478196280892007, 2292715.579244750551879 ], [ 566199.222855274332687, 2292719.798311997205019 ] ] ], [ [ [ 565143.516243000980467, 2295470.671913413796574 ], [ 566226.194108470459469, 2295474.89799078181386 ], [ 565116.478196280892007, 2292715.579244750551879 ], [ 564033.735155851813033, 2292711.42976257391274 ], [ 564403.519280774635263, 2293631.147160134743899 ], [ 562238.081411593127996, 2293623.006026790942997 ], [ 562608.051918113604188, 2294542.702420049812645 ], [ 564773.446310641476884, 2294550.89453359041363 ], [ 565143.516243000980467, 2295470.671913413796574 ] ] ], [ [ [ 577053.067688628449105, 2295520.990626671817154 ], [ 578135.765130971209146, 2295525.983090825844556 ], [ 577765.95539129152894, 2294605.89714723918587 ], [ 576683.236314892652445, 2294600.930549534969032 ], [ 577053.067688628449105, 2295520.990626671817154 ] ] ], [ [ [ 575970.372160499333404, 2295516.067837377544492 ], [ 576340.36801211652346, 2296436.132404782809317 ], [ 577423.041890854830854, 2296441.081061947159469 ], [ 577053.067688628449105, 2295520.990626671817154 ], [ 575970.372160499333404, 2295516.067837377544492 ] ] ], [ [ [ 565513.729075409588404, 2296390.479330102913082 ], [ 565143.516243000980467, 2295470.671913413796574 ], [ 564060.839995856280439, 2295466.515503786038607 ], [ 564431.074575153063051, 2296386.297358124051243 ], [ 565513.729075409588404, 2296390.479330102913082 ] ] ], [ [ [ 580357.622745237196796, 2301047.137961917091161 ], [ 580728.432187507976778, 2301967.437262408435345 ], [ 581810.980012215906754, 2301972.681480758357793 ], [ 582552.983947920263745, 2303813.42420690599829 ], [ 585800.509730645571835, 2303829.733282747678459 ], [ 585429.501363227027468, 2302909.267948142252862 ], [ 583264.438768109655939, 2302898.377757860347629 ], [ 581781.659923356259242, 2299217.0328513472341 ], [ 582864.276774285943247, 2299222.33843613229692 ], [ 582493.960688625113107, 2298302.052641826681793 ], [ 584659.243829313083552, 2298312.820962046273053 ], [ 584289.113766608759761, 2297392.513576467055827 ], [ 581041.127286443137564, 2297376.5439344169572 ], [ 580301.165865893242881, 2295536.177046549040824 ], [ 581383.869212274090387, 2295541.378539560828358 ], [ 580644.522236305871047, 2293701.081564394757152 ], [ 581727.270795575459488, 2293706.300809034146369 ], [ 581357.833103167824447, 2292786.172037969343364 ], [ 582440.605270520201884, 2292791.434958409052342 ], [ 582810.021385952364653, 2293711.589676541276276 ], [ 583892.77403435006272, 2293716.948167663067579 ], [ 583523.379487097612582, 2292796.767474650871009 ], [ 586771.714701350196265, 2292813.182605787646025 ], [ 586402.527576642576605, 2291892.954379301518202 ], [ 588568.138170064077713, 2291904.193651390727609 ], [ 588199.136849820963107, 2290983.943868843838573 ], [ 589281.96693852043245, 2290989.641779999248683 ], [ 588913.129876848077402, 2290069.396498159039766 ], [ 586747.428891913383268, 2290058.122301411349326 ], [ 587116.308954327250831, 2290978.315502502489835 ], [ 584950.659635231480934, 2290967.267401084769517 ], [ 585319.725515574333258, 2291887.439100234769285 ], [ 583154.127730103209615, 2291876.617252151481807 ], [ 582785.018765803077258, 2290956.497469493653625 ], [ 583867.838157773483545, 2290961.847664445638657 ], [ 583130.091690209810622, 2289121.647494853939861 ], [ 582047.229225022369064, 2289116.349101115018129 ], [ 582416.0525966307614, 2290036.408096021506935 ], [ 581333.213714564568363, 2290031.153329367749393 ], [ 582071.331951853702776, 2291871.310681604780257 ], [ 580988.538214033702388, 2291866.073679049964994 ], [ 580250.376855332637206, 2290025.968075087759644 ], [ 578084.709097627666779, 2290015.806100728455931 ], [ 579192.2948084626114, 2292775.854981529526412 ], [ 577026.764387645991519, 2292765.816299492493272 ], [ 576657.383128557237796, 2291845.821334073320031 ], [ 577740.168973900028504, 2291850.780071973334998 ], [ 577001.878145289607346, 2290010.82937921024859 ], [ 575919.049108049366623, 2290005.922167189884931 ], [ 576288.14470121380873, 2290925.856633495539427 ], [ 575205.339153657667339, 2290920.993209703359753 ], [ 575574.599189029540867, 2291840.93216055771336 ], [ 572326.258536108070984, 2291826.682019450236112 ], [ 573065.336931910598651, 2293666.496231404133141 ], [ 570899.872162409010343, 2293657.241273058112711 ], [ 571639.608652105904184, 2295497.073415021877736 ], [ 572722.296792383189313, 2295501.717511740978807 ], [ 573092.357645211624913, 2296421.704642276279628 ], [ 569844.363617507391609, 2296407.904179065022618 ], [ 570214.632422797265463, 2297327.844307012856007 ], [ 569131.992970186751336, 2297323.357846776489168 ], [ 570243.721783668966964, 2300083.282359002158046 ], [ 569161.149267056025565, 2300078.78842388978228 ], [ 569532.033030812395737, 2300998.797983664087951 ], [ 571697.136310806963593, 2301007.907273781951517 ], [ 570955.598638327559456, 2299167.815238103736192 ], [ 572038.19639709382318, 2299172.422972566448152 ], [ 571297.273619060171768, 2297332.400492984801531 ], [ 573462.561350106610917, 2297341.722044723108411 ], [ 573832.90790462330915, 2298261.769749727565795 ], [ 572750.284838159801438, 2298257.048295160755515 ], [ 573491.44990133412648, 2300097.183017434552312 ], [ 572408.872073936508968, 2300092.479655124247074 ], [ 573150.651991033460945, 2301932.684059249702841 ], [ 576398.260648883529939, 2301947.159083731472492 ], [ 576027.364435279974714, 2301026.963901458773762 ], [ 578192.489709610585123, 2301036.911249796394259 ], [ 578563.342519877711311, 2301957.158435573801398 ], [ 579645.886365681421012, 2301962.262914257124066 ], [ 579275.055243827751838, 2301041.989685026463121 ], [ 580357.622745237196796, 2301047.137961917091161 ] ], [ [ 574148.072026934940368, 2293671.228136099874973 ], [ 574887.678519681212492, 2295511.214722246862948 ], [ 575970.372160499333404, 2295516.067837377544492 ], [ 574861.241625384893268, 2292756.055986176244915 ], [ 575944.002062653773464, 2292760.901347092818469 ], [ 576313.547772085759789, 2293680.900799884460866 ], [ 579561.775681234663352, 2293695.931941883638501 ], [ 579931.399367858073674, 2294616.039286667015404 ], [ 578848.676399978226982, 2294610.933392712846398 ], [ 579218.464514426188543, 2295531.045230546500534 ], [ 578135.765130971209146, 2295525.983090825844556 ], [ 578505.717692636535503, 2296446.099421767517924 ], [ 577423.041890854830854, 2296441.081061947159469 ], [ 577793.158919128240086, 2297361.20188604015857 ], [ 576710.506696286262013, 2297356.227331777103245 ], [ 577080.788210566039197, 2298276.352649048902094 ], [ 579246.05127215036191, 2298286.423368512187153 ], [ 578875.813073842204176, 2297366.246170757338405 ], [ 579958.46918731846381, 2297371.360186641570181 ], [ 581069.547270014649257, 2300132.061282824259251 ], [ 575656.611055009881966, 2300106.799173878971487 ], [ 573065.336931910598651, 2293666.496231404133141 ], [ 574148.072026934940368, 2293671.228136099874973 ] ], [ [ 574574.029552735271864, 2300101.956190127879381 ], [ 574944.80464143701829, 2301022.094986943993717 ], [ 573862.246707320678979, 2301017.295911276713014 ], [ 573491.44990133412648, 2300097.183017434552312 ], [ 574574.029552735271864, 2300101.956190127879381 ] ] ], [ [ [ 575627.856378427823074, 2297351.322507263626903 ], [ 576710.506696286262013, 2297356.227331777103245 ], [ 576340.36801211652346, 2296436.132404782809317 ], [ 575257.696029526297934, 2296431.253449575044215 ], [ 575627.856378427823074, 2297351.322507263626903 ] ] ], [ [ [ 566655.482951303943992, 2301905.620355539023876 ], [ 567026.71780784195289, 2302825.613119256217033 ], [ 569191.723677191417664, 2302834.406463348772377 ], [ 568820.532396575319581, 2301914.36213762126863 ], [ 567738.006833659135737, 2301909.956315544433892 ], [ 567366.936652416130528, 2300989.968035771045834 ], [ 566284.390984156168997, 2300985.657813590951264 ], [ 565913.441908855340444, 2300065.725462750531733 ], [ 564830.876097102533095, 2300061.510755051393062 ], [ 565572.960722652031109, 2301901.354256991762668 ], [ 566655.482951303943992, 2301905.620355539023876 ] ] ], [ [ [ 581099.384434655308723, 2302887.767165631055832 ], [ 580728.432187507976778, 2301967.437262408435345 ], [ 579645.886365681421012, 2301962.262914257124066 ], [ 580016.860298913437873, 2302882.566716904751956 ], [ 581099.384434655308723, 2302887.767165631055832 ] ] ], [ [ [ 572068.119437281158753, 2301927.99878255976364 ], [ 569903.059666910325177, 2301918.837822392582893 ], [ 570274.229172897990793, 2302838.907970779575408 ], [ 571356.736411763820797, 2302843.479369313456118 ], [ 571728.027012940961868, 2303763.605737836100161 ], [ 572810.514258441980928, 2303768.272935647983104 ], [ 573181.925948227057233, 2304688.455641497857869 ], [ 574264.393238454358652, 2304693.218724144157022 ], [ 573893.003309678519145, 2303773.010053649544716 ], [ 574975.494193500489928, 2303777.817092509474605 ], [ 574604.268855853471905, 2302857.612918042112142 ], [ 572439.245420642779209, 2302848.120659595821053 ], [ 572068.119437281158753, 2301927.99878255976364 ] ] ], [ [ [ 580759.23658973001875, 2304723.266165890730917 ], [ 580016.860298913437873, 2302882.566716904751956 ], [ 578934.338148023933172, 2302877.436165453866124 ], [ 579676.757848170120269, 2304718.083380909636617 ], [ 580759.23658973001875, 2304723.266165890730917 ] ] ], [ [ [ 571016.996784735703841, 2304679.13931946689263 ], [ 571388.594885677914135, 2305599.300581301562488 ], [ 572471.036788292927667, 2305603.949707080144435 ], [ 571728.027012940961868, 2303763.605737836100161 ], [ 570645.541546325664967, 2303759.008459552656859 ], [ 570274.229172897990793, 2302838.907970779575408 ], [ 569191.723677191417664, 2302834.406463348772377 ], [ 569563.057831748970784, 2303754.481100149452686 ], [ 568480.575842362944968, 2303750.023658984806389 ], [ 568852.074664917192422, 2304670.102784076705575 ], [ 571016.996784735703841, 2304679.13931946689263 ] ] ], [ [ [ 581841.717333799460903, 2304728.518903767224401 ], [ 582924.200107219745405, 2304733.841595282778144 ], [ 582552.983947920263745, 2303813.42420690599829 ], [ 581470.479484237032011, 2303808.127702452242374 ], [ 581841.717333799460903, 2304728.518903767224401 ] ] ], [ [ [ 581841.717333799460903, 2304728.518903767224401 ], [ 580759.23658973001875, 2304723.266165890730917 ], [ 581130.638942415243946, 2305643.661874015349895 ], [ 582213.097980896942317, 2305648.94080049591139 ], [ 581841.717333799460903, 2304728.518903767224401 ] ] ], [ [ [ 574635.926010264200158, 2305613.457884589675814 ], [ 575718.373383296537213, 2305618.316937664523721 ], [ 575346.862370131071657, 2304698.051755438558757 ], [ 574264.393238454358652, 2304693.218724144157022 ], [ 574635.926010264200158, 2305613.457884589675814 ] ] ], [ [ [ 584749.502243706258014, 2306580.213741075713187 ], [ 584006.684936837875284, 2304739.234241189900786 ], [ 582924.200107219745405, 2304733.841595282778144 ], [ 583667.060796478763223, 2306574.768577313050628 ], [ 584749.502243706258014, 2306580.213741075713187 ] ] ], [ [ [ 575007.60162265622057, 2306533.727565831970423 ], [ 574635.926010264200158, 2305613.457884589675814 ], [ 573553.480487543856725, 2305608.668807954061776 ], [ 573925.177873941254802, 2306528.912465846631676 ], [ 575007.60162265622057, 2306533.727565831970423 ] ] ], [ [ [ 570677.917514505679719, 2306514.887184527236968 ], [ 571760.335846696863882, 2306519.492275860160589 ], [ 571388.594885677914135, 2305599.300581301562488 ], [ 570306.154752859147266, 2305594.721429961267859 ], [ 570677.917514505679719, 2306514.887184527236968 ] ] ], [ [ [ 580419.74879045796115, 2306558.853143194690347 ], [ 580048.18191527063027, 2305638.452928243204951 ], [ 577883.273787638405338, 2305628.244975890032947 ], [ 578254.884131164639257, 2306548.592893950641155 ], [ 580419.74879045796115, 2306558.853143194690347 ] ] ], [ [ [ 577172.454724436625838, 2306543.567779188044369 ], [ 576800.822633475763723, 2305623.245967865921557 ], [ 575718.373383296537213, 2305618.316937664523721 ], [ 576833.763417472830042, 2308379.295908861327916 ], [ 577916.147379296715371, 2308384.303264020942152 ], [ 577544.229640527628362, 2307463.920200932305306 ], [ 578626.637293321895413, 2307468.971451810561121 ], [ 578254.884131164639257, 2306548.592893950641155 ], [ 577172.454724436625838, 2306543.567779188044369 ] ] ], [ [ [ 583700.048495657974854, 2309330.935960830189288 ], [ 584782.422720272908919, 2309336.390028316993266 ], [ 583667.060796478763223, 2306574.768577313050628 ], [ 582584.621423083357513, 2306569.393423583824188 ], [ 582956.287657905486412, 2307489.87680400069803 ], [ 581873.872050094068982, 2307484.545412184670568 ], [ 582245.702800186118111, 2308405.033304166514426 ], [ 583328.096682914998382, 2308410.390972741879523 ], [ 583700.048495657974854, 2309330.935960830189288 ] ] ], [ [ [ 573214.617977958638221, 2307444.415524671785533 ], [ 574297.018104963004589, 2307449.186646036803722 ], [ 573925.177873941254802, 2306528.912465846631676 ], [ 571760.335846696863882, 2306519.492275860160589 ], [ 572504.246339142788202, 2308359.967086497694254 ], [ 571421.871627698885277, 2308355.31002706149593 ], [ 572166.397177713923156, 2310195.854853199329227 ], [ 573248.728242423851043, 2310200.563998324330896 ], [ 572876.415865657967515, 2309280.250264313071966 ], [ 573958.770562296384014, 2309285.003437464125454 ], [ 573214.617977958638221, 2307444.415524671785533 ] ] ], [ [ [ 575379.420073173940182, 2307454.027798743918538 ], [ 574297.018104963004589, 2307449.186646036803722 ], [ 575041.127091064699925, 2309289.826696862466633 ], [ 573958.770562296384014, 2309285.003437464125454 ], [ 574331.061121327802539, 2310205.343256813939661 ], [ 576495.732428947114386, 2310215.112116596195847 ], [ 575379.420073173940182, 2307454.027798743918538 ] ] ], [ [ [ 581163.310955283464864, 2308399.745699749328196 ], [ 581535.306240019388497, 2309320.238103312440217 ], [ 580452.938155360869132, 2309314.994311769027263 ], [ 580825.097994116367772, 2310235.491226912010461 ], [ 582989.792680618003942, 2310246.101488964632154 ], [ 582245.702800186118111, 2308405.033304166514426 ], [ 581163.310955283464864, 2308399.745699749328196 ] ] ], [ [ [ 582989.792680618003942, 2310246.101488964632154 ], [ 583362.051806050934829, 2311166.68184387171641 ], [ 585526.711234148591757, 2311177.625343041494489 ], [ 585154.495589044527151, 2310256.99223022442311 ], [ 582989.792680618003942, 2310246.101488964632154 ] ] ], [ [ [ 579370.572063722647727, 2309309.820610710885376 ], [ 577205.845752245979384, 2309299.68347713816911 ], [ 577950.438892132136971, 2311140.550666245631874 ], [ 579032.757507126429118, 2311145.636611006222665 ], [ 579405.246512059238739, 2312066.142549245618284 ], [ 580487.545297725475393, 2312071.324921874795109 ], [ 580115.078079211292788, 2311150.792700415477157 ], [ 581197.400635191239417, 2311156.018935202620924 ], [ 580825.097994116367772, 2310235.491226912010461 ], [ 579742.753667058423162, 2310230.291273707989603 ], [ 579370.572063722647727, 2309309.820610710885376 ] ] ], [ [ [ 578322.949692334164865, 2312061.030349076259881 ], [ 577950.438892132136971, 2311140.550666245631874 ], [ 576868.122207424370572, 2311135.534865414723754 ], [ 577240.654811751679517, 2312055.988320643547922 ], [ 578322.949692334164865, 2312061.030349076259881 ] ] ], [ [ [ 586981.38079722400289, 2312103.892820984125137 ], [ 586609.044111673138104, 2311183.202315989881754 ], [ 585526.711234148591757, 2311177.625343041494489 ], [ 585899.069653132581152, 2312098.289397877641022 ], [ 586981.38079722400289, 2312103.892820984125137 ] ] ], [ [ [ 583397.424588775611483, 2313923.16261550411582 ], [ 584479.685893769026734, 2313928.6083317049779 ], [ 583362.051806050934829, 2311166.68184387171641 ], [ 582279.725201869150624, 2311161.315316105727106 ], [ 582652.148874076316133, 2312081.900187447667122 ], [ 581569.846076131565496, 2312076.577467694412917 ], [ 581942.434314483543858, 2312997.16685547074303 ], [ 583024.715337198926136, 2313002.515943540260196 ], [ 583397.424588775611483, 2313923.16261550411582 ] ] ], [ [ [ 579405.246512059238739, 2312066.142549245618284 ], [ 578322.949692334164865, 2312061.030349076259881 ], [ 579068.399740964407101, 2313902.082046491559595 ], [ 581232.908144011395052, 2313912.481873344630003 ], [ 580860.1553201462375, 2312991.887969153467566 ], [ 579777.878327393438667, 2312986.679283843375742 ], [ 579405.246512059238739, 2312066.142549245618284 ] ] ], [ [ [ 581605.803766869241372, 2314833.106665565166622 ], [ 582688.039173585595563, 2314838.438321326859295 ], [ 582315.165347784408368, 2313917.787129637785256 ], [ 581232.908144011395052, 2313912.481873344630003 ], [ 581605.803766869241372, 2314833.106665565166622 ] ] ], [ [ [ 593891.245750483940355, 2339713.948431205470115 ], [ 593514.539422455476597, 2338792.423375620041043 ], [ 591351.204336177790537, 2338780.295513925608248 ], [ 591727.954599829390645, 2339701.766139411367476 ], [ 593891.245750483940355, 2339713.948431205470115 ] ] ], [ [ [ 595349.721863247803412, 2340641.730263778474182 ], [ 594972.894779384834692, 2339720.146091882139444 ], [ 593891.245750483940355, 2339713.948431205470115 ], [ 594268.094795397366397, 2340635.505316348746419 ], [ 595349.721863247803412, 2340641.730263778474182 ] ] ], [ [ [ 599776.678702342440374, 2346184.89834488555789 ], [ 599399.039381587062962, 2345263.067328787408769 ], [ 597235.997851791791618, 2345250.130132748745382 ], [ 597613.681145966984332, 2346171.906132353935391 ], [ 599776.678702342440374, 2346184.89834488555789 ] ] ], [ [ [ 600532.385381571599282, 2348028.656839263159782 ], [ 601613.843859255779535, 2348035.314947330392897 ], [ 600858.181146456976421, 2346191.501262759324163 ], [ 599776.678702342440374, 2346184.89834488555789 ], [ 600532.385381571599282, 2348028.656839263159782 ] ] ], [ [ [ 593450.224132602917962, 2354424.37336988421157 ], [ 592692.12278106668964, 2352580.660829509608448 ], [ 591610.79828271176666, 2352574.578212691470981 ], [ 592368.943868003902026, 2354418.235699942335486 ], [ 593450.224132602917962, 2354424.37336988421157 ] ] ], [ [ [ 599351.46424917015247, 2360897.805864363443106 ], [ 598971.409698157804087, 2359975.624289723113179 ], [ 597890.255171606782824, 2359969.105879733338952 ], [ 598270.331861500279047, 2360891.259618014562875 ], [ 599351.46424917015247, 2360897.805864363443106 ] ] ], [ [ [ 597569.44341164000798, 2361806.943368195556104 ], [ 598650.551236906787381, 2361813.445805199909955 ], [ 598270.331861500279047, 2360891.259618014562875 ], [ 597189.201882037101313, 2360884.785019680391997 ], [ 597569.44341164000798, 2361806.943368195556104 ] ] ], [ [ [ 598711.02412734227255, 2364573.613250296097249 ], [ 598330.354536796803586, 2363651.357451035641134 ], [ 597249.293447588337585, 2363644.870976807083935 ], [ 597629.985220591770485, 2364567.098874580580741 ], [ 598711.02412734227255, 2364573.613250296097249 ] ] ], [ [ [ 595467.914552482077852, 2364554.285395627841353 ], [ 595848.793418347835541, 2365476.490031892899424 ], [ 598010.819682040251791, 2365489.359290646854788 ], [ 597629.985220591770485, 2364567.098874580580741 ], [ 595467.914552482077852, 2364554.285395627841353 ] ] ], [ [ [ 596610.979244204354472, 2367320.996807700488716 ], [ 597691.946756864083, 2367327.451387434732169 ], [ 597310.804715326987207, 2366405.15380162326619 ], [ 596229.814983091317117, 2366398.727158411405981 ], [ 596610.979244204354472, 2367320.996807700488716 ] ] ], [ [ [ 596992.286199180060066, 2368243.29901230474934 ], [ 596610.979244204354472, 2367320.996807700488716 ], [ 595530.014095808961429, 2367314.614067650865763 ], [ 595911.343285692390054, 2368236.888333327136934 ], [ 596992.286199180060066, 2368243.29901230474934 ] ] ], [ [ [ 605069.402596930041909, 2374734.445201773196459 ], [ 604687.208123346674256, 2373811.7730204006657 ], [ 603606.386359506635927, 2373804.833886039908975 ], [ 603988.603069029515609, 2374727.477776338346303 ], [ 605069.402596930041909, 2374734.445201773196459 ] ] ], [ [ [ 606150.204692037543282, 2374741.484694952145219 ], [ 609392.626644721138291, 2374763.035590902436525 ], [ 609010.521026651491411, 2373840.249965854454786 ], [ 605768.03244556451682, 2373818.784194571431726 ], [ 606150.204692037543282, 2374741.484694952145219 ] ] ], [ [ [ 612635.072653116541915, 2374785.235132795292884 ], [ 613017.254318183287978, 2375708.139315864536911 ], [ 615178.854371827910654, 2375723.35650132689625 ], [ 614796.717041838914156, 2374800.39520009001717 ], [ 613715.893458222970366, 2374792.779128469061106 ], [ 612952.002243452006951, 2372947.01327594416216 ], [ 611871.13711390318349, 2372939.526279151439667 ], [ 612253.03358418494463, 2373862.364131534006447 ], [ 610091.355846556136385, 2373847.549309226684272 ], [ 610473.4392727795057, 2374770.363365058321506 ], [ 612635.072653116541915, 2374785.235132795292884 ] ] ], [ [ [ 601893.926029326277785, 2377474.88266414264217 ], [ 601128.645762135856785, 2375629.599928429350257 ], [ 600047.87851673248224, 2375622.892554472666234 ], [ 600813.203358893631957, 2377468.118779263459146 ], [ 601893.926029326277785, 2377474.88266414264217 ] ] ], [ [ [ 600115.381877887062728, 2378384.061236410867423 ], [ 601196.079780552885495, 2378390.781247817911208 ], [ 600813.203358893631957, 2377468.118779263459146 ], [ 599732.483150186482817, 2377461.427041084971279 ], [ 600115.381877887062728, 2378384.061236410867423 ] ] ], [ [ [ 603740.457510919659398, 2379327.1899031130597 ], [ 604821.140618540346622, 2379334.154828752856702 ], [ 604438.188417591387406, 2378411.374333604704589 ], [ 605518.896360913990065, 2378418.38304927200079 ], [ 605136.109074906562455, 2377495.607208542060107 ], [ 601893.926029326277785, 2377474.88266414264217 ], [ 602276.780153800500557, 2378397.57343384809792 ], [ 603357.483024018118158, 2378404.437795455101877 ], [ 603740.457510919659398, 2379327.1899031130597 ] ] ], [ [ [ 601579.098865902749822, 2379313.476664287038147 ], [ 602659.776935501256958, 2379320.297181947156787 ], [ 602276.780153800500557, 2378397.57343384809792 ], [ 601196.079780552885495, 2378390.781247817911208 ], [ 601579.098865902749822, 2379313.476664287038147 ] ] ], [ [ [ 577950.634019064949825, 2270736.068867654073983 ], [ 578316.536746709607542, 2271655.602685511112213 ], [ 579399.81289212917909, 2271660.621639274526387 ], [ 579033.931541185593233, 2270741.062431981787086 ], [ 580117.231036647921428, 2270746.124928551726043 ], [ 579751.513869523536414, 2269826.57018952909857 ], [ 576501.557165571255609, 2269811.665577576030046 ], [ 576867.338443237706088, 2270731.144234859384596 ], [ 577950.634019064949825, 2270736.068867654073983 ] ] ], [ [ [ 575784.044786650454625, 2270726.2885329015553 ], [ 576516.078640967956744, 2272565.284577782265842 ], [ 577599.329502520035021, 2272570.190976335201412 ], [ 576867.338443237706088, 2270731.144234859384596 ], [ 575784.044786650454625, 2270726.2885329015553 ] ] ], [ [ [ 576165.477730759419501, 2274399.511774607934058 ], [ 577248.683843857957982, 2274404.399944000411779 ], [ 576516.078640967956744, 2272565.284577782265842 ], [ 575432.82968917908147, 2272560.447164938785136 ], [ 576165.477730759419501, 2274399.511774607934058 ] ] ], [ [ [ 573282.473305578576401, 2275304.762491422239691 ], [ 574365.652343322057277, 2275309.468879390042275 ], [ 573999.071178458863869, 2274389.942556893453002 ], [ 575082.273517968133092, 2274394.692645799834281 ], [ 574715.856645159656182, 2273475.170790104661137 ], [ 572549.41092319751624, 2273465.790298070758581 ], [ 573282.473305578576401, 2275304.762491422239691 ] ] ], [ [ [ 575448.833236118312925, 2275314.244334361981601 ], [ 576532.016010993858799, 2275319.088857014663517 ], [ 576165.477730759419501, 2274399.511774607934058 ], [ 575082.273517968133092, 2274394.692645799834281 ], [ 575448.833236118312925, 2275314.244334361981601 ] ] ], [ [ [ 578331.891884292475879, 2274409.35715467017144 ], [ 577248.683843857957982, 2274404.399944000411779 ], [ 577615.200694967177697, 2275324.002448035404086 ], [ 576532.016010993858799, 2275319.088857014663517 ], [ 576898.697127628372982, 2276238.695831395685673 ], [ 579065.02556919795461, 2276248.643011384643614 ], [ 578331.891884292475879, 2274409.35715467017144 ] ] ], [ [ [ 588813.604287169408053, 2276296.825735796708614 ], [ 588447.158480273094028, 2275376.937276449985802 ], [ 587363.953219023533165, 2275371.332961851265281 ], [ 587730.420373947476037, 2276291.195692607667297 ], [ 588813.604287169408053, 2276296.825735796708614 ] ] ], [ [ [ 589546.924185383482836, 2278136.693406607490033 ], [ 589180.192856345092878, 2277216.744435715954751 ], [ 588097.030297670164146, 2277211.088634985499084 ], [ 587730.420373947476037, 2276291.195692607667297 ], [ 586647.238648796454072, 2276285.634753008838743 ], [ 587380.643995704362169, 2278125.399391368962824 ], [ 589546.924185383482836, 2278136.693406607490033 ] ] ], [ [ [ 586297.50718217540998, 2278119.856121808290482 ], [ 585930.711743729421869, 2277199.984426969196647 ], [ 583764.401760919485241, 2277189.156738317105919 ], [ 584131.239982699858956, 2278108.977054876275361 ], [ 586297.50718217540998, 2278119.856121808290482 ] ] ], [ [ [ 586297.50718217540998, 2278119.856121808290482 ], [ 586664.44539761939086, 2279039.758031117264181 ], [ 587747.560826089349575, 2279045.327060516923666 ], [ 587380.643995704362169, 2278125.399391368962824 ], [ 586297.50718217540998, 2278119.856121808290482 ] ] ], [ [ [ 588114.620424532913603, 2279965.285003534983844 ], [ 589197.716657447861508, 2279970.949035849422216 ], [ 588830.67844183917623, 2279050.965276178903878 ], [ 587747.560826089349575, 2279045.327060516923666 ], [ 588114.620424532913603, 2279965.285003534983844 ] ] ], [ [ [ 583066.481102441321127, 2280857.862473899964243 ], [ 582332.00501650152728, 2279018.173760509118438 ], [ 580165.797247573151253, 2279007.796722733415663 ], [ 580900.359105575713329, 2280847.382834676187485 ], [ 583066.481102441321127, 2280857.862473899964243 ] ] ], [ [ [ 585232.61137854680419, 2280868.619065247476101 ], [ 584865.34479393507354, 2279948.708187947049737 ], [ 583782.257183128967881, 2279943.321007259655744 ], [ 584149.545192093122751, 2280863.206150181125849 ], [ 585232.61137854680419, 2280868.619065247476101 ] ] ], [ [ [ 575873.393978859763592, 2284496.524589662440121 ], [ 578039.320311032584868, 2284506.377972581423819 ], [ 578407.472686329274438, 2285426.234135517384857 ], [ 579490.417235167697072, 2285431.290528830140829 ], [ 578754.298340011155233, 2283591.5569993914105 ], [ 575505.341378575307317, 2283576.749792314134538 ], [ 575873.393978859763592, 2284496.524589662440121 ] ] ], [ [ [ 586356.271735963295214, 2286383.152667541056871 ], [ 585988.127027671202086, 2285463.085755054373294 ], [ 589237.010458317119628, 2285479.919959090650082 ], [ 588869.072871681069955, 2284559.805695589166135 ], [ 586703.105520435492508, 2284548.565356621984392 ], [ 586335.267819294822402, 2283628.533305486664176 ], [ 588501.27804508828558, 2283639.721859958954155 ], [ 588133.625980966491625, 2282719.668421639595181 ], [ 587050.598353165201843, 2282714.06535960920155 ], [ 586683.067634063656442, 2281794.068136120215058 ], [ 588849.16791592806112, 2281805.291833004914224 ], [ 589584.286450521554798, 2283645.420123680494726 ], [ 590667.29708694643341, 2283651.187712797429413 ], [ 591035.049073978560045, 2284571.323444235138595 ], [ 589952.059852964244783, 2284565.529893298167735 ], [ 590319.976008937577717, 2285485.670119861140847 ], [ 593568.886259494232945, 2285503.336891846731305 ], [ 593936.880907476879656, 2286423.585749430581927 ], [ 592853.929941510898061, 2286417.601367327850312 ], [ 593590.390263960463926, 2288258.138690978754312 ], [ 592507.484468060312793, 2288252.171536460984498 ], [ 593244.558598719304428, 2290092.779111675452441 ], [ 594327.421509643085301, 2290098.798565703909844 ], [ 593958.834522612509318, 2289178.453294096980244 ], [ 595041.721216605044901, 2289184.516077895648777 ], [ 595778.995036089909263, 2291025.28973387600854 ], [ 594696.151222632732242, 2291019.1745365569368 ], [ 595065.023659148719162, 2291939.581237432546914 ], [ 593982.203659240622073, 2291933.509367248043418 ], [ 594351.240282128215767, 2292853.920577098149806 ], [ 592185.650221916032024, 2292841.933146100025624 ], [ 592924.237593357916921, 2294682.74286844721064 ], [ 594006.98847923707217, 2294688.754261978901923 ], [ 594376.474763897713274, 2295609.231540087610483 ], [ 592211.01831441372633, 2295597.225871914997697 ], [ 593320.462622963357717, 2298358.684814472682774 ], [ 594403.12511674372945, 2298364.731748664285988 ], [ 595143.425229734973982, 2300205.911400953307748 ], [ 596226.047004384105094, 2300212.080936195328832 ], [ 595855.847122113103978, 2299291.449219763744622 ], [ 596938.4928111579502, 2299297.662123626098037 ], [ 596198.564225612906739, 2297456.438680358231068 ], [ 597281.255336268455721, 2297462.668500007595867 ], [ 596911.526609614957124, 2296542.076771211344749 ], [ 597994.241625249036588, 2296548.349909791257232 ], [ 597624.677090112236328, 2295627.762699608691037 ], [ 598707.416013658745214, 2295634.079131538979709 ], [ 599076.95907494565472, 2296554.692766201216727 ], [ 601242.401384124415927, 2296567.587636113166809 ], [ 599396.327563197351992, 2291964.564503439702094 ], [ 598313.497947671450675, 2291958.214317389763892 ], [ 599420.778485147515312, 2294719.856139361858368 ], [ 597255.25525984633714, 2294707.206402972340584 ], [ 596885.976136879296973, 2293786.680988962762058 ], [ 595803.196693047881126, 2293780.486952500417829 ], [ 595434.038816763320938, 2292860.018699137959629 ], [ 596516.83972364733927, 2292866.18642668472603 ], [ 596147.846022572717629, 2291945.722685269080102 ], [ 597230.670776439365, 2291951.933711629360914 ], [ 596861.841231263708323, 2291031.474481860175729 ], [ 599027.540874486323446, 2291044.052633337210864 ], [ 598658.896883261855692, 2290123.571609974373132 ], [ 596493.154396596713923, 2290111.046040469314903 ], [ 595756.208868492976762, 2288270.281399624887854 ], [ 596839.121731020626612, 2288276.456955472007394 ], [ 596470.884448982425965, 2287356.094504882581532 ], [ 598636.760216250550002, 2287368.601561226882041 ], [ 598268.70842184254434, 2286448.217400549445301 ], [ 597185.747941758600064, 2286441.955367629416287 ], [ 596450.029718968668021, 2284601.331526391208172 ], [ 597533.032944738748483, 2284607.541214265394956 ], [ 597165.409266883856617, 2283687.249127238057554 ], [ 598248.436275542597286, 2283693.502017544116825 ], [ 598616.038599028484896, 2284613.820261316373944 ], [ 600782.05730105470866, 2284626.586436512414366 ], [ 600047.08071020420175, 2282785.875871881376952 ], [ 601130.136461952701211, 2282792.310550237074494 ], [ 600395.77326804457698, 2280951.6703957808204 ], [ 601478.874145484645851, 2280958.12199011258781 ], [ 601111.92787819809746, 2280037.821757395286113 ], [ 600028.805707206716761, 2280031.396315034944564 ], [ 599661.980840335949324, 2279111.152857764158398 ], [ 601828.2702677086927, 2279124.020693080034107 ], [ 602929.045212527154945, 2281884.99996141390875 ], [ 604012.129891584860161, 2281891.616297881118953 ], [ 603645.083513375837356, 2280971.23293638555333 ], [ 604728.192057815962471, 2280977.892290182877332 ], [ 604361.30961914989166, 2280057.513434322085232 ], [ 603278.179807169712149, 2280050.88031611405313 ], [ 602544.800420415238477, 2278210.267176581546664 ], [ 601461.630649571772665, 2278203.755612939130515 ], [ 601095.133717194898054, 2277283.521153084933758 ], [ 602178.324744690442458, 2277290.006596055347472 ], [ 601811.991750613669865, 2276369.7766342186369 ], [ 600728.779472981928848, 2276363.317282933741808 ], [ 599630.572893448988907, 2273602.888905260711908 ], [ 601797.127384640392847, 2273615.72043639048934 ], [ 601431.386356643517502, 2272695.58664010791108 ], [ 602514.688606021576561, 2272702.079921666067094 ], [ 601783.67700784932822, 2270861.851807169616222 ], [ 600700.332364567089826, 2270855.410502089187503 ], [ 600335.019405293976888, 2269935.368099456187338 ], [ 599251.656080581247807, 2269929.021659859456122 ], [ 599982.467089285841212, 2271769.085036272183061 ], [ 598899.148658764315769, 2271762.755709121469408 ], [ 599264.789426001370884, 2272682.807088606525213 ], [ 597098.202405881253071, 2272670.303546571172774 ], [ 596366.978664882364683, 2270830.334757274016738 ], [ 598533.650594146805815, 2270842.734736372251064 ], [ 598168.295234548510052, 2269922.744139951653779 ], [ 591668.180695256800391, 2269886.526284822728485 ], [ 592033.663464104174636, 2270806.362130970228463 ], [ 593116.988749712938443, 2270812.251873201690614 ], [ 593848.339984682272188, 2272652.065735804848373 ], [ 594931.625079942168668, 2272658.07600691402331 ], [ 596762.394546894123778, 2277258.270788895431906 ], [ 598928.759198137791827, 2277270.757691254839301 ], [ 599295.298669840325601, 2278190.939993362873793 ], [ 597128.976592647377402, 2278178.401044696569443 ], [ 597495.70135022921022, 2279098.561804803088307 ], [ 596412.565264139324427, 2279092.370069469790906 ], [ 596045.819199979538098, 2278172.235319727566093 ], [ 593879.511571454000659, 2278160.111364151816815 ], [ 593512.865599416429177, 2277240.058968925848603 ], [ 594596.0395473446697, 2277246.060438929591328 ], [ 594229.55762004328426, 2276326.012533849105239 ], [ 593146.362361168954521, 2276320.03696055104956 ], [ 592413.78409570781514, 2274480.083982547279447 ], [ 590247.315263510216027, 2274468.443404213059694 ], [ 589881.197632209747098, 2273548.563909973949194 ], [ 588797.945289628463797, 2273542.872923117596656 ], [ 588431.949103798251599, 2272623.04933367529884 ], [ 587348.677657410386018, 2272617.453038176055998 ], [ 588447.158480273094028, 2275376.937276449985802 ], [ 589530.3659478854388, 2275382.610667612869292 ], [ 589896.790415483992547, 2276302.524883373640478 ], [ 588813.604287169408053, 2276296.825735796708614 ], [ 589180.192856345092878, 2277216.744435715954751 ], [ 591346.524672180297785, 2277228.263434626162052 ], [ 591713.213305277284235, 2278148.264062015805393 ], [ 589546.924185383482836, 2278136.693406607490033 ], [ 589913.798271868610755, 2279056.672678901348263 ], [ 590996.920343184261583, 2279062.449269493110478 ], [ 591363.915819330257364, 2279982.484745951835066 ], [ 592447.018802293227054, 2279988.356425374746323 ], [ 593548.797588603687473, 2282748.723199443891644 ], [ 592465.758714657044038, 2282742.773645469918847 ], [ 592098.335007486748509, 2281822.646903410088271 ], [ 589932.221363626886159, 2281811.007585653569549 ], [ 589564.897632184904069, 2280890.963128844276071 ], [ 587398.750149820349179, 2280879.652614811435342 ], [ 587031.526387639925815, 2279959.690185306593776 ], [ 585948.434519772417843, 2279954.164580371696502 ], [ 586315.679688791860826, 2280874.101219865493476 ], [ 585232.61137854680419, 2280868.619065247476101 ], [ 585600.020745927002281, 2281788.560190294869244 ], [ 584516.97599034034647, 2281783.121511836536229 ], [ 584884.549575445358641, 2282703.067122671753168 ], [ 583801.528371571446769, 2282697.671946206595749 ], [ 584169.266193771734834, 2283617.622043043375015 ], [ 580920.279408944887109, 2283601.775058456230909 ], [ 580552.477176125743426, 2282681.902175691444427 ], [ 578386.453122854814865, 2282671.73545366153121 ], [ 578754.298340011155233, 2283591.5569993914105 ], [ 579837.287880365271121, 2283596.631369680166245 ], [ 580573.363762854598463, 2285436.416295504197478 ], [ 579490.417235167697072, 2285431.290528830140829 ], [ 579858.690908307908103, 2286351.202573433984071 ], [ 580941.615919892676175, 2286356.35408190311864 ], [ 581310.01088422187604, 2287276.322124617174268 ], [ 582392.916396584943868, 2287281.568833663593978 ], [ 581656.312296350835823, 2285441.611436266452074 ], [ 583822.215488619054668, 2285452.209843007847667 ], [ 583454.17061734222807, 2284532.224977437406778 ], [ 584537.14680449583102, 2284537.602420968469232 ], [ 585273.336381808388978, 2286377.654142128303647 ], [ 586356.271735963295214, 2286383.152667541056871 ] ], [ [ 595115.875503959134221, 2297450.278604633640498 ], [ 594746.103772950940765, 2296529.739644004497677 ], [ 595828.814001148450188, 2296535.873349575791508 ], [ 596198.564225612906739, 2297456.438680358231068 ], [ 595115.875503959134221, 2297450.278604633640498 ] ], [ [ 595387.950179909006692, 2287349.945138632785529 ], [ 594651.860965793370269, 2285509.364581845700741 ], [ 595734.838028423953801, 2285515.461656261235476 ], [ 596470.884448982425965, 2287356.094504882581532 ], [ 595387.950179909006692, 2287349.945138632785529 ] ], [ [ 596797.928299388848245, 2282766.987670047674328 ], [ 596430.590044669923373, 2281846.75681204488501 ], [ 599679.806453417986631, 2281865.566634468268603 ], [ 600047.08071020420175, 2282785.875871881376952 ], [ 596797.928299388848245, 2282766.987670047674328 ] ], [ [ 597464.02834746404551, 2273590.333495031576604 ], [ 598547.299390823813155, 2273596.576685482636094 ], [ 598913.246795326005667, 2274516.662992810830474 ], [ 597829.996999890659936, 2274510.393853264395148 ], [ 598196.108360750833526, 2275430.484651721548289 ], [ 597112.8822693512775, 2275424.258618289139122 ], [ 596014.912544660037383, 2272664.155276882462204 ], [ 597098.202405881253071, 2272670.303546571172774 ], [ 597464.02834746404551, 2273590.333495031576604 ] ], [ [ 598562.362427636515349, 2276350.60592088336125 ], [ 599645.56970766291488, 2276356.927045457065105 ], [ 600011.945210681296885, 2277277.104851787444204 ], [ 598928.759198137791827, 2277270.757691254839301 ], [ 598562.362427636515349, 2276350.60592088336125 ] ], [ [ 596779.454044225160033, 2280012.535325062461197 ], [ 595696.341683236183599, 2280006.386771138291806 ], [ 595329.431581356213428, 2279086.247527062427253 ], [ 596412.565264139324427, 2279092.370069469790906 ], [ 596779.454044225160033, 2280012.535325062461197 ] ], [ [ 590979.978785909130238, 2276308.293136144522578 ], [ 592063.169425464235246, 2276314.130494927987456 ], [ 592429.693983365548775, 2277234.12663443852216 ], [ 591346.524672180297785, 2277228.263434626162052 ], [ 590979.978785909130238, 2276308.293136144522578 ] ], [ [ 591750.309981333906762, 2283657.024628127459437 ], [ 592833.325160662643611, 2283662.930870496667922 ], [ 593201.034343082574196, 2284583.118609083350748 ], [ 592118.040561694419011, 2284577.18634921964258 ], [ 591750.309981333906762, 2283657.024628127459437 ] ] ], [ [ [ 580227.107395249884576, 2287271.144845266826451 ], [ 579858.690908307908103, 2286351.202573433984071 ], [ 577692.846821115235798, 2286341.107759261038154 ], [ 578061.306379682850093, 2287260.998572730459273 ], [ 575895.5131342750974, 2287251.130010307300836 ], [ 576632.946974929887801, 2289090.899397406727076 ], [ 580964.368800810538232, 2289111.120192685630172 ], [ 580595.666693561011925, 2288191.117374838795513 ], [ 579512.786738954717293, 2288185.983752271160483 ], [ 579144.205902720917948, 2287266.036994878668338 ], [ 580227.107395249884576, 2287271.144845266826451 ] ] ], [ [ [ 589650.946756266290322, 2291909.917646002024412 ], [ 590733.757571359630674, 2291915.711214068811387 ], [ 590364.799247354269028, 2290995.409236775711179 ], [ 589281.96693852043245, 2290989.641779999248683 ], [ 589650.946756266290322, 2291909.917646002024412 ] ] ], [ [ [ 591472.102458344772458, 2293756.407131674233824 ], [ 591102.858642501756549, 2292836.043835444841534 ], [ 590020.069327656645328, 2292830.224126904737204 ], [ 590389.334650256088935, 2293750.561253463849425 ], [ 591472.102458344772458, 2293756.407131674233824 ] ] ], [ [ [ 592211.01831441372633, 2295597.225871914997697 ], [ 591841.489016460487619, 2294676.801133556757122 ], [ 590758.742721636779606, 2294670.929056466091424 ], [ 591128.293539361795411, 2295591.327566719613969 ], [ 592211.01831441372633, 2295597.225871914997697 ] ] ], [ [ [ 594801.719911025837064, 2302041.0622563008219 ], [ 594431.191502392524853, 2301120.421497410163283 ], [ 593348.595982593018562, 2301114.365209076553583 ], [ 592978.188737943186425, 2300193.781806886196136 ], [ 594060.805816545733251, 2300199.811691470909864 ], [ 593320.462622963357717, 2298358.684814472682774 ], [ 592237.802446263609454, 2298352.707649472169578 ], [ 591128.293539361795411, 2295591.327566719613969 ], [ 590045.571028233855031, 2295585.49894633423537 ], [ 590785.143969560158439, 2297426.335723711177707 ], [ 589702.466789560392499, 2297420.524354740977287 ], [ 591183.411865531117655, 2301102.462187250610441 ], [ 592266.002779261674732, 2301108.378772638738155 ], [ 592636.574327267706394, 2302028.966693239752203 ], [ 594801.719911025837064, 2302041.0622563008219 ] ], [ [ 592607.924225020571612, 2299273.229297338984907 ], [ 591525.287893069675192, 2299267.295583387836814 ], [ 591155.14455976174213, 2298346.800252817105502 ], [ 592237.802446263609454, 2298352.707649472169578 ], [ 592607.924225020571612, 2299273.229297338984907 ] ] ], [ [ [ 583605.33732127584517, 2301063.00184988649562 ], [ 585770.490700477501377, 2301073.92699711676687 ], [ 585399.932298687752336, 2300153.527641520369798 ], [ 583234.735652651637793, 2300142.654828540049493 ], [ 583605.33732127584517, 2301063.00184988649562 ] ] ], [ [ [ 597337.502914742799476, 2302974.162093083374202 ], [ 599502.624447701033205, 2302986.869827910792083 ], [ 599132.039518509758636, 2302066.091956774704158 ], [ 600214.625502079143189, 2302072.52409002976492 ], [ 599844.204788825241849, 2301151.750747845508158 ], [ 597678.992229289724492, 2301139.00948240282014 ], [ 598049.455994486110285, 2302059.729707669466734 ], [ 596966.874903138610534, 2302053.437341813463718 ], [ 597337.502914742799476, 2302974.162093083374202 ] ] ], [ [ [ 594460.674082522862591, 2303876.301081498619169 ], [ 594089.838657323154621, 2302955.624815357383341 ], [ 593007.288608623552136, 2302949.585539147723466 ], [ 593378.145620893570594, 2303870.235341385938227 ], [ 594460.674082522862591, 2303876.301081498619169 ] ] ], [ [ [ 592295.619475152459927, 2303864.239535877015442 ], [ 591924.740867049782537, 2302943.616169689688832 ], [ 590842.195405743317679, 2302937.716706138569862 ], [ 591213.095618445193395, 2303858.313664126675576 ], [ 592295.619475152459927, 2303864.239535877015442 ] ] ], [ [ [ 596285.260724613443017, 2305723.935442307963967 ], [ 599532.73803923651576, 2305742.921639820095152 ], [ 598790.811624946305528, 2303901.263405300676823 ], [ 597708.273631249554455, 2303894.917918093502522 ], [ 597337.502914742799476, 2302974.162093083374202 ], [ 596254.945783524308354, 2302967.913091456983238 ], [ 596625.738060848088935, 2303888.642368980217725 ], [ 595543.204886889550835, 2303882.436757074669003 ], [ 596285.260724613443017, 2305723.935442307963967 ] ] ], [ [ [ 593749.14536163082812, 2304790.91613100329414 ], [ 593378.145620893570594, 2303870.235341385938227 ], [ 592295.619475152459927, 2303864.239535877015442 ], [ 592666.640818224172108, 2304784.893860083539039 ], [ 593749.14536163082812, 2304790.91613100329414 ] ] ], [ [ [ 591955.324265824630857, 2305699.600397121161222 ], [ 591213.095618445193395, 2303858.313664126675576 ], [ 590130.574023922905326, 2303852.457725294400007 ], [ 590872.84591755294241, 2305693.691609491594136 ], [ 591955.324265824630857, 2305699.600397121161222 ] ] ], [ [ [ 596688.683709526900202, 2309401.011118952650577 ], [ 597771.084907484007999, 2309407.306362259667367 ], [ 597399.414804448490031, 2308486.416860654484481 ], [ 596316.991989172296599, 2308480.148285511881113 ], [ 596688.683709526900202, 2309401.011118952650577 ] ] ], [ [ [ 601390.051126056467183, 2310347.613711792510003 ], [ 601018.303141195210628, 2309426.612716980278492 ], [ 599935.894596500089392, 2309420.107160368468612 ], [ 600307.664178945007734, 2310341.081373935099691 ], [ 601390.051126056467183, 2310347.613711792510003 ] ] ], [ [ [ 594185.435807734145783, 2311224.205370807554573 ], [ 595675.031306345015764, 2314907.898492753971368 ], [ 596757.295400844770484, 2314914.143557034432888 ], [ 596384.704134505591355, 2313993.14663903368637 ], [ 597466.992297066026367, 2313999.435182081535459 ], [ 596350.139738666592166, 2311236.551918432116508 ], [ 597432.49526969960425, 2311242.830428049899638 ], [ 596688.683709526900202, 2309401.011118952650577 ], [ 594523.888472624355927, 2309388.630939386319369 ], [ 595267.786593614611775, 2311230.343566310591996 ], [ 594185.435807734145783, 2311224.205370807554573 ] ] ], [ [ [ 600004.102156909182668, 2314933.300362003501505 ], [ 601086.375989068066701, 2314939.826504042837769 ], [ 600713.8713654873427, 2314018.722261482849717 ], [ 601796.169337839819491, 2314025.291774397250265 ], [ 601423.82902864611242, 2313104.192079680971801 ], [ 598176.877639502985403, 2313084.774801837280393 ], [ 598549.282871891045943, 2314005.793966238386929 ], [ 599631.575885767117143, 2314012.222992402967066 ], [ 600004.102156909182668, 2314933.300362003501505 ] ] ], [ [ [ 603737.212199683766812, 2324145.8074054941535 ], [ 604819.269198979716748, 2324152.603903982322663 ], [ 604445.337889650953002, 2323231.18373864563182 ], [ 603363.259177845204249, 2323224.414409121964127 ], [ 603737.212199683766812, 2324145.8074054941535 ] ] ], [ [ [ 605193.34316337457858, 2325074.055835275910795 ], [ 608439.464696394396015, 2325094.950402068905532 ], [ 607691.589612365001813, 2323251.914867733139545 ], [ 606609.50308017723728, 2323244.933966980781406 ], [ 606235.757814188254997, 2322323.49117363570258 ], [ 605153.652226988691837, 2322316.607992705889046 ], [ 605901.328787075355649, 2324159.47095314739272 ], [ 604819.269198979716748, 2324152.603903982322663 ], [ 605193.34316337457858, 2325074.055835275910795 ] ] ], [ [ [ 589623.150543757365085, 2376482.099465504754335 ], [ 590389.207576145417988, 2378326.828839214518666 ], [ 592550.563518963404931, 2378339.041967904195189 ], [ 592933.761352851521224, 2379261.51173626165837 ], [ 594014.420325626269914, 2379267.754659546073526 ], [ 593248.212116124341264, 2377422.791640746872872 ], [ 594328.918108745128848, 2377429.0505181257613 ], [ 593946.0504227692727, 2376506.590002554934472 ], [ 596107.514023519819602, 2376519.26794747589156 ], [ 596873.302729505929165, 2378364.334240525960922 ], [ 597953.993378749932162, 2378370.837733693886548 ], [ 597571.050012370105833, 2377448.26000107685104 ], [ 598651.765376809053123, 2377454.80744866700843 ], [ 597886.351331544807181, 2375609.694078213069588 ], [ 600047.87851673248224, 2375622.892554472666234 ], [ 599665.43010126426816, 2374700.328732590656728 ], [ 600746.219624454155564, 2374707.007896747905761 ], [ 601128.645762135856785, 2375629.599928429350257 ], [ 602209.415477952803485, 2375636.37939419131726 ], [ 601444.750401285360567, 2373791.171732854563743 ], [ 603606.386359506635927, 2373804.833886039908975 ], [ 603224.312300394056365, 2372882.222901245579123 ], [ 604305.156293705571443, 2372889.133774947375059 ], [ 604687.208123346674256, 2373811.7730204006657 ], [ 605768.03244556451682, 2373818.784194571431726 ], [ 605386.002836563857272, 2372896.116660526953638 ], [ 608628.558026645798236, 2372917.497398404404521 ], [ 609010.521026651491411, 2373840.249965854454786 ], [ 610091.355846556136385, 2373847.549309226684272 ], [ 609709.415031924727373, 2372924.768341419287026 ], [ 610790.274718868080527, 2372932.111301323398948 ], [ 610408.498688439372927, 2372009.334990770090371 ], [ 607165.861109465011396, 2371987.607270552311093 ], [ 606784.161171874846332, 2371064.949031359981745 ], [ 607865.059890862321481, 2371072.091304895468056 ], [ 607483.524760108441114, 2370149.437713196035475 ], [ 608564.44828268350102, 2370156.623637539334595 ], [ 608945.961247476749122, 2371079.305538409855217 ], [ 610026.865268149995245, 2371086.591732915956527 ], [ 609264.026268037967384, 2369241.204243999440223 ], [ 607102.132257459219545, 2369226.817047817632556 ], [ 606720.88238542212639, 2368304.229276009369642 ], [ 605639.917161540244706, 2368297.171755080111325 ], [ 605258.787767268368043, 2367374.645034291781485 ], [ 608501.757738593267277, 2367395.94857221422717 ], [ 608882.820693228393793, 2368318.559947345871478 ], [ 612125.748201834503561, 2368340.595043244771659 ], [ 610222.191288517438807, 2363727.443108897190541 ], [ 611303.283024506294169, 2363734.790415955707431 ], [ 611683.687113961321302, 2364657.383210765197873 ], [ 614926.912606678321026, 2364679.940468972548842 ], [ 615688.016182909952477, 2366525.394854822661728 ], [ 616769.052837700815871, 2366533.114274603780359 ], [ 617149.796435826458037, 2367455.919493001420051 ], [ 618230.813896570587531, 2367463.739210825879127 ], [ 617850.092350721242838, 2366540.905525082722306 ], [ 622174.279514436959289, 2366572.788856044877321 ], [ 623316.607399890897796, 2369341.732243387028575 ], [ 624397.595555841573514, 2369349.96857688575983 ], [ 624778.634559930651449, 2370273.045058583375067 ], [ 622616.705329555319622, 2370256.586943102069199 ], [ 622235.62226067809388, 2369333.567830153275281 ], [ 621154.640111753949896, 2369325.475336034782231 ], [ 621916.992884414154105, 2371171.489598417188972 ], [ 620836.057814247906208, 2371163.411763108801097 ], [ 621217.470081147970632, 2372086.440233949106187 ], [ 623379.299077174277045, 2372102.725256889127195 ], [ 623760.809750900021754, 2373025.844523716717958 ], [ 622679.915822784067132, 2373017.637277667876333 ], [ 623061.591097839525901, 2373940.761231122072786 ], [ 621980.722248629201204, 2373932.597278990782797 ], [ 622362.562144194031134, 2374855.725919229444116 ], [ 623443.408906799508259, 2374863.918637846130878 ], [ 624207.472116382559761, 2376710.333943432662636 ], [ 627449.898134122369811, 2376735.517828854266554 ], [ 627067.861511198803782, 2375812.206766019109637 ], [ 625987.027687525609508, 2375803.768905077129602 ], [ 625605.111507148249075, 2374880.52033410128206 ], [ 626685.967397724743932, 2374888.929314075037837 ], [ 626304.215796209638938, 2373965.685439874883741 ], [ 627385.096833985764533, 2373974.137630807701498 ], [ 627766.826383790350519, 2374897.410383518785238 ], [ 628847.688491760287434, 2374905.963543627411127 ], [ 628465.980984955094755, 2373982.661884386092424 ], [ 632789.54924925242085, 2374017.479549308307469 ], [ 632408.072303059976548, 2373094.0957110975869 ], [ 635650.84843771380838, 2373120.87854461511597 ], [ 634888.453830084297806, 2371274.037926287390292 ], [ 635969.429719543782994, 2371283.051515428349376 ], [ 636350.533838699688204, 2372206.483987825457007 ], [ 639593.415752722183242, 2372234.043984897900373 ], [ 638831.481572752934881, 2370387.038307905662805 ], [ 637750.473707241704687, 2370377.837839088402689 ], [ 638131.39149999700021, 2371301.294663962442428 ], [ 637050.408934034989215, 2371292.137094227131456 ], [ 636669.469210996408947, 2370368.709334443788975 ], [ 634507.470220511197113, 2370350.668212541844696 ], [ 634126.629077106132172, 2369427.332184878643602 ], [ 636288.671941156731918, 2369445.315321575850248 ], [ 635147.134875861811452, 2366675.335433188825846 ], [ 636228.227028390625492, 2366684.347981531172991 ], [ 635848.021494228392839, 2365761.059712043963373 ], [ 638010.259599525481462, 2365779.242455553729087 ], [ 637630.240281379316002, 2364855.929948190227151 ], [ 636549.097678408841603, 2364846.831602698657662 ], [ 636169.198941417620517, 2363923.581643339712173 ], [ 637250.363411977421492, 2363932.651080298237503 ], [ 636870.62899381481111, 2363009.405818851199001 ], [ 635789.442662153858691, 2363000.365260102786124 ], [ 635409.828843112336472, 2362077.18242000322789 ], [ 636491.037029389874078, 2362086.194130850490183 ], [ 635732.280471725040115, 2360239.871343330014497 ], [ 636813.535674897138961, 2360248.897107480093837 ], [ 637192.820891368435696, 2361172.070562841370702 ], [ 638274.057623812928796, 2361181.196829908993095 ], [ 637515.673287834273651, 2359334.825767516158521 ], [ 638596.9570340316277, 2359343.966010782402009 ], [ 638218.000343648483977, 2358420.801938458811492 ], [ 640380.621636296855286, 2358439.239622391294688 ], [ 641138.590289056533948, 2360285.716772032435983 ], [ 640057.321512271184474, 2360276.404362119268626 ], [ 640815.903483583591878, 2362122.958130246028304 ], [ 639734.681760672712699, 2362113.659554417710751 ], [ 640114.208213075995445, 2363036.957954393234104 ], [ 643357.818325139000081, 2363065.155806141905487 ], [ 642978.357307138037868, 2362141.770441702567041 ], [ 641897.128656905842945, 2362132.328425568062812 ], [ 641517.78825984033756, 2361209.005769320763648 ], [ 644761.550110552459955, 2361237.459943564608693 ], [ 644382.417483568191528, 2360314.083995231892914 ], [ 645463.700258169788867, 2360323.683071890380234 ], [ 644327.222096235724166, 2357553.670457911677659 ], [ 645408.573664048803039, 2357563.254182592965662 ], [ 644273.442363639362156, 2354793.457651857286692 ], [ 643192.02562678582035, 2354783.960677014663815 ], [ 643570.28203551704064, 2355707.163677429780364 ], [ 642488.890537959290668, 2355697.709345892537385 ], [ 643245.874068386270665, 2357544.15831906022504 ], [ 642164.529553966829553, 2357534.717764699365944 ], [ 641407.502536636777222, 2355688.326542722526938 ], [ 640326.118005006108433, 2355679.015266598202288 ], [ 639947.79639512556605, 2354755.898757010698318 ], [ 637784.994124296237715, 2354737.548300957772881 ], [ 637028.691236641956493, 2352891.530484753195196 ], [ 638110.134167683543637, 2352900.612562891561538 ], [ 637732.21814542892389, 2351977.625014826189727 ], [ 639895.157660643919371, 2351995.946097963489592 ], [ 640651.045232236734591, 2353842.069408070296049 ], [ 641732.476694497978315, 2353851.394580885302275 ], [ 641354.483411587658338, 2352928.287444271147251 ], [ 642435.940065012546256, 2352937.655291386414319 ], [ 642813.911635792348534, 2353860.79122595442459 ], [ 643895.350082674878649, 2353870.25934460060671 ], [ 643517.400215430883691, 2352947.094584020785987 ], [ 644598.863889401080087, 2352956.605323504190892 ], [ 644221.078126821550541, 2352033.445252849254757 ], [ 645302.567030775360763, 2352042.998588556423783 ], [ 644924.945353765273467, 2351119.843207255937159 ], [ 643843.434776435489766, 2351110.318693356122822 ], [ 643465.933840724406764, 2350187.225612209644169 ], [ 642384.40512087510433, 2350177.801253973506391 ], [ 642007.024933346430771, 2349254.770351862069219 ], [ 643088.575322167132981, 2349264.165976625401527 ], [ 642711.359223244013265, 2348341.139753845520318 ], [ 643792.93478173436597, 2348350.577983140014112 ], [ 643415.882752317818813, 2347427.556439118925482 ], [ 644497.483483405318111, 2347437.03724826220423 ], [ 644120.595504400553182, 2346514.020382413640618 ], [ 641957.354294200893492, 2346495.187415795400739 ], [ 642334.285546430153772, 2347418.146911138202995 ], [ 641252.691839148057625, 2347408.808662991970778 ], [ 640498.928469270933419, 2345562.980243267025799 ], [ 639417.294924329500645, 2345553.770473820157349 ], [ 639794.127044075867161, 2346476.639456319622695 ], [ 638712.51858754013665, 2346467.472350985743105 ], [ 639089.514814018271863, 2347390.346000949386507 ], [ 640171.101603874820285, 2347399.541693364735693 ], [ 640548.218601246830076, 2348322.477217605337501 ], [ 637303.533506883773953, 2348295.018199458252639 ], [ 637680.858004164183512, 2349217.90118592698127 ], [ 636599.324795487336814, 2349208.862221226561815 ], [ 636976.813456850126386, 2350131.74987670686096 ], [ 640221.358147948281839, 2350159.166624208912253 ], [ 640598.924135833512992, 2351082.173498715274036 ], [ 635191.475111873936839, 2351036.692585793789476 ], [ 634813.800531591055915, 2350113.828828109428287 ], [ 633732.299049877794459, 2350104.975334928371012 ], [ 634487.834172243252397, 2351950.678978901356459 ], [ 635569.292158771189861, 2351959.589580736123025 ], [ 636325.353642479749396, 2353805.483413215260953 ], [ 635243.939177096937783, 2353796.515582159627229 ], [ 635622.205379246501252, 2354719.483825308736414 ], [ 634540.816012523835525, 2354710.558826948981732 ], [ 634162.528031430905685, 2353787.619215625803918 ], [ 633081.120178932440467, 2353778.794312359765172 ], [ 633459.429947605822235, 2354701.705319885164499 ], [ 632378.047157950815745, 2354692.923302870709449 ], [ 631621.52651326963678, 2352847.191654124297202 ], [ 632702.952888890169561, 2352855.916549757588655 ], [ 631947.045754648628645, 2351010.260628526099026 ], [ 630865.575819017947651, 2351001.592733675148338 ], [ 631243.47992109938059, 2351924.375619198661298 ], [ 630162.034984988393262, 2351915.750643779989332 ], [ 630918.314247230067849, 2353761.358890668023378 ], [ 628755.521169576444663, 2353744.209307258017361 ], [ 628377.266668649041094, 2352821.445558995008469 ], [ 629458.683429704979062, 2352829.956159957218915 ], [ 628702.64556350861676, 2350984.471072984859347 ], [ 627621.185190495336428, 2350976.017304732929915 ], [ 627243.358218232868239, 2350053.352733515202999 ], [ 626161.879174706875347, 2350044.998681575991213 ], [ 625784.172918534372002, 2349122.395417274907231 ], [ 621458.200189784634858, 2349089.80560987489298 ], [ 621835.993726489832625, 2350012.295901786535978 ], [ 620754.529913043719716, 2350004.298558071721345 ], [ 620376.714534473489039, 2349081.836439298465848 ], [ 619295.231836755992845, 2349073.938578969798982 ], [ 619673.069065896910615, 2349996.372552579734474 ], [ 617510.156164216808975, 2349980.734551809728146 ], [ 617132.275207801256329, 2349058.356784615665674 ], [ 618213.752070057671517, 2349066.112027776427567 ], [ 617458.461602381663397, 2347221.398444563616067 ], [ 616376.941023588879034, 2347213.69928965670988 ], [ 616754.53682676400058, 2348136.011708027217537 ], [ 615673.040972137241624, 2348128.355802997015417 ], [ 616428.70405653945636, 2349973.022554328199476 ], [ 615347.254808876430616, 2349965.381890662480146 ], [ 614213.908420672174543, 2347198.514731819275767 ], [ 615295.423305214615539, 2347206.071385766379535 ], [ 614917.948225116240792, 2346283.819564352743328 ], [ 613836.411474582506344, 2346276.290853551588953 ], [ 613459.057124290033244, 2345354.09950875909999 ], [ 615622.177160743856803, 2345369.172298148274422 ], [ 615999.487800753558986, 2346291.419497141614556 ], [ 619244.123744223848917, 2346314.646638196893036 ], [ 618866.878604230820201, 2345392.315448220353574 ], [ 617785.30856909416616, 2345384.529867957811803 ], [ 617031.202359318034723, 2343540.021369320806116 ], [ 618112.816024245577864, 2343547.750989702530205 ], [ 617735.99858921347186, 2342625.517656538635492 ], [ 615572.730519064585678, 2342610.185399067588151 ], [ 614819.436172131216154, 2340765.927867649123073 ], [ 612656.092206756584346, 2340750.991339910309762 ], [ 612279.615303858183324, 2339828.966785707045346 ], [ 607952.87309801147785, 2339800.057139164302498 ], [ 607576.451492906198837, 2338878.175568818114698 ], [ 611903.281007605604827, 2338906.974569488782436 ], [ 611527.08932047302369, 2337985.014659145381302 ], [ 612608.825319598196074, 2337992.364201406016946 ], [ 612232.798036454129033, 2337070.408893351443112 ], [ 607905.783190583926626, 2337041.547061521559954 ], [ 607529.811318974476308, 2336119.734423970337957 ], [ 605366.276299265213311, 2336105.784181060735136 ], [ 604614.673204451333731, 2334262.365118988789618 ], [ 605696.483042866573669, 2334269.249870723113418 ], [ 605320.91728525806684, 2333347.560938001144677 ], [ 604239.085636683739722, 2333340.703598725609481 ], [ 603863.640725301462226, 2332419.074043122585863 ], [ 606027.350217226427048, 2332432.8047553319484 ], [ 605652.091550310608, 2331511.152398938313127 ], [ 607815.855049268342555, 2331525.111465584486723 ], [ 607440.782568330410868, 2330603.436284075025469 ], [ 604195.075921698939055, 2330582.685979230329394 ], [ 604570.21372220502235, 2331504.279024112969637 ], [ 602406.465775329736061, 2331490.744586610235274 ], [ 602781.789833802962676, 2332412.314884471241385 ], [ 601699.941476377076469, 2332405.62652284745127 ], [ 601324.595603191060945, 2331484.083522022236139 ], [ 600242.727929675020278, 2331477.493225620128214 ], [ 600618.095626345369965, 2332399.008957306388766 ], [ 599536.252257033484057, 2332392.462186916265637 ], [ 598785.615886442130432, 2330549.516987876035273 ], [ 597703.731295563396998, 2330543.095408642664552 ], [ 596578.781454176874831, 2327778.997028766199946 ], [ 597660.731509807985276, 2327785.337235792074353 ], [ 597286.055441933916882, 2326864.007337344810367 ], [ 600531.98554948263336, 2326883.37052968563512 ], [ 600157.517534876475111, 2325961.990982599556446 ], [ 601239.520931715029292, 2325968.559491672087461 ], [ 600865.217360229580663, 2325047.184508672915399 ], [ 598701.169509446946904, 2325034.17229788005352 ], [ 598326.965099716442637, 2324112.883139984682202 ], [ 599409.009555936791003, 2324119.326899277977645 ], [ 599034.969596529263072, 2323198.042299796827137 ], [ 597952.903384005301632, 2323191.6255700038746 ], [ 597205.208044486469589, 2321349.20506752608344 ], [ 598287.317750137182884, 2321355.567827268503606 ], [ 597913.705868073040619, 2320434.377891131211072 ], [ 596831.574425597442314, 2320428.042071965523064 ], [ 595711.529801915050484, 2317664.741730165202171 ], [ 597875.925423655891791, 2317677.322431091219187 ], [ 600491.056467316695489, 2324125.841204551048577 ], [ 601573.105860580224544, 2324132.426056723110378 ], [ 601199.109387472970411, 2323211.087314581964165 ], [ 602281.183019363204949, 2323217.715601415373385 ], [ 601907.350946777500212, 2322296.38142108079046 ], [ 602989.44882002286613, 2322303.053117385599762 ], [ 602615.781128678820096, 2321381.72349867131561 ], [ 603697.903246026718989, 2321388.438579245936126 ], [ 603324.39991664479021, 2320467.113521949853748 ], [ 604406.546280855545774, 2320473.871961583849043 ], [ 604033.207294163294137, 2319552.551465490367264 ], [ 605115.377908017020673, 2319559.353238962590694 ], [ 604742.203244739910588, 2318638.037303838413209 ], [ 606906.595593957463279, 2318651.797854149714112 ], [ 607279.72695830068551, 2319573.168026140891016 ], [ 611608.457098401151597, 2319601.642588953021914 ], [ 611235.412227331544273, 2318680.163608280010521 ], [ 613399.836939710308798, 2318694.768828124273568 ], [ 613026.977867910638452, 2317773.267148019280285 ], [ 615191.45694292918779, 2317788.099316289182752 ], [ 614818.783612111001275, 2316866.574911809060723 ], [ 613736.521101062186062, 2316859.150941074825823 ], [ 613363.968810976250097, 2315937.685671921819448 ], [ 614446.252878032624722, 2315945.082375688478351 ], [ 614073.864743144949898, 2315023.621676304377615 ], [ 615156.173182521830313, 2315031.061426234897226 ], [ 615528.539776578778401, 2315952.549390946514904 ], [ 618775.417728988337331, 2315975.372316269669682 ], [ 619147.86232574749738, 2316896.974199646152556 ], [ 618065.588293367996812, 2316889.268864815589041 ], [ 618438.196988702984527, 2317810.875326593406498 ], [ 620602.704953718814068, 2317826.411184575408697 ], [ 620975.413163835881278, 2318748.104538987390697 ], [ 618810.948258837452158, 2318732.513777188491076 ], [ 619183.842101322719827, 2319654.184248313773423 ], [ 618101.635618422995321, 2319646.467026153579354 ], [ 618474.693586797919124, 2320568.142080310732126 ], [ 616310.33249135396909, 2320552.864056453108788 ], [ 616683.576184651814401, 2321474.516251071821898 ], [ 617765.733701741904952, 2321482.147479860577732 ], [ 618139.098393213236704, 2322403.859173969365656 ], [ 619221.237242944422178, 2322411.588383560068905 ], [ 618847.894129123422317, 2321489.849188854452223 ], [ 619930.057493542786688, 2321497.621379139833152 ], [ 619556.878513707546517, 2320575.886771709658206 ], [ 622803.451132248621434, 2320599.543576936703175 ], [ 623176.565476543153636, 2321521.360848776530474 ], [ 624258.740856621065177, 2321529.414975306484848 ], [ 623885.648040217696689, 2320607.570092735346407 ], [ 624967.848010340007022, 2320615.667067443951964 ], [ 624222.133023361442611, 2318772.01868999004364 ], [ 623139.890034226933494, 2318763.976903724018484 ], [ 622767.224849537364207, 2317842.228533665183932 ], [ 624931.756890335585922, 2317858.32738280063495 ], [ 624559.277232328313403, 2316936.55605173157528 ], [ 626723.864575674757361, 2316952.881229854654521 ], [ 626351.570386284030974, 2316031.086912566330284 ], [ 629598.539309656945989, 2316056.019428592175245 ], [ 629970.769168074126355, 2316977.896637126337737 ], [ 628888.464457918191329, 2316969.4878144627437 ], [ 629260.858263621572405, 2317891.369617755990475 ], [ 631425.4280244827969, 2317908.313022247049958 ], [ 631053.077093293191865, 2316986.375814942643046 ], [ 633217.702696042950265, 2317003.545240835286677 ], [ 633590.010787086677738, 2317925.53796412749216 ], [ 635754.606765630189329, 2317943.044453129172325 ], [ 636127.014521627454087, 2318865.12526719039306 ], [ 637209.296137254452333, 2318874.011980594135821 ], [ 637581.824958525714464, 2319796.1532046739012 ], [ 638664.088572529843077, 2319805.138279910665005 ], [ 638291.581145758042112, 2318882.969112514983863 ], [ 639373.869573907228187, 2318891.996664218604565 ], [ 639001.525981902494095, 2317969.83210917096585 ], [ 641166.155937447678298, 2317988.042509608902037 ], [ 640793.997516927309334, 2317065.85459812078625 ], [ 642958.684124194202013, 2317084.290560750756413 ], [ 643330.799858664395288, 2318006.53449249221012 ], [ 642248.476138958940282, 2317997.253302595112473 ], [ 642620.755643941112794, 2318919.501850832719356 ], [ 641538.45679622690659, 2318910.263032088056207 ], [ 641910.900090823415667, 2319832.516197570133954 ], [ 642993.177578233415261, 2319841.783071736805141 ], [ 643738.448724977206439, 2321686.443659780547023 ], [ 644820.687024600920267, 2321695.837242892477661 ], [ 644075.458600906771608, 2319851.120398883707821 ], [ 645157.743185615167022, 2319860.528180328663439 ], [ 644413.127123344223946, 2318015.886080609634519 ], [ 645495.457959773717448, 2318025.308068269863725 ], [ 644379.665958612924442, 2315258.505936494562775 ], [ 645462.06431360472925, 2315267.914089153055102 ], [ 644718.957654012832791, 2313423.486546548549086 ], [ 643636.516718199825846, 2313414.134403049945831 ], [ 642522.86104684160091, 2310647.821295421570539 ], [ 643605.365805079462007, 2310657.089647029526532 ], [ 642493.055783099378459, 2307890.985279253683984 ], [ 644658.203449055785313, 2307909.565213144756854 ], [ 644287.760761164594442, 2306987.53963230131194 ], [ 645370.361174776917323, 2306996.906876146793365 ], [ 644259.951261467533186, 2304230.941193588543683 ], [ 643177.287238713353872, 2304221.657374087721109 ], [ 643917.460495192324743, 2306065.546486692037433 ], [ 642834.842440335312858, 2306056.277120790444314 ], [ 642464.663387157372199, 2305134.344158716499805 ], [ 640299.395426336792298, 2305116.071018840186298 ], [ 640669.61692816100549, 2306037.948504830244929 ], [ 638504.405367031227797, 2306019.900034700985998 ], [ 638874.811808485188521, 2306941.754412782844156 ], [ 639957.3946064542979, 2306950.771327724214643 ], [ 640327.922243723180145, 2307872.685720560606569 ], [ 641410.487261008704081, 2307881.800453657284379 ], [ 641781.136087175342254, 2308803.77497998951003 ], [ 639616.052052357816137, 2308785.560064103454351 ], [ 639245.360704403487034, 2307863.641078673768789 ], [ 638162.802616211469285, 2307854.666526717599481 ], [ 637792.232453110860661, 2306932.807559757959098 ], [ 632379.386375583242625, 2306889.124179443344474 ], [ 632750.063002786948346, 2307810.845071839634329 ], [ 630584.990375962341204, 2307793.807075758464634 ], [ 630214.271103189443238, 2306872.14121721778065 ], [ 631296.827112043276429, 2306880.597671696450561 ], [ 630926.271666359505616, 2305958.936391715891659 ], [ 626595.981556901941076, 2305925.640607501380146 ], [ 626225.483305954025127, 2305004.120985602028668 ], [ 628390.66464687010739, 2305020.574083742685616 ], [ 628020.351584841264412, 2304099.031673130579293 ], [ 631268.211464764666744, 2304124.154041565023363 ], [ 630898.104826185852289, 2303202.561403390020132 ], [ 631980.752545907394961, 2303211.048024513293058 ], [ 631610.80968795157969, 2302289.459959262050688 ], [ 632693.481950628920458, 2302297.989084417931736 ], [ 633063.403539756429382, 2303219.604589362163097 ], [ 635228.715457298560068, 2303236.927555088419467 ], [ 634858.836380167980678, 2302315.257086784113199 ], [ 635941.518600771552883, 2302323.995966436807066 ], [ 636681.37673936446663, 2304167.424082109704614 ], [ 637764.019857233390212, 2304176.288015161640942 ], [ 637024.204194425838068, 2302332.804766714107245 ], [ 639189.585608381195925, 2302350.632134134881198 ], [ 639559.379764020675793, 2303272.412865163292736 ], [ 638476.708561218110844, 2303263.436612199060619 ], [ 638846.666392097482458, 2304185.221926097292453 ], [ 641011.969820249942131, 2304203.299686681013554 ], [ 640642.054429016425274, 2303281.459070533514023 ], [ 641724.732583071454428, 2303290.575229587499052 ], [ 641354.980837017530575, 2302368.739199134986848 ], [ 640272.28148242784664, 2302359.650703800842166 ], [ 639902.650982905179262, 2301437.874554838985205 ], [ 642068.095579033019021, 2301456.066175830550492 ], [ 642437.683699023793451, 2302377.897621421143413 ], [ 644603.100052778143436, 2302396.424252046272159 ], [ 644233.55427829537075, 2301474.537397736217827 ], [ 645316.288983801030554, 2301483.877862292341888 ], [ 644577.667008066666313, 2299640.145628727041185 ], [ 643494.890002083964646, 2299630.860568763688207 ], [ 643864.150927256443538, 2300552.682847192045301 ], [ 641698.649895512149669, 2300534.266975192818791 ], [ 640960.185847558313981, 2298690.765182310249656 ], [ 639877.39828258077614, 2298681.71723295468837 ], [ 639508.358763523283415, 2297760.042122334241867 ], [ 638425.553503934293985, 2297751.091504651587456 ], [ 639533.162932874285616, 2300516.130592024885118 ], [ 638450.424660257762298, 2300507.167205539532006 ], [ 638819.933906318387017, 2301428.883591462858021 ], [ 636654.510061705950648, 2301411.111352592241019 ], [ 636284.958398009184748, 2300489.450036425609142 ], [ 635202.230354610946961, 2300480.696251290850341 ], [ 634463.512020274065435, 2298637.52468426246196 ], [ 633380.744892062502913, 2298628.895605387631804 ], [ 633011.578237256733701, 2297707.385175437200814 ], [ 631928.793201870052144, 2297698.853252775967121 ], [ 632297.981075848685578, 2298620.33633393002674 ], [ 630132.46327183325775, 2298603.427208428736776 ], [ 629763.232933850376867, 2297681.998740918468684 ], [ 630846.011443035327829, 2297690.391108335461468 ], [ 630476.944846086786129, 2296768.967202553525567 ], [ 631559.747826135251671, 2296777.40205551404506 ], [ 630822.084579070331529, 2294934.595187061000615 ], [ 631904.933232902432792, 2294943.045239275787026 ], [ 631536.336559535237029, 2294021.662273797672242 ], [ 629370.600107962382026, 2294004.886298763565719 ], [ 628633.749517328222282, 2292162.32439416507259 ], [ 627550.843727197381668, 2292154.095168307423592 ], [ 627182.611018867348321, 2291232.888819332700223 ], [ 628265.537999696680345, 2291241.090957370586693 ], [ 627897.469003742211498, 2290319.889155911747366 ], [ 625731.575827954220586, 2290303.60854910267517 ], [ 625363.606992186396383, 2289382.49238255340606 ], [ 627529.542531880899332, 2289398.718958577606827 ], [ 627161.758586519863456, 2288477.580334173515439 ], [ 626078.768072677426971, 2288469.459284268785268 ], [ 624976.20794536464382, 2285706.313362561166286 ], [ 623893.157068555010483, 2285698.34255039691925 ], [ 623525.90095456992276, 2284777.383645373862237 ], [ 621359.766094282735139, 2284761.703880711924285 ], [ 622094.505550549132749, 2286603.545768084935844 ], [ 619928.467525727464817, 2286588.036438180599362 ], [ 619560.98413608991541, 2285667.153402347117662 ], [ 620644.022836931748316, 2285674.846576486248523 ], [ 619909.526155228610151, 2283833.120836118701845 ], [ 620992.610211873776279, 2283840.829903792589903 ], [ 620625.596896495786496, 2282919.98719673184678 ], [ 619542.491673491313122, 2282912.304842541925609 ], [ 619175.599767707870342, 2281991.520058770198375 ], [ 620258.726150556234643, 2281999.175728572066873 ], [ 619891.997976461891085, 2281078.395468382630497 ], [ 624224.618267104844563, 2281109.604229971300811 ], [ 624958.048105991096236, 2282951.409875839017332 ], [ 627124.292279044399038, 2282967.537188411690295 ], [ 626757.548312132945284, 2282046.565027170348912 ], [ 625674.403547324822284, 2282038.493557574693114 ], [ 624941.301016823388636, 2280196.696968444623053 ], [ 626024.487978946068324, 2280204.714821204077452 ], [ 626390.946877965820022, 2281125.624248432461172 ], [ 627474.115894276299514, 2281133.738171024248004 ], [ 626741.382800968363881, 2279291.897022515069693 ], [ 624574.96356647554785, 2279275.845626573543996 ], [ 624208.768662599497475, 2278355.025545253884047 ], [ 629624.945838957210071, 2278395.539238604716957 ], [ 628893.194235176662914, 2276553.725252884905785 ], [ 629976.481318169622682, 2276561.981913077645004 ], [ 629610.840316803078167, 2275641.095116701442748 ], [ 631777.466250398429111, 2275657.762203344143927 ], [ 631046.695791106321849, 2273815.975365391932428 ], [ 627796.635743567720056, 2273791.239044500049204 ], [ 627431.401299703051336, 2272870.472790244501084 ], [ 629598.146756193251349, 2272886.841181060764939 ], [ 629233.096822514664382, 2271966.052743350621313 ], [ 630316.495366621762514, 2271974.313756663817912 ], [ 630681.524323316523805, 2272895.128922810312361 ], [ 631764.90515242354013, 2272903.485697017982602 ], [ 632130.055645219399594, 2273824.358924966305494 ], [ 634296.785273117711768, 2273841.33323014434427 ], [ 633566.710628004744649, 2271999.510828304104507 ], [ 634650.122348342323676, 2272008.047866719774902 ], [ 635015.067482164595276, 2272928.970226280391216 ], [ 636098.461629721219651, 2272937.603142261505127 ], [ 635733.537430377560668, 2272016.653914412017912 ], [ 636816.955901170149446, 2272025.328972600866109 ], [ 636452.195102175348438, 2271104.384267822373658 ], [ 635368.755711910314858, 2271095.736076942179352 ], [ 635004.116476704133675, 2270174.849598966073245 ], [ 631753.755689513403922, 2270149.399263799190521 ], [ 632118.457714496064, 2271070.205394546501338 ], [ 628868.189408847829327, 2271045.295522286556661 ], [ 628503.424517580075189, 2270124.569487066939473 ], [ 623086.269724474754184, 2270084.565458897035569 ], [ 623451.139563303557225, 2271005.158560634590685 ], [ 622367.738950229948387, 2270997.338081835303456 ], [ 623097.948340353206731, 2272838.564347069244832 ], [ 622014.592849735170603, 2272830.759800177067518 ], [ 622379.93242435855791, 2273751.392966247163713 ], [ 621296.601031128782779, 2273743.630908872000873 ], [ 621662.104224943206646, 2274664.268587678670883 ], [ 622745.414559856522828, 2274672.057207835372537 ], [ 623111.039253827882931, 2275592.752555714920163 ], [ 622027.749983753426932, 2275584.937343797646463 ], [ 622393.53830515826121, 2276505.637208018451929 ], [ 624560.077782404259779, 2276521.390008444432169 ], [ 623463.266871736035682, 2273759.224074891302735 ], [ 626713.28880917315837, 2273783.131719584111124 ], [ 627078.686796900699846, 2274703.902491704560816 ], [ 624912.044444825965911, 2274687.84168687928468 ], [ 626009.219841401092708, 2277450.181148653849959 ], [ 622759.469186761183664, 2277426.368211154825985 ], [ 623125.542626158567145, 2278347.130384041927755 ], [ 622042.319659625180066, 2278339.304412683006376 ], [ 622408.556753893848509, 2279260.071106312330812 ], [ 621325.357938296278007, 2279252.287671761587262 ], [ 621691.758706634282134, 2280173.058886864688247 ], [ 620608.584038619184867, 2280165.31801484990865 ], [ 620242.162147148279473, 2279244.573452791664749 ], [ 618075.77953016362153, 2279229.352657230570912 ], [ 618808.850440287031233, 2281070.766453885473311 ], [ 616642.564222736400552, 2281055.716228371020406 ], [ 618110.586400845553726, 2284738.704588556196541 ], [ 617027.532420998555608, 2284731.176914773881435 ], [ 616660.291795541299507, 2283810.409740639384836 ], [ 615577.219522462692112, 2283802.978074420243502 ], [ 616311.885785090154968, 2285644.490316167939454 ], [ 615228.858828701660968, 2285637.07476262236014 ], [ 614861.433176407241262, 2284716.329696204978973 ], [ 613778.387857711641118, 2284709.01014931499958 ], [ 613043.921924220398068, 2282867.66648492962122 ], [ 611960.836978935752995, 2282860.469376747496426 ], [ 612328.019865950103849, 2283781.099157846067101 ], [ 611244.958944757003337, 2283773.944876241497695 ], [ 610510.693328381865285, 2281932.769271391443908 ], [ 609427.592696537962183, 2281925.737228746525943 ], [ 609794.675428014597856, 2282846.283109481446445 ], [ 607628.524816724122502, 2282832.374100997578353 ], [ 608363.203221302712336, 2284673.452997649088502 ], [ 609446.234644220676273, 2284680.425686983857304 ], [ 609813.766537762014195, 2285601.038011722266674 ], [ 607647.74894712108653, 2285587.109100210014731 ], [ 608015.466044517350383, 2286507.699476783163846 ], [ 609098.452197079197504, 2286514.655700181610882 ], [ 609466.290643126238137, 2287435.303555765654892 ], [ 610549.258224039105698, 2287442.355726341716945 ], [ 610917.218011940829456, 2288363.061178003903478 ], [ 612000.16705893620383, 2288370.209381707478315 ], [ 612368.24818189360667, 2289290.972546593286097 ], [ 611285.320426463149488, 2289283.797733799088746 ], [ 611653.565465184510686, 2290204.565424677915871 ], [ 612736.47192253661342, 2290211.766875740140676 ], [ 613473.347247215686366, 2292053.449150818865746 ], [ 614556.213910150458105, 2292060.773559771478176 ], [ 614924.844180369167589, 2292981.688321567606181 ], [ 616007.692391164135188, 2292989.109107047319412 ], [ 615270.617048825602978, 2291147.257335775066167 ], [ 617436.407285233377479, 2291162.200543128419667 ], [ 617068.126061368733644, 2290241.26806971617043 ], [ 618151.046808134648018, 2290248.817220862023532 ], [ 618887.709313226630911, 2292090.767154142726213 ], [ 619970.590486475266516, 2292098.439547682181001 ], [ 620707.780764788854867, 2293940.568910886533558 ], [ 619624.942129810224287, 2293932.842701216693968 ], [ 619993.772398862522095, 2294853.927657789550722 ], [ 617828.146605027606711, 2294838.630382059607655 ], [ 618935.620655181119218, 2297601.912546700332314 ], [ 620018.368147253757343, 2297609.607207559980452 ], [ 619649.088866594363935, 2296688.454678367357701 ], [ 623980.194087115349248, 2296719.822773649822921 ], [ 624718.724839187576436, 2298562.375940904486924 ], [ 626884.210733444080688, 2298578.587045846506953 ], [ 626145.765067788539454, 2296735.925269373226911 ], [ 627228.555244888877496, 2296744.081133217550814 ], [ 627597.685556842479855, 2297665.423332415055484 ], [ 628680.457647419068962, 2297673.676149337552488 ], [ 629049.709230245673098, 2298595.077351993881166 ], [ 627966.958393081673421, 2298586.797298189718276 ], [ 628705.931628721416928, 2300429.64065500209108 ], [ 625457.825756823294796, 2300405.055947960354388 ], [ 625827.590021667303517, 2301326.443594829179347 ], [ 627992.948188657057472, 2301342.818053703289479 ], [ 628732.819101666449569, 2303185.797987530939281 ], [ 627650.181043135933578, 2303177.521190423984081 ], [ 627280.153024185448885, 2302256.04260411998257 ], [ 626197.496820626780391, 2302247.863045796751976 ], [ 626937.738011182751507, 2304090.797485802788287 ], [ 624772.520282182726078, 2304074.539007371757179 ], [ 624402.285760093014687, 2303153.110428376123309 ], [ 623319.660207048407756, 2303145.113380282185972 ], [ 623689.916073126951233, 2304066.51471396908164 ], [ 622607.31493188906461, 2304058.560382925905287 ], [ 622977.734703419730067, 2304979.966280087362975 ], [ 621895.157970853848383, 2304972.054691471159458 ], [ 621154.418251728871837, 2303129.329086177051067 ], [ 620071.801795727573335, 2303121.541837933007628 ], [ 620442.121745433076285, 2304042.861603426281363 ], [ 618276.940507960738614, 2304027.442659993190318 ], [ 617536.357658819993958, 2302184.943238938227296 ], [ 615371.102568362723105, 2302169.912318674847484 ], [ 614631.004519147332758, 2300327.647260366007686 ], [ 616796.34514466219116, 2300342.570219795685261 ], [ 616056.902984927291982, 2298500.323352082632482 ], [ 617139.620348324184306, 2298507.835652077570558 ], [ 616031.590590317500755, 2295744.620637143030763 ], [ 617114.374861014075577, 2295752.121943267062306 ], [ 616376.443956023431383, 2293910.081997423432767 ], [ 614210.793013609829359, 2293895.256455195136368 ], [ 615318.031199035351165, 2296658.202385725919157 ], [ 614235.274010533234105, 2296650.813648647163063 ], [ 615343.859650779282674, 2299413.961591068189591 ], [ 614261.169395755627193, 2299406.561965586151928 ], [ 613521.926963543868624, 2297564.485688555985689 ], [ 611356.469410243327729, 2297550.003267114982009 ], [ 611726.062079672934487, 2298470.972033895086497 ], [ 610643.358855997445062, 2298463.80866960529238 ], [ 611383.014852953958325, 2300305.786640977486968 ], [ 610300.357195931719616, 2300298.639448983594775 ], [ 609560.65837959991768, 2298456.715089377015829 ], [ 607395.265561075881124, 2298442.737277100328356 ], [ 606656.051636052434333, 2296601.044936954975128 ], [ 605573.316394758876413, 2296594.214030051138252 ], [ 605942.873452737461776, 2297515.01794634340331 ], [ 604860.162261925055645, 2297508.230142735410482 ], [ 604490.583775819162838, 2296587.452847466804087 ], [ 601242.401384124415927, 2296567.587636113166809 ], [ 601612.044206779683009, 2297488.285235633142292 ], [ 600529.343271185876802, 2297481.776431370526552 ], [ 600899.150243759155273, 2298402.478555419016629 ], [ 597651.126769433962181, 2298383.291174989659339 ], [ 598021.140906676067971, 2299303.944827137514949 ], [ 600186.444424662622623, 2299316.719636675901711 ], [ 600556.558255075011402, 2300237.45735236024484 ], [ 599473.926765837357379, 2300231.008505254983902 ], [ 599844.204788825241849, 2301151.750747845508158 ], [ 602009.427259096410125, 2301164.771442031022161 ], [ 602750.325326328747906, 2303006.455772634595633 ], [ 603832.897347754565999, 2303013.124249221291393 ], [ 603092.042277932399884, 2301171.386577197816223 ], [ 604174.659855062374845, 2301178.071572325192392 ], [ 603434.418422222603112, 2299336.405370893888175 ], [ 604517.081521088955924, 2299343.106891312636435 ], [ 604147.196265653241426, 2298422.293914380948991 ], [ 605229.883408996043727, 2298429.038589156232774 ], [ 605599.747214601375163, 2299349.878217808902264 ], [ 606682.415529638063163, 2299356.719351340085268 ], [ 607422.528204922797158, 2301198.545726973563433 ], [ 605257.280017355573364, 2301184.826428358443081 ], [ 605627.593253319850191, 2302105.733050731942058 ], [ 604544.994569070753641, 2302098.951482887379825 ], [ 605286.091980084893294, 2303940.805079472251236 ], [ 604203.538882705732249, 2303934.03994450904429 ], [ 605687.531632540514693, 2307618.015848900657147 ], [ 606769.998665873426944, 2307624.888248385395855 ], [ 607141.331961379037239, 2308545.987551251892 ], [ 604976.443587193032727, 2308532.259056010749191 ], [ 605719.62429547868669, 2310374.444414052646607 ], [ 604637.227142347954214, 2310367.631533976644278 ], [ 603522.605396758881398, 2307604.481214589904994 ], [ 604605.067218446056359, 2307611.21350462269038 ], [ 603862.742463956470601, 2305769.216500595211983 ], [ 602780.237562404712662, 2305762.537790061440319 ], [ 603151.350145016913302, 2306683.493844336364418 ], [ 600986.391059017390944, 2306670.292948460672051 ], [ 602472.440584449563175, 2310354.216183794662356 ], [ 601390.051126056467183, 2310347.613711792510003 ], [ 601761.941789774456993, 2311268.64605937153101 ], [ 600679.576446748804301, 2311262.08691079961136 ], [ 601051.631397464079782, 2312183.123802268411964 ], [ 603216.321391095290892, 2312196.365969730075449 ], [ 604333.212600948987529, 2314959.826564217917621 ], [ 603250.931184303946793, 2314953.089604212902486 ], [ 603996.281891085789539, 2316795.500308869406581 ], [ 602914.04630903666839, 2316788.779676353558898 ], [ 602541.277980486513115, 2315867.585541308857501 ], [ 601459.023292263038456, 2315860.962197165936232 ], [ 602577.821255022194237, 2318624.558294276706874 ], [ 599331.267226158874109, 2318604.867652227170765 ], [ 598958.12685194297228, 2317683.718308679759502 ], [ 600040.330727533670142, 2317690.184538887348026 ], [ 599667.354729616898112, 2316769.039745677728206 ], [ 600749.582755074836314, 2316775.549395692069083 ], [ 600004.102156909182668, 2314933.300362003501505 ], [ 598921.83079934224952, 2314926.844490761868656 ], [ 599294.52141940058209, 2315847.926406776998192 ], [ 594965.54693818220403, 2315822.698392014484853 ], [ 594592.76957929879427, 2314901.723695683293045 ], [ 592428.253120428882539, 2314889.584899689536542 ], [ 592801.073901365045458, 2315810.506153385620564 ], [ 591718.840840180870146, 2315804.515473218634725 ], [ 592091.826080950791948, 2316725.441263476852328 ], [ 591009.617028373177163, 2316719.49419373460114 ], [ 590636.610048110014759, 2315798.595084685832262 ], [ 589554.38149837043602, 2315792.744986950419843 ], [ 588808.752289558993652, 2313951.093515374232084 ], [ 592055.575071075931191, 2313968.694860314019024 ], [ 591683.039755765697919, 2313047.836003972217441 ], [ 593847.643019764684141, 2313059.868091817479581 ], [ 593103.087354219867848, 2311218.137331055477262 ], [ 594185.435807734145783, 2311224.205370807554573 ], [ 593813.393731712712906, 2310303.36011283332482 ], [ 591648.65579071897082, 2310291.347391598392278 ], [ 592392.969356711953878, 2312132.962619594298303 ], [ 591310.647176943020895, 2312127.008299407083541 ], [ 590194.325883945799433, 2309364.711784153711051 ], [ 594523.888472624355927, 2309388.630939386319369 ], [ 594152.153491356177256, 2308467.821358675602823 ], [ 596316.991989172296599, 2308480.148285511881113 ], [ 595945.442978565581143, 2307559.316624512895942 ], [ 594863.000930233392864, 2307553.144735008012503 ], [ 594491.573018744704314, 2306632.370796701870859 ], [ 592326.652695613913238, 2306620.290234245825559 ], [ 592698.123859544517472, 2307541.011093244887888 ], [ 591615.688783528166823, 2307535.049339271616191 ], [ 590872.84591755294241, 2305693.691609491594136 ], [ 588707.895952841150574, 2305682.083996751345694 ], [ 588336.645354164531454, 2304761.504384123254567 ], [ 589419.140867435489781, 2304767.246813617646694 ], [ 589048.054664731724188, 2303846.671718553639948 ], [ 590130.574023922905326, 2303852.457725294400007 ], [ 589759.652197845862247, 2302931.887147660367191 ], [ 590842.195405743317679, 2302937.716706138569862 ], [ 590471.437936958158389, 2302017.150645785965025 ], [ 589388.873122189077549, 2302011.347438318189234 ], [ 589018.236799392732792, 2301090.838566286489367 ], [ 590100.823214530479163, 2301096.615452075842768 ], [ 589360.02201851492282, 2299255.637540721334517 ], [ 587194.765017218654975, 2299244.258672887925059 ], [ 586454.448507939116098, 2297403.508677660021931 ], [ 587537.119085638783872, 2297409.11083252215758 ], [ 587907.184372583054937, 2298329.496664620004594 ], [ 588989.835549806361087, 2298335.19476121198386 ], [ 588619.791837216704153, 2297414.782724615652114 ], [ 589702.466789560392499, 2297420.524354740977287 ], [ 588962.850754129118286, 2295579.740009935572743 ], [ 590045.571028233855031, 2295585.49894633423537 ], [ 589675.998681979253888, 2294665.126636344473809 ], [ 590758.742721636779606, 2294670.929056466091424 ], [ 590389.334650256088935, 2293750.561253463849425 ], [ 589306.569088576827198, 2293744.78500438388437 ], [ 588937.282250461750664, 2292824.474019655957818 ], [ 587854.497383999987505, 2292818.793512884993106 ], [ 588593.256870581535622, 2294659.39387237187475 ], [ 587510.517260533873923, 2294653.7307637357153 ], [ 587141.044596789870411, 2293733.441390351392329 ], [ 584975.528767681564204, 2293722.376283159013838 ], [ 586084.504409428685904, 2296483.179675754159689 ], [ 585001.814393302774988, 2296477.673376911785454 ], [ 584262.311369427945465, 2294637.159361889120191 ], [ 583179.580295715713874, 2294631.774866688530892 ], [ 584289.113766608759761, 2297392.513576467055827 ], [ 585371.780077224830166, 2297397.976259235758334 ], [ 585741.888539220206439, 2298318.309765828307718 ], [ 584659.243829313083552, 2298312.820962046273053 ], [ 585399.932298687752336, 2300153.527641520369798 ], [ 587565.137423110660166, 2300164.679727915674448 ], [ 588677.111216501798481, 2302926.127493431326002 ], [ 587594.57243485446088, 2302920.437742636073381 ], [ 586853.070569233386777, 2301079.494339609518647 ], [ 585770.490700477501377, 2301073.92699711676687 ], [ 587625.424282720079646, 2305676.385169999673963 ], [ 585460.487432753900066, 2305665.197471704799682 ], [ 586203.546923583257012, 2307506.291205072775483 ], [ 585121.125067822518758, 2307500.749699676409364 ], [ 586609.044111673138104, 2311183.202315989881754 ], [ 587691.379133920418099, 2311188.849438895471394 ], [ 588436.151814216980711, 2313030.314436979591846 ], [ 585189.28357493551448, 2313013.424727971665561 ], [ 585934.757777193095535, 2314854.854836054611951 ], [ 582688.039173585595563, 2314838.438321326859295 ], [ 583061.055789421778172, 2315759.120461697690189 ], [ 581978.842186258989386, 2315753.762376960366964 ], [ 582352.023399721365422, 2316674.449038696940988 ], [ 580187.645897602429613, 2316663.890888340305537 ], [ 579814.421037510270253, 2315743.257060131989419 ], [ 580896.630611213040538, 2315748.474576687440276 ], [ 580523.570379427983426, 2314827.845266446936876 ], [ 577276.882064929232001, 2314812.482601569965482 ], [ 576903.899165336973965, 2313891.963129068724811 ], [ 575821.651745837414637, 2313887.009009601548314 ], [ 575448.789836371317506, 2312966.546538102440536 ], [ 573284.256903755129315, 2312956.901352610904723 ], [ 572166.397177713923156, 2310195.854853199329227 ], [ 571084.067900387919508, 2310191.215820773039013 ], [ 572201.99317189771682, 2312952.184054299723357 ], [ 568955.212592626339756, 2312938.453329133801162 ], [ 568209.655003636959009, 2311097.933557284995914 ], [ 567127.35448534716852, 2311093.549021121114492 ], [ 566754.768128746422008, 2310173.360805094707757 ], [ 565672.447386210085824, 2310169.072326527442783 ], [ 566790.700785444001667, 2312929.650480722542852 ], [ 565708.447375178453512, 2312925.354345146566629 ], [ 566081.506198178278282, 2313845.581988835241646 ], [ 567163.737693543662317, 2313849.904105276800692 ], [ 567910.24015749793034, 2315690.502899690531194 ], [ 568992.429483626270667, 2315694.947341811377555 ], [ 568619.128730147262104, 2314774.606609142851084 ], [ 571865.772759964689612, 2314788.283225560095161 ], [ 571492.680564906331711, 2313867.894777136389166 ], [ 572574.9206391510088, 2313872.567999801598489 ], [ 572947.990957348723896, 2314792.982597453985363 ], [ 575112.432793969404884, 2314802.5920948414132 ], [ 575858.91448025952559, 2316643.618311398662627 ], [ 573694.560136712039821, 2316633.903873360715806 ], [ 574441.700690269703045, 2318474.948130575474352 ], [ 573359.570065248874016, 2318470.143866714090109 ], [ 573733.376510507776402, 2319390.685894270893186 ], [ 572651.269617523765191, 2319385.92572285188362 ], [ 573399.354889392387122, 2321227.049609855748713 ], [ 572317.293666062294506, 2321222.307255863212049 ], [ 573065.994214353966527, 2323063.501821124460548 ], [ 571983.978695504134521, 2323058.777276717592031 ], [ 572358.565207957173698, 2323979.394494504667819 ], [ 570194.583441491704434, 2323970.104260951746255 ], [ 570944.272979423170909, 2325811.325900390744209 ], [ 569862.328719775308855, 2325806.733926408458501 ], [ 570237.409791311947629, 2326727.364683002233505 ], [ 569155.48927995422855, 2326722.816949728410691 ], [ 569906.124072557548061, 2328564.118370624724776 ], [ 568824.249352615559474, 2328559.588532638270408 ], [ 569199.803097107680514, 2329480.259198279120028 ], [ 571363.510166751104407, 2329489.442365345545113 ], [ 571739.162670579156838, 2330410.196834703907371 ], [ 570657.3303184293909, 2330405.543448130600154 ], [ 571033.147730139782652, 2331326.302436450496316 ], [ 573196.770100678317249, 2331335.732931355014443 ], [ 573572.686252212501131, 2332256.575990322045982 ], [ 571409.107997732469812, 2332247.092432979959995 ], [ 572161.457090624142438, 2334088.765576314646751 ], [ 571079.714779767906293, 2334084.076890246011317 ], [ 570703.446723479544744, 2333163.25133208790794 ], [ 569621.684071011259221, 2333158.659995906520635 ], [ 570374.407231620163657, 2335000.289112702012062 ], [ 572537.845910957432352, 2335009.648786011151969 ], [ 573291.052086987299845, 2336851.508638876490295 ], [ 574372.729910970665514, 2336856.348063451703638 ], [ 573996.077496116864495, 2335935.375888071022928 ], [ 575077.779237875249237, 2335940.25953203253448 ], [ 574701.291739494190551, 2335019.291887755971402 ], [ 575783.017401352641173, 2335024.219725986011326 ], [ 576536.09108099876903, 2336866.239653466269374 ], [ 579781.147040852927603, 2336881.608901186380535 ], [ 580534.659592964686453, 2338723.914907793980092 ], [ 583779.600984484655783, 2338740.083842161577195 ], [ 584156.505301538156345, 2339661.364839907735586 ], [ 585238.134487755363807, 2339666.923439571633935 ], [ 585992.327357140020467, 2341509.634250536561012 ], [ 584910.74225879914593, 2341504.021548978053033 ], [ 585288.074894039542414, 2342425.397323863580823 ], [ 587451.203108253772371, 2342436.748005631379783 ], [ 587828.634399854345247, 2343358.209715783130378 ], [ 584584.01141959708184, 2343341.208945763297379 ], [ 583451.947328760870732, 2340577.162793160416186 ], [ 582370.344317572424188, 2340571.719217855483294 ], [ 581993.253117269836366, 2339650.460647986270487 ], [ 579830.009006373235025, 2339639.840460832230747 ], [ 579076.166724454262294, 2337797.52536704018712 ], [ 576912.842154377838597, 2337787.296531157102436 ], [ 577289.736046812846325, 2338708.384726943448186 ], [ 575126.463241696590558, 2338698.386126341763884 ], [ 575503.544152594986372, 2339619.452077028807253 ], [ 571177.109036054229364, 2339600.199642500840127 ], [ 571554.421310815960169, 2340521.189939455129206 ], [ 568309.679959872271866, 2340507.416114393621683 ], [ 569064.866109635215253, 2342349.330293238628656 ], [ 570146.400474942405708, 2342353.903874575160444 ], [ 570524.185654532979243, 2343274.934467701241374 ], [ 571605.699560593580827, 2343279.605861409567297 ], [ 570850.316423234296963, 2341437.522469969000667 ], [ 574095.001798150129616, 2341451.80262051615864 ], [ 573717.590972159639932, 2340530.727597918361425 ], [ 574799.178510908270255, 2340535.602961678057909 ], [ 575931.773063380969688, 2343299.002489324659109 ], [ 574850.251952696125954, 2343294.046673026867211 ], [ 575606.073427393333986, 2345136.416279931552708 ], [ 573443.125391724519432, 2345126.610564366914332 ], [ 573065.098889569053426, 2344205.463781828060746 ], [ 569820.623719012597576, 2344191.369301741942763 ], [ 570198.716814823448658, 2345112.435696209780872 ], [ 572361.654095802572556, 2345121.81444829935208 ], [ 573118.18000890861731, 2346964.148484230972826 ], [ 569873.909988991101272, 2346950.02621599053964 ], [ 570252.453884796472266, 2347871.159782490227371 ], [ 571333.853236799594015, 2347875.822820776607841 ], [ 572091.325105275493115, 2349718.237838882952929 ], [ 573172.681738202809356, 2349723.025925572495908 ], [ 573551.609695423161611, 2350644.307558556552976 ], [ 572470.275308166630566, 2350639.492523819673806 ], [ 572849.368353493977338, 2351560.778701789677143 ], [ 569605.442574112326838, 2351546.68078187527135 ], [ 570364.190860711736605, 2353389.185939339920878 ], [ 571445.453131912276149, 2353393.867772979196161 ], [ 571066.029852166073397, 2352472.572506186552346 ], [ 572147.316159906215034, 2352477.29876509308815 ], [ 572526.71715664723888, 2353398.621014419477433 ], [ 573607.982961456640624, 2353403.445664330851287 ], [ 573987.504519088426605, 2354324.826512712519616 ], [ 570743.779286768403836, 2354310.485749936662614 ], [ 571123.510564662748948, 2355231.817090971395373 ], [ 573285.947671828558668, 2355241.360220962204039 ], [ 573665.777185262530111, 2356162.777242065872997 ], [ 575828.176906515378505, 2356172.660457379650325 ], [ 575068.749858963419683, 2354329.749639989342541 ], [ 577231.246091576293111, 2354339.810208214912564 ], [ 576851.791321737924591, 2353418.348071734420955 ], [ 577933.064512251643464, 2353423.458362424280494 ], [ 577553.774796170531772, 2352502.000783245079219 ], [ 579716.371391740394756, 2352512.381274565588683 ], [ 579337.268923943280242, 2351590.901105805300176 ], [ 578255.94744706642814, 2351585.702314915601164 ], [ 577876.965572955552489, 2350664.280968454200774 ], [ 580039.65488064091187, 2350674.695645853877068 ], [ 579660.860209593432955, 2349753.251740454230458 ], [ 578579.492394182132557, 2349748.035851742140949 ], [ 578200.818337214295752, 2348826.650702559854835 ], [ 579282.208338180091232, 2348831.839506328105927 ], [ 578903.699268897995353, 2347910.458911564201117 ], [ 579985.11338782729581, 2347915.691907583735883 ], [ 579606.769286857102998, 2346994.31586751434952 ], [ 581769.647748293005861, 2347004.941415037028491 ], [ 581391.490735650761053, 2346083.542851459700614 ], [ 582472.955098115373403, 2346088.935350939165801 ], [ 582851.089980274904519, 2347010.361020816490054 ], [ 583932.534248542506248, 2347015.851848955731839 ], [ 583554.421487966668792, 2346094.399044939316809 ], [ 585717.360456179245375, 2346105.540019591338933 ], [ 586095.429000262869522, 2347027.047175420913845 ], [ 585013.980579676805064, 2347021.413900229614228 ], [ 585392.213995831552893, 2347942.925621721893549 ], [ 586473.640306139481254, 2347948.586116730235517 ], [ 586851.994371320703067, 2348870.15687548276037 ], [ 585770.59017776674591, 2348864.469130656681955 ], [ 586149.109122988884337, 2349786.044459005817771 ], [ 587230.491193314548582, 2349791.759483665693551 ], [ 588366.838175231707282, 2352556.758725058287382 ], [ 586204.208994415937923, 2352545.236027311999351 ], [ 586962.576014583464712, 2354388.619085078127682 ], [ 589125.116568183992058, 2354400.251387422438711 ], [ 589883.965928508900106, 2356243.872217435855418 ], [ 588802.738902051467448, 2356237.965392320416868 ], [ 589182.399863749626093, 2357159.79643017379567 ], [ 588101.197199500980787, 2357153.93361494736746 ], [ 588481.023092387244105, 2358075.769238411448896 ], [ 589562.203566266805865, 2358081.659576381091028 ], [ 589942.150007102987729, 2359003.554863180965185 ], [ 588860.991730065084994, 2358997.636972311884165 ], [ 589241.103110030293465, 2359919.536848897580057 ], [ 587078.837498090462759, 2359907.860739596188068 ], [ 587459.136064074118622, 2360829.737648237496614 ], [ 588540.245562061900273, 2360835.567454251926392 ], [ 588920.664644232718274, 2361757.504097472410649 ], [ 587839.577380276750773, 2361751.646703747101128 ], [ 590125.222891785786487, 2367283.777931582648307 ], [ 587963.322034035692923, 2367271.946324288379401 ], [ 587581.979696771129966, 2366349.899163124151528 ], [ 585420.042841460672207, 2366338.410230240318924 ], [ 585038.798657227773219, 2365416.45063229650259 ], [ 586119.78832825680729, 2365422.131569258868694 ], [ 585738.709203105652705, 2364500.176561719737947 ], [ 581414.6736686025979, 2364477.993684903718531 ], [ 581033.648093237541616, 2363556.180963419843465 ], [ 579952.621934812283143, 2363550.842064805794507 ], [ 580714.860527034499682, 2365394.444630986545235 ], [ 579633.881000638124533, 2365389.122563423588872 ], [ 580396.735450278967619, 2367232.798389243893325 ], [ 581477.670276897610165, 2367238.1754634170793 ], [ 582241.051164303091355, 2369082.034820737317204 ], [ 581160.161063312436454, 2369076.602618838194758 ], [ 581542.088049815152772, 2369998.552965955343097 ], [ 582622.95577829668764, 2370004.012777171563357 ], [ 583005.00316913286224, 2370926.02296200953424 ], [ 584085.850548295886256, 2370931.582352295517921 ], [ 583321.94327706086915, 2369087.538906363770366 ], [ 584402.837428026134148, 2369093.11487649101764 ], [ 584021.120298658846878, 2368171.113874468021095 ], [ 585102.038853514473885, 2368176.734067312907428 ], [ 585865.571193744312041, 2370020.823683411814272 ], [ 584784.69732382427901, 2370015.148135116323829 ], [ 585548.84540465392638, 2371859.311552004422992 ], [ 584468.018336965702474, 2371853.652495816815645 ], [ 585232.782207824522629, 2373697.889786419458687 ], [ 584152.001977517269552, 2373692.247211572248489 ], [ 584917.381687823333777, 2375536.558448908850551 ], [ 587078.854652772424743, 2375548.026894638780504 ], [ 587461.71384312515147, 2376470.286859601736069 ], [ 589623.150543757365085, 2376482.099465504754335 ] ], [ [ 605703.265064073028043, 2371057.878716797567904 ], [ 606084.987191719468683, 2371980.508672321215272 ], [ 605004.115867547108792, 2371973.48206000495702 ], [ 603859.310825515422039, 2369205.77553180186078 ], [ 604940.248726904159412, 2369212.717468032147735 ], [ 605321.685574965784326, 2370135.281659618020058 ], [ 606402.603866351069883, 2370142.323720889631659 ], [ 606784.161171874846332, 2371064.949031359981745 ], [ 605703.265064073028043, 2371057.878716797567904 ] ], [ [ 609141.102252075448632, 2363720.167543354909867 ], [ 608760.79662022984121, 2362797.664012495428324 ], [ 609841.907735654967837, 2362804.911399655044079 ], [ 610222.191288517438807, 2363727.443108897190541 ], [ 609141.102252075448632, 2363720.167543354909867 ] ], [ [ 609521.550503666279837, 2364642.703892903402448 ], [ 608440.486234540818259, 2364635.471887140534818 ], [ 609201.854794875718653, 2366480.586720632389188 ], [ 607039.822664908599108, 2366466.225273406598717 ], [ 606278.365635951631702, 2364621.223176863510162 ], [ 607359.424620794830844, 2364628.311648796778172 ], [ 606978.93217191088479, 2363705.831632733810693 ], [ 609141.102252075448632, 2363720.167543354909867 ], [ 609521.550503666279837, 2364642.703892903402448 ] ], [ [ 625859.603739756392315, 2370281.382039883174002 ], [ 625478.58675498329103, 2369358.276831809431314 ], [ 626559.581023763166741, 2369366.657009325455874 ], [ 625798.018620057380758, 2367520.489372067153454 ], [ 626879.059969282359816, 2367528.883999716490507 ], [ 628021.551360911922529, 2370298.27185546560213 ], [ 626940.575997933745384, 2370289.7909717829898 ], [ 627321.713483645115048, 2371212.958407463971525 ], [ 626240.76324255077634, 2371204.520690781529993 ], [ 626622.06526085769292, 2372127.692817529663444 ], [ 625541.140139099326916, 2372119.298292267136276 ], [ 624778.634559930651449, 2370273.045058583375067 ], [ 625859.603739756392315, 2370281.382039883174002 ] ], [ [ 629102.529855132568628, 2370306.824692124966532 ], [ 629483.623332789749838, 2371230.049781415611506 ], [ 628402.66683824476786, 2371221.468103942926973 ], [ 628021.551360911922529, 2370298.27185546560213 ], [ 629102.529855132568628, 2370306.824692124966532 ] ], [ [ 630564.582993718795478, 2371238.703441088087857 ], [ 630945.79696998547297, 2372161.990996733307838 ], [ 629864.859306521015242, 2372153.308437806554139 ], [ 629483.623332789749838, 2371230.049781415611506 ], [ 630564.582993718795478, 2371238.703441088087857 ] ], [ [ 629802.582512466586195, 2369392.229089276865125 ], [ 631964.599338084808551, 2369409.636777431704104 ], [ 632345.484389719669707, 2370332.914932046085596 ], [ 633426.475673376116902, 2370341.755592746660113 ], [ 633807.481239212094806, 2371265.096325535792857 ], [ 630564.582993718795478, 2371238.703441088087857 ], [ 629802.582512466586195, 2369392.229089276865125 ] ], [ [ 631583.856768085039221, 2368486.392214990220964 ], [ 632664.891962162451819, 2368495.175061073619872 ], [ 633045.61258019215893, 2369418.448515625204891 ], [ 631964.599338084808551, 2369409.636777431704104 ], [ 631583.856768085039221, 2368486.392214990220964 ] ], [ [ 633247.422397779300809, 2362059.374136194586754 ], [ 632488.534718907321803, 2360213.223995272535831 ], [ 633569.780020242673345, 2360222.034788482356817 ], [ 633190.57175303157419, 2359298.981109187472612 ], [ 634271.842172269243747, 2359307.834829093422741 ], [ 635409.828843112336472, 2362077.18242000322789 ], [ 633247.422397779300809, 2362059.374136194586754 ] ], [ [ 636703.598074322799221, 2354728.480316222645342 ], [ 637081.984962848713621, 2355651.510587435215712 ], [ 639244.736916526802815, 2355669.775516208726913 ], [ 640001.850959303439595, 2357516.051404137630016 ], [ 638920.516825995291583, 2357506.825595308560878 ], [ 638541.866812713909894, 2356583.699710753280669 ], [ 635297.819381203968078, 2356556.538005880080163 ], [ 634919.24646327807568, 2355633.531746108550578 ], [ 636000.614044570596889, 2355642.485406477469951 ], [ 635622.205379246501252, 2354719.483825308736414 ], [ 636703.598074322799221, 2354728.480316222645342 ] ], [ [ 625133.03518971381709, 2352796.342326231300831 ], [ 624754.857716155936942, 2351873.696795844007283 ], [ 627999.154674795689061, 2351898.714902359992266 ], [ 628377.266668649041094, 2352821.445558995008469 ], [ 625133.03518971381709, 2352796.342326231300831 ] ], [ [ 615949.591573140234686, 2343532.362890284974128 ], [ 613786.378530590445735, 2343517.259351938962936 ], [ 613032.711713829776272, 2341673.048264236189425 ], [ 614114.360478493385017, 2341680.508791600354016 ], [ 614491.100762430927716, 2342602.62593933660537 ], [ 615572.730519064585678, 2342610.185399067588151 ], [ 615949.591573140234686, 2343532.362890284974128 ] ], [ [ 605742.291821367456578, 2337027.541786714456975 ], [ 604660.550056913285516, 2337020.645556104369462 ], [ 604284.512696427293122, 2336098.915424526669085 ], [ 605366.276299265213311, 2336105.784181060735136 ], [ 605742.291821367456578, 2337027.541786714456975 ] ], [ [ 606824.036190372891724, 2337034.508954859338701 ], [ 607200.172522869543172, 2337956.326184726320207 ], [ 606118.449989973451011, 2337949.331484719645232 ], [ 605742.291821367456578, 2337027.541786714456975 ], [ 606824.036190372891724, 2337034.508954859338701 ] ], [ [ 603202.751662728376687, 2336092.117576643358916 ], [ 603578.810870363959111, 2337013.820262057241052 ], [ 602497.074235070380382, 2337007.065903609618545 ], [ 600993.60600133461412, 2333320.55653240531683 ], [ 603157.256557618267834, 2333333.917085336521268 ], [ 603532.865944308694452, 2334255.551221050787717 ], [ 602451.061235770932399, 2334248.808175948448479 ], [ 602826.835117039037868, 2335170.446891909930855 ], [ 603908.617991400999017, 2335177.217323482967913 ], [ 604284.512696427293122, 2336098.915424526669085 ], [ 603202.751662728376687, 2336092.117576643358916 ] ], [ [ 600287.459366852417588, 2334235.534640456549823 ], [ 598123.867384372744709, 2334222.544505022000521 ], [ 597748.148771460400894, 2333301.046873556450009 ], [ 598829.965403038426302, 2333307.479271666612476 ], [ 598454.411341763334349, 2332385.986210751812905 ], [ 599536.252257033484057, 2332392.462186916265637 ], [ 600287.459366852417588, 2334235.534640456549823 ] ], [ [ 595496.833781961817294, 2327772.72747563989833 ], [ 595871.696185963577591, 2328694.034868313465267 ], [ 594789.772703138063662, 2328687.8089296258986 ], [ 594040.146946383174509, 2326845.279787277337164 ], [ 596204.083577698213048, 2326857.694194927345961 ], [ 596578.781454176874831, 2327778.997028766199946 ], [ 595496.833781961817294, 2327772.72747563989833 ] ], [ [ 606533.606873438693583, 2317730.459376960992813 ], [ 605451.387751901638694, 2317723.571011514868587 ], [ 604705.794994409894571, 2315881.043132170569152 ], [ 606870.322370177134871, 2315894.781932818703353 ], [ 607243.004178804927506, 2316816.084186578635126 ], [ 609407.49892300798092, 2316830.15843157004565 ], [ 609780.280153216910549, 2317751.546632563695312 ], [ 608698.053047326160595, 2317744.447186497505754 ], [ 609070.998516784864478, 2318665.839952985756099 ], [ 606906.595593957463279, 2318651.797854149714112 ], [ 606533.606873438693583, 2317730.459376960992813 ] ], [ [ 610862.509974098065868, 2317758.716440829448402 ], [ 610489.750341152772307, 2316837.301054988522083 ], [ 612654.261403402546421, 2316851.79730871738866 ], [ 613026.977867910638452, 2317773.267148019280285 ], [ 610862.509974098065868, 2317758.716440829448402 ] ], [ [ 614783.949183599674143, 2314109.605296227149665 ], [ 616948.617680604220368, 2314124.641095635015517 ], [ 617320.798636871390045, 2315046.151780985295773 ], [ 615156.173182521830313, 2315031.061426234897226 ], [ 614783.949183599674143, 2314109.605296227149665 ] ], [ [ 620230.139305401127785, 2316904.749878198374063 ], [ 621312.419259108952247, 2316912.595901569351554 ], [ 621684.963396891602315, 2317834.284672176931053 ], [ 620602.704953718814068, 2317826.411184575408697 ], [ 620230.139305401127785, 2316904.749878198374063 ] ], [ [ 623512.697765270946547, 2319685.757412815000862 ], [ 622430.479335910524242, 2319677.758478091098368 ], [ 622057.650089974049479, 2318756.005520432256162 ], [ 623139.890034226933494, 2318763.976903724018484 ], [ 623512.697765270946547, 2319685.757412815000862 ] ], [ [ 622394.702213647775352, 2316920.512270868290216 ], [ 620534.227351734181866, 2312312.411455655004829 ], [ 623781.416464964626357, 2312336.170759845059365 ], [ 623409.813510042848065, 2311414.564362748526037 ], [ 620162.560059961862862, 2311390.887170696165413 ], [ 619419.653176553314552, 2309547.934225981123745 ], [ 620502.110870699514635, 2309555.701845572330058 ], [ 619388.884117211448029, 2306791.429344092961401 ], [ 620471.409055491676554, 2306799.185330007225275 ], [ 619730.013547030976042, 2304956.441477342974395 ], [ 620812.584261007723399, 2304964.213090925943106 ], [ 621553.936980045982637, 2306807.011357679497451 ], [ 622636.467917713336647, 2306814.907428216654807 ], [ 622265.741667033173144, 2305893.465152682270855 ], [ 625513.416943465475924, 2305917.491715802811086 ], [ 625884.079077799455263, 2306839.015908230561763 ], [ 623719.001895334338769, 2306822.873542735353112 ], [ 624089.849310851888731, 2307744.374971210490912 ], [ 621924.827178640640341, 2307728.458199866116047 ], [ 622295.859933373867534, 2308649.93688992317766 ], [ 623378.348072842112742, 2308657.887548256665468 ], [ 624492.237403431441635, 2311422.597123907878995 ], [ 625574.664379854686558, 2311430.700068856589496 ], [ 625203.246806435985491, 2310509.070823714602739 ], [ 626285.698297344031744, 2310517.21650055097416 ], [ 627028.63316178531386, 2312360.561959641985595 ], [ 629193.459974644472823, 2312377.173827910330147 ], [ 629936.879304876783863, 2314220.757940026931465 ], [ 628854.507119798101485, 2314212.361732581164688 ], [ 629226.451959418365732, 2315134.174471007660031 ], [ 627061.759982976596802, 2315117.537698075640947 ], [ 626689.772290656343102, 2314195.780130098573864 ], [ 624525.050004220101982, 2314179.479603033512831 ], [ 624897.080583675764501, 2315101.182112466543913 ], [ 623814.745533478679135, 2315093.109762013889849 ], [ 623442.693497527507134, 2314171.434739897027612 ], [ 622360.34004612499848, 2314163.46014217287302 ], [ 623104.629597901250236, 2316006.787309383042157 ], [ 624186.940112558775581, 2316014.816855385899544 ], [ 624559.277232328313403, 2316936.55605173157528 ], [ 622394.702213647775352, 2316920.512270868290216 ] ], [ [ 618337.19844091613777, 2309540.236729799304157 ], [ 617965.937410782789811, 2308618.835233245044947 ], [ 619048.413589796167798, 2308626.505503124091774 ], [ 619419.653176553314552, 2309547.934225981123745 ], [ 618337.19844091613777, 2309540.236729799304157 ] ], [ [ 628049.168742173700593, 2306855.438463295809925 ], [ 628419.930694824783131, 2307777.049399918410927 ], [ 626254.883744684047997, 2307760.572034841869026 ], [ 625884.079077799455263, 2306839.015908230561763 ], [ 628049.168742173700593, 2306855.438463295809925 ] ], [ [ 629502.458930600783788, 2307785.393198404461145 ], [ 629873.342049621162005, 2308707.063636161386967 ], [ 628790.835164582473226, 2308698.692361230496317 ], [ 628419.930694824783131, 2307777.049399918410927 ], [ 629502.458930600783788, 2307785.393198404461145 ] ], [ [ 629161.882149012060836, 2309620.367378847673535 ], [ 626996.920666371355765, 2309603.780216878280044 ], [ 626625.83094168594107, 2308682.160127195063978 ], [ 628790.835164582473226, 2308698.692361230496317 ], [ 629161.882149012060836, 2309620.367378847673535 ] ], [ [ 631019.254706020699814, 2314229.224419854115695 ], [ 631391.156727334484458, 2315151.092440666630864 ], [ 630308.802731047617272, 2315142.598305652383715 ], [ 629936.879304876783863, 2314220.757940026931465 ], [ 631019.254706020699814, 2314229.224419854115695 ] ], [ [ 632845.537091223057359, 2316081.584889164660126 ], [ 633927.876223010476679, 2316090.247369294520468 ], [ 634300.020427134819329, 2317012.235491337720305 ], [ 633217.702696042950265, 2317003.545240835286677 ], [ 632845.537091223057359, 2316081.584889164660126 ] ], [ [ 642586.710817406768911, 2316162.079267285298556 ], [ 643669.080736036179587, 2316171.374780684243888 ], [ 644041.032719100476243, 2317093.614096689969301 ], [ 642958.684124194202013, 2317084.290560750756413 ], [ 642586.710817406768911, 2316162.079267285298556 ] ], [ [ 638533.515237856889144, 2308776.557783723343164 ], [ 637450.981856180471368, 2308767.625620018225163 ], [ 637080.247952305478975, 2307845.762063424102962 ], [ 638162.802616211469285, 2307854.666526717599481 ], [ 638533.515237856889144, 2308776.557783723343164 ] ], [ [ 637821.858222674112767, 2309689.521468896884471 ], [ 636739.349544270080514, 2309680.631718697957695 ], [ 636368.451880495413207, 2308758.7635717256926 ], [ 637450.981856180471368, 2308767.625620018225163 ], [ 637821.858222674112767, 2309689.521468896884471 ] ], [ [ 633832.604237927123904, 2307819.469192975200713 ], [ 634945.425087463343516, 2310584.907706222496927 ], [ 631698.003209112910554, 2310558.99727984983474 ], [ 631326.85643135686405, 2309637.235075417440385 ], [ 633491.843728007283062, 2309654.383316124789417 ], [ 632750.063002786948346, 2307810.845071839634329 ], [ 633832.604237927123904, 2307819.469192975200713 ] ], [ [ 638192.877049358212389, 2310611.44964181445539 ], [ 638564.038333795499057, 2311533.410170550923795 ], [ 635316.650328436400741, 2311506.7850361187011 ], [ 634945.425087463343516, 2310584.907706222496927 ], [ 638192.877049358212389, 2310611.44964181445539 ] ], [ [ 629815.460353727685288, 2303194.144724792800844 ], [ 629075.632023275829852, 2301351.110108869150281 ], [ 630158.31906114355661, 2301359.472049415111542 ], [ 630898.104826185852289, 2303202.561403390020132 ], [ 629815.460353727685288, 2303194.144724792800844 ] ], [ [ 635571.803239924833179, 2301402.33007458364591 ], [ 633406.399663017131388, 2301384.977195207960904 ], [ 633036.784308843663894, 2300463.39827367477119 ], [ 635202.230354610946961, 2300480.696251290850341 ], [ 635571.803239924833179, 2301402.33007458364591 ] ], [ [ 630108.020756312762387, 2295847.575119939632714 ], [ 629025.199794099433348, 2295839.237250210251659 ], [ 628287.736718764994293, 2293996.602809516247362 ], [ 629370.600107962382026, 2294004.886298763565719 ], [ 630108.020756312762387, 2295847.575119939632714 ] ], [ [ 623491.758620951324701, 2279267.923757544718683 ], [ 623858.117168733268045, 2280188.748362550977618 ], [ 622774.936407671542838, 2280180.86900239624083 ], [ 622408.556753893848509, 2279260.071106312330812 ], [ 623491.758620951324701, 2279267.923757544718683 ] ], [ [ 615249.031028102501296, 2288392.070889616850764 ], [ 613083.118892659549601, 2288377.427067528478801 ], [ 612715.201666227076203, 2287456.668428102973849 ], [ 613798.177581418072805, 2287463.928961314726621 ], [ 613430.42423226707615, 2286543.174846796318889 ], [ 612347.427055805223063, 2286535.940920180641115 ], [ 611979.795063808327541, 2285615.244512828532606 ], [ 610896.779420376289636, 2285608.106563076842576 ], [ 610529.26879234763328, 2284687.467745816800743 ], [ 613778.387857711641118, 2284709.01014931499958 ], [ 615249.031028102501296, 2288392.070889616850764 ] ], [ [ 625062.978024165262468, 2296727.839149898849428 ], [ 624693.947732405620627, 2295806.582958519924432 ], [ 625776.756033574230969, 2295814.641955678816885 ], [ 626145.765067788539454, 2296735.925269373226911 ], [ 625062.978024165262468, 2296727.839149898849428 ] ], [ [ 608505.156283936346881, 2301205.510171494912356 ], [ 608875.405137918191031, 2302126.497096683830023 ], [ 607792.798510879394598, 2302119.505856656469405 ], [ 607422.528204922797158, 2301198.545726973563433 ], [ 608505.156283936346881, 2301205.510171494912356 ] ], [ [ 608135.050068180426024, 2300284.554580619558692 ], [ 609217.702276632538997, 2300291.562095864675939 ], [ 609587.787055598804727, 2301212.544480802956969 ], [ 608505.156283936346881, 2301205.510171494912356 ], [ 608135.050068180426024, 2300284.554580619558692 ] ], [ [ 608163.211459131212905, 2303040.497322504408658 ], [ 609245.796627692179754, 2303047.515387397725135 ], [ 609987.007504881010391, 2304889.646190364845097 ], [ 611069.552464334527031, 2304896.78796954639256 ], [ 611440.350377563387156, 2305817.927485291380435 ], [ 610357.826887422939762, 2305810.758765165228397 ], [ 610728.788896016427316, 2306731.902830583974719 ], [ 606398.808017551433295, 2306703.820381065830588 ], [ 605656.854672219022177, 2304861.778827878180891 ], [ 606739.388883308041841, 2304868.640707343816757 ], [ 606368.647688732016832, 2303947.640159018803388 ], [ 607451.206035502487794, 2303954.545184115413576 ], [ 606710.194558301474899, 2302112.584508331958205 ], [ 607792.798510879394598, 2302119.505856656469405 ], [ 608163.211459131212905, 2303040.497322504408658 ] ], [ [ 612522.876630588551052, 2305825.166210763156414 ], [ 612893.795696222339757, 2306746.36424482613802 ], [ 613976.303280498366803, 2306753.700002869591117 ], [ 614347.343491757055745, 2307674.956673396285623 ], [ 612182.374060226371512, 2307660.301108244806528 ], [ 611440.350377563387156, 2305817.927485291380435 ], [ 612522.876630588551052, 2305825.166210763156414 ] ], [ [ 612152.100177999935113, 2304903.999726157169789 ], [ 614317.203975370735861, 2304918.633175754453987 ], [ 614687.937532674637623, 2305839.853681845590472 ], [ 612522.876630588551052, 2305825.166210763156414 ], [ 612152.100177999935113, 2304903.999726157169789 ] ], [ [ 612553.599824785254896, 2308581.535278181079775 ], [ 613636.061656868434511, 2308588.85508681461215 ], [ 614007.408547005616128, 2309510.147957547102123 ], [ 615089.851716832024977, 2309517.564970875624567 ], [ 614718.526304680854082, 2308596.244985587894917 ], [ 615800.993795052636415, 2308603.704975545872003 ], [ 615058.813690012902953, 2306761.105796240735799 ], [ 616141.326951603288762, 2306768.581625987309963 ], [ 617997.739350186660886, 2311375.453274387866259 ], [ 614750.530134715256281, 2311352.828755703289062 ], [ 615122.304827403160743, 2312274.216746086254716 ], [ 614039.928980943397619, 2312266.788414024747908 ], [ 614411.867782260873355, 2313188.18096934305504 ], [ 612247.167584644514136, 2313173.480581160634756 ], [ 612619.29205032158643, 2314094.850523530971259 ], [ 610454.64606642536819, 2314080.37676920555532 ], [ 609710.453562958864495, 2312237.777083540800959 ], [ 610792.818275885772891, 2312244.924618557095528 ], [ 610420.957506512291729, 2311323.645161018241197 ], [ 609338.571252707508393, 2311316.524689409416169 ], [ 607852.468345275148749, 2307631.830704046413302 ], [ 610017.415749618667178, 2307645.925787837710232 ], [ 610388.684500500326976, 2308567.105927207041532 ], [ 609306.230954645900056, 2308559.996382826007903 ], [ 609677.663843449670821, 2309481.181074576452374 ], [ 610760.095876618986949, 2309488.317621824797243 ], [ 611131.649875535746105, 2310409.560903090983629 ], [ 612214.063142132246867, 2310416.794625578913838 ], [ 611099.89352822327055, 2307653.078417959623039 ], [ 612182.374060226371512, 2307660.301108244806528 ], [ 612553.599824785254896, 2308581.535278181079775 ] ], [ [ 605009.053046186221763, 2311288.74448103364557 ], [ 603926.680062683532014, 2311281.9748435462825 ], [ 603554.832580942078494, 2310360.888790875207633 ], [ 604637.227142347954214, 2310367.631533976644278 ], [ 605009.053046186221763, 2311288.74448103364557 ] ], [ [ 608256.187706584227271, 2311309.474386597517878 ], [ 608628.091566405841149, 2312230.699745235964656 ], [ 606463.375615199794993, 2312216.755654770880938 ], [ 607207.697526796488091, 2314059.193029312882572 ], [ 606125.386689408216625, 2314052.272283107042313 ], [ 605009.053046186221763, 2311288.74448103364557 ], [ 608256.187706584227271, 2311309.474386597517878 ] ], [ [ 591382.766748297144659, 2317640.424520650412887 ], [ 589218.398888148018159, 2317628.687998323701322 ], [ 588845.205649844603613, 2316707.811009366530925 ], [ 591009.617028373177163, 2316719.49419373460114 ], [ 591382.766748297144659, 2317640.424520650412887 ] ], [ [ 592464.954054885776713, 2317646.39830115204677 ], [ 592838.224759534816258, 2318567.386617589276284 ], [ 591756.059205428929999, 2318561.386096765752882 ], [ 591382.766748297144659, 2317640.424520650412887 ], [ 592464.954054885776713, 2317646.39830115204677 ] ], [ [ 593920.392609134200029, 2318573.457513619679958 ], [ 595040.995812753913924, 2321336.690931444521993 ], [ 596123.100740941124968, 2321342.912769214250147 ], [ 597244.923071926226839, 2324106.509925761260092 ], [ 595080.846194724319503, 2324093.975128934718668 ], [ 594706.719157433020882, 2323172.798480182886124 ], [ 593624.662463132408448, 2323166.663813808001578 ], [ 593998.811291858903132, 2324087.813544562086463 ], [ 591834.748423960758373, 2324075.701999549288303 ], [ 591460.555985963786952, 2323154.606021195184439 ], [ 592542.608081553014927, 2323160.599661097396165 ], [ 592168.580181530094706, 2322239.508228567428887 ], [ 593250.6563568522688, 2322245.545520792715251 ], [ 592876.792975483229384, 2321324.458634030539542 ], [ 593958.893233181792311, 2321330.539553340058774 ], [ 592838.224759534816258, 2318567.386617589276284 ], [ 593920.392609134200029, 2318573.457513619679958 ] ], [ [ 592209.083594923489727, 2324996.829387839417905 ], [ 591127.077400773647241, 2324990.852561422623694 ], [ 590752.720405475469306, 2324069.752037199214101 ], [ 591834.748423960758373, 2324075.701999549288303 ], [ 592209.083594923489727, 2324996.829387839417905 ] ], [ [ 569328.205697674187832, 2313858.758998732082546 ], [ 568245.970851114601828, 2313854.29644170217216 ], [ 567872.955848996294662, 2312934.016808512620628 ], [ 568955.212592626339756, 2312938.453329133801162 ], [ 569328.205697674187832, 2313858.758998732082546 ] ], [ [ 574815.485226210439578, 2319395.516454958356917 ], [ 575189.412598302471451, 2320316.115618060808629 ], [ 574107.325798408826813, 2320311.25873098615557 ], [ 573733.376510507776402, 2319390.685894270893186 ], [ 574815.485226210439578, 2319395.516454958356917 ] ], [ [ 574481.417926482739858, 2321231.86240803077817 ], [ 574855.652892262674868, 2322152.496956599876285 ], [ 573773.611792852170765, 2322147.657800671644509 ], [ 573399.354889392387122, 2321227.049609855748713 ], [ 574481.417926482739858, 2321231.86240803077817 ] ], [ [ 572026.218990479363129, 2325815.988454861566424 ], [ 571651.324790645972826, 2324895.33584590582177 ], [ 572733.294570166501217, 2324900.04258867399767 ], [ 573108.166779656312428, 2325820.721590479835868 ], [ 574190.116373666445725, 2325825.525307912379503 ], [ 574940.245342278038152, 2327667.029089859221131 ], [ 573858.339730590116233, 2327662.172442156355828 ], [ 573483.181833956157789, 2326741.431531205307692 ], [ 571319.332036295323633, 2326731.983023903798312 ], [ 570944.272979423170909, 2325811.325900390744209 ], [ 572026.218990479363129, 2325815.988454861566424 ] ], [ [ 573440.558758346829563, 2323984.145400288514793 ], [ 575604.551327060093172, 2323993.85879322513938 ], [ 575979.214791137026623, 2324914.586143802385777 ], [ 574897.239543693722226, 2324909.667736943811178 ], [ 575272.067799223586917, 2325830.399607838131487 ], [ 574190.116373666445725, 2325825.525307912379503 ], [ 573440.558758346829563, 2323984.145400288514793 ] ], [ [ 575230.030693277833052, 2323073.16240791650489 ], [ 576312.051706813974306, 2323078.098451664671302 ], [ 576686.55039883335121, 2323998.821281748823822 ], [ 575604.551327060093172, 2323993.85879322513938 ], [ 575230.030693277833052, 2323073.16240791650489 ] ], [ [ 570612.633724639308639, 2327648.02632082439959 ], [ 572776.435941554838791, 2327657.386431864462793 ], [ 573151.758687847643159, 2328578.13186252489686 ], [ 572069.878713477170095, 2328573.390034913551062 ], [ 572445.366328831762075, 2329494.139985046815127 ], [ 571363.510166751104407, 2329489.442365345545113 ], [ 570612.633724639308639, 2327648.02632082439959 ] ], [ [ 574233.640467084711418, 2328582.944354668725282 ], [ 574609.084040958434343, 2329503.747300100512803 ], [ 573527.22427800425794, 2329498.908296407666057 ], [ 573151.758687847643159, 2328578.13186252489686 ], [ 574233.640467084711418, 2328582.944354668725282 ] ], [ [ 574654.478086896939203, 2332261.423931238241494 ], [ 575406.694800050114281, 2334103.25661306688562 ], [ 573243.201179847237654, 2334093.525091691873968 ], [ 572866.9772833972238, 2333172.646407672204077 ], [ 573948.745244181365706, 2333177.45014839945361 ], [ 573572.686252212501131, 2332256.575990322045982 ], [ 574654.478086896939203, 2332261.423931238241494 ] ], [ [ 573902.832709551672451, 2330419.715764884836972 ], [ 574984.670449739787728, 2330424.581309836357832 ], [ 575360.399690946796909, 2331345.446415288839489 ], [ 576442.217260175850242, 2331350.409279848448932 ], [ 576818.067304511321709, 2332271.332140983082354 ], [ 574654.478086896939203, 2332261.423931238241494 ], [ 573902.832709551672451, 2330419.715764884836972 ] ], [ [ 576066.510039309621789, 2330429.517575606703758 ], [ 579312.040171141736209, 2330444.750704847741872 ], [ 579687.681384386029094, 2331365.722372330259532 ], [ 576442.217260175850242, 2331350.409279848448932 ], [ 576066.510039309621789, 2330429.517575606703758 ] ], [ [ 577899.864740789867938, 2332276.392411208711565 ], [ 578275.835581709863618, 2333197.373146808706224 ], [ 579357.612923025386408, 2333202.530908798798919 ], [ 579733.704553986201063, 2334123.569637726526707 ], [ 578651.949234657571651, 2334118.385132050607353 ], [ 579028.20569715090096, 2335039.428398478310555 ], [ 576864.744930477929302, 2335029.218423378188163 ], [ 576112.286660732119344, 2333187.270039113238454 ], [ 577194.060169834061526, 2333192.286190486047417 ], [ 576818.067304511321709, 2332271.332140983082354 ], [ 577899.864740789867938, 2332276.392411208711565 ] ], [ [ 573930.680488609010354, 2351565.620714596007019 ], [ 574309.894115261617117, 2352486.965425572358072 ], [ 573228.604238755535334, 2352482.096404662821442 ], [ 572849.368353493977338, 2351560.778701789677143 ], [ 573930.680488609010354, 2351565.620714596007019 ] ], [ [ 576795.623801179463044, 2350659.180623940657824 ], [ 576416.762527265120298, 2349737.817979940678924 ], [ 577498.126508926972747, 2349742.891265145968646 ], [ 577876.965572955552489, 2350664.280968454200774 ], [ 576795.623801179463044, 2350659.180623940657824 ] ], [ [ 577174.62789164786227, 2351580.574881067033857 ], [ 576093.310231133829802, 2351575.518803537357599 ], [ 576472.479367421241477, 2352496.917614162433892 ], [ 575391.185815965407528, 2352491.905828506220132 ], [ 574632.945888970047235, 2350649.193919695913792 ], [ 576795.623801179463044, 2350659.180623940657824 ], [ 577174.62789164786227, 2351580.574881067033857 ] ], [ [ 580310.028373985434882, 2346078.221545739565045 ], [ 579931.99201862339396, 2345156.881664325948805 ], [ 581013.476513200439513, 2345162.175921547226608 ], [ 581391.490735650761053, 2346083.542851459700614 ], [ 580310.028373985434882, 2346078.221545739565045 ] ], [ [ 578850.509489347343333, 2345151.658572285436094 ], [ 578472.593797789420933, 2344230.377253453247249 ], [ 577391.091062956955284, 2344225.252288749907166 ], [ 576635.643837591982447, 2342382.837985660415143 ], [ 577717.190841524861753, 2342387.909114363137633 ], [ 576585.157511605648324, 2339624.442675982136279 ], [ 578748.389911868027411, 2339634.636867165565491 ], [ 579125.547340909717605, 2340555.814663065131754 ], [ 580207.14435026969295, 2340561.045153560116887 ], [ 580584.422492809942923, 2341482.281319112982601 ], [ 582747.578303561313078, 2341493.009320318698883 ], [ 583124.955072753829882, 2342414.330987142398953 ], [ 580961.843431508983485, 2342403.548989228438586 ], [ 581339.407163877040148, 2343324.848195665981621 ], [ 580257.876448818831705, 2343319.536835338920355 ], [ 579880.290611873846501, 2342398.264615417458117 ], [ 578798.739757416304201, 2342393.05132404062897 ], [ 579931.99201862339396, 2345156.881664325948805 ], [ 578850.509489347343333, 2345151.658572285436094 ] ], [ [ 585339.434676384087652, 2345184.064617306459695 ], [ 587502.426241215318441, 2345195.435976143926382 ], [ 587880.307852999074385, 2346116.965781695209444 ], [ 585717.360456179245375, 2346105.540019591338933 ], [ 585339.434676384087652, 2345184.064617306459695 ] ], [ [ 589448.15600634238217, 2352562.627161307260394 ], [ 589069.253062645671889, 2351640.901414821855724 ], [ 590150.595214520464651, 2351646.813818061724305 ], [ 589771.857132102129981, 2350725.092651556711644 ], [ 590853.223607075982727, 2350731.048996948171407 ], [ 590474.650366613990627, 2349809.332410569302738 ], [ 589393.261788561474532, 2349803.403458626940846 ], [ 588636.49932807602454, 2347960.120865248609334 ], [ 590799.367062287637964, 2347971.94063053606078 ], [ 591556.04116704070475, 2349815.332673263270408 ], [ 592637.434216404915787, 2349821.404247555416077 ], [ 593015.963277295581065, 2350743.175704445689917 ], [ 594097.336525663617067, 2350749.346068259328604 ], [ 593718.829541278188117, 2349827.547134299296886 ], [ 595881.62712381046731, 2349840.046848617494106 ], [ 596260.089981718687341, 2350761.900820364244282 ], [ 595178.712084950995632, 2350755.587773272767663 ], [ 596315.023064145934768, 2353521.259961740113795 ], [ 595233.713746692868881, 2353514.935561477672309 ], [ 595612.791568015934899, 2354436.863063591066748 ], [ 593450.224132602917962, 2354424.37336988421157 ], [ 593829.488883545505814, 2355346.277867460623384 ], [ 591666.974883074406534, 2355334.018862141761929 ], [ 590908.49958601151593, 2353490.352200209628791 ], [ 588745.905999539303593, 2353478.489051359705627 ], [ 588366.838175231707282, 2352556.758725058287382 ], [ 589448.15600634238217, 2352562.627161307260394 ] ], [ [ 595503.306968412711285, 2348918.224998615682125 ], [ 594421.884960486204363, 2348911.966987151652575 ], [ 594043.685464225593023, 2347990.204699528869241 ], [ 592962.243721392471343, 2347984.045419255737215 ], [ 592584.164890872896649, 2347062.342574000824243 ], [ 590421.244108766200952, 2347050.292531391605735 ], [ 590043.263891131733544, 2346128.676337691955268 ], [ 593287.714616094948724, 2346146.776174723636359 ], [ 592532.314643737510778, 2344303.475503559224308 ], [ 593613.846816199366003, 2344309.596451227087528 ], [ 594369.20274217845872, 2346152.951857934240252 ], [ 595450.693188125267625, 2346159.198744688183069 ], [ 596963.029434602940455, 2349846.403677953407168 ], [ 595881.62712381046731, 2349840.046848617494106 ], [ 595503.306968412711285, 2348918.224998615682125 ] ], [ [ 592805.758270423044451, 2358099.759943020064384 ], [ 590643.38623622385785, 2358087.62147257803008 ], [ 590263.604715193388984, 2357165.730775758158416 ], [ 591344.811780348303728, 2357171.736652536317706 ], [ 590585.72126963082701, 2355327.996575620025396 ], [ 591666.974883074406534, 2355334.018862141761929 ], [ 592805.758270423044451, 2358099.759943020064384 ] ], [ [ 590001.75408681423869, 2361763.433159240987152 ], [ 590382.293678624788299, 2362685.429657629225403 ], [ 589301.226467650732957, 2362679.472950069233775 ], [ 588920.664644232718274, 2361757.504097472410649 ], [ 590001.75408681423869, 2361763.433159240987152 ] ], [ [ 581795.842029426014051, 2365399.83847089111805 ], [ 582177.153173195314594, 2366321.715353686362505 ], [ 581096.194008517195471, 2366316.293997765518725 ], [ 580714.860527034499682, 2365394.444630986545235 ], [ 581795.842029426014051, 2365399.83847089111805 ] ], [ [ 586946.447163683944382, 2370026.571145649068058 ], [ 587328.405127997044474, 2370948.692167609930038 ], [ 586247.551501295994967, 2370942.916954298503697 ], [ 585865.571193744312041, 2370020.823683411814272 ], [ 586946.447163683944382, 2370026.571145649068058 ] ], [ [ 590703.872164194355719, 2376488.113932839594781 ], [ 591784.595999909564853, 2376494.200510887429118 ], [ 592167.50840047490783, 2377416.604903695639223 ], [ 591086.806935407104902, 2377410.490306102205068 ], [ 590703.872164194355719, 2376488.113932839594781 ] ], [ [ 589240.33612635161262, 2375559.783661718014628 ], [ 588159.594312781584449, 2375553.869237599894404 ], [ 587776.900255712796934, 2374631.61388189624995 ], [ 588857.664444832480513, 2374637.500403079204261 ], [ 589240.33612635161262, 2375559.783661718014628 ] ], [ [ 588475.135501720476896, 2373715.249656948726624 ], [ 589555.924222058965825, 2373721.180331833194941 ], [ 589173.560373581480235, 2372798.934195575769991 ], [ 590254.373627264751121, 2372804.908999631181359 ], [ 590636.715130944736302, 2373727.183033786248416 ], [ 591717.508254793123342, 2373733.257763653062284 ], [ 592482.574752460466698, 2375577.959429375361651 ], [ 591401.826319786719978, 2375571.828756758011878 ], [ 591019.199362625484355, 2374649.489608614705503 ], [ 588857.664444832480513, 2374637.500403079204261 ], [ 588475.135501720476896, 2373715.249656948726624 ] ], [ [ 593879.101253032917157, 2373745.623310553375632 ], [ 594959.90118025848642, 2373751.914129326120019 ], [ 595342.296095891389996, 2374674.332696180325001 ], [ 594261.518484340165742, 2374668.01383756287396 ], [ 593879.101253032917157, 2373745.623310553375632 ] ], [ [ 597503.858333921292797, 2374687.186592185404152 ], [ 597121.508022994617932, 2373764.711861940100789 ], [ 596040.703428105683997, 2373758.276979490183294 ], [ 595658.473514942685142, 2372835.863037544302642 ], [ 597820.129652205505408, 2372848.748677241615951 ], [ 598584.643013223540038, 2374693.721631379332393 ], [ 597503.858333921292797, 2374687.186592185404152 ] ], [ [ 593496.826730335014872, 2372823.265415399800986 ], [ 593114.694918757653795, 2371900.940119445323944 ], [ 592033.852656010887586, 2371894.777263905853033 ], [ 591269.972572414204478, 2370050.28015035064891 ], [ 592350.859439033200033, 2370056.387194633018225 ], [ 591969.155775913503021, 2369134.15950059145689 ], [ 593050.067184529616497, 2369140.310575819574296 ], [ 593813.572656275937334, 2370984.85427162470296 ], [ 595975.313235543784685, 2370997.483878761064261 ], [ 596357.235471292748116, 2371919.86053791642189 ], [ 595276.386299969628453, 2371913.481755568180233 ], [ 595658.473514942685142, 2372835.863037544302642 ], [ 593496.826730335014872, 2372823.265415399800986 ] ], [ [ 601761.517192173167132, 2371952.834128709044307 ], [ 600680.655978001072071, 2371946.095450267661363 ], [ 601062.631856714375317, 2372868.617185599170625 ], [ 599981.795353499706835, 2372861.92234174022451 ], [ 599599.797225253423676, 2371939.428752901032567 ], [ 597438.086998328333721, 2371926.311297647189349 ], [ 597056.18703222554177, 2371003.906606107018888 ], [ 599217.941771848360077, 2371016.96791287092492 ], [ 598836.228995796525851, 2370094.539788960944861 ], [ 599917.132228201371618, 2370101.150284471455961 ], [ 598772.916660242713988, 2367333.977807760704309 ], [ 597691.946756864083, 2367327.451387434732169 ], [ 598073.231485794414766, 2368249.781558867078274 ], [ 596992.286199180060066, 2368243.29901230474934 ], [ 597373.735845508985221, 2369165.633804793469608 ], [ 596292.81517339637503, 2369159.195156569592655 ], [ 596674.429756411118433, 2370081.534569960553199 ], [ 595593.533696552156471, 2370075.139844639692456 ], [ 595211.896856825333089, 2369152.828402928542346 ], [ 594130.980869351886213, 2369146.533542973455042 ], [ 593749.464472286519594, 2368224.28257453115657 ], [ 594830.402718878583983, 2368230.549521033186466 ], [ 593686.776540806051344, 2365463.907908699009567 ], [ 590443.768360326532274, 2365445.573087634053081 ], [ 590062.778328204876743, 2364523.507412770297378 ], [ 592224.826016686041839, 2364535.60334494849667 ], [ 591844.023198494454846, 2363613.514536163769662 ], [ 592925.072643653606065, 2363619.642369851004332 ], [ 593305.853235067799687, 2364541.75894065387547 ], [ 595467.914552482077852, 2364554.285395627841353 ], [ 595087.178388000931591, 2363632.113217127043754 ], [ 596168.234740150161088, 2363638.456232470925897 ], [ 595787.663473254651763, 2362716.288663831539452 ], [ 594706.584927407442592, 2362709.973463925532997 ], [ 594326.134173210011795, 2361787.866103585343808 ], [ 596488.337976929848082, 2361800.512606193311512 ], [ 595727.953290094737895, 2359956.283919184003025 ], [ 596809.103044419782236, 2359962.659089856315404 ], [ 596429.146901289350353, 2359040.565546320751309 ], [ 598591.497828685911372, 2359053.475161768496037 ], [ 597832.102144366595894, 2357209.274116336833686 ], [ 598913.325448075309396, 2357215.78073571389541 ], [ 598533.863742370856926, 2356293.701009962707758 ], [ 597452.618334513390437, 2356287.222134129144251 ], [ 597073.277216196991503, 2355365.202469155192375 ], [ 599235.81463547074236, 2355378.176276460755616 ], [ 599615.111567272571847, 2356300.251396135427058 ], [ 601777.614574315492064, 2356313.566703200805932 ], [ 601019.251681248890236, 2354469.337736684363335 ], [ 602100.551034723524936, 2354476.047039542812854 ], [ 601721.605642299749888, 2353553.953367390669882 ], [ 602802.929541919147596, 2353560.706335836090147 ], [ 603181.852893730043434, 2354482.827800662256777 ], [ 604263.157284810440615, 2354489.680020998697728 ], [ 604642.201256006490439, 2355411.861769926268607 ], [ 602479.639091294608079, 2355398.17311495449394 ], [ 603238.243186892592348, 2357242.522604955360293 ], [ 599994.551177661982365, 2357222.358893334399909 ], [ 600374.133464136859402, 2358144.498800406232476 ], [ 601455.339553156634793, 2358151.176326707936823 ], [ 601835.042413785704412, 2359073.37653572531417 ], [ 602916.228899924550205, 2359080.153517646715045 ], [ 603676.01841187896207, 2360924.707348482683301 ], [ 601513.736355122062378, 2360911.113304799888283 ], [ 601133.726055366569199, 2359988.875973721500486 ], [ 600052.566650575492531, 2359982.214320742990822 ], [ 600432.599071544595063, 2360904.423759647645056 ], [ 599351.46424917015247, 2360897.805864363443106 ], [ 599731.661479223519564, 2361820.019918120466173 ], [ 600812.774165081325918, 2361826.665707885753363 ], [ 601193.091928684152663, 2362748.940197927411646 ], [ 600112.001385817537084, 2362742.266483452636749 ], [ 600873.109218613943085, 2364586.857278790790588 ], [ 601954.155456085223705, 2364593.586933434009552 ], [ 602715.789633719017729, 2366438.364226463716477 ], [ 599472.791351850144565, 2366418.222527029924095 ], [ 600235.129284200957045, 2368262.962258405517787 ], [ 601316.081848900648765, 2368269.660413237288594 ], [ 601697.442618284956552, 2369192.107361780945212 ], [ 602778.375464792130515, 2369198.905496706720442 ], [ 603159.856693549198098, 2370121.413326228968799 ], [ 600998.037904333556071, 2370107.832705224398524 ], [ 601761.517192173167132, 2371952.834128709044307 ] ], [ [ 592163.939613814698532, 2361775.506290254183114 ], [ 591783.587180401547812, 2360853.486716670449823 ], [ 590702.471093728439882, 2360847.441987632308155 ], [ 590322.239183758501895, 2359925.48232283629477 ], [ 592484.517999246367253, 2359937.588113472331315 ], [ 592864.705516296671703, 2360859.603088404517621 ], [ 593945.826127910520881, 2360865.791103696450591 ], [ 594326.134173210011795, 2361787.866103585343808 ], [ 592163.939613814698532, 2361775.506290254183114 ] ], [ [ 602424.148850265075453, 2352638.617272062692791 ], [ 601342.802916510612704, 2352631.892066181171685 ], [ 600964.142859854269773, 2351709.86310362489894 ], [ 603126.881288334028795, 2351723.329425927717239 ], [ 603884.255964806070551, 2353567.530735582113266 ], [ 602802.929541919147596, 2353560.706335836090147 ], [ 602424.148850265075453, 2352638.617272062692791 ] ], [ [ 602536.548129915376194, 2358157.925421025138348 ], [ 603617.75922093167901, 2358164.746084308251739 ], [ 603997.417909136973321, 2359087.002096451353282 ], [ 602916.228899924550205, 2359080.153517646715045 ], [ 602536.548129915376194, 2358157.925421025138348 ] ], [ [ 605078.609467931091785, 2359093.922273102682084 ], [ 605458.388728334917687, 2360016.238824124913663 ], [ 604377.219249011948705, 2360009.290673833806068 ], [ 603997.417909136973321, 2359087.002096451353282 ], [ 605078.609467931091785, 2359093.922273102682084 ] ], [ [ 604757.163238057051785, 2360931.611848928034306 ], [ 605137.24987377342768, 2361853.965654236730188 ], [ 606218.375174728920683, 2361860.969842451158911 ], [ 605838.310631433385424, 2360938.588003067299724 ], [ 606919.460618507000618, 2360945.635811885353178 ], [ 605780.189051798544824, 2358178.602121625095606 ], [ 606861.40784468210768, 2358185.637497609015554 ], [ 606481.957983795320615, 2357263.330194703768939 ], [ 608644.447528510703705, 2357277.559644263237715 ], [ 607886.063824991928414, 2355432.930915629025549 ], [ 606804.773690363857895, 2355425.836377320345491 ], [ 606425.773769345367327, 2354503.598843192216009 ], [ 605344.464234501472674, 2354496.603701516985893 ], [ 604208.254287614254281, 2351730.169651247095317 ], [ 605289.629845663905144, 2351737.081253959331661 ], [ 604532.913787585450336, 2349892.898382023908198 ], [ 603451.494246459566057, 2349886.042321491986513 ], [ 603829.80293970007915, 2350808.089804189745337 ], [ 601667.015457406640053, 2350794.536218485794961 ], [ 600910.452735071186908, 2348950.584381809458137 ], [ 599829.018729559378698, 2348943.969925364479423 ], [ 600207.250763888237998, 2349865.902065441478044 ], [ 599125.841228073230013, 2349859.331285454332829 ], [ 598369.475810913136229, 2348015.554413743782789 ], [ 599450.929374317172915, 2348022.06999504333362 ], [ 599072.982700649881735, 2347100.202242319006473 ], [ 596910.033974144374952, 2347087.297422431409359 ], [ 596154.480686414288357, 2345243.768302667886019 ], [ 597235.997851791791618, 2345250.130132748745382 ], [ 596481.05935245519504, 2343406.674255389720201 ], [ 591073.276823000400327, 2343375.850527293980122 ], [ 590695.911632015602663, 2342454.307189289946109 ], [ 591777.485567036317661, 2342460.302430068608373 ], [ 591400.285120768239722, 2341538.763662575744092 ], [ 592481.883314201142639, 2341544.80273158242926 ], [ 592859.061759958509356, 2342466.368762027006596 ], [ 595022.221025960869156, 2342478.714702914468944 ], [ 594645.086554715875536, 2341557.094062943942845 ], [ 593563.483783311326988, 2341550.912864751182497 ], [ 593186.470047632814385, 2340629.35140693699941 ], [ 589941.609458621474914, 2340611.315898180007935 ], [ 589564.672481179703027, 2339689.867881321813911 ], [ 590646.312424818752334, 2339695.781506577041 ], [ 590269.540180099895224, 2338774.338054338935763 ], [ 591351.204336177790537, 2338780.295513925608248 ], [ 590974.596804855507798, 2337858.85662637790665 ], [ 592056.285175842233002, 2337864.857895282097161 ], [ 591679.84233859134838, 2336943.423572477884591 ], [ 592761.554926973185502, 2336949.468625674489886 ], [ 593514.539422455476597, 2338792.423375620041043 ], [ 594596.21040592470672, 2338798.5937794377096 ], [ 594972.894779384834692, 2339720.146091882139444 ], [ 596054.546146177337505, 2339726.414763575419784 ], [ 596431.351277811219916, 2340648.026250102557242 ], [ 595349.721863247803412, 2340641.730263778474182 ], [ 596103.804152265074663, 2342484.994313584174961 ], [ 598266.977524549351074, 2342497.766819800715894 ], [ 597889.908948889584281, 2341576.064056433271617 ], [ 600053.135877827880904, 2341589.066060124896467 ], [ 599676.25386801653076, 2340667.340451376046985 ], [ 600757.892935672891326, 2340673.920602259691805 ], [ 599628.168739664833993, 2337908.85352533031255 ], [ 598546.463940456858836, 2337902.355563326738775 ], [ 598170.152673486038111, 2336980.757806910201907 ], [ 599251.879370240028948, 2336987.22843238664791 ], [ 598875.732686235336587, 2336065.635252600070089 ], [ 599957.483709921129048, 2336072.14947536541149 ], [ 601462.838980556232855, 2339758.823318553157151 ], [ 602544.504933930002153, 2339765.51807525055483 ], [ 602167.973995760199614, 2338843.774183986242861 ], [ 604331.357261587050743, 2338857.321762682404369 ], [ 603955.012737476383336, 2337935.55498008383438 ], [ 605036.730070389690809, 2337942.407750164158642 ], [ 605789.518046410521492, 2339786.028453646227717 ], [ 603626.173411609022878, 2339772.2838493604213 ], [ 604002.825124159338884, 2340694.087319274898618 ], [ 606166.126004004967399, 2340707.887027094140649 ], [ 606919.769845985225402, 2342551.700777660589665 ], [ 608001.380443931790069, 2342558.762480496428907 ], [ 608378.394439578405581, 2343480.745405262336135 ], [ 607296.805725412908942, 2343473.656018959823996 ], [ 607673.984240498393774, 2344395.643547105137259 ], [ 606592.420064620906487, 2344388.597607281059027 ], [ 606215.219650506041944, 2343466.637764646671712 ], [ 605133.636188246775419, 2343459.690641333349049 ], [ 605510.858510160120204, 2344381.62282637739554 ], [ 604429.299550512921996, 2344374.719203412532806 ], [ 604806.686441624769941, 2345296.655987840611488 ], [ 605888.22347821504809, 2345303.587270455434918 ], [ 606265.731089925626293, 2346225.5840057246387 ], [ 605184.21598287532106, 2346218.625033465214074 ], [ 605561.888171788305044, 2347140.626372453290969 ], [ 606643.381342819542624, 2347147.613064363133162 ], [ 607399.109762201318517, 2348991.768280600663275 ], [ 605236.21381522458978, 2348977.755134582519531 ], [ 605614.335896458243951, 2349899.825765082146972 ], [ 606695.760599649162032, 2349906.824471643194556 ], [ 607074.00335435802117, 2350828.955306264106184 ], [ 608155.408716487465426, 2350836.053177136462182 ], [ 607777.187923724297434, 2349913.894502692390233 ], [ 608858.617895255447365, 2349921.03585922671482 ], [ 608480.561680425191298, 2348998.881799446418881 ], [ 609562.016263907426037, 2349006.06661685090512 ], [ 609184.124607766512781, 2348083.91717162495479 ], [ 608102.64809284103103, 2348076.760189787484705 ], [ 607724.877134985057637, 2347154.670997974928468 ], [ 613132.396343373809941, 2347191.029326748568565 ], [ 613510.057763981982134, 2348113.257825565524399 ], [ 611347.085713408188894, 2348098.444951224140823 ], [ 612102.923960268031806, 2349942.88789184903726 ], [ 613184.364787311758846, 2349950.314560485072434 ], [ 613562.475901809171773, 2350872.612853087950498 ], [ 611399.640846490161493, 2350857.774914298672229 ], [ 611777.938415331882425, 2351780.049850726034492 ], [ 612859.332628375035711, 2351787.461123018525541 ], [ 613237.750864182016812, 2352709.796678496990353 ], [ 612156.378590994281694, 2352702.357394445687532 ], [ 612534.961370994453318, 2353624.697577866725624 ], [ 611453.61380632314831, 2353617.301692258100957 ], [ 611832.361149737494998, 2354539.646503760013729 ], [ 609669.718150182976387, 2354525.013045062310994 ], [ 610048.652061825850978, 2355447.334466467611492 ], [ 608967.356606634915806, 2355440.096945008262992 ], [ 609346.455135406460613, 2356362.422992519102991 ], [ 612590.283651588833891, 2356384.434182588942349 ], [ 612211.251098992768675, 2355462.023989712353796 ], [ 613292.554734037490562, 2355469.475993567612022 ], [ 612913.686752836103551, 2354547.070433420594782 ], [ 613995.01512686710339, 2354554.565831347368658 ], [ 615511.25474681169726, 2358244.497214080300182 ], [ 616592.49807722796686, 2358252.176782755181193 ], [ 616213.246261643129401, 2357329.616500516887754 ], [ 617294.514412296004593, 2357337.339402838144451 ], [ 618053.116690906812437, 2359182.549389804713428 ], [ 615890.671115300850943, 2359167.062140592839569 ], [ 616270.230064204195514, 2360089.659964609425515 ], [ 613026.648944955202751, 2360066.881481172516942 ], [ 613406.416492577292956, 2360989.427469281014055 ], [ 612325.250386822270229, 2360981.949711210560054 ], [ 611565.813846515258774, 2359136.946943083312362 ], [ 609403.401729134726338, 2359122.318977824877948 ], [ 610162.926406906219199, 2360967.209176372271031 ], [ 609081.768479744321667, 2360959.946397529449314 ], [ 609461.766798565047793, 2361882.412506735883653 ], [ 607299.503078182344325, 2361868.04571327380836 ], [ 607679.688169080531225, 2362790.48833788651973 ], [ 604436.378536416916177, 2362769.391579310409725 ], [ 603676.01841187896207, 2360924.707348482683301 ], [ 604757.163238057051785, 2360931.611848928034306 ] ], [ [ 607183.916247119312175, 2356348.106467619538307 ], [ 606102.650760139571503, 2356341.055482673924416 ], [ 605723.486176212085411, 2355418.813329082448035 ], [ 606804.773690363857895, 2355425.836377320345491 ], [ 607183.916247119312175, 2356348.106467619538307 ] ], [ [ 591828.435401122318581, 2345219.032747786957771 ], [ 589665.426411876454949, 2345207.092017446644604 ], [ 588910.179678440792486, 2343364.018869477324188 ], [ 591073.276823000400327, 2343375.850527293980122 ], [ 591828.435401122318581, 2345219.032747786957771 ] ], [ [ 592385.276764476671815, 2336028.038867653813213 ], [ 593467.013572754221968, 2336034.127680107485503 ], [ 593843.269800131209195, 2336955.58460539393127 ], [ 592761.554926973185502, 2336949.468625674489886 ], [ 592385.276764476671815, 2336028.038867653813213 ] ], [ [ 591303.542232148582116, 2336022.020953855011612 ], [ 590927.384858985198662, 2335100.650007637683302 ], [ 592009.141328778583556, 2335106.640811873134226 ], [ 592385.276764476671815, 2336028.038867653813213 ], [ 591303.542232148582116, 2336022.020953855011612 ] ], [ [ 593090.900065690279007, 2335112.70248689642176 ], [ 594172.661096383933909, 2335118.835033561103046 ], [ 594548.752683635102585, 2336040.287392073776573 ], [ 593467.013572754221968, 2336034.127680107485503 ], [ 593090.900065690279007, 2335112.70248689642176 ] ], [ [ 597088.4283947449876, 2336974.358112370595336 ], [ 596712.237919813022017, 2336052.819518032949418 ], [ 597793.984098417684436, 2336059.191933792550117 ], [ 598170.152673486038111, 2336980.757806910201907 ], [ 597088.4283947449876, 2336974.358112370595336 ] ], [ [ 607624.509079933050089, 2341636.811840397305787 ], [ 608706.144203526666388, 2341643.916966857388616 ], [ 609082.993698985315859, 2342565.895288392901421 ], [ 608001.380443931790069, 2342558.762480496428907 ], [ 607624.509079933050089, 2341636.811840397305787 ] ], [ [ 616915.427130403695628, 2356414.783764704596251 ], [ 617996.720103861414827, 2356422.549976019188762 ], [ 617617.79733645892702, 2355499.998981811571866 ], [ 615455.170369726838544, 2355484.594490989577025 ], [ 615076.346298377262428, 2354562.132698594592512 ], [ 617239.01713999256026, 2354577.480845328420401 ], [ 616860.379516959539615, 2353654.995534024666995 ], [ 617941.741158009739593, 2353662.748631830327213 ], [ 618320.356863182620145, 2354585.262126975692809 ], [ 619401.699490015627816, 2354593.114882269874215 ], [ 619023.105693978723139, 2353670.573175312485546 ], [ 620104.473151413607411, 2353678.469165571499616 ], [ 620483.045047035091557, 2354601.039112314581871 ], [ 622645.745057806372643, 2354617.102001133840531 ], [ 623782.184656707802787, 2357385.179518111050129 ], [ 621619.616047831485048, 2357368.946576756890863 ], [ 620861.759496638784185, 2355523.64197469688952 ], [ 619780.435846519656479, 2355515.689474711194634 ], [ 620159.314760995330289, 2356438.296985210385174 ], [ 619078.01597188168671, 2356430.387715819757432 ], [ 619457.059370429604314, 2357352.999874660745263 ], [ 617294.514412296004593, 2357337.339402838144451 ], [ 616915.427130403695628, 2356414.783764704596251 ] ], [ [ 614697.664813424693421, 2353639.703671081922948 ], [ 613940.729612652095966, 2351794.943780776578933 ], [ 615022.129394717980176, 2351802.497825053520501 ], [ 615400.503777053207159, 2352724.889487902633846 ], [ 616481.88446984172333, 2352732.543015383649617 ], [ 616860.379516959539615, 2353654.995534024666995 ], [ 614697.664813424693421, 2353639.703671081922948 ] ], [ [ 624863.473501762375236, 2357393.403331361245364 ], [ 625242.549871577066369, 2358316.190385696012527 ], [ 624161.282926750485785, 2358307.938127985689789 ], [ 623782.184656707802787, 2357385.179518111050129 ], [ 624863.473501762375236, 2357393.403331361245364 ] ], [ [ 615568.757068179198541, 2361004.597971988841891 ], [ 616328.631861395086162, 2362849.901744003873318 ], [ 618490.895751691074111, 2362865.472273283172399 ], [ 618110.931078910711221, 2361942.747189064044505 ], [ 619192.089358490775339, 2361950.611636536661536 ], [ 618812.28923933475744, 2361027.891208564396948 ], [ 619893.472417794284411, 2361035.798953788820654 ], [ 619513.836833061766811, 2360113.083181883674115 ], [ 621676.255948848905973, 2360129.056860155891627 ], [ 622055.847615836071782, 2361051.829450452700257 ], [ 620974.658534460701048, 2361043.778367377351969 ], [ 621734.31342346733436, 2362889.365985722281039 ], [ 620653.171252710977569, 2362881.329690954647958 ], [ 621413.440291587845422, 2364726.992904251907021 ], [ 620332.345065776724368, 2364718.971387481782585 ], [ 620712.715409817290492, 2365641.824236032553017 ], [ 619631.645143734291196, 2365633.846007799729705 ], [ 618871.002988421125337, 2363788.230415970552713 ], [ 617789.89161404967308, 2363780.380888774059713 ], [ 618170.163427581661381, 2364703.143690336495638 ], [ 617089.076962241553701, 2364695.337507733609527 ], [ 616708.783124614972621, 2363772.603110544849187 ], [ 614546.574694607057609, 2363757.262796621769667 ], [ 613406.416492577292956, 2360989.427469281014055 ], [ 615568.757068179198541, 2361004.597971988841891 ] ], [ [ 617731.108972580055706, 2361020.055130590219051 ], [ 617351.429435191210359, 2360097.39606515923515 ], [ 618432.631682641571388, 2360105.203803883865476 ], [ 618812.28923933475744, 2361027.891208564396948 ], [ 617731.108972580055706, 2361020.055130590219051 ] ], [ [ 622494.538490513572469, 2364735.086201321799308 ], [ 622874.864834556239657, 2365657.996115101501346 ], [ 621793.788631265982985, 2365649.874271422624588 ], [ 621413.440291587845422, 2364726.992904251907021 ], [ 622494.538490513572469, 2364735.086201321799308 ] ], [ [ 601573.552359854336828, 2363671.247262268327177 ], [ 603735.696636225911789, 2363684.865802900865674 ], [ 604116.255447070114315, 2364607.261528247967362 ], [ 605197.309253535000607, 2364614.206470343284309 ], [ 605577.988578056450933, 2365536.662994870450348 ], [ 603415.927795291412622, 2365522.788703545928001 ], [ 603035.204190078307875, 2364600.388349600601941 ], [ 601954.155456085223705, 2364593.586933434009552 ], [ 601573.552359854336828, 2363671.247262268327177 ] ], [ [ 602460.592143446556292, 2371037.09951705345884 ], [ 603541.480576294125058, 2371043.9539606240578 ], [ 603923.24711051711347, 2371966.527432614006102 ], [ 602842.380894202622585, 2371959.644789171870798 ], [ 602460.592143446556292, 2371037.09951705345884 ] ], [ [ 590824.901123667368665, 2366367.671101388987154 ], [ 591905.87934352690354, 2366373.738694518338889 ], [ 592668.528519469196908, 2368218.087492938153446 ], [ 591587.5948339716997, 2368211.964275382459164 ], [ 590824.901123667368665, 2366367.671101388987154 ] ], [ [ 628660.650506355101243, 2366622.768964422866702 ], [ 629741.723206758731976, 2366631.350427159573883 ], [ 630502.824793680920266, 2368477.681270698551089 ], [ 628340.77039805916138, 2368460.475082596763968 ], [ 627960.104423649492674, 2367537.350496304687113 ], [ 629041.152009619167075, 2367545.888863021973521 ], [ 628660.650506355101243, 2366622.768964422866702 ] ], [ [ 583258.114349271520041, 2366327.208510555326939 ], [ 584339.077563206199557, 2366332.773469145875424 ], [ 584720.486825862899423, 2367254.737657197751105 ], [ 583639.545938235358335, 2367249.145096622407436 ], [ 583258.114349271520041, 2366327.208510555326939 ] ], [ [ 630442.483972932095639, 2365716.859750252682716 ], [ 631523.584984014974907, 2365725.556102249305695 ], [ 632284.313821787713096, 2367571.93519601970911 ], [ 631203.25668222643435, 2367563.181211662944406 ], [ 630442.483972932095639, 2365716.859750252682716 ] ], [ [ 601893.889320971444249, 2361833.383175428491086 ], [ 602975.006973389303312, 2361840.17232169630006 ], [ 603355.280477497377433, 2362762.502744901925325 ], [ 602274.184950415976346, 2362755.685618094168603 ], [ 601893.889320971444249, 2361833.383175428491086 ] ], [ [ 624597.925092887948267, 2361991.009324808605015 ], [ 623516.751946153352037, 2361982.786389924585819 ], [ 622757.469967228244059, 2360137.151162677444518 ], [ 624919.907057511154562, 2360153.554700190201402 ], [ 625299.432913241442293, 2361076.412727987859398 ], [ 624218.234778722980991, 2361068.146629609167576 ], [ 624597.925092887948267, 2361991.009324808605015 ] ], [ [ 624540.523727849358693, 2359230.729844437912107 ], [ 625621.768765963730402, 2359239.010576826520264 ], [ 626001.130182429682463, 2360161.863937491551042 ], [ 624919.907057511154562, 2360153.554700190201402 ], [ 624540.523727849358693, 2359230.729844437912107 ] ], [ [ 626380.634118480375037, 2361084.750500448979437 ], [ 627461.838420943240635, 2361093.159948165994138 ], [ 627841.462956616189331, 2362016.108339632861316 ], [ 626760.280571621726267, 2362007.670298489741981 ], [ 626380.634118480375037, 2361084.750500448979437 ] ], [ [ 628543.045847133616917, 2361101.64107232214883 ], [ 629624.256423554266803, 2361110.1938741132617 ], [ 630003.837150346138515, 2362033.199536463245749 ], [ 628922.6484740258893, 2362024.618085224647075 ], [ 628543.045847133616917, 2361101.64107232214883 ] ], [ [ 626703.016883914242499, 2359247.362928468268365 ], [ 628865.522465381072834, 2359264.282494222745299 ], [ 629244.81819440133404, 2360187.221537644974887 ], [ 627082.356395876966417, 2360170.244822045788169 ], [ 626703.016883914242499, 2359247.362928468268365 ] ], [ [ 644003.427265886217356, 2359390.741763703059405 ], [ 642922.126264336984605, 2359381.24333719862625 ], [ 643301.138248190516606, 2360304.55658726207912 ], [ 642219.862525524804369, 2360295.100846639368683 ], [ 641461.937433040933684, 2358448.565876580309123 ], [ 643624.579459995613433, 2358467.433215973433107 ], [ 644003.427265886217356, 2359390.741763703059405 ] ], [ [ 593507.232657876214944, 2357183.96300306590274 ], [ 594588.446523289545439, 2357190.183478540275246 ], [ 594968.139407097594813, 2358112.184656576253474 ], [ 593886.947687693638727, 2358105.936518975533545 ], [ 593507.232657876214944, 2357183.96300306590274 ] ], [ [ 626647.170324392151088, 2356487.254786048084497 ], [ 627728.490304040489718, 2356495.664794329553843 ], [ 628486.36923898733221, 2358341.376711045391858 ], [ 626323.819887545076199, 2358324.514234659262002 ], [ 625944.765409263432957, 2357401.698707867413759 ], [ 627026.060405738651752, 2357410.065648798365146 ], [ 626647.170324392151088, 2356487.254786048084497 ] ], [ [ 633135.137733176816255, 2356538.787941552232951 ], [ 634216.476910914178006, 2356547.627200663555413 ], [ 634595.214100577286445, 2357470.638139464426786 ], [ 633513.896738530136645, 2357461.770214000251144 ], [ 633135.137733176816255, 2356538.787941552232951 ] ], [ [ 630593.808977161883377, 2355598.432285439223051 ], [ 631675.163475912762806, 2355607.099875967949629 ], [ 632053.801821453729644, 2356530.020227300003171 ], [ 628809.813417039578781, 2356504.146341395564377 ], [ 628052.548221015138552, 2354658.510110709816217 ], [ 630215.291298233903944, 2354675.573734049219638 ], [ 630593.808977161883377, 2355598.432285439223051 ] ], [ [ 597396.334745599306189, 2353527.655787746887654 ], [ 598477.648817598354071, 2353534.123040399514139 ], [ 598856.6603847455699, 2354456.133501981850713 ], [ 597775.368388636736199, 2354449.63856827840209 ], [ 597396.334745599306189, 2353527.655787746887654 ] ], [ [ 599180.118486186605878, 2352618.655860802158713 ], [ 600261.459470667527057, 2352625.23826273996383 ], [ 600640.284239402739331, 2353547.271829294972122 ], [ 599558.965306684724055, 2353540.661720608361065 ], [ 599180.118486186605878, 2352618.655860802158713 ] ], [ [ 615725.322113315924071, 2350887.736226154491305 ], [ 618969.612813307903707, 2350910.95649371528998 ], [ 619347.757032062858343, 2351833.427888792008162 ], [ 616103.532001132727601, 2351810.123256914783269 ], [ 615725.322113315924071, 2350887.736226154491305 ] ], [ [ 577822.287088849814609, 2347905.297162736300379 ], [ 574578.061916223727167, 2347890.239392183255404 ], [ 574199.606907547218725, 2346968.998337779659778 ], [ 575281.035629817983136, 2346973.919407859444618 ], [ 574902.745647085946985, 2346052.682897654362023 ], [ 577065.653027910855599, 2346062.684783695731312 ], [ 576687.550220326520503, 2345141.425880808848888 ], [ 577769.028898777673021, 2345146.506644688546658 ], [ 578525.333004240761511, 2346989.109924273565412 ], [ 577443.898651584167965, 2346983.975200398359448 ], [ 577822.287088849814609, 2347905.297162736300379 ] ], [ [ 608051.305388757144101, 2345317.663394246716052 ], [ 610214.397926431614906, 2345332.024269415996969 ], [ 609837.120562915690243, 2344409.94890750059858 ], [ 610918.692762665916234, 2344417.208330088295043 ], [ 611295.948246939922683, 2345339.311491291038692 ], [ 612377.50130402657669, 2345346.66990405973047 ], [ 612754.877522560185753, 2346268.833363676909357 ], [ 608428.769167706603184, 2346239.715592571068555 ], [ 608051.305388757144101, 2345317.663394246716052 ] ], [ [ 582420.939879622426815, 2343330.23066700482741 ], [ 583502.474622659850866, 2343335.684250114485621 ], [ 584257.942054669023491, 2345178.485691803041846 ], [ 583176.451504630269483, 2345172.977934524882585 ], [ 582420.939879622426815, 2343330.23066700482741 ] ], [ [ 597136.199877491453663, 2339732.754447166342288 ], [ 598217.855999954976141, 2339739.165143551304936 ], [ 598594.617253570817411, 2340660.831342998892069 ], [ 597512.983065710635856, 2340654.393276210408658 ], [ 597136.199877491453663, 2339732.754447166342288 ] ], [ [ 594924.9869847149821, 2336961.771512500010431 ], [ 596006.7065073705744, 2336968.029347864445299 ], [ 596759.559386708773673, 2338811.147537363693118 ], [ 595677.883718465222046, 2338804.835166392382234 ], [ 594924.9869847149821, 2336961.771512500010431 ] ], [ [ 587353.014299907139502, 2336919.952608025167137 ], [ 585189.613296422408894, 2336908.642663248814642 ], [ 585566.188021959271282, 2337829.914555653464049 ], [ 583402.839445128804073, 2337818.834373279009014 ], [ 583026.220685950829647, 2336897.616401544306427 ], [ 584107.915955382632092, 2336903.09407240524888 ], [ 583731.461993644130416, 2335981.880649548955262 ], [ 586976.626329279271886, 2335998.658268377650529 ], [ 587353.014299907139502, 2336919.952608025167137 ] ], [ [ 582649.744709435617551, 2335976.429895269684494 ], [ 582273.411518059670925, 2335055.27482279157266 ], [ 583355.150810563354753, 2335060.698690310120583 ], [ 583731.461993644130416, 2335981.880649548955262 ], [ 582649.744709435617551, 2335976.429895269684494 ] ], [ [ 586600.381117864162661, 2335077.395481817424297 ], [ 587682.128785751760006, 2335083.102811254095286 ], [ 588058.352024332853034, 2336004.392595947254449 ], [ 586976.626329279271886, 2335998.658268377650529 ], [ 586600.381117864162661, 2335077.395481817424297 ] ], [ [ 588763.878614130313508, 2335088.881008158437908 ], [ 589845.630629654624499, 2335094.730073344428092 ], [ 590221.809949116082862, 2336016.073937861714512 ], [ 589140.079888728214428, 2336010.197818835265934 ], [ 588763.878614130313508, 2335088.881008158437908 ] ], [ [ 595960.285075007588603, 2334209.837762315757573 ], [ 596336.190145741798915, 2335131.312745288480073 ], [ 595254.424447514000349, 2335125.038452733773738 ], [ 594878.497481080587022, 2334203.590660987887532 ], [ 595960.285075007588603, 2334209.837762315757573 ] ], [ [ 593796.712225438444875, 2334197.414405167102814 ], [ 593420.906073272577487, 2333276.025475125294179 ], [ 594502.713226940133609, 2333282.174597406759858 ], [ 594878.497481080587022, 2334203.590660987887532 ], [ 593796.712225438444875, 2334197.414405167102814 ] ], [ [ 587260.501027756137773, 2331403.929258814547211 ], [ 587636.13129259494599, 2332325.119935486000031 ], [ 589799.76916395011358, 2332336.72688603727147 ], [ 590175.498322410741821, 2333258.003005440346897 ], [ 588011.90431358688511, 2333246.342098166234791 ], [ 588387.820088257780299, 2334167.595778500195593 ], [ 582978.982408622279763, 2334139.548163034953177 ], [ 582602.956790298805572, 2333218.429036101326346 ], [ 583684.742116058245301, 2333223.870028138160706 ], [ 583308.88126380473841, 2332302.755444725509733 ], [ 586554.315611169557087, 2332319.422637704759836 ], [ 586178.66340828302782, 2331398.258867844939232 ], [ 587260.501027756137773, 2331403.929258814547211 ] ], [ [ 586885.013521545450203, 2330482.770036533009261 ], [ 587966.87521549849771, 2330488.484279477968812 ], [ 588342.340798992197961, 2331409.670406660065055 ], [ 587260.501027756137773, 2331403.929258814547211 ], [ 586885.013521545450203, 2330482.770036533009261 ] ], [ [ 589424.182748671853915, 2331415.482312192674726 ], [ 590506.026903475401923, 2331421.364976231474429 ], [ 590881.591407229541801, 2332342.636540445499122 ], [ 589799.76916395011358, 2332336.72688603727147 ], [ 589424.182748671853915, 2331415.482312192674726 ] ], [ [ 591257.298647679039277, 2333263.939679994713515 ], [ 591633.148622353910469, 2334185.274426565971226 ], [ 590551.370221582124941, 2334179.310702073387802 ], [ 590175.498322410741821, 2333258.003005440346897 ], [ 591257.298647679039277, 2333263.939679994713515 ] ], [ [ 576397.409546939656138, 2328592.781335283070803 ], [ 577479.296900947578251, 2328597.805825140792876 ], [ 577854.674479409004562, 2329518.688472048845142 ], [ 576772.809114972013049, 2329513.637387223076075 ], [ 576397.409546939656138, 2328592.781335283070803 ] ], [ [ 599704.550289666745812, 2319526.048483411315829 ], [ 600786.710776667227037, 2319532.568614040967077 ], [ 601160.114822972565889, 2320453.807958955876529 ], [ 600077.976040008477867, 2320447.260833716485649 ], [ 599704.550289666745812, 2319526.048483411315829 ] ], [ [ 576979.708232773235068, 2319405.388746874406934 ], [ 575897.595791381318122, 2319400.417405595071614 ], [ 575523.833155870204791, 2318479.822756588459015 ], [ 576605.967488808673806, 2318484.767745441757143 ], [ 576979.708232773235068, 2319405.388746874406934 ] ], [ [ 576232.369570482056588, 2317564.177610670216382 ], [ 577314.52767369535286, 2317569.166612382978201 ], [ 577688.103715843521059, 2318489.783097832929343 ], [ 576605.967488808673806, 2318484.767745441757143 ], [ 576232.369570482056588, 2317564.177610670216382 ] ], [ [ 610826.956254752352834, 2315001.724123711697757 ], [ 611909.256306047085673, 2315008.953026079107076 ], [ 612281.687548630288802, 2315930.359278601128608 ], [ 611199.409064211533405, 2315923.103194692637771 ], [ 610826.956254752352834, 2315001.724123711697757 ] ], [ [ 642925.604043206083588, 2314326.994024415966123 ], [ 643297.271176592679694, 2315249.168100584764034 ], [ 641132.492224286659621, 2315230.703373740427196 ], [ 640760.782460951246321, 2314308.585196156986058 ], [ 642925.604043206083588, 2314326.994024415966123 ] ], [ [ 639678.376909300102852, 2314299.486209864728153 ], [ 639306.788266204530373, 2313377.428422730416059 ], [ 640389.215139126987197, 2313386.499531363137066 ], [ 640760.782460951246321, 2314308.585196156986058 ], [ 639678.376909300102852, 2314299.486209864728153 ] ], [ [ 640017.790261242887937, 2312464.446347461547703 ], [ 641100.241915905382484, 2312473.559836757369339 ], [ 641471.645487560890615, 2313395.640896764118224 ], [ 640389.215139126987197, 2313386.499531363137066 ], [ 640017.790261242887937, 2312464.446347461547703 ] ], [ [ 607917.800318983965553, 2313144.922516656108201 ], [ 609000.138061199337244, 2313151.956696340814233 ], [ 609372.327188513474539, 2314073.245271369814873 ], [ 608290.011017568409443, 2314066.184025071561337 ], [ 607917.800318983965553, 2313144.922516656108201 ] ], [ [ 633894.705096131423488, 2313333.126686571165919 ], [ 634977.114993553841487, 2313341.846530392765999 ], [ 635348.789007213432342, 2314263.793087056372315 ], [ 634266.400473827845417, 2314255.045505639631301 ], [ 633894.705096131423488, 2313333.126686571165919 ] ], [ [ 617287.065098311635666, 2312289.28401685366407 ], [ 618369.449576373561285, 2312296.922957687173039 ], [ 618741.302379023865797, 2313218.424499112647027 ], [ 617658.939387642545626, 2313210.758269842714071 ], [ 617287.065098311635666, 2312289.28401685366407 ] ], [ [ 633523.152201408869587, 2312411.240170962177217 ], [ 631358.299583029700443, 2312394.066561833955348 ], [ 631729.895218538236804, 2313315.8977453825064 ], [ 630647.495184763218276, 2313307.388645579107106 ], [ 629904.403652153909206, 2311463.813709590118378 ], [ 633151.741792102111503, 2311489.385927026625723 ], [ 633523.152201408869587, 2312411.240170962177217 ] ], [ [ 627368.152916306979023, 2310525.432335502933711 ], [ 628450.6106901478488, 2310533.718329733237624 ], [ 628821.964075460215099, 2311455.430017936043441 ], [ 627739.527689054375514, 2311447.116514710243791 ], [ 627368.152916306979023, 2310525.432335502933711 ] ], [ [ 587657.693128499318846, 2308432.522303916048259 ], [ 588740.097602672874928, 2308438.230304837692529 ], [ 589483.926929604494944, 2310279.615175147540867 ], [ 587319.206933878362179, 2310268.163456846959889 ], [ 586947.177497171680443, 2309347.508444599341601 ], [ 588029.558103090035729, 2309353.172794966492802 ], [ 587657.693128499318846, 2308432.522303916048259 ] ], [ [ 586914.391466990928166, 2306591.314101789146662 ], [ 587996.839296713937074, 2306596.969300309196115 ], [ 588368.397070847335272, 2307517.584334900602698 ], [ 587285.970915649319068, 2307511.902749883476645 ], [ 586914.391466990928166, 2306591.314101789146662 ] ], [ [ 617564.880999274784699, 2304941.108206680044532 ], [ 618306.362138362484984, 2306783.74339884147048 ], [ 617223.843092106282711, 2306776.127493164967746 ], [ 616482.319111792836338, 2304933.546547431498766 ], [ 617564.880999274784699, 2304941.108206680044532 ] ], [ [ 615399.760112775955349, 2304926.054870809428394 ], [ 614658.763657808653079, 2303083.654541046824306 ], [ 615741.365489322575741, 2303091.09214476775378 ], [ 616482.319111792836338, 2304933.546547431498766 ], [ 615399.760112775955349, 2304926.054870809428394 ] ], [ [ 611040.626522848033346, 2302140.689255813136697 ], [ 612123.24133446905762, 2302147.89017692161724 ], [ 612864.038281088578515, 2303990.119527355767787 ], [ 610698.897173087927513, 2303975.679942512884736 ], [ 610328.384506260044873, 2303054.603372890502214 ], [ 611410.975121693918481, 2303061.761279984842986 ], [ 611040.626522848033346, 2302140.689255813136697 ] ], [ [ 612095.797368594328873, 2299391.972158746328205 ], [ 613178.481977322371677, 2299399.232155158184469 ], [ 613918.33760617300868, 2301241.380385945085436 ], [ 612835.695795196224935, 2301234.066607443615794 ], [ 612095.797368594328873, 2299391.972158746328205 ] ], [ [ 629419.103328422876075, 2299516.510381943546236 ], [ 631584.572148769162595, 2299533.334514999762177 ], [ 632323.702854138216935, 2301376.405591386836022 ], [ 631241.009329139254987, 2301367.903876523021609 ], [ 630871.351471900939941, 2300446.379744788166136 ], [ 629788.639939531101845, 2300437.975270602852106 ], [ 629419.103328422876075, 2299516.510381943546236 ] ], [ [ 621076.589754939777777, 2294861.680819405708462 ], [ 623242.233519994653761, 2294877.396195624023676 ], [ 623611.142529224860482, 2295798.593676628079265 ], [ 621445.541309192543849, 2295782.824254133272916 ], [ 621076.589754939777777, 2294861.680819405708462 ] ], [ [ 626122.01947894715704, 2293980.244821699801832 ], [ 627204.876518066041172, 2293988.388984215911478 ], [ 627942.382037511793897, 2295830.969100368209183 ], [ 626859.567459641140886, 2295822.770669245161116 ], [ 626122.01947894715704, 2293980.244821699801832 ] ], [ [ 623587.712119702948257, 2293043.004131178371608 ], [ 624670.584154443233274, 2293050.981937098316848 ], [ 625407.889535000198521, 2294893.390316588338464 ], [ 624325.059982796316035, 2294885.358412450645119 ], [ 623587.712119702948257, 2293043.004131178371608 ] ], [ [ 621421.977239987812936, 2293027.257412428967655 ], [ 622504.843157192924991, 2293035.095956661738455 ], [ 622873.467061843140982, 2293956.230299379210919 ], [ 621790.62239982758183, 2293948.364776573143899 ], [ 621421.977239987812936, 2293027.257412428967655 ] ], [ [ 625016.766518690506928, 2291216.693282253108919 ], [ 626099.687200843938626, 2291224.756261344067752 ], [ 626836.337548316107132, 2293067.146447673905641 ], [ 625753.459288339363411, 2293059.029375550802797 ], [ 625016.766518690506928, 2291216.693282253108919 ] ], [ [ 622482.759451659279875, 2290279.70926811452955 ], [ 623565.695161363808438, 2290287.606146059930325 ], [ 624302.145277297939174, 2292129.825134201906621 ], [ 622136.361808460205793, 2292113.993136262986809 ], [ 621768.023018065607175, 2291192.921807004138827 ], [ 622850.934454236878082, 2291200.77605620957911 ], [ 622482.759451659279875, 2290279.70926811452955 ] ], [ [ 613451.178732688422315, 2289298.216869414318353 ], [ 614534.112105794716626, 2289305.530703287571669 ], [ 614902.293276186217554, 2290226.378392708487809 ], [ 613819.381183889694512, 2290219.037864740472287 ], [ 613451.178732688422315, 2289298.216869414318353 ] ], [ [ 621031.773121958598495, 2289350.873497296590358 ], [ 621399.826788426027633, 2290271.881937724538147 ], [ 619233.970493603963405, 2290256.435915191657841 ], [ 618497.920805518282577, 2288414.557764489203691 ], [ 619580.889925601077266, 2288422.1923648128286 ], [ 619948.822249112650752, 2289343.142575022298843 ], [ 621031.773121958598495, 2289350.873497296590358 ] ], [ [ 617414.954633877496235, 2288406.99265256151557 ], [ 617047.122426854562946, 2287486.127302636392415 ], [ 615964.137934773927554, 2287478.658397537656128 ], [ 615596.427082294831052, 2286557.850986084435135 ], [ 617762.441441546427086, 2286572.804847055580467 ], [ 618497.920805518282577, 2288414.557764489203691 ], [ 617414.954633877496235, 2288406.99265256151557 ] ], [ [ 624280.643913907581009, 2289374.483379586599767 ], [ 623197.683927407721058, 2289366.543898469768465 ], [ 622829.815246010082774, 2288445.513107011094689 ], [ 623912.796429377049208, 2288453.42567182239145 ], [ 624280.643913907581009, 2289374.483379586599767 ] ], [ [ 621746.837118892814033, 2288437.67003497807309 ], [ 621379.08979353425093, 2287516.697527722455561 ], [ 622462.089119586162269, 2287524.513740578200668 ], [ 622829.815246010082774, 2288445.513107011094689 ], [ 621746.837118892814033, 2288437.67003497807309 ] ], [ [ 623177.529108109418303, 2286611.404587818775326 ], [ 624260.55573172098957, 2286619.332845553290099 ], [ 624995.780695947469212, 2288461.407730531413108 ], [ 623912.796429377049208, 2288453.42567182239145 ], [ 623177.529108109418303, 2286611.404587818775326 ] ], [ [ 625264.66856655315496, 2272854.380515288561583 ], [ 624181.306903610471636, 2272846.437918400857598 ], [ 623816.151957145426422, 2271925.782703559380025 ], [ 624899.534639712655917, 2271933.698711769655347 ], [ 625264.66856655315496, 2272854.380515288561583 ] ], [ [ 624534.543258973164484, 2271013.048009109683335 ], [ 625617.95006430381909, 2271021.006428379565477 ], [ 625982.920440480113029, 2271941.683718716725707 ], [ 624899.534639712655917, 2271933.698711769655347 ], [ 624534.543258973164484, 2271013.048009109683335 ] ], [ [ 626701.360006353119388, 2271029.033819572068751 ], [ 627784.773112180060707, 2271037.130183825269341 ], [ 628149.701504825497977, 2271957.860733360983431 ], [ 627066.309386499924585, 2271949.737725534010679 ], [ 626701.360006353119388, 2271029.033819572068751 ] ] ], [ [ [ 605567.559780374751426, 2325995.539564206730574 ], [ 605193.34316337457858, 2325074.055835275910795 ], [ 604111.30788308265619, 2325067.232138145714998 ], [ 604485.546225578174926, 2325988.68863874161616 ], [ 605567.559780374751426, 2325995.539564206730574 ] ] ], [ [ [ 599824.638878128374927, 2327798.229615129996091 ], [ 597660.731509807985276, 2327785.337235792074353 ], [ 598410.511734529398382, 2329628.092029374558479 ], [ 603820.080778489122167, 2329661.124833289533854 ], [ 603445.228295046836138, 2328739.595554492436349 ], [ 602363.287693000747822, 2328732.874830568674952 ], [ 601988.556100563611835, 2327811.404620931018144 ], [ 600906.596244229120202, 2327804.781789261382073 ], [ 601281.349616654100828, 2328726.224793015513569 ], [ 600199.414039310766384, 2328719.645440894644707 ], [ 599824.638878128374927, 2327798.229615129996091 ] ] ], [ [ [ 616471.017528762225993, 2331583.778772457502782 ], [ 615389.112446315819398, 2331576.197632286697626 ], [ 614264.779103284468874, 2328810.690757741220295 ], [ 612100.847240771865472, 2328795.906171151902527 ], [ 612475.525817258399911, 2329717.654562999494374 ], [ 610311.648443145910278, 2329703.097811696585268 ], [ 610686.513064812636003, 2330624.823303487151861 ], [ 609604.600204853457399, 2330617.623549293261021 ], [ 608480.369029005523771, 2327852.625472293701023 ], [ 609562.347064743982628, 2327859.742933461908251 ], [ 608813.616189328837208, 2326016.515983465593308 ], [ 606649.575941452989355, 2326002.461096161976457 ], [ 607023.91348535194993, 2326924.003940389025956 ], [ 605941.919047520379536, 2326917.055122482590377 ], [ 606691.06552240694873, 2328760.181854024529457 ], [ 604527.171449497807771, 2328746.386965735349804 ], [ 604902.002163980505429, 2329667.943535961676389 ], [ 607065.85272522084415, 2329681.793090834282339 ], [ 607440.782568330410868, 2330603.436284075025469 ], [ 608522.690048254677095, 2330610.49454315751791 ], [ 608897.740773489349522, 2331532.197159375529736 ], [ 607815.855049268342555, 2331525.111465584486723 ], [ 608191.070165574899875, 2332446.8186672241427 ], [ 611436.670160753652453, 2332468.37055181292817 ], [ 611061.520304834702983, 2331546.580872891005129 ], [ 614307.210209385259077, 2331568.687273298855871 ], [ 614682.294883415452205, 2332490.559680890757591 ], [ 613600.417183899087831, 2332483.092497865669429 ], [ 613975.666176959057339, 2333404.969502374064177 ], [ 616139.380962084396742, 2333420.029972394462675 ], [ 615764.175410468829796, 2332498.097671982832253 ], [ 616846.058791736257263, 2332505.706472206395119 ], [ 616471.017528762225993, 2331583.778772457502782 ] ] ], [ [ [ 611811.962630100082606, 2333390.192372184246778 ], [ 612893.813012083061039, 2333397.545520325191319 ], [ 612518.542285238625482, 2332475.696121854241937 ], [ 611436.670160753652453, 2332468.37055181292817 ], [ 611811.962630100082606, 2333390.192372184246778 ] ] ], [ [ [ 607860.110561181092635, 2334283.231939479708672 ], [ 607484.588397634099238, 2333361.488098097033799 ], [ 606402.751530018402264, 2333354.489104133099318 ], [ 606778.295486220624298, 2334276.205477226991206 ], [ 607860.110561181092635, 2334283.231939479708672 ] ] ], [ [ [ 611481.171295366133563, 2335226.595060030929744 ], [ 611105.571842361008748, 2334304.736470696981996 ], [ 610023.748712583677843, 2334297.497435208875686 ], [ 610399.369938518269919, 2335219.328442642930895 ], [ 609317.571302010328509, 2335212.132711938116699 ], [ 608941.928294413606636, 2334290.329258473124355 ], [ 607860.110561181092635, 2334283.231939479708672 ], [ 608611.582789158681408, 2336126.815912312828004 ], [ 611856.913360887905583, 2336148.485856908373535 ], [ 612232.798036454129033, 2337070.408893351443112 ], [ 613314.558592427056283, 2337077.801707691978663 ], [ 612938.695694040972739, 2336155.851001692470163 ], [ 615102.268734157783911, 2336170.79404235817492 ], [ 615478.088104337104596, 2337092.800171298906207 ], [ 616559.857113573467359, 2337100.405822680331767 ], [ 616935.797314338618889, 2338022.472096169833094 ], [ 618017.547445809934288, 2338030.176506598945707 ], [ 617265.853117058402859, 2336186.020758196245879 ], [ 616184.059494430897757, 2336178.371940347831696 ], [ 615808.404459375655279, 2335256.370417068246752 ], [ 614726.59195455594454, 2335248.820242595858872 ], [ 614351.05776800122112, 2334326.878739946521819 ], [ 613269.226343400892802, 2334319.427122029941529 ], [ 613644.782276721554808, 2335241.340958967804909 ], [ 611481.171295366133563, 2335226.595060030929744 ] ] ], [ [ [ 615524.700886989478022, 2339851.394793866667897 ], [ 615148.431980681722052, 2338929.319299896247685 ], [ 614066.712189991027117, 2338921.800056264735758 ], [ 614443.002884225570597, 2339843.847763039171696 ], [ 615524.700886989478022, 2339851.394793866667897 ] ] ], [ [ [ 601134.753022000775672, 2341595.67366711422801 ], [ 602216.372654799721204, 2341602.352345440071076 ], [ 602593.353492983849719, 2342524.164997165556997 ], [ 603674.953728645457886, 2342530.942289613652974 ], [ 604052.055312026292086, 2343452.814648040104657 ], [ 605133.636188246775419, 2343459.690641333349049 ], [ 604002.825124159338884, 2340694.087319274898618 ], [ 600757.892935672891326, 2340673.920602259691805 ], [ 601134.753022000775672, 2341595.67366711422801 ] ] ], [ [ [ 601134.753022000775672, 2341595.67366711422801 ], [ 600053.135877827880904, 2341589.066060124896467 ], [ 600430.160567153128795, 2342510.823711873497814 ], [ 601511.755781358690001, 2342517.458804900757968 ], [ 601134.753022000775672, 2341595.67366711422801 ] ] ], [ [ [ 601562.090687407180667, 2345276.289245421532542 ], [ 602695.304833948845044, 2348042.044320183806121 ], [ 603776.768332230625674, 2348048.844958771951497 ], [ 603021.19349949224852, 2346204.920726373326033 ], [ 605184.21598287532106, 2346218.625033465214074 ], [ 604806.686441624769941, 2345296.655987840611488 ], [ 602643.62007281917613, 2345283.006976285018027 ], [ 602266.189309249282815, 2344361.125427414663136 ], [ 604429.299550512921996, 2344374.719203412532806 ], [ 604052.055312026292086, 2343452.814648040104657 ], [ 600807.327933512278832, 2343432.613438636995852 ], [ 600430.160567153128795, 2342510.823711873497814 ], [ 598266.977524549351074, 2342497.766819800715894 ], [ 598644.188790205167606, 2343419.501598299480975 ], [ 597562.622871439554729, 2343413.05236512189731 ], [ 597939.998793955659494, 2344334.791728526819497 ], [ 599021.542743379366584, 2344341.268423949368298 ], [ 599399.039381587062962, 2345263.067328787408769 ], [ 601562.090687407180667, 2345276.289245421532542 ] ], [ [ 601184.637974424520507, 2344354.43527246452868 ], [ 600103.089128002058715, 2344347.816271619871259 ], [ 599725.757135360967368, 2343426.021955831442028 ], [ 600807.327933512278832, 2343432.613438636995852 ], [ 601184.637974424520507, 2344354.43527246452868 ] ] ], [ [ [ 603451.494246459566057, 2349886.042321491986513 ], [ 603073.328210378997028, 2348964.027170898392797 ], [ 601991.889219819800928, 2348957.270130007527769 ], [ 602370.077246513566934, 2349879.257582519669086 ], [ 603451.494246459566057, 2349886.042321491986513 ] ] ], [ [ [ 608912.278185781789944, 2352680.468012353871018 ], [ 608533.772138001862913, 2351758.244336243253201 ], [ 607452.388744300464168, 2351751.118595468811691 ], [ 607830.916766987997107, 2352673.314371583517641 ], [ 608912.278185781789944, 2352680.468012353871018 ] ] ], [ [ [ 610372.268977287691087, 2353609.977245922666043 ], [ 611453.61380632314831, 2353617.301692258100957 ], [ 610696.546946960384957, 2351772.709962852764875 ], [ 609615.158196702133864, 2351765.441458366811275 ], [ 610372.268977287691087, 2353609.977245922666043 ] ] ], [ [ [ 608209.587419934570789, 2353595.54266695631668 ], [ 607830.916766987997107, 2352673.314371583517641 ], [ 606749.557995412615128, 2352666.232139088679105 ], [ 607128.250638524070382, 2353588.432532291859388 ], [ 608209.587419934570789, 2353595.54266695631668 ] ] ], [ [ [ 606046.916486564325169, 2353581.393832833506167 ], [ 606425.773769345367327, 2354503.598843192216009 ], [ 607507.085915878182277, 2354510.665447009261698 ], [ 607128.250638524070382, 2353588.432532291859388 ], [ 606046.916486564325169, 2353581.393832833506167 ] ] ], [ [ [ 607886.063824991928414, 2355432.930915629025549 ], [ 608967.356606634915806, 2355440.096945008262992 ], [ 608588.400700645288453, 2354517.803513964172453 ], [ 607507.085915878182277, 2354510.665447009261698 ], [ 607886.063824991928414, 2355432.930915629025549 ] ] ], [ [ [ 612647.023994690622203, 2359144.368332515470684 ], [ 611888.201896213577129, 2357299.440423232037574 ], [ 610806.947731531574391, 2357292.075281599070877 ], [ 611565.813846515258774, 2359136.946943083312362 ], [ 612647.023994690622203, 2359144.368332515470684 ] ] ], [ [ [ 615368.700401608482935, 2368363.277070681098849 ], [ 614987.770088828285225, 2367440.495632271748036 ], [ 616068.781842066789977, 2367448.171633847057819 ], [ 615688.016182909952477, 2366525.394854822661728 ], [ 612444.923103250446729, 2366502.667568843346089 ], [ 612825.754998077289201, 2367425.359197550918907 ], [ 613906.761149652767926, 2367432.891487196553499 ], [ 614287.713547463528812, 2368355.644511830992997 ], [ 615368.700401608482935, 2368363.277070681098849 ] ] ], [ [ [ 617211.9342736575054, 2370216.700709026772529 ], [ 618292.882645467878319, 2370224.53406840423122 ], [ 617911.711342215887271, 2369301.629357044119388 ], [ 616830.740889945998788, 2369293.824528106488287 ], [ 617211.9342736575054, 2370216.700709026772529 ] ] ], [ [ [ 612570.27052683965303, 2372024.180085730738938 ], [ 614732.053373859962448, 2372039.313148932531476 ], [ 613969.106253242003731, 2370193.632275534328073 ], [ 615050.046103989239782, 2370201.249813679140061 ], [ 614668.808533077593893, 2369278.430609716102481 ], [ 612506.887396777397953, 2369263.324336768593639 ], [ 613269.593578895088285, 2371108.882092694286257 ], [ 612188.681407423922792, 2371101.380009018350393 ], [ 612570.27052683965303, 2372024.180085730738938 ] ] ], [ [ [ 616512.346817893674597, 2371131.820138916838914 ], [ 617593.27022721117828, 2371139.610089641530067 ], [ 617211.9342736575054, 2370216.700709026772529 ], [ 616130.988768646260723, 2370208.939291148912162 ], [ 616512.346817893674597, 2371131.820138916838914 ] ] ], [ [ [ 612188.681407423922792, 2371101.380009018350393 ], [ 611807.234887713217176, 2370178.613012945279479 ], [ 610726.303320042556152, 2370171.21128638740629 ], [ 611107.771979320677929, 2371093.949889441020787 ], [ 612188.681407423922792, 2371101.380009018350393 ] ] ], [ [ [ 616893.847440949175507, 2372054.734188891481608 ], [ 616512.346817893674597, 2371131.820138916838914 ], [ 615431.426257692161016, 2371124.102156572975218 ], [ 615812.948991680284962, 2372046.987671278882772 ], [ 616893.847440949175507, 2372054.734188891481608 ] ] ], [ [ [ 615113.740811795927584, 2372962.20333065232262 ], [ 616194.614303442998789, 2372969.906390702817589 ], [ 615812.948991680284962, 2372046.987671278882772 ], [ 614732.053373859962448, 2372039.313148932531476 ], [ 615113.740811795927584, 2372962.20333065232262 ] ] ], [ [ [ 615495.57083147065714, 2373885.126719603780657 ], [ 616259.65860599768348, 2375731.073251005727798 ], [ 615178.854371827910654, 2375723.35650132689625 ], [ 615561.134282496292144, 2376646.351078249979764 ], [ 617722.70127803622745, 2376661.913974662777036 ], [ 616576.422190469689667, 2373892.858347781468183 ], [ 615495.57083147065714, 2373885.126719603780657 ] ] ], [ [ [ 623575.883660153951496, 2380386.907788247335702 ], [ 623958.743408690090291, 2381310.242363404948264 ], [ 627200.819360165274702, 2381335.427177900914103 ], [ 627966.833585031912662, 2383182.371489226352423 ], [ 630128.144548011361621, 2383199.639163344632834 ], [ 628596.863034457084723, 2379505.653014536947012 ], [ 625354.6358722303994, 2379480.208629068918526 ], [ 624972.105431436328217, 2378556.883459341712296 ], [ 622810.591753372224048, 2378540.339477497618645 ], [ 623193.166440875618719, 2379463.606837347149849 ], [ 624273.899639797396958, 2379471.871620800346136 ], [ 624656.594724878203124, 2380395.201493169181049 ], [ 623575.883660153951496, 2380386.907788247335702 ] ] ], [ [ [ 605033.726294636027887, 2270881.589422283228487 ], [ 607200.43888716341462, 2270895.092591603286564 ], [ 606835.252921202802099, 2269974.894101565238088 ], [ 604668.498032136471011, 2269961.443072870373726 ], [ 605033.726294636027887, 2270881.589422283228487 ] ] ], [ [ [ 591315.987261283327825, 2271720.38165626488626 ], [ 590584.836442307103425, 2269880.731178367976099 ], [ 589501.494451563805342, 2269875.004984757397324 ], [ 590232.687825090019032, 2271714.60410087602213 ], [ 591315.987261283327825, 2271720.38165626488626 ] ] ], [ [ [ 603950.37394582782872, 2270874.941266338806599 ], [ 603585.124522105441429, 2269954.820945424493402 ], [ 602501.753598995041102, 2269948.267741324845701 ], [ 603232.437465105787851, 2271788.486873788759112 ], [ 605399.097223023534752, 2271801.766321376431733 ], [ 605033.726294636027887, 2270881.589422283228487 ], [ 603950.37394582782872, 2270874.941266338806599 ] ] ], [ [ [ 592047.70907331793569, 2273560.152952073607594 ], [ 591681.776794372592121, 2272640.252186766359955 ], [ 590598.498645238345489, 2272634.448907162528485 ], [ 590964.45221776177641, 2273554.323919353540987 ], [ 592047.70907331793569, 2273560.152952073607594 ] ] ], [ [ [ 592047.70907331793569, 2273560.152952073607594 ], [ 592413.78409570781514, 2274480.083982547279447 ], [ 593497.021956917946227, 2274486.007849301211536 ], [ 593130.968225917429663, 2273566.051008960232139 ], [ 592047.70907331793569, 2273560.152952073607594 ] ] ], [ [ [ 602163.011097400682047, 2274535.884758160915226 ], [ 603246.270926791825332, 2274542.43013187404722 ], [ 604344.714470702339895, 2277303.184910702053457 ], [ 605427.913223251001909, 2277309.87778424564749 ], [ 604695.517296476871707, 2275469.291651043575257 ], [ 605778.761102572781965, 2275476.001292605418712 ], [ 604681.3008081066655, 2272715.27350099850446 ], [ 603597.993414160329849, 2272708.642208319623023 ], [ 603963.692037345375866, 2273628.828095693141222 ], [ 601797.127384640392847, 2273615.72043639048934 ], [ 602163.011097400682047, 2274535.884758160915226 ] ] ], [ [ [ 595312.755229105823673, 2276332.057215670589358 ], [ 594946.437327215448022, 2275412.013800357468426 ], [ 593863.218422429985367, 2275405.995014123618603 ], [ 594229.55762004328426, 2276326.012533849105239 ], [ 595312.755229105823673, 2276332.057215670589358 ] ] ], [ [ [ 603627.972747924271971, 2278216.847910686861724 ], [ 603261.518320188042708, 2277296.56118161836639 ], [ 602178.324744690442458, 2277290.006596055347472 ], [ 602544.800420415238477, 2278210.267176581546664 ], [ 603627.972747924271971, 2278216.847910686861724 ] ] ], [ [ [ 596045.819199979538098, 2278172.235319727566093 ], [ 597128.976592647377402, 2278178.401044696569443 ], [ 596762.394546894123778, 2277258.270788895431906 ], [ 595679.215854164795019, 2277252.131045299116522 ], [ 596045.819199979538098, 2278172.235319727566093 ] ] ], [ [ [ 605077.723513721488416, 2279143.84142896393314 ], [ 604711.147659109556116, 2278223.49781618732959 ], [ 603627.972747924271971, 2278216.847910686861724 ], [ 603994.569848383078352, 2279137.165318043436855 ], [ 605077.723513721488416, 2279143.84142896393314 ] ] ], [ [ [ 606545.453545981668867, 2282825.523566331714392 ], [ 605811.303211912047118, 2280984.620899009052664 ], [ 604728.192057815962471, 2280977.892290182877332 ], [ 605462.384929194580764, 2282818.742343418300152 ], [ 606545.453545981668867, 2282825.523566331714392 ] ] ], [ [ [ 602580.569047885946929, 2283719.206909815780818 ], [ 603663.60856028017588, 2283725.806470195762813 ], [ 602929.045212527154945, 2281884.99996141390875 ], [ 601845.963097805040888, 2281878.452905972488225 ], [ 602580.569047885946929, 2283719.206909815780818 ] ] ], [ [ [ 600782.05730105470866, 2284626.586436512414366 ], [ 601517.604645495652221, 2286467.419992279727012 ], [ 603683.548050366574898, 2286480.56880666455254 ], [ 603315.745709114940837, 2285560.084014570340514 ], [ 604398.74259312346112, 2285566.736196217592806 ], [ 604031.104242274886928, 2284646.255915675777942 ], [ 602948.086040816036984, 2284639.630059210583568 ], [ 602580.569047885946929, 2283719.206909815780818 ], [ 601497.532090191962197, 2283712.676685281097889 ], [ 601865.070402733050287, 2284633.073566465638578 ], [ 600782.05730105470866, 2284626.586436512414366 ] ] ], [ [ [ 598983.783623937400989, 2285534.169194685295224 ], [ 598616.038599028484896, 2284613.820261316373944 ], [ 597533.032944738748483, 2284607.541214265394956 ], [ 597900.799330531270243, 2285527.863961802795529 ], [ 598983.783623937400989, 2285534.169194685295224 ] ] ], [ [ [ 599719.701768352650106, 2287374.95925309183076 ], [ 601885.592344265780412, 2287387.882968707475811 ], [ 601517.604645495652221, 2286467.419992279727012 ], [ 599351.671347852563486, 2286454.548848364967853 ], [ 599719.701768352650106, 2287374.95925309183076 ] ] ], [ [ [ 600087.874883012962528, 2288295.400439628399909 ], [ 599719.701768352650106, 2287374.95925309183076 ], [ 598636.760216250550002, 2287368.601561226882041 ], [ 599004.954711332451552, 2288289.016474585048854 ], [ 600087.874883012962528, 2288295.400439628399909 ] ] ], [ [ [ 606262.159078498370945, 2292924.828369710128754 ], [ 605893.358094355557114, 2292004.126856844406575 ], [ 609141.908538928837515, 2292024.847442470025271 ], [ 609510.645440441556275, 2292945.628714397549629 ], [ 608427.81396680418402, 2292938.625649863854051 ], [ 609165.758393503143452, 2294780.228422948624939 ], [ 610248.54714318853803, 2294787.284803678281605 ], [ 610617.711939573404379, 2295708.159683133009821 ], [ 613866.030670193140395, 2295729.827143342234194 ], [ 613496.929937102016993, 2294808.871990506537259 ], [ 611331.338632409228012, 2294794.410857840441167 ], [ 609856.191150340484455, 2291111.116738057229668 ], [ 603358.969926505116746, 2291070.04358344944194 ], [ 603727.671006743446924, 2291990.661068661138415 ], [ 602644.83134478633292, 2291984.032552366144955 ], [ 603013.696489633992314, 2292904.65455719223246 ], [ 606262.159078498370945, 2292924.828369710128754 ] ] ], [ [ [ 612045.153425382915884, 2293880.709511395078152 ], [ 614210.793013609829359, 2293895.256455195136368 ], [ 613841.998826409573667, 2292974.337158814072609 ], [ 611676.316581296501681, 2292959.843697332311422 ], [ 612045.153425382915884, 2293880.709511395078152 ] ] ], [ [ [ 606631.102716219844297, 2293845.560966364573687 ], [ 604465.501171862939373, 2293831.989053250290453 ], [ 604834.630251893540844, 2294752.699614536017179 ], [ 607000.189005094929598, 2294766.32467780308798 ], [ 606631.102716219844297, 2293845.560966364573687 ] ] ], [ [ [ 610273.744795303442515, 2297542.866692646406591 ], [ 611356.469410243327729, 2297550.003267114982009 ], [ 610987.019362734514289, 2296629.065827241167426 ], [ 608821.530093292472884, 2296614.915927596855909 ], [ 608082.972356443176977, 2294773.241714653093368 ], [ 607000.189005094929598, 2294766.32467780308798 ], [ 607369.417942695086822, 2295687.119535048026592 ], [ 606286.658647895790637, 2295680.245550393126905 ], [ 606656.051636052434333, 2296601.044936954975128 ], [ 607738.789526597596705, 2296607.945569144561887 ], [ 608108.303754370426759, 2297528.802811165340245 ], [ 609191.022918978589587, 2297535.799874329939485 ], [ 609560.65837959991768, 2298456.715089377015829 ], [ 610643.358855997445062, 2298463.80866960529238 ], [ 610273.744795303442515, 2297542.866692646406591 ] ] ], [ [ [ 618961.697366151027381, 2300357.772559589706361 ], [ 617879.019792469567619, 2300350.136466613505036 ], [ 618248.933388903387822, 2301271.334209037479013 ], [ 617166.280108652659692, 2301263.740944792982191 ], [ 617536.357658819993958, 2302184.943238938227296 ], [ 619701.624414326623082, 2302200.253763041924685 ], [ 619331.589603657252155, 2301278.997347378637642 ], [ 621496.910944166127592, 2301294.533250693697482 ], [ 621127.061398649821058, 2300373.254288349300623 ], [ 620044.37789258453995, 2300365.478499805089086 ], [ 618935.620655181119218, 2297601.912546700332314 ], [ 617852.876116883708164, 2297594.287650345824659 ], [ 618961.697366151027381, 2300357.772559589706361 ] ] ], [ [ [ 602780.237562404712662, 2305762.537790061440319 ], [ 602038.440414333017543, 2303920.719504513777792 ], [ 599873.35206878837198, 2303907.678831500466913 ], [ 600615.235376886092126, 2305749.390360603574663 ], [ 602780.237562404712662, 2305762.537790061440319 ] ] ], [ [ [ 621924.827178640640341, 2307728.458199866116047 ], [ 621553.936980045982637, 2306807.011357679497451 ], [ 620471.409055491676554, 2306799.185330007225275 ], [ 620842.320658555603586, 2307720.604920982383192 ], [ 621924.827178640640341, 2307728.458199866116047 ] ] ], [ [ [ 615901.048963328124955, 2316874.06922197015956 ], [ 615528.539776578778401, 2315952.549390946514904 ], [ 614446.252878032624722, 2315945.082375688478351 ], [ 614818.783612111001275, 2316866.574911809060723 ], [ 615901.048963328124955, 2316874.06922197015956 ] ] ], [ [ [ 607615.828629657509737, 2317737.418101627379656 ], [ 607243.004178804927506, 2316816.084186578635126 ], [ 606160.760799194569699, 2316809.152563017793 ], [ 606533.606873438693583, 2317730.459376960992813 ], [ 607615.828629657509737, 2317737.418101627379656 ] ] ], [ [ [ 617355.947413317509927, 2317803.212954019196332 ], [ 616983.317181489081122, 2316881.633872616104782 ], [ 615901.048963328124955, 2316874.06922197015956 ], [ 616273.700740315834992, 2317795.62095094146207 ], [ 617355.947413317509927, 2317803.212954019196332 ] ] ], [ [ [ 617728.720226445584558, 2318724.82399463141337 ], [ 613399.836939710308798, 2318694.768828124273568 ], [ 613772.838616351946257, 2319616.302380673587322 ], [ 612690.64646441838704, 2319608.937274768017232 ], [ 613437.12082764680963, 2321452.045435204636306 ], [ 614519.269774353364483, 2321459.465229806024581 ], [ 614892.699250808334909, 2322381.094589803833514 ], [ 613810.571916459710337, 2322373.647406379226595 ], [ 614557.90189622156322, 2324216.947289300151169 ], [ 616722.072932609822601, 2324232.02195029752329 ], [ 616348.379885207396001, 2323310.30108386836946 ], [ 617430.49132227175869, 2323317.916752607095987 ], [ 617056.962462441064417, 2322396.200472531374544 ], [ 615974.829423887422308, 2322388.612278167158365 ], [ 614855.033580959541723, 2319623.737907709553838 ], [ 618101.635618422995321, 2319646.467026153579354 ], [ 617728.720226445584558, 2318724.82399463141337 ] ] ], [ [ [ 624631.976212031091563, 2322451.292092376854271 ], [ 625714.133137142169289, 2322459.44437416177243 ], [ 625340.919307487667538, 2321537.539588716812432 ], [ 624258.740856621065177, 2321529.414975306484848 ], [ 624631.976212031091563, 2322451.292092376854271 ] ] ], [ [ [ 617804.162761688232422, 2324239.665123097598553 ], [ 618886.255500333383679, 2324247.378858867101371 ], [ 618512.605660228757188, 2323325.602956366259605 ], [ 617430.49132227175869, 2323317.916752607095987 ], [ 617804.162761688232422, 2324239.665123097598553 ] ] ], [ [ [ 619930.057493542786688, 2321497.621379139833152 ], [ 620676.843145763152279, 2323341.186973296105862 ], [ 619594.722925813286565, 2323333.359696230851114 ], [ 620342.121988876140676, 2325176.998802808113396 ], [ 621424.199038368300535, 2325184.881285420618951 ], [ 621050.449813244398683, 2324263.018023681361228 ], [ 622132.551440975978039, 2324270.943454933352768 ], [ 622506.279086280032061, 2325192.834362263325602 ], [ 623588.362159335752949, 2325200.85803445847705 ], [ 623962.210775663726963, 2326122.808918038848788 ], [ 625044.275331571232527, 2326130.930917971301824 ], [ 625418.244912120047957, 2327052.941897191107273 ], [ 626500.290988388704136, 2327061.1623116992414 ], [ 625005.354103997000493, 2323373.201475819107145 ], [ 623923.221799197839573, 2323365.092038798611611 ], [ 624296.76377265562769, 2324287.006020726170391 ], [ 623214.656085202936083, 2324278.939453572500497 ], [ 622094.393140505184419, 2321513.377207988873124 ], [ 619930.057493542786688, 2321497.621379139833152 ] ] ], [ [ [ 622880.14928027393762, 2326114.757542563602328 ], [ 623254.162020504008979, 2327036.713027770165354 ], [ 624336.201931731426157, 2327044.792136264499277 ], [ 623962.210775663726963, 2326122.808918038848788 ], [ 622880.14928027393762, 2326114.757542563602328 ] ] ], [ [ [ 629372.56469481671229, 2326164.125185362994671 ], [ 628290.487629617098719, 2326155.720676033757627 ], [ 629038.439952529617585, 2327999.942021844908595 ], [ 631202.51111731340643, 2328016.933278022799641 ], [ 630828.506786578800529, 2327094.750528915785253 ], [ 629746.448059628601186, 2327086.247488373890519 ], [ 629372.56469481671229, 2326164.125185362994671 ] ] ], [ [ [ 625792.357023458345793, 2327974.985272781923413 ], [ 625418.244912120047957, 2327052.941897191107273 ], [ 624336.201931731426157, 2327044.792136264499277 ], [ 624710.335625083767809, 2327966.807721108198166 ], [ 625792.357023458345793, 2327974.985272781923413 ] ] ], [ [ [ 630578.88226484018378, 2334447.157169029116631 ], [ 632742.644944529281929, 2334464.399164604954422 ], [ 632367.621610124246217, 2333542.015838825143874 ], [ 633449.52942849334795, 2333550.715020018164068 ], [ 633074.670159541768953, 2332628.336325129959732 ], [ 634156.602836893987842, 2332637.078224260825664 ], [ 633407.354871132993139, 2330792.362830899655819 ], [ 635571.316362354205921, 2330809.946577308699489 ], [ 635196.949174920329824, 2329887.581771813798696 ], [ 636278.956447133561596, 2329896.451675088144839 ], [ 635530.692517470102757, 2328051.764049968216568 ], [ 637694.803180242190138, 2328069.60358540341258 ], [ 638068.820915205636993, 2328991.987262719776481 ], [ 636986.785391795332544, 2328983.004019645042717 ], [ 637735.291229542228393, 2330827.813424529507756 ], [ 636653.302110603894107, 2330818.844612691085786 ], [ 637027.790236555505544, 2331741.270343276672065 ], [ 635945.826018765801564, 2331732.344145957380533 ], [ 636695.27272870845627, 2333577.237701674923301 ], [ 639941.046356842038222, 2333604.398116752505302 ], [ 639566.316374460235238, 2332681.850176074076444 ], [ 640648.26929892715998, 2332691.017066514585167 ], [ 639899.279686264693737, 2330845.96338265016675 ], [ 642063.281946092145517, 2330864.396461917553097 ], [ 641689.043773740762845, 2329941.862443391699344 ], [ 642771.071619086782448, 2329951.156856411602348 ], [ 643145.288318916107528, 2330873.719175226986408 ], [ 645309.311683867243119, 2330892.576955776661634 ], [ 644187.217583821853623, 2328124.818910922389477 ], [ 643105.139775802497752, 2328115.439607549924403 ], [ 642731.371805623406544, 2327192.947772095445544 ], [ 641649.276085061021149, 2327183.667409003246576 ], [ 641275.629103718558326, 2326261.236655361484736 ], [ 642357.746262245229445, 2326270.488809347618371 ], [ 641984.263148116646335, 2325348.062687092460692 ], [ 645230.700062653282657, 2325376.158319929614663 ], [ 644111.29793253983371, 2322608.823091104626656 ], [ 643029.084565065451898, 2322599.471872555557638 ], [ 643775.253015493741259, 2324444.27279229555279 ], [ 640528.762450738693587, 2324416.473548060283065 ], [ 640902.124558127485216, 2325338.838712439872324 ], [ 638737.857790046138689, 2325320.602609745692462 ], [ 639858.927436418365687, 2328087.72590052569285 ], [ 638776.86359579814598, 2328078.629394867923111 ], [ 638029.298449819209054, 2326233.904052236117423 ], [ 634782.998467209399678, 2326207.207210454624146 ], [ 634409.365152987185866, 2325284.977754957508296 ], [ 632245.138856328791007, 2325267.588982743211091 ], [ 632618.815162078477442, 2326189.76249989354983 ], [ 631536.728434323566034, 2326181.146096092183143 ], [ 631163.030619911151007, 2325259.000506108161062 ], [ 630080.925622463109903, 2325250.482634167186916 ], [ 630828.506786578800529, 2327094.750528915785253 ], [ 631910.568742991075851, 2327103.324228943325579 ], [ 632658.676833279314451, 2328947.778251570649445 ], [ 631576.657943896017969, 2328939.14860439253971 ], [ 632699.953374146018177, 2331705.990368327125907 ], [ 631618.002406554296613, 2331697.347376426681876 ], [ 631992.740763312089257, 2332619.66525350837037 ], [ 630910.814621523953974, 2332611.065008171834052 ], [ 630161.437247062567621, 2330766.518003639765084 ], [ 631243.406542311422527, 2330775.062175377272069 ], [ 630868.953173038200475, 2329852.809618185274303 ], [ 629786.962310805451125, 2329844.293438510969281 ], [ 629038.439952529617585, 2327999.942021844908595 ], [ 626874.381526350858621, 2327983.233506018295884 ], [ 627248.614586148178205, 2328905.337158497888595 ], [ 625084.611853266367689, 2328888.855704572517425 ], [ 625459.030613817973062, 2329810.936118683312088 ], [ 626541.008828673046082, 2329819.169341173954308 ], [ 626915.548517634742893, 2330741.310098081361502 ], [ 627997.508261420414783, 2330749.641966182272881 ], [ 627622.990165324183181, 2329827.473301192279905 ], [ 628704.974650468444452, 2329835.847999910824001 ], [ 629828.891707493923604, 2332602.535587906837463 ], [ 628746.971994536346756, 2332594.076991510111839 ], [ 628372.168871975038201, 2331671.84318557754159 ], [ 627290.230727551388554, 2331663.483379579614848 ], [ 627665.055455968249589, 2332585.689217787701637 ], [ 625501.231795276515186, 2332569.12613364122808 ], [ 624751.638394669862464, 2330724.85865725344047 ], [ 623669.687962103518657, 2330716.73908220557496 ], [ 622920.621466190903448, 2328872.657084201462567 ], [ 624002.615129854530096, 2328880.721040768083185 ], [ 623254.162020504008979, 2327036.713027770165354 ], [ 622172.125151724554598, 2327028.704570567235351 ], [ 621798.090818678843789, 2326106.776790409348905 ], [ 618551.933369463426061, 2326083.25826265476644 ], [ 618926.032532908953726, 2327005.103095451369882 ], [ 617844.007566761574708, 2326997.377232208848 ], [ 617469.886775843217038, 2326075.55999261746183 ], [ 615305.802262457320467, 2326060.375304827932268 ], [ 615679.966334362979978, 2326982.137441858183593 ], [ 613515.936523733311333, 2326967.180225866381079 ], [ 613141.729136081878096, 2326045.473079622257501 ], [ 614223.764289254089817, 2326052.888884931337088 ], [ 613849.721162024303339, 2325131.186324330512434 ], [ 612767.664353124797344, 2325123.797970723360777 ], [ 611646.325656992616132, 2322358.96455015335232 ], [ 613810.571916459710337, 2322373.647406379226595 ], [ 613437.12082764680963, 2321452.045435204636306 ], [ 612354.974684239714406, 2321444.696116556413472 ], [ 611981.644584854715504, 2320523.15341448970139 ], [ 607653.000964011298493, 2320494.569924518465996 ], [ 607279.72695830068551, 2319573.168026140891016 ], [ 605115.377908017020673, 2319559.353238962590694 ], [ 605488.69522565335501, 2320480.700841246172786 ], [ 604406.546280855545774, 2320473.871961583849043 ], [ 604780.027925949543715, 2321395.224126792512834 ], [ 606944.285080509027466, 2321409.006626641843468 ], [ 607317.866026185452938, 2322330.44485137052834 ], [ 609482.090431544580497, 2322344.563701195176691 ], [ 610229.593562055029906, 2324187.644676125142723 ], [ 611311.666495098383166, 2324194.864493420813233 ], [ 612808.297502098372206, 2327881.519312808290124 ], [ 613890.286513619474135, 2327888.919441286474466 ], [ 614264.779103284468874, 2328810.690757741220295 ], [ 615346.749250312219374, 2328818.189096542075276 ], [ 616096.118849228369072, 2330661.883331243880093 ], [ 617178.048489867011085, 2330669.507595474366099 ], [ 617552.925483408849686, 2331591.4306948822923 ], [ 619716.750116053968668, 2331606.946890822146088 ], [ 619341.9164684364805, 2330684.968391163274646 ], [ 618259.981020705774426, 2330677.202615085989237 ], [ 617136.27051930653397, 2327911.543847430031747 ], [ 618218.270933938561939, 2327919.226659930311143 ], [ 618592.676874917466193, 2328841.108307698275894 ], [ 619674.658566636731848, 2328848.889446596149355 ], [ 619300.274266119697131, 2327926.980146121233702 ], [ 620382.28054255770985, 2327934.804307098966092 ], [ 620008.060434643062763, 2327012.899605523794889 ], [ 621090.091298676095903, 2327020.766763525083661 ], [ 622962.509273684816435, 2331630.752078952733427 ], [ 624044.435021952725947, 2331638.828717923723161 ], [ 624419.324619785998948, 2332560.950820880010724 ], [ 622255.51944511255715, 2332544.812648213468492 ], [ 622630.594880993361585, 2333466.911507235839963 ], [ 623712.474292247323319, 2333474.973042788915336 ], [ 624087.670612088404596, 2334397.13226107833907 ], [ 625169.531419551931322, 2334405.292556936386973 ], [ 625544.848616557428613, 2335327.512254321947694 ], [ 626626.690857725101523, 2335335.771397462114692 ], [ 627002.128925098571926, 2336258.051693848799914 ], [ 628083.952637439826503, 2336266.409771288745105 ], [ 627333.262316063395701, 2334421.825771700590849 ], [ 629497.005765817826614, 2334438.642491649836302 ], [ 629121.917626635869965, 2333516.343416139017791 ], [ 630203.815735873766243, 2333524.830038098152727 ], [ 630578.88226484018378, 2334447.157169029116631 ] ], [ [ 639150.859845542116091, 2329001.041228738147765 ], [ 639524.998543181573041, 2329923.485880586318672 ], [ 638442.981104562873952, 2329914.403728208038956 ], [ 638068.820915205636993, 2328991.987262719776481 ], [ 639150.859845542116091, 2329001.041228738147765 ] ], [ [ 638484.366891223471612, 2332672.754120694473386 ], [ 638109.757833618205041, 2331750.267345074564219 ], [ 639191.728836646070704, 2331759.335152621380985 ], [ 639566.316374460235238, 2332681.850176074076444 ], [ 638484.366891223471612, 2332672.754120694473386 ] ], [ [ 642023.065499704796821, 2328106.131005567498505 ], [ 642396.997345198993571, 2329028.627477285452187 ], [ 640232.902209515334107, 2329010.165918978396803 ], [ 639858.927436418365687, 2328087.72590052569285 ], [ 642023.065499704796821, 2328106.131005567498505 ] ], [ [ 624794.356753139873035, 2333483.105423174332827 ], [ 625876.24229034956079, 2333491.30864953994751 ], [ 626251.395311987609603, 2334413.523726756684482 ], [ 625169.531419551931322, 2334405.292556936386973 ], [ 624794.356753139873035, 2333483.105423174332827 ] ], [ [ 633366.595234395703301, 2328034.207284145522863 ], [ 634448.642216825974174, 2328042.950321478769183 ], [ 634822.724458927405067, 2328965.249697263818234 ], [ 633740.698996055056341, 2328956.478615451604128 ], [ 633366.595234395703301, 2328034.207284145522863 ] ] ], [ [ [ 619341.9164684364805, 2330684.968391163274646 ], [ 621505.796221336349845, 2330700.71221711114049 ], [ 621131.148438364383765, 2329778.710580910556018 ], [ 618967.225387235521339, 2329763.02220745338127 ], [ 619341.9164684364805, 2330684.968391163274646 ] ] ], [ [ [ 627290.230727551388554, 2331663.483379579614848 ], [ 626915.548517634742893, 2330741.310098081361502 ], [ 625833.591904283268377, 2330733.048995493445545 ], [ 626208.295722198439762, 2331655.19436708278954 ], [ 627290.230727551388554, 2331663.483379579614848 ] ] ], [ [ [ 617927.945053897681646, 2332513.386082633398473 ], [ 618303.107198865502141, 2333435.37379074562341 ], [ 617221.242635680478998, 2333427.666462491266429 ], [ 617596.569058133522049, 2334349.658775341231376 ], [ 619760.257698518689722, 2334365.199794380459934 ], [ 619009.834223637357354, 2332521.136504350230098 ], [ 617927.945053897681646, 2332513.386082633398473 ] ] ], [ [ [ 623005.812862921506166, 2334389.042838028632104 ], [ 621923.958145385026, 2334381.024286649655551 ], [ 622299.340348137659021, 2335303.160231960937381 ], [ 621217.510321474634111, 2335295.184689709916711 ], [ 620842.106432806467637, 2334373.076605807058513 ], [ 619760.257698518689722, 2334365.199794380459934 ], [ 620886.962127606500871, 2337131.537917206995189 ], [ 621968.745758645236492, 2337139.498318578116596 ], [ 621593.056764243869111, 2336217.325249916873872 ], [ 622674.865098498994485, 2336225.328683448024094 ], [ 623050.532394000561908, 2337147.52967327600345 ], [ 625214.114784271921962, 2337163.805247192271054 ], [ 624463.009469015407376, 2335319.324013127014041 ], [ 623381.173388428986073, 2335311.206672721076757 ], [ 623005.812862921506166, 2334389.042838028632104 ] ] ], [ [ [ 618723.403771870653145, 2337115.829969963058829 ], [ 619805.181474231882021, 2337123.648468039464206 ], [ 619053.859202382736839, 2335279.446296245791018 ], [ 617972.038056626799516, 2335271.683442812878639 ], [ 617596.569058133522049, 2334349.658775341231376 ], [ 616514.729098699288443, 2334341.994565536733717 ], [ 617265.853117058402859, 2336186.020758196245879 ], [ 618347.649628696264699, 2336193.740496983751655 ], [ 618723.403771870653145, 2337115.829969963058829 ] ] ], [ [ [ 615148.431980681722052, 2338929.319299896247685 ], [ 616230.15460655442439, 2338936.909545099362731 ], [ 615854.050062627298757, 2338014.838661507237703 ], [ 614772.305664028972387, 2338007.27620153548196 ], [ 615148.431980681722052, 2338929.319299896247685 ] ] ], [ [ [ 621968.745758645236492, 2337139.498318578116596 ], [ 622344.577302214689553, 2338061.70392786944285 ], [ 618017.547445809934288, 2338030.176506598945707 ], [ 618393.608470408827998, 2338952.303044515661895 ], [ 617311.880094250198454, 2338944.570792945567518 ], [ 617688.10545084043406, 2339866.701945165172219 ], [ 618769.81206519715488, 2339874.46206779545173 ], [ 619146.158227703301236, 2340796.653608634136617 ], [ 620227.84600626595784, 2340804.512692999094725 ], [ 619851.521603355417028, 2339882.293223202228546 ], [ 620933.23409194580745, 2339890.195412489585578 ], [ 621309.536743953241967, 2340812.442839212715626 ], [ 622391.230467396904714, 2340820.444048393052071 ], [ 621638.81119606574066, 2338975.925832522567362 ], [ 623802.294610561453737, 2338992.029396737460047 ], [ 623050.532394000561908, 2337147.52967327600345 ], [ 621968.745758645236492, 2337139.498318578116596 ] ] ], [ [ [ 634995.777052463963628, 2339999.388477113563567 ], [ 634619.898844236857258, 2339076.808030289132148 ], [ 632456.352332210866734, 2339059.284163628704846 ], [ 633208.337776992702857, 2340904.364856579340994 ], [ 634290.066101346747018, 2340913.147835071664304 ], [ 633914.023784346412867, 2339990.562742315698415 ], [ 634995.777052463963628, 2339999.388477113563567 ] ] ], [ [ [ 617359.323727450799197, 2341703.316877728328109 ], [ 619522.646955454256386, 2341718.877699255943298 ], [ 619146.158227703301236, 2340796.653608634136617 ], [ 618064.473381637362763, 2340788.865585010498762 ], [ 617688.10545084043406, 2339866.701945165172219 ], [ 615524.700886989478022, 2339851.394793866667897 ], [ 615901.112380480510183, 2340773.502715600654483 ], [ 616982.791441439301707, 2340781.14862102875486 ], [ 617359.323727450799197, 2341703.316877728328109 ] ] ], [ [ [ 630010.763946952181868, 2343637.472461527213454 ], [ 630387.484597997739911, 2344560.047842143569142 ], [ 626061.002086850116029, 2344526.312840427737683 ], [ 626437.952177485334687, 2345448.808127003721893 ], [ 631845.954610077198595, 2345491.296207778621465 ], [ 631092.414232631679624, 2343646.055865922477096 ], [ 633255.724504754180089, 2343663.436144818086177 ], [ 632879.211430380353704, 2342740.808784523513168 ], [ 631797.5329848700203, 2342732.111393094062805 ], [ 631044.890937731252052, 2340887.012126154266298 ], [ 632126.612731331028044, 2340895.652954016346484 ], [ 631374.583981690229848, 2339050.628760768566281 ], [ 629211.056958416476846, 2339033.531009883154184 ], [ 630715.857782055740245, 2342723.485131167806685 ], [ 628552.516998042352498, 2342706.445990967098624 ], [ 628929.116859374567866, 2343628.960212216712534 ], [ 630010.763946952181868, 2343637.472461527213454 ] ] ], [ [ [ 633960.893145208945498, 2342749.577306681778282 ], [ 634337.384544426575303, 2343672.23302176874131 ], [ 636500.714564067428, 2343690.040256878826767 ], [ 636124.266489302041009, 2342767.327748139854521 ], [ 635042.578155974973924, 2342758.416960805188864 ], [ 634666.250892713083886, 2341835.765897084958851 ], [ 632502.840838414849713, 2341818.214398404117674 ], [ 632879.211430380353704, 2342740.808784523513168 ], [ 633960.893145208945498, 2342749.577306681778282 ] ] ], [ [ [ 627094.37229879014194, 2341775.579927984625101 ], [ 623849.328918763902038, 2341750.852415757253766 ], [ 623472.927203225437552, 2340828.516321669332683 ], [ 622391.230467396904714, 2340820.444048393052071 ], [ 622767.653922963538207, 2341742.752099652308971 ], [ 621685.981948227272369, 2341734.722875619772822 ], [ 621309.536743953241967, 2340812.442839212715626 ], [ 620227.84600626595784, 2340804.512692999094725 ], [ 620980.922485884511843, 2342649.049404055345803 ], [ 618817.636955959838815, 2342633.290456440299749 ], [ 619194.432594535406679, 2343555.551752519328147 ], [ 620276.052096796687692, 2343563.42365887016058 ], [ 620652.968505438533612, 2344485.745592442341149 ], [ 621734.569180735503323, 2344493.716692280955613 ], [ 622111.606352685019374, 2345416.099383638240397 ], [ 625356.361124317743815, 2345440.524134575854987 ], [ 624979.389276367612183, 2344518.057038785424083 ], [ 622816.172849917202257, 2344501.758965860586613 ], [ 622439.300003683543764, 2343579.380906626116484 ], [ 627847.472943286411464, 2343620.519116790499538 ], [ 627094.37229879014194, 2341775.579927984625101 ] ] ], [ [ [ 635090.794760727905668, 2345517.643594461493194 ], [ 634714.018417091225274, 2344594.921773525886238 ], [ 632550.744987617596053, 2344577.342436769977212 ], [ 632927.564716163324192, 2345500.007456046529114 ], [ 635090.794760727905668, 2345517.643594461493194 ] ] ], [ [ [ 622488.786071012844332, 2346338.514816308859736 ], [ 622111.606352685019374, 2345416.099383638240397 ], [ 621030.027469425811432, 2345408.100204948801547 ], [ 620652.968505438533612, 2344485.745592442341149 ], [ 618489.776030079228804, 2344470.016909498721361 ], [ 618866.878604230820201, 2345392.315448220353574 ], [ 619948.45156214130111, 2345400.172226848080754 ], [ 620325.674886214663275, 2346322.531469749752432 ], [ 622488.786071012844332, 2346338.514816308859736 ] ] ], [ [ [ 622866.108333246666007, 2347260.963022687006742 ], [ 623947.646632919204421, 2347269.089706836268306 ], [ 623570.346167010022327, 2346346.613333568442613 ], [ 622488.786071012844332, 2346338.514816308859736 ], [ 622866.108333246666007, 2347260.963022687006742 ] ] ], [ [ [ 638335.664807609166019, 2345544.631925499998033 ], [ 635090.794760727905668, 2345517.643594461493194 ], [ 635467.713572859298438, 2346440.398517119698226 ], [ 633304.526926188380457, 2346422.705516958609223 ], [ 632927.564716163324192, 2345500.007456046529114 ], [ 631845.954610077198595, 2345491.296207778621465 ], [ 632600.064939412754029, 2347336.668596033472568 ], [ 631518.501522870734334, 2347327.971808372996747 ], [ 631895.792146819410846, 2348250.679180276114494 ], [ 634058.878780785365961, 2348268.200893864035606 ], [ 634436.268420400447212, 2349190.998275013640523 ], [ 635517.794943093089387, 2349199.894584677182138 ], [ 635140.427026212099008, 2348277.068696451373398 ], [ 636221.978592716390267, 2348286.007797895930707 ], [ 635844.774851014837623, 2347363.186574066989124 ], [ 638007.931442984845489, 2347381.221584450919181 ], [ 637630.913541224203072, 2346458.376493527088314 ], [ 638712.51858754013665, 2346467.472350985743105 ], [ 638335.664807609166019, 2345544.631925499998033 ] ] ], [ [ [ 629732.718478131573647, 2348233.442647252231836 ], [ 630814.253705108072609, 2348242.025266804732382 ], [ 630436.9413390038535, 2347319.346287836320698 ], [ 629355.384361224947497, 2347310.79203320806846 ], [ 629732.718478131573647, 2348233.442647252231836 ] ] ], [ [ [ 623243.573136902181432, 2348183.444035192485899 ], [ 622866.108333246666007, 2347260.963022687006742 ], [ 621784.573053525411524, 2347252.907596216071397 ], [ 622162.059668680769391, 2348175.360439762938768 ], [ 623243.573136902181432, 2348183.444035192485899 ] ] ], [ [ [ 630110.19509505329188, 2349156.126280300319195 ], [ 629732.718478131573647, 2348233.442647252231836 ], [ 628651.186439301702194, 2348224.931320408824831 ], [ 629028.684822168434039, 2349147.586586463265121 ], [ 630110.19509505329188, 2349156.126280300319195 ] ] ], [ [ [ 624325.089633763069287, 2348191.598916283342987 ], [ 625406.60918585001491, 2348199.825084186159074 ], [ 625784.172918534372002, 2349122.395417274907231 ], [ 626865.673760488862172, 2349130.721156138461083 ], [ 627243.358218232868239, 2350053.352733515202999 ], [ 628324.840387492906302, 2350061.778130591381341 ], [ 628702.64556350861676, 2350984.471072984859347 ], [ 629784.109097493579611, 2350992.996215564198792 ], [ 629028.684822168434039, 2349147.586586463265121 ], [ 627947.177719507250004, 2349139.118212140630931 ], [ 627569.657562034786679, 2348216.49128507450223 ], [ 626488.131819745758548, 2348208.122540060430765 ], [ 626110.732398484833539, 2347285.556852763984352 ], [ 623947.646632919204421, 2347269.089706836268306 ], [ 624325.089633763069287, 2348191.598916283342987 ] ] ], [ [ [ 631569.305915409931913, 2350087.48240456264466 ], [ 631191.708564736996777, 2349164.73729485552758 ], [ 630110.19509505329188, 2349156.126280300319195 ], [ 630487.814209509175271, 2350078.842964913230389 ], [ 631569.305915409931913, 2350087.48240456264466 ] ] ], [ [ [ 639569.617222458007745, 2353832.815706194378436 ], [ 639191.580489481566474, 2352909.766081328503788 ], [ 638110.134167683543637, 2352900.612562891561538 ], [ 638488.192638608510606, 2353823.63347395369783 ], [ 639569.617222458007745, 2353832.815706194378436 ] ] ], [ [ [ 643737.421757945790887, 2363988.574925921391696 ], [ 644818.610316610429436, 2363998.146783085074276 ], [ 644439.028684538672678, 2363074.698588700499386 ], [ 643357.818325139000081, 2363065.155806141905487 ], [ 643737.421757945790887, 2363988.574925921391696 ] ] ], [ [ [ 645442.533008732367307, 2375966.685385050717741 ], [ 645061.012703937012702, 2375042.912667131051421 ], [ 642899.192008723155595, 2375023.715436678379774 ], [ 643280.756161209661514, 2375947.429467151407152 ], [ 645442.533008732367307, 2375966.685385050717741 ] ] ], [ [ [ 640737.38528056058567, 2375004.806639956310391 ], [ 641118.993315249797888, 2375928.462095281574875 ], [ 640038.117076819762588, 2375919.086610766127706 ], [ 640419.889497242867947, 2376842.746797462925315 ], [ 638258.191204445436597, 2376824.153756907675415 ], [ 638640.150014026788995, 2377747.789424978196621 ], [ 637559.327939279843122, 2377738.571919987443835 ], [ 638323.71688020019792, 2379585.886700719594955 ], [ 640485.276421825867146, 2379604.511025337968022 ], [ 639720.975474408944137, 2377757.079115996137261 ], [ 641882.636657686671242, 2377775.875061347614974 ], [ 641500.743775129434653, 2376852.151557959150523 ], [ 643662.462725913850591, 2376871.177566001191735 ], [ 643280.756161209661514, 2375947.429467151407152 ], [ 642199.873001240892336, 2375937.90971363382414 ], [ 640674.383181477081962, 2372243.374692019075155 ], [ 639593.415752722183242, 2372234.043984897900373 ], [ 639974.596496789716184, 2373157.597618055529892 ], [ 638893.654415637487546, 2373148.30977848591283 ], [ 639274.999533507390879, 2374071.868134583346546 ], [ 638194.082797301118262, 2374062.623186910990626 ], [ 638575.592308084946126, 2374986.186266324948519 ], [ 640737.38528056058567, 2375004.806639956310391 ] ] ], [ [ [ 644808.436868233955465, 2379642.626606825273484 ], [ 643727.641520260367543, 2379632.989341591484845 ], [ 642963.472433385089971, 2377785.381318324711174 ], [ 641882.636657686671242, 2377775.875061347614974 ], [ 643029.169816320529208, 2380547.250149773433805 ], [ 645190.713056702981703, 2380566.511313333176076 ], [ 644808.436868233955465, 2379642.626606825273484 ] ] ], [ [ [ 636452.195102175348438, 2271104.384267822373658 ], [ 637535.637899773428217, 2271113.101442445535213 ], [ 637171.040481984382495, 2270192.161259766668081 ], [ 636087.576779917813838, 2270183.470951485447586 ], [ 636452.195102175348438, 2271104.384267822373658 ] ] ], [ [ [ 620919.429515067953616, 2270069.046447672415525 ], [ 618752.60138535767328, 2270053.803194612264633 ], [ 619117.555336007964797, 2270974.290452457033098 ], [ 620200.94686364068184, 2270981.904028840828687 ], [ 620566.022348079830408, 2271902.448660178575665 ], [ 621649.395838381722569, 2271910.157678870949894 ], [ 620919.429515067953616, 2270069.046447672415525 ] ] ], [ [ [ 610450.527919081039727, 2270915.864503589924425 ], [ 610085.405333239934407, 2269995.587593487463892 ], [ 609002.018482687184587, 2269988.62083503510803 ], [ 609732.44853034929838, 2271829.152984704822302 ], [ 611899.140512566664256, 2271843.260215971153229 ], [ 612264.527240050258115, 2272763.624798644799739 ], [ 613347.856294060358778, 2272770.8081741835922 ], [ 612982.490680492017418, 2271850.417309978976846 ], [ 614065.843669032445177, 2271857.643390919081867 ], [ 614431.188177283620462, 2272778.060564558953047 ], [ 615514.522916766232811, 2272785.381970798131078 ], [ 615149.19950523856096, 2271864.938459815457463 ], [ 616232.558216162258759, 2271872.302517702803016 ], [ 615867.398491045692936, 2270951.863510838709772 ], [ 610450.527919081039727, 2270915.864503589924425 ] ] ], [ [ [ 618399.28437036939431, 2271887.237604632973671 ], [ 618034.166782735846937, 2270966.745841373223811 ], [ 616950.781176768243313, 2270959.270194520708174 ], [ 617315.919828854501247, 2271879.735565623734146 ], [ 618399.28437036939431, 2271887.237604632973671 ] ] ], [ [ [ 609014.556782841216773, 2272742.488750913646072 ], [ 610097.877511487808079, 2272749.465088013093919 ], [ 609732.44853034929838, 2271829.152984704822302 ], [ 608649.106661954894662, 2271822.2028454458341 ], [ 609014.556782841216773, 2272742.488750913646072 ] ] ], [ [ [ 617681.201072695432231, 2272800.231835029087961 ], [ 617315.919828854501247, 2271879.735565623734146 ], [ 616232.558216162258759, 2271872.302517702803016 ], [ 616597.860539553686976, 2272792.772393939085305 ], [ 617681.201072695432231, 2272800.231835029087961 ] ] ], [ [ [ 638630.284964873688295, 2273876.110618510749191 ], [ 638265.26014360494446, 2272955.076090892311186 ], [ 637181.85917451698333, 2272946.30509672081098 ], [ 637546.904919826192781, 2273867.312671105377376 ], [ 638630.284964873688295, 2273876.110618510749191 ] ] ], [ [ [ 613713.364523068885319, 2273691.229851596988738 ], [ 614796.675294453976676, 2273698.508580344729125 ], [ 614431.188177283620462, 2272778.060564558953047 ], [ 613347.856294060358778, 2272770.8081741835922 ], [ 613713.364523068885319, 2273691.229851596988738 ] ] ], [ [ [ 638254.507609977270477, 2270200.920525041408837 ], [ 638619.084131769137457, 2271121.887602048460394 ], [ 637535.637899773428217, 2271113.101442445535213 ], [ 638265.26014360494446, 2272955.076090892311186 ], [ 639348.664564038743265, 2272963.916126018390059 ], [ 640444.103648326825351, 2275727.195301148109138 ], [ 639360.761994159314781, 2275718.27423535194248 ], [ 640091.808856491232291, 2277560.564141040667892 ], [ 641175.108633872237988, 2277569.539372371509671 ], [ 640809.534916426404379, 2276648.351520619355142 ], [ 644059.518255261937156, 2276675.610853065736592 ], [ 642598.898803931777366, 2272990.850489709991962 ], [ 644765.739383217412978, 2273009.151960182469338 ], [ 644400.982354737119749, 2272087.986778369173408 ], [ 645484.428909667534754, 2272097.213965626899153 ], [ 644755.383838215144351, 2270254.924283784348518 ], [ 638254.507609977270477, 2270200.920525041408837 ] ] ], [ [ [ 616963.305458824383095, 2273713.273170204367489 ], [ 616597.860539553686976, 2272792.772393939085305 ], [ 615514.522916766232811, 2272785.381970798131078 ], [ 616611.348756138817407, 2275546.897852960973978 ], [ 618777.900330757838674, 2275561.906339887995273 ], [ 618412.191326047061011, 2274641.317191454116255 ], [ 620578.796925694681704, 2274656.549045624211431 ], [ 619847.890978223877028, 2272815.357775297015905 ], [ 620931.240404708078131, 2272823.0242766183801 ], [ 620566.022348079830408, 2271902.448660178575665 ], [ 618399.28437036939431, 2271887.237604632973671 ], [ 619129.947298937127925, 2273728.313943537883461 ], [ 616963.305458824383095, 2273713.273170204367489 ] ] ], [ [ [ 644412.300386828137562, 2274842.337783934082836 ], [ 645495.680716687929817, 2274851.577314304653555 ], [ 645130.638837998034433, 2273930.348795144353062 ], [ 644047.237628333037719, 2273921.136415013577789 ], [ 644412.300386828137562, 2274842.337783934082836 ] ] ], [ [ [ 638277.423816757160239, 2275709.422294488642365 ], [ 639360.761994159314781, 2275718.27423535194248 ], [ 638995.452249189955182, 2274797.176656335126609 ], [ 637912.093134703231044, 2274788.351726704277098 ], [ 638277.423816757160239, 2275709.422294488642365 ] ] ], [ [ [ 615528.077345951693133, 2275539.497260997071862 ], [ 616260.04980431124568, 2277380.609678400680423 ], [ 617343.27896237000823, 2277388.063205735292286 ], [ 616611.348756138817407, 2275546.897852960973978 ], [ 615528.077345951693133, 2275539.497260997071862 ] ] ], [ [ [ 606862.00754744769074, 2275482.78002476785332 ], [ 605778.761102572781965, 2275476.001292605418712 ], [ 606144.866524718003348, 2276396.305195888504386 ], [ 607228.091769247199409, 2276403.110130137298256 ], [ 607594.318642511731014, 2277323.470968511421233 ], [ 606511.114604848087765, 2277316.639803195372224 ], [ 607610.714769062004052, 2280077.828155649825931 ], [ 609776.998233978287317, 2280091.717451735865325 ], [ 609410.364638545550406, 2279171.237884419504553 ], [ 611576.701457123504952, 2279185.351332829333842 ], [ 611210.252896049059927, 2278264.849901931360364 ], [ 612293.446649287128821, 2278271.984034125693142 ], [ 612659.874024976976216, 2279192.511865678243339 ], [ 614826.227612843969837, 2279207.040553735103458 ], [ 614459.84258208074607, 2278286.459837153553963 ], [ 616626.249930058489554, 2278301.212365219835192 ], [ 616260.04980431124568, 2277380.609678400680423 ], [ 615176.823545482009649, 2277373.225306494161487 ], [ 614444.808817804441787, 2275532.165768629871309 ], [ 615528.077345951693133, 2275539.497260997071862 ], [ 615162.305018143495545, 2274618.987468932755291 ], [ 612995.728558504837565, 2274604.446347433608025 ], [ 612630.056589497486129, 2273684.020165590103716 ], [ 611546.751466698013246, 2273676.879521303810179 ], [ 611181.200988209806383, 2272756.510436924174428 ], [ 610097.877511487808079, 2272749.465088013093919 ], [ 610463.449127629864961, 2273669.807917726226151 ], [ 608296.852692526183091, 2273655.871828695293516 ], [ 607931.238775224657729, 2272735.581424635834992 ], [ 605764.610814903629944, 2272721.973800643347204 ], [ 606862.00754744769074, 2275482.78002476785332 ] ], [ [ 613361.54314466950018, 2275524.903374822810292 ], [ 611195.020255314419046, 2275510.585878777317703 ], [ 610829.163376373122446, 2274590.18150444002822 ], [ 612995.728558504837565, 2274604.446347433608025 ], [ 613361.54314466950018, 2275524.903374822810292 ] ] ], [ [ [ 645508.343221001909114, 2277606.132132560946047 ], [ 645142.853185554035008, 2276684.835611610673368 ], [ 644059.518255261937156, 2276675.610853065736592 ], [ 644425.029198527801782, 2277596.880164700560272 ], [ 645508.343221001909114, 2277606.132132560946047 ] ] ], [ [ [ 619875.882828221656382, 2278323.860035099089146 ], [ 619509.746084246784449, 2277403.177730928175151 ], [ 618426.511046674917452, 2277395.585889556445181 ], [ 618792.668909322470427, 2278316.241626685950905 ], [ 619875.882828221656382, 2278323.860035099089146 ] ] ], [ [ [ 644073.209796268609352, 2279430.276839097496122 ], [ 644439.16895034792833, 2280351.614227237645537 ], [ 645522.416583077865653, 2280360.878727322909981 ], [ 644790.68256918201223, 2278518.18122685328126 ], [ 643707.393071308266371, 2278508.971234708558768 ], [ 643341.718777865637094, 2277587.697382914368063 ], [ 641175.108633872237988, 2277569.539372371509671 ], [ 641540.824798270012252, 2278490.758887479547411 ], [ 642624.107156678102911, 2278499.830455349292606 ], [ 642989.94481940602418, 2279421.108848323579878 ], [ 644073.209796268609352, 2279430.276839097496122 ] ] ], [ [ [ 621325.357938296278007, 2279252.287671761587262 ], [ 620959.099735983181745, 2278331.547630068846047 ], [ 619875.882828221656382, 2278323.860035099089146 ], [ 620242.162147148279473, 2279244.573452791664749 ], [ 621325.357938296278007, 2279252.287671761587262 ] ] ], [ [ [ 638656.920288648223504, 2279385.12926737498492 ], [ 638290.998790180659853, 2278463.95944000268355 ], [ 637207.730386464856565, 2278455.164705334696919 ], [ 637573.672865061671473, 2279376.3074613022618 ], [ 638656.920288648223504, 2279385.12926737498492 ] ] ], [ [ [ 633592.082614253973588, 2277508.165508724749088 ], [ 632860.784134956891648, 2275666.199420609045774 ], [ 631777.466250398429111, 2275657.762203344143927 ], [ 632143.06523710815236, 2276578.702660516835749 ], [ 629976.481318169622682, 2276561.981913077645004 ], [ 630708.190862172399648, 2278403.84956276929006 ], [ 632874.69071267475374, 2278420.67780595459044 ], [ 633240.717196737648919, 2279341.712556172627956 ], [ 632157.486651098937728, 2279333.236903553362936 ], [ 632523.676658630603924, 2280254.276186230126768 ], [ 634690.099021684145555, 2280271.350668800529093 ], [ 635056.389464830164798, 2281192.475453690160066 ], [ 636139.584649825817905, 2281201.143626122269779 ], [ 636505.996550800744444, 2282122.327069909777492 ], [ 637589.174111713306047, 2282131.091631672810763 ], [ 636856.534813067759387, 2280288.702181148342788 ], [ 635773.315225331461988, 2280279.991795640904456 ], [ 635407.188279720721766, 2279358.871547370683402 ], [ 634323.951063940767199, 2279350.257437041960657 ], [ 633957.945593996322714, 2278429.195727358572185 ], [ 635041.203815390355885, 2278437.782850244548172 ], [ 634675.361834741779603, 2277516.72567322012037 ], [ 633592.082614253973588, 2277508.165508724749088 ] ] ], [ [ [ 641189.447545047500171, 2280324.236334661953151 ], [ 641555.612003665184602, 2281245.523812985979021 ], [ 643722.047449384699576, 2281263.760929441545159 ], [ 643355.924917772295885, 2280342.418995965737849 ], [ 642272.684458341798745, 2280333.293032204266638 ], [ 641540.824798270012252, 2278490.758887479547411 ], [ 639374.27064204076305, 2278472.823381077032536 ], [ 639740.17116886144504, 2279394.020307848230004 ], [ 638656.920288648223504, 2279385.12926737498492 ], [ 639022.984248836175539, 2280306.330733104608953 ], [ 641189.447545047500171, 2280324.236334661953151 ] ] ], [ [ [ 629640.463483651750721, 2281150.173848681151867 ], [ 628557.288087170803919, 2281141.921370720956475 ], [ 629290.549118834780529, 2282983.941828462295234 ], [ 630373.682356228702702, 2282992.248149189166725 ], [ 630007.001663345377892, 2282071.195264038164169 ], [ 631090.159222658723593, 2282079.543956230860204 ], [ 630723.642110718647018, 2281158.49560607271269 ], [ 631806.823995368788019, 2281166.886644076090306 ], [ 631440.470445209997706, 2280245.842828081455082 ], [ 629274.067819552728906, 2280229.183872082270682 ], [ 629640.463483651750721, 2281150.173848681151867 ] ] ], [ [ [ 644454.719802747713402, 2283106.540278691798449 ], [ 645537.900963339838199, 2283115.81740608997643 ], [ 645171.514536281232722, 2282194.384479513857514 ], [ 643005.113877470721491, 2282175.954203913919628 ], [ 643738.11303646559827, 2284018.742652133572847 ], [ 644821.269619701430202, 2284027.977756924461573 ], [ 644454.719802747713402, 2283106.540278691798449 ] ] ], [ [ [ 639423.265498624998145, 2286737.62009055679664 ], [ 640506.341348957037553, 2286746.590058536734432 ], [ 640139.259191633434966, 2285825.193556187208742 ], [ 641222.359571769367903, 2285834.205676927231252 ], [ 640855.440891641657799, 2284912.813726853579283 ], [ 641938.565805066027679, 2284921.8679747893475 ], [ 642305.463467912981287, 2285843.287228082306683 ], [ 643388.570907039334998, 2285852.438210939057171 ], [ 643021.694252996006981, 2284930.991626414470375 ], [ 644104.826262413756922, 2284940.184683021623641 ], [ 643738.11303646559827, 2284018.742652133572847 ], [ 642654.960033233743161, 2284009.576925609726459 ], [ 642288.368250158731826, 2283088.19407725892961 ], [ 641205.197804178460501, 2283079.12500062584877 ], [ 640838.72747094091028, 2282157.801217277534306 ], [ 639755.539544786093757, 2282148.828704100102186 ], [ 639022.984248836175539, 2280306.330733104608953 ], [ 637939.757811900228262, 2280297.481826554052532 ], [ 639038.867437879322097, 2283061.19488910259679 ], [ 636872.550925859017298, 2283043.542158120311797 ], [ 637239.24777259468101, 2283964.788921897765249 ], [ 636156.11568267014809, 2283956.039438056293875 ], [ 636522.976043408620171, 2284877.290746510028839 ], [ 637606.08708860760089, 2284886.067392411641777 ], [ 637973.068871492519975, 2285807.377600856125355 ], [ 639056.162300533149391, 2285816.250864585395902 ], [ 639423.265498624998145, 2286737.62009055679664 ] ], [ [ 640122.03087574779056, 2283070.12527166493237 ], [ 640488.664658833295107, 2283991.453602178953588 ], [ 639405.522233690950088, 2283982.496002705302089 ], [ 639038.867437879322097, 2283061.19488910259679 ], [ 640122.03087574779056, 2283070.12527166493237 ] ], [ [ 639772.31948574364651, 2284903.828881326131523 ], [ 638689.201560393208638, 2284894.913436932954937 ], [ 638322.383280606591143, 2283973.607776364777237 ], [ 639405.522233690950088, 2283982.496002705302089 ], [ 639772.31948574364651, 2284903.828881326131523 ] ] ], [ [ [ 615577.219522462692112, 2283802.978074420243502 ], [ 615210.100289357127622, 2282882.268655488733202 ], [ 614127.009685365017503, 2282874.932910833507776 ], [ 614494.150127823697403, 2283795.615755908191204 ], [ 615577.219522462692112, 2283802.978074420243502 ] ] ], [ [ [ 630043.171246421872638, 2287581.17230908293277 ], [ 629675.735784356249496, 2286660.015743882860988 ], [ 630758.78137055481784, 2286668.360653545241803 ], [ 629657.393411823897623, 2283904.999249417334795 ], [ 628574.284492951235734, 2283896.735325801186264 ], [ 628207.419102104613557, 2282975.704841925296932 ], [ 627124.292279044399038, 2282967.537188411690295 ], [ 628960.150020533008501, 2287572.869818610604852 ], [ 630043.171246421872638, 2287581.17230908293277 ] ] ], [ [ [ 642672.503569158143364, 2286764.738367210142314 ], [ 642305.463467912981287, 2285843.287228082306683 ], [ 641222.359571769367903, 2285834.205676927231252 ], [ 641589.420696812565438, 2286755.629483661614358 ], [ 642672.503569158143364, 2286764.738367210142314 ] ] ], [ [ [ 645225.090607365826145, 2290460.150485394056886 ], [ 644122.751508364221081, 2287695.427156332414597 ], [ 645205.820497234817594, 2287704.70237822458148 ], [ 644471.681916126282886, 2285861.658626792021096 ], [ 643388.570907039334998, 2285852.438210939057171 ], [ 643755.589992963359691, 2286773.91671047359705 ], [ 642672.503569158143364, 2286764.738367210142314 ], [ 644142.088310017599724, 2290450.862408464774489 ], [ 645225.090607365826145, 2290460.150485394056886 ] ] ], [ [ [ 628244.75226443039719, 2288485.770881396252662 ], [ 627877.132004071958363, 2287564.636799817439169 ], [ 626794.117170079844072, 2287556.473251537419856 ], [ 627161.758586519863456, 2288477.580334173515439 ], [ 628244.75226443039719, 2288485.770881396252662 ] ] ], [ [ [ 638707.459828262915835, 2287650.093356439843774 ], [ 637624.411956345429644, 2287641.235049388371408 ], [ 637257.124182651983574, 2286719.888520958367735 ], [ 636174.058663075440563, 2286711.1269168285653 ], [ 636541.367509551113471, 2287632.446223696228117 ], [ 634375.288783469004557, 2287615.077011421322823 ], [ 634007.93776589515619, 2286693.812063705641776 ], [ 632924.882334358757362, 2286685.258812259882689 ], [ 633659.769058397272602, 2288527.766118207480758 ], [ 636908.818828713730909, 2288553.797303840983659 ], [ 637276.412618158501573, 2289475.180188531521708 ], [ 640525.429816549061798, 2289501.918871094938368 ], [ 640893.102822379092686, 2290423.41560318088159 ], [ 641976.094444471644238, 2290432.494968658313155 ], [ 641240.93300828395877, 2288589.478670817799866 ], [ 642323.970272025908343, 2288598.57279228232801 ], [ 641956.624264367157593, 2287677.085178342182189 ], [ 639790.511152262450196, 2287659.021146105136722 ], [ 640157.899259038153104, 2288580.454062514007092 ], [ 639074.868997333338484, 2288571.498966093640774 ], [ 638707.459828262915835, 2287650.093356439843774 ] ] ], [ [ [ 631146.332693670061417, 2290344.831718400120735 ], [ 630410.749220267636701, 2288502.360472443047911 ], [ 629327.749133360921405, 2288494.030927096027881 ], [ 630063.374904268886894, 2290336.447975708171725 ], [ 631146.332693670061417, 2290344.831718400120735 ] ] ], [ [ [ 628980.420349941356108, 2290328.133788604289293 ], [ 630084.991354005062021, 2293091.915477612521499 ], [ 631167.88238757441286, 2293100.311096008867025 ], [ 630799.570719431038015, 2292178.991674589458853 ], [ 632965.4049302036874, 2292195.937401171773672 ], [ 632597.278089833445847, 2291274.595333380624652 ], [ 630431.401557526085526, 2291257.703978247009218 ], [ 630063.374904268886894, 2290336.447975708171725 ], [ 628980.420349941356108, 2290328.133788604289293 ] ] ], [ [ [ 643794.778655576170422, 2292284.843067783396691 ], [ 643426.862911569071002, 2291363.227463171351701 ], [ 642343.888822869164869, 2291354.051078052259982 ], [ 642711.825638254638761, 2292275.639202951919287 ], [ 643794.778655576170422, 2292284.843067783396691 ] ] ], [ [ [ 643794.778655576170422, 2292284.843067783396691 ], [ 644162.836827647406608, 2293206.490748601034284 ], [ 645245.772350937128067, 2293215.791776959318668 ], [ 644877.73524827871006, 2292294.116559135727584 ], [ 643794.778655576170422, 2292284.843067783396691 ] ] ], [ [ [ 618887.709313226630911, 2292090.767154142726213 ], [ 616721.955807563965209, 2292075.631163137499243 ], [ 617090.543485717033036, 2292996.599516301881522 ], [ 618173.397490952862427, 2293004.159550393000245 ], [ 618542.106467967503704, 2293925.186146470252424 ], [ 619624.942129810224287, 2293932.842701216693968 ], [ 618887.709313226630911, 2292090.767154142726213 ] ] ], [ [ [ 644184.997221468249336, 2295962.312486511655152 ], [ 645267.865888121770695, 2295971.626563046127558 ], [ 644531.037425368791446, 2294128.170537085738033 ], [ 643448.126570351538248, 2294118.911625001579523 ], [ 642711.825638254638761, 2292275.639202951919287 ], [ 641628.87616938049905, 2292266.50496333790943 ], [ 641260.918274127179757, 2291344.944290134124458 ], [ 639094.987688758410513, 2291326.939500753767788 ], [ 638727.130064826225862, 2290405.465574651956558 ], [ 635478.19674087583553, 2290379.062268935143948 ], [ 635110.418273369199596, 2289457.702082784846425 ], [ 631861.451898372732103, 2289432.006423361599445 ], [ 632229.293745084898546, 2290353.285017867106944 ], [ 634395.225741743575782, 2290370.400291922967881 ], [ 634763.167812132043764, 2291291.765032335184515 ], [ 633680.221288764500059, 2291283.145389276091009 ], [ 634416.575160282547586, 2293125.915793086402118 ], [ 635499.479398278635927, 2293134.589976768009365 ], [ 636236.360895493067801, 2294977.542414984665811 ], [ 637319.226207540370524, 2294986.34095672564581 ], [ 636950.735371699905954, 2294064.821413719560951 ], [ 639116.518535232869908, 2294082.572776278946549 ], [ 638748.212430542218499, 2293161.03039896953851 ], [ 639831.130303816637024, 2293169.983167580794543 ], [ 639462.987769224797376, 2292248.445354600436985 ], [ 640545.930222015245818, 2292257.440347648691386 ], [ 640914.051653235219419, 2293179.005585567094386 ], [ 641996.976505727507174, 2293188.09765420621261 ], [ 642733.604492052691057, 2295031.379214703571051 ], [ 641650.721848852233961, 2295022.232152305543423 ], [ 642019.270608421415091, 2295943.893544046673924 ], [ 639853.558109635370784, 2295925.75354038272053 ], [ 640960.185847558313981, 2298690.765182310249656 ], [ 643125.771505195414647, 2298709.070530821569264 ], [ 642756.79543900990393, 2297787.312701767776161 ], [ 643839.614719420555048, 2297796.542474662419409 ], [ 643470.802213800139725, 2296874.789223420899361 ], [ 644553.646185623598285, 2296884.061160834971815 ], [ 644184.997221468249336, 2295962.312486511655152 ] ], [ [ 635846.117686876794323, 2291300.454263777006418 ], [ 636929.070939935627393, 2291309.213084832299501 ], [ 637297.113239630125463, 2292230.664231346454471 ], [ 636214.181108954944648, 2292221.878098622895777 ], [ 635846.117686876794323, 2291300.454263777006418 ] ] ], [ [ [ 639484.967095736064948, 2295004.147146267816424 ], [ 641650.721848852233961, 2295022.232152305543423 ], [ 641282.315529651357792, 2294100.602843303699046 ], [ 639116.518535232869908, 2294082.572776278946549 ], [ 639484.967095736064948, 2295004.147146267816424 ] ] ], [ [ [ 638770.707085805945098, 2295916.788137385621667 ], [ 639853.558109635370784, 2295925.75354038272053 ], [ 639484.967095736064948, 2295004.147146267816424 ], [ 638402.094931982108392, 2294995.20920006884262 ], [ 638770.707085805945098, 2295916.788137385621667 ] ] ], [ [ [ 632273.672405256773345, 2295864.460023790132254 ], [ 632642.554074181942269, 2296785.906658711843193 ], [ 633725.363617132068612, 2296794.481013351120055 ], [ 634094.366576091968454, 2297715.986877526156604 ], [ 635177.158245277008973, 2297724.658360260073096 ], [ 635915.549205758026801, 2299567.82078666286543 ], [ 636998.301838583895005, 2299576.616946168243885 ], [ 636629.056320260977373, 2298654.992269153241068 ], [ 637711.833545827073976, 2298663.830777641385794 ], [ 637342.751682298490778, 2297742.21067258156836 ], [ 636259.953271711943671, 2297733.399624866433442 ], [ 635522.174593625240959, 2295890.310308541171253 ], [ 634439.337199626141228, 2295881.623821478337049 ], [ 634070.640400912147015, 2294960.154431334231049 ], [ 635153.498968922765926, 2294968.813573599327356 ], [ 634416.575160282547586, 2293125.915793086402118 ], [ 632250.776681858929805, 2293108.776353919878602 ], [ 633356.50314580835402, 2295873.007060301024467 ], [ 632273.672405256773345, 2295864.460023790132254 ] ] ], [ [ [ 638425.553503934293985, 2297751.091504651587456 ], [ 638056.635276073473506, 2296829.475970737636089 ], [ 636973.812284453655593, 2296820.622598100453615 ], [ 637342.751682298490778, 2297742.21067258156836 ], [ 638425.553503934293985, 2297751.091504651587456 ] ] ], [ [ [ 622209.747911226353608, 2300381.099926321767271 ], [ 621101.118620000779629, 2297617.371634013485163 ], [ 620018.368147253757343, 2297609.607207559980452 ], [ 621127.061398649821058, 2300373.254288349300623 ], [ 622209.747911226353608, 2300381.099926321767271 ] ] ], [ [ [ 638450.424660257762298, 2300507.167205539532006 ], [ 638081.057872619247064, 2299585.482944784685969 ], [ 636998.301838583895005, 2299576.616946168243885 ], [ 637367.689824264030904, 2300498.273687425535172 ], [ 638450.424660257762298, 2300507.167205539532006 ] ] ], [ [ [ 624744.915635543642566, 2301318.361188804265112 ], [ 624375.130063431453891, 2300397.000755002722144 ], [ 622209.747911226353608, 2300381.099926321767271 ], [ 622949.546889754827134, 2302223.743825386743993 ], [ 626197.496820626780391, 2302247.863045796751976 ], [ 625827.590021667303517, 2301326.443594829179347 ], [ 624744.915635543642566, 2301318.361188804265112 ] ] ], [ [ [ 621154.418251728871837, 2303129.329086177051067 ], [ 622237.037713213823736, 2303137.186266589444131 ], [ 621866.903049832209945, 2302215.843899646308273 ], [ 620784.262233645655215, 2302208.013879233971238 ], [ 621154.418251728871837, 2303129.329086177051067 ] ] ], [ [ [ 637051.519512258237228, 2305089.186369132716209 ], [ 636681.37673936446663, 2304167.424082109704614 ], [ 635598.737011624267325, 2304158.630125686526299 ], [ 635968.901040713652037, 2305080.364830180071294 ], [ 637051.519512258237228, 2305089.186369132716209 ] ] ], [ [ [ 626317.927124406094663, 2313274.054690374061465 ], [ 625946.224486656719819, 2312352.36134718824178 ], [ 624863.818929985631257, 2312344.230947638396174 ], [ 625235.54299398988951, 2313265.896806684788316 ], [ 626317.927124406094663, 2313274.054690374061465 ] ] ], [ [ [ 626689.772290656343102, 2314195.780130098573864 ], [ 628854.507119798101485, 2314212.361732581164688 ], [ 628482.704793239478022, 2313290.581181546207517 ], [ 626317.927124406094663, 2313274.054690374061465 ], [ 626689.772290656343102, 2314195.780130098573864 ] ] ], [ [ [ 639446.605906776851043, 2324407.34831092087552 ], [ 639073.364813026972115, 2323485.043984738178551 ], [ 641237.724217408453114, 2323503.308835313189775 ], [ 640491.755033091991208, 2321658.685959535185248 ], [ 642656.21397768612951, 2321677.120585726574063 ], [ 642283.485818789806217, 2320754.802038094494492 ], [ 641201.233215228421614, 2320745.577558535151184 ], [ 640828.626111913355999, 2319823.319775074720383 ], [ 638664.088572529843077, 2319805.138279910665005 ], [ 639036.738452184712514, 2320727.340033330023289 ], [ 637954.4962391826557, 2320718.326985107734799 ], [ 638327.30997678253334, 2321640.533353902865201 ], [ 637245.092589852632955, 2321631.562805586494505 ], [ 636872.257436184328981, 2320709.384411438368261 ], [ 635790.022016425267793, 2320700.512311059050262 ], [ 635417.307908068643883, 2319778.394392543938011 ], [ 634335.054418085375801, 2319769.620653141755611 ], [ 634707.789953149389476, 2320691.71068271715194 ], [ 633625.561219599330798, 2320682.979525167960674 ], [ 632880.189764291513711, 2318838.887625581584871 ], [ 633962.461361915222369, 2318847.563090925104916 ], [ 633590.010787086677738, 2317925.53796412749216 ], [ 631425.4280244827969, 2317908.313022247049958 ], [ 631797.921452463371679, 2318830.282573794946074 ], [ 629633.394579118466936, 2318813.283706034533679 ], [ 629260.858263621572405, 2317891.369617755990475 ], [ 627096.30129030207172, 2317874.707741079386324 ], [ 627468.880527726956643, 2318796.566478040535003 ], [ 625304.379084143438376, 2318780.130880366079509 ], [ 625677.143811303656548, 2319701.966576225589961 ], [ 628923.836250070249662, 2319726.808573490940034 ], [ 629669.664353849017061, 2321570.742934253998101 ], [ 633998.460672902991064, 2321605.074163456447423 ], [ 634371.502606711583212, 2322527.201303367502987 ], [ 633289.320083377533592, 2322518.484860482160002 ], [ 634409.365152987185866, 2325284.977754957508296 ], [ 636573.604726280202158, 2325302.648960631340742 ], [ 636200.156833438901231, 2324380.396114278119057 ], [ 637282.303124864120036, 2324389.309595303609967 ], [ 637655.729558488819748, 2325311.590479128528386 ], [ 638737.857790046138689, 2325320.602609745692462 ], [ 638364.452807064168155, 2324398.293660427909344 ], [ 639446.605906776851043, 2324407.34831092087552 ] ], [ [ 635453.688450182788074, 2322535.988271825946867 ], [ 635080.667964664753526, 2321613.833211614750326 ], [ 636162.878594730282202, 2321622.662758575286716 ], [ 636909.01915139646735, 2323467.061368654016405 ], [ 634744.687018579686992, 2323449.360976904630661 ], [ 634371.502606711583212, 2322527.201303367502987 ], [ 635453.688450182788074, 2322535.988271825946867 ] ] ], [ [ [ 642357.746262245229445, 2326270.488809347618371 ], [ 642731.371805623406544, 2327192.947772095445544 ], [ 643813.471049559535459, 2327202.298808535095304 ], [ 644187.217583821853623, 2328124.818910922389477 ], [ 645269.298950476571918, 2328134.268917010165751 ], [ 644521.991150494548492, 2326289.205054561141878 ], [ 642357.746262245229445, 2326270.488809347618371 ] ] ], [ [ [ 642104.912646831944585, 2333622.859373483341187 ], [ 639941.046356842038222, 2333604.398116752505302 ], [ 640315.918781337561086, 2334526.979006985202432 ], [ 635988.313568264478818, 2334490.793778328690678 ], [ 635238.538822055328637, 2332645.890952134039253 ], [ 634156.602836893987842, 2332637.078224260825664 ], [ 634906.420710895908996, 2334481.924689394421875 ], [ 633824.531178541132249, 2334473.126485233195126 ], [ 634199.675407223403454, 2335395.570753046311438 ], [ 633117.810764062451199, 2335386.815263103228062 ], [ 634619.898844236857258, 2339076.808030289132148 ], [ 635701.677059032255784, 2339085.676496559754014 ], [ 634574.962112077511847, 2336318.047855750657618 ], [ 635656.808473447570577, 2336326.902484463527799 ], [ 636032.216056772274897, 2337249.440711514092982 ], [ 637114.044173726462759, 2337258.394566196016967 ], [ 636738.658177036559209, 2336335.828053989913315 ], [ 639984.227607731474563, 2336363.030420088674873 ], [ 639609.048760612495244, 2335440.411901022307575 ], [ 641772.821997304679826, 2335458.844776401761919 ], [ 641397.828663873719051, 2334536.202538760378957 ], [ 642479.742031466914341, 2334545.49696296826005 ], [ 642854.713842753553763, 2335468.16759415064007 ], [ 643936.609208492795005, 2335477.561333688907325 ], [ 644311.701923890621401, 2336400.293490472715348 ], [ 645393.579325071303174, 2336409.78663267660886 ], [ 644268.792949486989528, 2333641.604093024041504 ], [ 645350.738422266440466, 2333651.082754648290575 ], [ 644601.635875450097956, 2331805.736321727745235 ], [ 643519.647442228742875, 2331796.314466040581465 ], [ 643145.288318916107528, 2330873.719175226986408 ], [ 642063.281946092145517, 2330864.396461917553097 ], [ 642437.662548428052105, 2331786.963422601576895 ], [ 641355.681167360278778, 2331777.683190089650452 ], [ 642104.912646831944585, 2333622.859373483341187 ] ], [ [ 643186.851033235434443, 2333632.19629974430427 ], [ 642812.185578297125176, 2332709.563357762526721 ], [ 643894.148986572166905, 2332718.942761186510324 ], [ 644268.792949486989528, 2333641.604093024041504 ], [ 643186.851033235434443, 2333632.19629974430427 ] ] ], [ [ [ 645437.834551619249396, 2339168.688909556716681 ], [ 644311.701923890621401, 2336400.293490472715348 ], [ 643229.828078231774271, 2336390.871299437247217 ], [ 642854.713842753553763, 2335468.16759415064007 ], [ 641772.821997304679826, 2335458.844776401761919 ], [ 642523.235953775933012, 2337304.228416695259511 ], [ 643605.084735438227654, 2337313.608111266046762 ], [ 644356.025305193965323, 2339159.181184421759099 ], [ 645437.834551619249396, 2339168.688909556716681 ] ] ], [ [ [ 644777.895962676848285, 2342841.174995336681604 ], [ 644401.763252713950351, 2341918.267494845669717 ], [ 643320.025797825888731, 2341908.816200891509652 ], [ 643696.180090482812375, 2342831.695096229668707 ], [ 644777.895962676848285, 2342841.174995336681604 ] ] ], [ [ [ 638287.653230121009983, 2342785.362727481871843 ], [ 638664.058014877606183, 2343708.132141985464841 ], [ 637582.384597269468941, 2343699.050617548637092 ], [ 637958.953476693830453, 2344621.824691883288324 ], [ 641203.919073404511437, 2344649.368336514104158 ], [ 640827.415109779802151, 2343726.508687293156981 ], [ 644072.476800602395087, 2343754.607265848200768 ], [ 643696.180090482812375, 2342831.695096229668707 ], [ 641532.758926086127758, 2342812.948727322742343 ], [ 641156.561442318605259, 2341890.126958133652806 ], [ 638993.110981648555025, 2341871.722166808322072 ], [ 639369.351690856041387, 2342794.486922031734139 ], [ 638287.653230121009983, 2342785.362727481871843 ] ] ], [ [ [ 641203.919073404511437, 2344649.368336514104158 ], [ 641580.5654690368101, 2345572.261235138401389 ], [ 643743.84993947064504, 2345591.036891398020089 ], [ 644120.595504400553182, 2346514.020382413640618 ], [ 645202.221411027479917, 2346523.543746713083237 ], [ 644448.915925715118647, 2344677.552742369938642 ], [ 641203.919073404511437, 2344649.368336514104158 ] ] ], [ [ [ 644547.466084935585968, 2350196.721334449015558 ], [ 644170.129226764664054, 2349273.632937333546579 ], [ 643088.575322167132981, 2349264.165976625401527 ], [ 643465.933840724406764, 2350187.225612209644169 ], [ 644547.466084935585968, 2350196.721334449015558 ] ] ] ] } }
]
}
