{
"type": "FeatureCollection",
"name": "urban-2005",
"crs": { "type": "name", "properties": { "name": "urn:ogc:def:crs:EPSG::32648" } },
"features": [
{ "type": "Feature", "properties": { "year": 2005 }, "geometry": { "type": "MultiPolygon", "coordinates": [ [ [ [ 520178.708613303548191, 2307296.407402484212071 ], [ 521261.051380665972829, 2307297.747620142996311 ], [ 520888.132931808708236, 2306378.716050024610013 ], [ 519805.767933673574589, 2306377.400499932467937 ], [ 520178.708613303548191, 2307296.407402484212071 ] ] ], [ [ [ 522343.394674892304465, 2307299.157847741153091 ], [ 521261.051380665972829, 2307297.747620142996311 ], [ 521634.11298998480197, 2308216.808305464684963 ], [ 522716.434056086174678, 2308218.243257555179298 ], [ 522343.394674892304465, 2307299.157847741153091 ] ] ], [ [ [ 526672.773656864417717, 2307305.498861660249531 ], [ 527045.724216877599247, 2308224.683445694390684 ], [ 522716.434056086174678, 2308218.243257555179298 ], [ 523089.616588759119622, 2309137.35784212173894 ], [ 526336.516622208640911, 2309142.157353011425585 ], [ 526709.775635339668952, 2310061.375657808035612 ], [ 525627.497221261030063, 2310059.680889058392495 ], [ 527496.050308496225625, 2314656.088100181892514 ], [ 528578.21755661838688, 2314657.907639713492244 ], [ 527456.723040186334401, 2311899.900267843157053 ], [ 528538.957687106449157, 2311901.715005714446306 ], [ 527418.817902394104749, 2309143.89732178626582 ], [ 529583.422527178074233, 2309147.587458514608443 ], [ 528837.467006394057535, 2307309.089433906599879 ], [ 526672.773656864417717, 2307305.498861660249531 ] ] ], [ [ [ 537275.72546286683064, 2317431.412406737916172 ], [ 536153.409592136158608, 2314672.610925155691803 ], [ 535071.236831911839545, 2314670.299756401684135 ], [ 535445.221245243097655, 2315589.845292113721371 ], [ 534363.071550814551301, 2315587.579148711171001 ], [ 535111.514010002370924, 2317426.708793391473591 ], [ 537275.72546286683064, 2317431.412406737916172 ] ] ], [ [ [ 535903.130708439508453, 2322022.680469116196036 ], [ 535528.100339225726202, 2321102.977314115036279 ], [ 536610.115804638946429, 2321105.324899184517562 ], [ 535111.514010002370924, 2317426.708793391473591 ], [ 534029.409599361475557, 2317424.462461363058537 ], [ 535153.2130412197439, 2320183.3039665161632 ], [ 534071.176198575645685, 2320181.052137965802103 ], [ 534446.085751713137142, 2321100.700155711267143 ], [ 531200.046989217051305, 2321094.291237330064178 ], [ 531575.166459537460469, 2322013.893120786175132 ], [ 530493.177414324251004, 2322011.872417191974819 ], [ 531995.175474246148951, 2325690.476167102809995 ], [ 533077.07526238868013, 2325692.598161158151925 ], [ 532701.383428432396613, 2324772.877213662024587 ], [ 533783.306347997509874, 2324775.044376818928868 ], [ 533032.396554372622631, 2322935.641186821740121 ], [ 535196.334088579053059, 2322940.085555525962263 ], [ 534821.138382544391789, 2322020.377951330505311 ], [ 535903.130708439508453, 2322022.680469116196036 ] ] ], [ [ [ 527247.214691813103855, 2322006.233022174797952 ], [ 527622.566529740695842, 2322925.763678392861038 ], [ 529786.496305641718209, 2322929.503240922931582 ], [ 529411.189122454612516, 2322009.922166407108307 ], [ 527247.214691813103855, 2322006.233022174797952 ] ] ], [ [ [ 525503.792397299781442, 2325679.226025075186044 ], [ 526585.68784701032564, 2325680.924642677418888 ], [ 525834.179143288987689, 2323841.815956350881606 ], [ 527998.061485753627494, 2323845.323967059608549 ], [ 527622.566529740695842, 2322925.763678392861038 ], [ 526540.60267858824227, 2322923.999616741668433 ], [ 526165.228499581804499, 2322004.49412820674479 ], [ 527247.214691813103855, 2322006.233022174797952 ], [ 526496.940380206564441, 2320167.260484594851732 ], [ 525414.909525262657553, 2320165.571837415918708 ], [ 525789.997447641333565, 2321085.018211961258203 ], [ 524707.989558081375435, 2321083.374880276620388 ], [ 525458.639483002945781, 2322922.30603449838236 ], [ 524376.676916258176789, 2322920.682931422721595 ], [ 524752.238942406955175, 2323840.167711325921118 ], [ 522588.360347749840003, 2323837.082740772515535 ], [ 522964.110281105269678, 2324756.546835005749017 ], [ 524046.026895486807916, 2324758.079183343797922 ], [ 524421.897577183437534, 2325677.597969317808747 ], [ 523340.0033599503804, 2325676.040475176181644 ], [ 523716.039581785502378, 2326595.563691921997815 ], [ 522634.168353527435102, 2326594.051611423492432 ], [ 523010.370135127275717, 2327513.579258060082793 ], [ 525174.068347602733411, 2327516.724390404764563 ], [ 524797.911395389121026, 2326597.146361446939409 ], [ 525879.783821042161435, 2326598.799620222765952 ], [ 525503.792397299781442, 2325679.226025075186044 ] ] ], [ [ [ 522964.110281105269678, 2324756.546835005749017 ], [ 521882.194233728514519, 2324755.08502043178305 ], [ 521506.421900534303859, 2323835.646014808677137 ], [ 520424.483984433521982, 2323834.279794779140502 ], [ 521176.216627304733265, 2325673.137170868460089 ], [ 523340.0033599503804, 2325676.040475176181644 ], [ 522964.110281105269678, 2324756.546835005749017 ] ] ], [ [ [ 530537.53998488583602, 2324768.754495264030993 ], [ 529455.619407474761829, 2324766.798939441796392 ], [ 530207.280178201966919, 2326606.118552640080452 ], [ 529125.405037324409932, 2326604.182934431824833 ], [ 530254.036561713321134, 2329363.309698947705328 ], [ 532417.653391519910656, 2329367.403845738619566 ], [ 530537.53998488583602, 2324768.754495264030993 ] ] ], [ [ [ 525879.783821042161435, 2326598.799620222765952 ], [ 526255.918372312444262, 2327518.402881793677807 ], [ 527337.769044933025725, 2327520.151990306563675 ], [ 526961.656885447213426, 2326600.523468481376767 ], [ 525879.783821042161435, 2326598.799620222765952 ] ] ], [ [ [ 525975.26277535117697, 2332113.325819279998541 ], [ 523811.790158184070606, 2332110.069396013859659 ], [ 524566.09945024701301, 2333949.460019152145833 ], [ 522402.719118488661479, 2333946.385409664362669 ], [ 523535.391553712019231, 2336705.542625639587641 ], [ 522453.769772147294134, 2336704.035533566959202 ], [ 522076.046630835277028, 2335784.312039005570114 ], [ 520994.402872328762896, 2335782.901174693834037 ], [ 521372.148543597315438, 2336702.599333406426013 ], [ 520290.52784142375458, 2336701.23402495495975 ], [ 521046.493734389659949, 2338540.668970827478915 ], [ 522128.069338831002824, 2338542.084984947461635 ], [ 521750.037366604199633, 2337622.327259862329811 ], [ 522831.636058726056945, 2337623.788825611118227 ], [ 523209.645488056528848, 2338543.571946036070585 ], [ 524291.222208690480329, 2338545.129854302853346 ], [ 523913.235313060227782, 2337625.32131090387702 ], [ 524994.835156243178062, 2337626.924715957138687 ], [ 524239.335805949929636, 2335787.34636068250984 ], [ 527484.274113553343341, 2335792.429329114500433 ], [ 528239.638485217816196, 2337632.160451990552247 ], [ 529321.240950130391866, 2337634.04753844672814 ], [ 528565.921534650260583, 2335794.265382448676974 ], [ 530729.218514563282952, 2335798.150086440611631 ], [ 530351.818378278752789, 2334878.252914545126259 ], [ 531433.490431297919713, 2334880.276010836008936 ], [ 531810.868126669549383, 2335800.198737646453083 ], [ 533974.169728413806297, 2335804.508639921434224 ], [ 531712.318918998236768, 2330285.115443257149309 ], [ 530630.533274356275797, 2330283.078274519648403 ], [ 530254.036561713321134, 2329363.309698947705328 ], [ 527008.61684742977377, 2329357.698527098633349 ], [ 527761.887802621233277, 2331197.113207013346255 ], [ 526680.127446459373459, 2331195.333488935604692 ], [ 526303.397983255563304, 2330275.636605393607169 ], [ 525221.615848948364146, 2330273.952938256785274 ], [ 525975.26277535117697, 2332113.325819279998541 ] ], [ [ 531007.173085082322359, 2331202.876728495117277 ], [ 529925.410595259862021, 2331200.884826526977122 ], [ 529548.748385139857419, 2330281.111806636676192 ], [ 530630.533274356275797, 2330283.078274519648403 ], [ 531007.173085082322359, 2331202.876728495117277 ] ], [ [ 531056.255827964865603, 2333960.383287253323942 ], [ 529974.561340507119894, 2333958.385716153308749 ], [ 528843.648843331262469, 2331198.963652790058404 ], [ 529925.410595259862021, 2331200.884826526977122 ], [ 531056.255827964865603, 2333960.383287253323942 ] ], [ [ 528188.476489081513137, 2334874.419237414840609 ], [ 526025.137377991806716, 2334870.868912430480123 ], [ 525270.586770690977573, 2333031.367987862322479 ], [ 527434.015734824701212, 2333034.816658616065979 ], [ 528188.476489081513137, 2334874.419237414840609 ] ] ], [ [ [ 540791.54385401098989, 2333981.547968284226954 ], [ 541545.753096392261796, 2335821.825629938859493 ], [ 542627.411743843462318, 2335824.582961010746658 ], [ 541873.247194394585676, 2333984.25366571592167 ], [ 540791.54385401098989, 2333981.547968284226954 ] ] ], [ [ [ 537923.539946318604052, 2334893.902215330861509 ], [ 538300.78318810055498, 2335813.978852647356689 ], [ 540464.095472380635329, 2335819.139168438501656 ], [ 540086.896975503419526, 2334899.011006196029484 ], [ 537923.539946318604052, 2334893.902215330861509 ] ] ], [ [ [ 540464.095472380635329, 2335819.139168438501656 ], [ 540841.437007007538341, 2336739.297602852806449 ], [ 541923.072265747352503, 2336742.009898103307933 ], [ 541545.753096392261796, 2335821.825629938859493 ], [ 540464.095472380635329, 2335819.139168438501656 ] ] ], [ [ [ 543382.148392506991513, 2337665.033583050128073 ], [ 543759.731247790972702, 2338585.304469463415444 ], [ 544841.323884652694687, 2338588.210427254904062 ], [ 544463.763389401836321, 2337667.913592141121626 ], [ 543382.148392506991513, 2337665.033583050128073 ] ] ], [ [ [ 526076.435614907531999, 2337628.599040997214615 ], [ 526832.462447335477918, 2339468.34793414035812 ], [ 527914.018529361579567, 2339470.144220969639719 ], [ 527158.036715688649565, 2337630.344286259729415 ], [ 526076.435614907531999, 2337628.599040997214615 ] ] ], [ [ [ 520343.138893384253606, 2339459.060690780170262 ], [ 521424.691411892534234, 2339460.431127977091819 ], [ 521046.493734389659949, 2338540.668970827478915 ], [ 519964.918648103193846, 2338539.323903476819396 ], [ 520343.138893384253606, 2339459.060690780170262 ] ] ], [ [ [ 523317.827008939231746, 2344059.689993514679372 ], [ 521154.948390524252318, 2344056.76563911465928 ], [ 521534.050156576675363, 2344976.65617536380887 ], [ 519371.218878275714815, 2344973.965310288593173 ], [ 520509.518912474042736, 2347733.663549380842596 ], [ 519428.17197017633589, 2347732.348332226742059 ], [ 520567.828416167409159, 2350492.23972353618592 ], [ 519486.550006275821943, 2350490.919048470910639 ], [ 519866.744494993530679, 2351410.917292293626815 ], [ 522029.256433247879613, 2351413.681214755866677 ], [ 521649.107331147883087, 2350493.631703581195325 ], [ 522730.386777769424953, 2350495.094988802913576 ], [ 521211.312510415096767, 2346815.095071248244494 ], [ 523374.054300630581565, 2346818.030423969961703 ], [ 522994.688868862984236, 2345898.054361724760383 ], [ 524076.083231861761305, 2345899.603222407400608 ], [ 523317.827008939231746, 2344059.689993514679372 ] ] ], [ [ [ 524191.770534987153951, 2351416.730468470137566 ], [ 524572.017418195959181, 2352336.861532649956644 ], [ 525653.252679264871404, 2352338.518919622059911 ], [ 525273.028463534545153, 2351418.362095077522099 ], [ 524191.770534987153951, 2351416.730468470137566 ] ] ], [ [ [ 550580.676173544954509, 2355155.41348023712635 ], [ 550960.975928927771747, 2356076.267808307427913 ], [ 552042.142496147076599, 2356079.672469278797507 ], [ 551661.865223667467944, 2355158.791623915079981 ], [ 550580.676173544954509, 2355155.41348023712635 ] ] ], [ [ [ 519352.454606536368374, 2360606.857441141270101 ], [ 519734.314847314497456, 2361527.08448946941644 ], [ 520815.318257239763625, 2361528.428038379643112 ], [ 520433.480822381738108, 2360608.175150498282164 ], [ 519352.454606536368374, 2360606.857441141270101 ] ] ], [ [ [ 532007.137741776299663, 2362466.346947274636477 ], [ 532389.033790310611948, 2363386.921004172880203 ], [ 533469.998838265542872, 2363389.104937329422683 ], [ 533088.125507054268382, 2362468.504676450043917 ], [ 532007.137741776299663, 2362466.346947274636477 ] ] ], [ [ [ 530609.190649788593873, 2364303.320563913322985 ], [ 530991.418340982287191, 2365223.903554718475789 ], [ 532072.33633820223622, 2365225.996488707605749 ], [ 531690.13139563635923, 2364305.387288964353502 ], [ 530609.190649788593873, 2364303.320563913322985 ] ] ], [ [ [ 528964.671608697040938, 2370739.762676833197474 ], [ 529347.992118641035631, 2371660.455666523892432 ], [ 530428.747560924384743, 2371662.44514219975099 ], [ 530045.44988160347566, 2370741.725842771120369 ], [ 528964.671608697040938, 2370739.762676833197474 ] ] ], [ [ [ 559294.570805642637424, 2373582.344860170036554 ], [ 559677.706862912629731, 2374503.852819629944861 ], [ 560758.42387398192659, 2374507.86619484750554 ], [ 560375.310419668327086, 2373586.331086271908134 ], [ 559294.570805642637424, 2373582.344860170036554 ] ] ], [ [ [ 522934.023207860125694, 2374410.255979385226965 ], [ 524014.705458125681616, 2374411.820404093246907 ], [ 523630.818378771306016, 2373491.192807537503541 ], [ 522550.11321382317692, 2373489.654589781071991 ], [ 522934.023207860125694, 2374410.255979385226965 ] ] ], [ [ [ 519691.979713334294502, 2374405.994837378151715 ], [ 520772.66036186600104, 2374407.343196232803166 ], [ 520388.704510647105053, 2373486.794137596152723 ], [ 519308.000919604441151, 2373485.471902765799314 ], [ 519691.979713334294502, 2374405.994837378151715 ] ] ], [ [ [ 526176.07174520730041, 2374415.165320870932192 ], [ 526560.056135547230951, 2375335.876166496425867 ], [ 527640.717331819352694, 2375337.682979247998446 ], [ 527256.755834829295054, 2374416.945813410449773 ], [ 526176.07174520730041, 2374415.165320870932192 ] ] ], [ [ [ 524014.705458125681616, 2374411.820404093246907 ], [ 524398.735662926686928, 2375332.478692268487066 ], [ 525479.395588048384525, 2375334.141404251568019 ], [ 525095.388295106240548, 2374413.456851177848876 ], [ 524014.705458125681616, 2374411.820404093246907 ] ] ], [ [ [ 533189.066991918371059, 2380869.083606409840286 ], [ 533573.961400647647679, 2381790.116906678769737 ], [ 534654.465280852629803, 2381792.397790072951466 ], [ 534269.593773605534807, 2380871.337846372276545 ], [ 533189.066991918371059, 2380869.083606409840286 ] ] ], [ [ [ 546924.832739835255779, 2382743.642142989207059 ], [ 546155.449354184791446, 2380900.900949245784432 ], [ 545074.911925504449755, 2380897.852291903924197 ], [ 545459.554924127180129, 2381819.180193419102579 ], [ 542218.017587091424502, 2381810.386871638707817 ], [ 542602.872056743246503, 2382731.665467392187566 ], [ 546924.832739835255779, 2382743.642142989207059 ] ] ], [ [ [ 519527.475889363791794, 2381767.039645972661674 ], [ 519912.812009204935748, 2382687.759833420626819 ], [ 520993.284270448319148, 2382689.127862873021513 ], [ 520607.971178926585708, 2381768.381361211184412 ], [ 519527.475889363791794, 2381767.039645972661674 ] ] ], [ [ [ 524234.704231442301534, 2382693.665571636520326 ], [ 524620.091415572096594, 2383614.522069167811424 ], [ 526780.99498152686283, 2383617.961498943623155 ], [ 526395.65378332848195, 2382697.052063301205635 ], [ 524234.704231442301534, 2382693.665571636520326 ] ] ], [ [ [ 549855.683963478426449, 2384593.039708321914077 ], [ 549470.680417338735424, 2383671.536116594914347 ], [ 548390.209075639024377, 2383668.261912180576473 ], [ 548005.325705731054768, 2382746.817004789132625 ], [ 546924.832739835255779, 2382743.642142989207059 ], [ 547694.78807191119995, 2384586.509442906361073 ], [ 549855.683963478426449, 2384593.039708321914077 ] ] ], [ [ [ 521764.339874257275369, 2384530.71328645478934 ], [ 522844.766590135346632, 2384532.206360812298954 ], [ 522073.757043669815175, 2382690.568162256386131 ], [ 520993.284270448319148, 2382689.127862873021513 ], [ 521764.339874257275369, 2384530.71328645478934 ] ] ], [ [ [ 536890.374162459396757, 2384558.198031840845942 ], [ 537970.811071884352714, 2384560.70368593512103 ], [ 537585.556206241250038, 2383639.496614739764482 ], [ 536505.096394457039423, 2383637.017750774975866 ], [ 536890.374162459396757, 2384558.198031840845942 ] ] ], [ [ [ 519217.842545020161197, 2383607.188709859270602 ], [ 519603.488007867941633, 2384527.944113203790039 ], [ 520683.913688947679475, 2384529.2925373185426 ], [ 520298.291276584845036, 2383608.51078656129539 ], [ 519217.842545020161197, 2383607.188709859270602 ] ] ], [ [ [ 535336.68128164159134, 2269676.543887155130506 ], [ 535703.281516364193521, 2270595.080452515278012 ], [ 536786.523176387534477, 2270597.386114911641926 ], [ 536419.944658156251535, 2269678.825270004570484 ], [ 535336.68128164159134, 2269676.543887155130506 ] ] ], [ [ [ 533536.800843512755819, 2270590.675862065982074 ], [ 533903.587634573807009, 2271509.192597332876176 ], [ 536070.024834416457452, 2271513.645721515174955 ], [ 535703.281516364193521, 2270595.080452515278012 ], [ 533536.800843512755819, 2270590.675862065982074 ] ] ], [ [ [ 523457.775529406906571, 2275162.920448169577867 ], [ 523825.517870778974611, 2276081.314312770497054 ], [ 524908.61891221976839, 2276082.868273883592337 ], [ 524540.898443787824363, 2275164.450316053815186 ], [ 523457.775529406906571, 2275162.920448169577867 ] ] ], [ [ [ 522742.417423529026564, 2276079.829425514675677 ], [ 523478.375347660738043, 2277916.654485505539924 ], [ 524561.432011342491023, 2277918.18759057438001 ], [ 523825.517870778974611, 2276081.314312770497054 ], [ 522742.417423529026564, 2276079.829425514675677 ] ] ], [ [ [ 524975.834769276087172, 2284344.809199396055192 ], [ 523869.040639865968842, 2281589.086633901111782 ], [ 524952.009036588715389, 2281590.64728197734803 ], [ 524583.385890424600802, 2280672.106174238957465 ], [ 526749.368408802547492, 2280675.386683100368828 ], [ 527117.947721792850643, 2281593.976296386215836 ], [ 528200.918064234429039, 2281595.744663190096617 ], [ 528569.618599864537828, 2282514.387312704697251 ], [ 529652.56774437520653, 2282516.249270359519869 ], [ 529283.889109204872511, 2281597.582270059268922 ], [ 530366.860883684363216, 2281599.489117252174765 ], [ 529629.976736441603862, 2279762.192729780916125 ], [ 530712.993012605817057, 2279764.120092277880758 ], [ 529976.725054563721642, 2277926.890056951437145 ], [ 531059.785797179793008, 2277928.837940158788115 ], [ 530691.888331549358554, 2277010.241713173221797 ], [ 532858.055821173009463, 2277014.296210563275963 ], [ 532490.345108765061013, 2276095.680089401546866 ], [ 533573.451876197592355, 2276097.786650118883699 ], [ 532838.503352361498401, 2274260.591990224551409 ], [ 533921.654533825349063, 2274262.718972173053771 ], [ 533554.416698720073327, 2273344.140433051157743 ], [ 535720.765157725312747, 2273348.552809515967965 ], [ 535353.713935286505148, 2272429.954382725525647 ], [ 534270.517519571469165, 2272427.738008228130639 ], [ 533903.587634573807009, 2271509.192597332876176 ], [ 530653.938114621909335, 2271503.029949629679322 ], [ 531388.071588897495531, 2273340.004030830226839 ], [ 530304.900222355732694, 2273338.039319321978837 ], [ 531039.649730820441619, 2275175.079507289454341 ], [ 529956.522738282335922, 2275173.135357053019106 ], [ 530324.133977765101008, 2276091.674195354804397 ], [ 529241.029560171300545, 2276089.774861458223313 ], [ 528873.396492979256436, 2275171.260254506021738 ], [ 527790.270967897027731, 2275169.454199383966625 ], [ 528893.665059274062514, 2277925.011304066050798 ], [ 527810.605784308398142, 2277923.201681236736476 ], [ 528178.711928249453194, 2278841.753776006400585 ], [ 526012.639189118519425, 2278838.293476943392307 ], [ 526380.932230423437431, 2279756.82575318031013 ], [ 524214.905891907808837, 2279753.593692013993859 ], [ 523478.375347660738043, 2277916.654485505539924 ], [ 521312.263749250094406, 2277913.795661779586226 ], [ 522048.881967214343604, 2279750.638367275241762 ], [ 523131.893641328089871, 2279752.081437699031085 ], [ 523500.395563514903188, 2280670.569737506099045 ], [ 522417.405822145694401, 2280669.102512278128415 ], [ 523892.932824050425552, 2284343.245065585244447 ], [ 524975.834769276087172, 2284344.809199396055192 ] ] ], [ [ [ 549192.852743812603876, 2288070.439086221624166 ], [ 550275.687490912736394, 2288073.628178460989147 ], [ 549906.521785194403492, 2287154.366773639805615 ], [ 548823.665251598344184, 2287151.202676558867097 ], [ 549192.852743812603876, 2288070.439086221624166 ] ] ], [ [ [ 553155.098945032106712, 2287164.275541317649186 ], [ 552072.238604963524267, 2287160.903205556795001 ], [ 552441.360764543525875, 2288080.214683806989342 ], [ 550275.687490912736394, 2288073.628178460989147 ], [ 550644.996187852812, 2288992.919057016260922 ], [ 549562.1832337572705, 2288989.7049405509606 ], [ 549931.656718980288133, 2289909.00026970077306 ], [ 552097.240296876174398, 2289915.548104791902006 ], [ 551727.810401730588637, 2288996.202641321346164 ], [ 552810.625902326544747, 2288999.555693931877613 ], [ 553549.58510269143153, 2290838.326430613175035 ], [ 554632.358365086140111, 2290841.799253975041211 ], [ 554262.829057433526032, 2289922.373923950828612 ], [ 555345.625448536477052, 2289925.891078756656498 ], [ 554976.260871415142901, 2289006.470205973833799 ], [ 556059.080393782583997, 2289010.031666384544224 ], [ 555689.880527690169401, 2288090.615251061040908 ], [ 553524.19934495864436, 2288083.612097846344113 ], [ 553155.098945032106712, 2287164.275541317649186 ] ] ], [ [ [ 534059.867982630501501, 2290787.703821015078574 ], [ 535142.621396782225929, 2290789.925274300854653 ], [ 534402.919069689931348, 2288952.00119640910998 ], [ 533320.121780084096827, 2288949.829048465937376 ], [ 532950.463316960725933, 2288030.935235359705985 ], [ 534033.282534528523684, 2288033.082774226088077 ], [ 532556.167307236930355, 2284357.69916510861367 ], [ 531473.260442931205034, 2284355.649772248230875 ], [ 531842.346509746974334, 2285274.427729425020516 ], [ 530759.462340011261404, 2285272.423194736707956 ], [ 531867.644919171347283, 2288028.857130587100983 ], [ 530784.827314219088294, 2288026.848459613043815 ], [ 531524.37511251703836, 2289864.566796077881008 ], [ 532607.148818854941055, 2289866.624603673350066 ], [ 533347.225106412894093, 2291704.508235545828938 ], [ 531181.766345145879313, 2291700.363658652175218 ], [ 531552.063081443542615, 2292619.299796583596617 ], [ 532634.770079882349819, 2292621.361955423373729 ], [ 533005.187931118067354, 2293540.351836397312582 ], [ 531922.502920326427557, 2293538.265006009954959 ], [ 532293.085859330487438, 2294457.259316962677985 ], [ 533375.748875971883535, 2294459.370848021004349 ], [ 533746.452911969274282, 2295378.419020363129675 ], [ 534829.094766274094582, 2295380.624935920815915 ], [ 534458.412721881410107, 2294461.552006118465215 ], [ 535541.077423961367458, 2294463.802791564725339 ], [ 535170.560440259752795, 2293544.734295643400401 ], [ 534087.873762127477676, 2293542.508266173768789 ], [ 533717.477889484376647, 2292623.493686002213508 ], [ 534800.186537161935121, 2292625.694988621864468 ], [ 534059.867982630501501, 2290787.703821015078574 ] ] ], [ [ [ 552466.813171833986416, 2290834.923131458461285 ], [ 552836.529024150338955, 2291754.327751551754773 ], [ 553919.279160375939682, 2291757.756217639893293 ], [ 553549.58510269143153, 2290838.326430613175035 ], [ 552466.813171833986416, 2290834.923131458461285 ] ] ], [ [ [ 551040.9351218045922, 2292667.063408016227186 ], [ 550301.273197031696327, 2290828.325103854760528 ], [ 548135.738225281238556, 2290822.005167428869754 ], [ 548505.541345650097355, 2291741.309396879281849 ], [ 549588.28638915263582, 2291744.459660025779158 ], [ 549958.210673497291282, 2292663.818481899797916 ], [ 551040.9351218045922, 2292667.063408016227186 ] ] ], [ [ [ 551753.780201483052224, 2291750.968836901243776 ], [ 552493.684455063310452, 2293589.816612605936825 ], [ 553576.38965105114039, 2293593.225893086288124 ], [ 552836.529024150338955, 2291754.327751551754773 ], [ 551753.780201483052224, 2291750.968836901243776 ] ] ], [ [ [ 534800.186537161935121, 2292625.694988621864468 ], [ 535170.560440259752795, 2293544.734295643400401 ], [ 536253.247992421500385, 2293547.02992512146011 ], [ 535882.896049826988019, 2292627.965863593388349 ], [ 534800.186537161935121, 2292625.694988621864468 ] ] ], [ [ [ 549958.210673497291282, 2292663.818481899797916 ], [ 548875.487466954509728, 2292660.643133528996259 ], [ 549245.576586739975028, 2293580.006407605018467 ], [ 550328.27794981491752, 2293583.206870332825929 ], [ 549958.210673497291282, 2292663.818481899797916 ] ] ], [ [ [ 546367.777452381909825, 2294490.140225095208734 ], [ 547450.453347817063332, 2294493.156934551429003 ], [ 547820.872197065502405, 2295412.529112040065229 ], [ 548903.527397065423429, 2295415.640570576302707 ], [ 547792.765475264401175, 2292657.537362454924732 ], [ 548875.487466954509728, 2292660.643133528996259 ], [ 548505.541345650097355, 2291741.309396879281849 ], [ 546340.054849374573678, 2291735.217518938239664 ], [ 546710.044671513722278, 2292654.501168238930404 ], [ 544544.606520177796483, 2292648.63750866940245 ], [ 544914.783103579422459, 2293567.900602297857404 ], [ 545997.479732813546434, 2293570.822647649794817 ], [ 546367.777452381909825, 2294490.140225095208734 ] ] ], [ [ [ 551781.168988449149765, 2294505.920094984583557 ], [ 552863.85104784136638, 2294509.28496800083667 ], [ 552493.684455063310452, 2293589.816612605936825 ], [ 551410.980563619639724, 2293586.476938512176275 ], [ 551781.168988449149765, 2294505.920094984583557 ] ] ], [ [ [ 553234.160614672699012, 2295428.783008842729032 ], [ 554316.822157959686592, 2295432.24277176335454 ], [ 553946.534420731826685, 2294512.719475117977709 ], [ 552863.85104784136638, 2294509.28496800083667 ], [ 553234.160614672699012, 2295428.783008842729032 ] ] ], [ [ [ 549274.067369510303251, 2296335.067464411724359 ], [ 550356.701912421849556, 2296338.273757042363286 ], [ 549986.183811930939555, 2295418.821689069736749 ], [ 548903.527397065423429, 2295415.640570576302707 ], [ 549274.067369510303251, 2296335.067464411724359 ] ] ], [ [ [ 533776.848567182896659, 2298133.528177527710795 ], [ 534148.146969756577164, 2299052.66844744887203 ], [ 535230.6999180696439, 2299054.903919190634042 ], [ 535602.119372774031945, 2299974.09834704734385 ], [ 537767.183880686527118, 2299978.82842119410634 ], [ 537024.576115462114103, 2298140.369266571011394 ], [ 535941.999382634996437, 2298138.01916568307206 ], [ 535570.888099119416438, 2297218.85848555713892 ], [ 534488.290247537079267, 2297216.602967609185725 ], [ 534859.423542167176493, 2298135.738802775740623 ], [ 533776.848567182896659, 2298133.528177527710795 ] ] ], [ [ [ 562636.191365596256219, 2297297.903290956746787 ], [ 563748.311894385959022, 2300057.365852689836174 ], [ 564830.876097102533095, 2300061.510755051393062 ], [ 563718.820920908940025, 2297301.971409760881215 ], [ 562636.191365596256219, 2297297.903290956746787 ] ] ], [ [ [ 556945.119315488147549, 2304625.402805245481431 ], [ 557317.001434728736058, 2305545.229394323192537 ], [ 559481.844859478645958, 2305552.778373135719448 ], [ 559110.006533526116982, 2304632.900601206813008 ], [ 556945.119315488147549, 2304625.402805245481431 ] ] ], [ [ [ 567058.844704822986387, 2305581.403816143982112 ], [ 566687.159374034148641, 2304661.346030217595398 ], [ 563439.798772217589431, 2304648.73547901166603 ], [ 563068.190833618631586, 2303728.785205038730055 ], [ 559820.778812404721975, 2303716.881112731993198 ], [ 560564.268770331866108, 2305556.657814065925777 ], [ 561646.6941826188704, 2305560.607223405968398 ], [ 562018.631669605034404, 2306480.566457745619118 ], [ 563101.036738301045261, 2306484.611553921364248 ], [ 562729.121123175602406, 2305564.626601714640856 ], [ 563811.549618839169852, 2305568.715949559118599 ], [ 564183.443371025496162, 2306488.726647387258708 ], [ 565265.851594609906897, 2306492.911738723982126 ], [ 564893.979696443071589, 2305572.875267519149929 ], [ 567058.844704822986387, 2305581.403816143982112 ] ] ], [ [ [ 551904.917269469238818, 2305527.581357295624912 ], [ 552277.052005728357472, 2306447.310379120986909 ], [ 553359.444205505540594, 2306450.725524231791496 ], [ 552987.331421678420156, 2305530.971034154761583 ], [ 551904.917269469238818, 2305527.581357295624912 ] ] ], [ [ [ 536077.254847204079852, 2309160.33948178589344 ], [ 535704.338418847532012, 2308240.925695835612714 ], [ 536786.668893297552131, 2308243.271158228162676 ], [ 536413.917648268048652, 2307323.861815174110234 ], [ 537496.271134862094186, 2307326.252207349054515 ], [ 536751.2420378185343, 2305487.471932793501765 ], [ 537833.64061742881313, 2305489.882148549426347 ], [ 537089.227930183871649, 2303651.169777671340853 ], [ 538171.671567432349548, 2303653.59982388978824 ], [ 537056.191671916283667, 2300895.677189568057656 ], [ 535973.681903808494098, 2300893.32211656589061 ], [ 535602.119372774031945, 2299974.09834704734385 ], [ 534519.5884576337412, 2299971.837999604642391 ], [ 534891.173028342309408, 2300891.03686420340091 ], [ 532726.157847890048288, 2300886.675820113625377 ], [ 535331.565064041526057, 2307321.54143662750721 ], [ 534249.213355361833237, 2307319.291071384213865 ], [ 536114.621499268570915, 2311916.382364805787802 ], [ 537196.862548776553012, 2311918.758304512593895 ], [ 536450.314346630359069, 2310079.782824907917529 ], [ 538614.887747015338391, 2310084.644357796292752 ], [ 539361.347437272313982, 2311923.720639179926366 ], [ 541525.836223705089651, 2311928.963583204429597 ], [ 541899.236406859359704, 2312848.596869535278529 ], [ 542981.460222767898813, 2312851.348912397399545 ], [ 542234.847099672653712, 2311012.061452517751604 ], [ 541152.579078216571361, 2311009.360063092783093 ], [ 540779.464972869725898, 2310089.786278633400798 ], [ 539697.175868355669081, 2310087.180269544012845 ], [ 539324.182710037799552, 2309167.661415771115571 ], [ 536077.254847204079852, 2309160.33948178589344 ] ] ], [ [ [ 563101.036738301045261, 2306484.611553921364248 ], [ 563845.296694894204848, 2308324.672175049316138 ], [ 564927.659582249936648, 2308328.838847839739174 ], [ 564183.443371025496162, 2306488.726647387258708 ], [ 563101.036738301045261, 2306484.611553921364248 ] ] ], [ [ [ 550520.115579193690792, 2310116.394804893061519 ], [ 551602.415989749832079, 2310119.701809296850115 ], [ 551229.665386243839748, 2309199.903951250482351 ], [ 550147.342970318510197, 2309196.622449382673949 ], [ 550520.115579193690792, 2310116.394804893061519 ] ] ], [ [ [ 553964.926458157715388, 2323909.419099994003773 ], [ 555046.893263663281687, 2323912.971143031027168 ], [ 554671.954040197771974, 2322992.771930014714599 ], [ 553589.965113987447694, 2322989.245776384137571 ], [ 553964.926458157715388, 2323909.419099994003773 ] ] ], [ [ [ 547233.71711833588779, 2331241.24286055425182 ], [ 547610.165030394098721, 2332161.456501150969416 ], [ 548691.920693973894231, 2332164.606006537564099 ], [ 548315.495042206719518, 2331244.366459217388183 ], [ 547233.71711833588779, 2331241.24286055425182 ] ] ], [ [ [ 562851.407591325580142, 2337727.725759040564299 ], [ 563228.589351122849621, 2338648.467964029405266 ], [ 564310.205934128025547, 2338652.651156697887927 ], [ 563933.046371733187698, 2337731.882503745146096 ], [ 562851.407591325580142, 2337727.725759040564299 ] ] ], [ [ [ 562682.70526838907972, 2347840.513245285488665 ], [ 563440.533558443654329, 2349682.499815840739757 ], [ 564521.876768939546309, 2349686.717537234537303 ], [ 564900.982942739618011, 2350607.784364180173725 ], [ 563819.662049758713692, 2350603.539917077869177 ], [ 564198.933435263228603, 2351524.611271248664707 ], [ 566361.532176094013266, 2351533.225025920663029 ], [ 565982.305429555126466, 2350612.100132539402694 ], [ 567063.629536762135103, 2350616.487222761847079 ], [ 566305.649282513419166, 2348774.277810541447252 ], [ 564142.913485361263156, 2348765.681961487513036 ], [ 563764.093094508862123, 2347844.67760522570461 ], [ 562682.70526838907972, 2347840.513245285488665 ] ] ], [ [ [ 569282.930316503858194, 2353384.575512842275202 ], [ 569662.541049983119592, 2354305.848366451915354 ], [ 570743.779286768403836, 2354310.485749936662614 ], [ 570364.190860711736605, 2353389.185939339920878 ], [ 569282.930316503858194, 2353384.575512842275202 ] ] ], [ [ [ 585938.79832649929449, 2357142.422572275623679 ], [ 586318.668626799015328, 2358064.203233846928924 ], [ 587399.844788068789057, 2358069.950457840226591 ], [ 587019.996695923968218, 2357148.142329253256321 ], [ 585938.79832649929449, 2357142.422572275623679 ] ] ], [ [ [ 584536.380141339381225, 2358974.681253306102008 ], [ 584916.580423492705449, 2359896.471076264511794 ], [ 587078.837498090462759, 2359907.860739596188068 ], [ 586698.681684830109589, 2358986.015945546794683 ], [ 584536.380141339381225, 2358974.681253306102008 ] ] ], [ [ [ 580396.735450278967619, 2367232.798389243893325 ], [ 581477.670276897610165, 2367238.1754634170793 ], [ 581096.194008517195471, 2366316.293997765518725 ], [ 580015.236828777706251, 2366310.944442029576749 ], [ 580396.735450278967619, 2367232.798389243893325 ] ] ], [ [ [ 581859.289329665945843, 2368160.089060284662992 ], [ 582940.203799526207149, 2368165.565539052709937 ], [ 582558.607097399421036, 2367243.624365621246397 ], [ 581477.670276897610165, 2367238.1754634170793 ], [ 581859.289329665945843, 2368160.089060284662992 ] ] ], [ [ [ 594781.199360795668326, 2381112.848747987300158 ], [ 595861.815877412562259, 2381119.220231336075813 ], [ 595095.081593170296401, 2379274.069778949487954 ], [ 594014.420325626269914, 2379267.754659546073526 ], [ 594781.199360795668326, 2381112.848747987300158 ] ] ], [ [ [ 592306.847858604975045, 2382939.22410349175334 ], [ 591539.363580839824863, 2381094.167805914767087 ], [ 592619.973238878534175, 2381100.322536156978458 ], [ 592236.467585262958892, 2380177.815402569714934 ], [ 591155.835521824192256, 2380171.688785857986659 ], [ 590389.207576145417988, 2378326.828839214518666 ], [ 589308.532927995081991, 2378320.830523743759841 ], [ 589691.797939328942448, 2379243.216134396847337 ], [ 588611.147881819400936, 2379237.261986912693828 ], [ 589378.15093875490129, 2381082.075092451646924 ], [ 588297.547901971265674, 2381076.137107530608773 ], [ 588681.285970827564597, 2381998.564604356884956 ], [ 586520.13123797532171, 2381986.849336847662926 ], [ 586904.056961385416798, 2382909.253418372012675 ], [ 585823.505245857639238, 2382903.476187255699188 ], [ 586207.596195600461215, 2383825.884885596111417 ], [ 582966.020991163095459, 2383808.903043238911778 ], [ 583350.322200924158096, 2384731.260360732208937 ], [ 590913.869836461846717, 2384772.093732641078532 ], [ 590529.726020372821949, 2383849.539936908986419 ], [ 591610.263929416192695, 2383855.634525749832392 ], [ 591994.385296434629709, 2384778.21650132490322 ], [ 594155.422971002757549, 2384790.679119548294693 ], [ 593387.412686460651457, 2382945.435152320191264 ], [ 592306.847858604975045, 2382939.22410349175334 ] ] ], [ [ [ 567382.446226920117624, 2380055.17381596704945 ], [ 567766.469470221316442, 2380977.0413873270154 ], [ 566685.904510611202568, 2380972.548192493617535 ], [ 567070.093235011328943, 2381894.420331264380366 ], [ 565989.552529793698341, 2381889.971892901230603 ], [ 566373.90675470395945, 2382811.848598447628319 ], [ 565293.390302068786696, 2382807.444941058754921 ], [ 565677.910046904347837, 2383729.326212729327381 ], [ 563516.9272183108842, 2383720.680822625290602 ], [ 563901.635176389710978, 2384642.539175963494927 ], [ 569303.991045718430541, 2384664.832707419991493 ], [ 568534.944542580051348, 2382820.872775380965322 ], [ 569615.465930530102924, 2382825.49329619249329 ], [ 569231.179579979507253, 2381903.533988626673818 ], [ 570311.725272452458739, 2381908.199208906851709 ], [ 569543.626329290913418, 2380064.321875212714076 ], [ 567382.446226920117624, 2380055.17381596704945 ] ] ], [ [ [ 558504.123537001549266, 2278919.245261177420616 ], [ 557769.271856260718778, 2277080.790908440481871 ], [ 555603.053633658215404, 2277073.557470232248306 ], [ 555970.451243042014539, 2277992.719981343951076 ], [ 557053.538022033753805, 2277996.327097578905523 ], [ 557421.056958811706863, 2278915.543994783889502 ], [ 558504.123537001549266, 2278919.245261177420616 ] ] ], [ [ [ 574016.107111788354814, 2277143.853905684314668 ], [ 573649.21878191572614, 2276224.293280851095915 ], [ 570399.7569677636493, 2276210.512577369343489 ], [ 570766.709756168304011, 2277129.997180435340852 ], [ 568600.453720518271439, 2277121.104964314028621 ], [ 569334.873978934716433, 2278960.062278666067868 ], [ 568251.791603031218983, 2278955.669303028844297 ], [ 568986.826465398771688, 2280794.695080745499581 ], [ 570069.865752711193636, 2280799.138718117959797 ], [ 569702.298427617293783, 2279879.585592651739717 ], [ 570785.360999584197998, 2279884.073086616583169 ], [ 570050.698038945789449, 2278045.00558059476316 ], [ 573300.025515141896904, 2278058.730969405267388 ], [ 572932.972850282094441, 2277139.165876263286918 ], [ 574016.107111788354814, 2277143.853905684314668 ] ] ], [ [ [ 567903.788897034712136, 2280790.320672456175089 ], [ 568271.542213087552227, 2281709.852918714284897 ], [ 569354.558218540041707, 2281714.252673585899174 ], [ 568986.826465398771688, 2280794.695080745499581 ], [ 567903.788897034712136, 2280790.320672456175089 ] ] ], [ [ [ 573339.379517576890066, 2283567.224900456611067 ], [ 572235.949592137010768, 2280808.233682636171579 ], [ 570069.865752711193636, 2280799.138718117959797 ], [ 570437.575951783568598, 2281718.72168530151248 ], [ 571520.59543979994487, 2281723.259954495821148 ], [ 572256.401340149575844, 2283562.566426347475499 ], [ 573339.379517576890066, 2283567.224900456611067 ] ] ], [ [ [ 560343.754216294037178, 2283515.897774900775403 ], [ 559975.542207049671561, 2282596.508108094334602 ], [ 561058.52372117980849, 2282600.378983411937952 ], [ 560690.47628654667642, 2281680.993775172159076 ], [ 561773.480952967889607, 2281684.908749024849385 ], [ 561037.858120073680766, 2279846.176859718747437 ], [ 562120.90755104762502, 2279850.11075507523492 ], [ 561753.332129233749583, 2278930.764072925318033 ], [ 563919.478842087322846, 2278938.789130027871579 ], [ 563184.843094098614529, 2277100.083990047685802 ], [ 564267.961960257496685, 2277104.149951194413006 ], [ 563900.880016362061724, 2276184.81664210697636 ], [ 561734.600736954947934, 2276176.804044839460403 ], [ 562101.72580348525662, 2277096.087144588120282 ], [ 559935.495840845629573, 2277088.300798473879695 ], [ 559568.327616203809157, 2276169.067797118797898 ], [ 558485.193297785823233, 2276165.303302961867303 ], [ 559219.715874172165059, 2278003.748751040548086 ], [ 560302.807001326349564, 2278007.563289319630712 ], [ 560670.261095214285888, 2278926.855299709364772 ], [ 558504.123537001549266, 2278919.245261177420616 ], [ 558871.763794597005472, 2279838.516660106834024 ], [ 556705.675337798660621, 2279831.133245029952377 ], [ 557073.501818298595026, 2280750.384057668037713 ], [ 558156.523681493010372, 2280754.06620758632198 ], [ 558524.471462523331866, 2281673.371583327185363 ], [ 556358.472470383509062, 2281666.026395715307444 ], [ 556726.60651981481351, 2282585.311155934818089 ], [ 557809.583633343689144, 2282588.974194889422506 ], [ 558177.838963010115549, 2283508.313579687383026 ], [ 554928.976881612325087, 2283497.457080456893891 ], [ 555297.440223077777773, 2284416.750747464131564 ], [ 554214.510674490826204, 2284413.245478691533208 ], [ 553846.025626208400354, 2283493.976856944616884 ], [ 552763.075711718644015, 2283490.565937385428697 ], [ 553500.232214728370309, 2285329.082615152467042 ], [ 554583.138691223342903, 2285332.543598823715001 ], [ 554951.909673965536058, 2286251.87124748295173 ], [ 553869.024926234851591, 2286248.38518821215257 ], [ 554237.960607817862183, 2287167.717290914151818 ], [ 555320.823620269657113, 2287171.228454831987619 ], [ 555689.880527690169401, 2288090.615251061040908 ], [ 556772.723183892900124, 2288094.220991227310151 ], [ 556034.795789383468218, 2286255.426693854853511 ], [ 558200.572231097845361, 2286262.745749921537936 ], [ 557831.866381127620116, 2285343.342708145268261 ], [ 559997.691994331777096, 2285350.888918068259954 ], [ 559260.795851769158617, 2283512.071024036966264 ], [ 560343.754216294037178, 2283515.897774900775403 ] ] ], [ [ [ 570437.575951783568598, 2281718.72168530151248 ], [ 569354.558218540041707, 2281714.252673585899174 ], [ 569722.432849744218402, 2282633.840109404642135 ], [ 568639.438413717201911, 2282629.414978948887438 ], [ 569007.477496489649639, 2283549.00688341865316 ], [ 571173.424962141551077, 2283557.97726590372622 ], [ 570437.575951783568598, 2281718.72168530151248 ] ] ], [ [ [ 564697.9371839214582, 2286286.368262893054634 ], [ 565780.836821443168446, 2286290.548216993454844 ], [ 565412.282636410789564, 2285370.96828730031848 ], [ 564329.361359121510759, 2285366.813686131965369 ], [ 564697.9371839214582, 2286286.368262893054634 ] ] ], [ [ [ 559997.691994331777096, 2285350.888918068259954 ], [ 560366.354467006050982, 2286270.342360556125641 ], [ 562532.142712736618705, 2286278.216530060395598 ], [ 562163.523581772693433, 2285358.712575920391828 ], [ 559997.691994331777096, 2285350.888918068259954 ] ] ], [ [ [ 571195.360106526641175, 2286312.488888300955296 ], [ 570112.452013331232592, 2286307.961965211201459 ], [ 569743.984298731898889, 2285388.280346227344126 ], [ 570826.913987403968349, 2285392.781777585856616 ], [ 570458.610736610135064, 2284473.104631093330681 ], [ 569375.659458972862922, 2284468.628662408329546 ], [ 569007.477496489649639, 2283549.00688341865316 ], [ 567924.506354903569445, 2283544.625660107471049 ], [ 568292.709908685530536, 2284464.222033231519163 ], [ 566126.815882298280485, 2284455.616790915373713 ], [ 566495.205542055191472, 2285375.192253291141242 ], [ 567578.130103018484078, 2285379.485584702342749 ], [ 567946.641035116626881, 2286299.116303521208465 ], [ 565780.836821443168446, 2286290.548216993454844 ], [ 566518.373884417582303, 2288129.797654465772212 ], [ 567601.231877833721228, 2288134.097849720623344 ], [ 567970.193100466392934, 2289053.792886106763035 ], [ 570135.870885693235323, 2289062.652642449829727 ], [ 569766.952937334543094, 2288142.906586931087077 ], [ 570849.816057306248695, 2288147.415130133740604 ], [ 570481.062600334873423, 2287227.673549718223512 ], [ 571563.949091543094255, 2287232.225993611849844 ], [ 571195.360106526641175, 2286312.488888300955296 ] ], [ [ 567232.413542261812836, 2287214.432752364315093 ], [ 568315.294852644088678, 2287218.776929724961519 ], [ 568684.091553158592433, 2288138.467493669595569 ], [ 567601.231877833721228, 2288134.097849720623344 ], [ 567232.413542261812836, 2287214.432752364315093 ] ] ], [ [ [ 582392.916396584943868, 2287281.568833663593978 ], [ 582761.432645438006148, 2288201.592991004697978 ], [ 583844.318696599453688, 2288206.934986087027937 ], [ 583475.823959292960353, 2287286.88497314741835 ], [ 582392.916396584943868, 2287281.568833663593978 ] ] ], [ [ [ 566887.356757481466047, 2289049.467222930397838 ], [ 567256.482521672267467, 2289969.166731707751751 ], [ 568339.297207718365826, 2289973.517891914118081 ], [ 567970.193100466392934, 2289053.792886106763035 ], [ 566887.356757481466047, 2289049.467222930397838 ] ] ], [ [ [ 563638.85760376881808, 2289036.907086058054119 ], [ 564377.382088482263498, 2290876.183337886817753 ], [ 566542.959833526634611, 2290884.589056212455034 ], [ 565804.52207832725253, 2289045.211035596206784 ], [ 563638.85760376881808, 2289036.907086058054119 ] ] ], [ [ [ 568339.297207718365826, 2289973.517891914118081 ], [ 568708.544197152601555, 2290893.272897562477738 ], [ 569791.338928250013851, 2290897.719115901738405 ], [ 569422.113593400688842, 2289977.938556338660419 ], [ 568339.297207718365826, 2289973.517891914118081 ] ] ], [ [ [ 570874.135394772747532, 2290902.234866852872074 ], [ 571243.481950616114773, 2291822.071096654050052 ], [ 572326.258536108070984, 2291826.682019450236112 ], [ 571956.933623647782952, 2290906.820151054766029 ], [ 570874.135394772747532, 2290902.234866852872074 ] ] ], [ [ [ 567281.969159747473896, 2292724.086964910384268 ], [ 568364.717136615421623, 2292728.445204096846282 ], [ 567995.162713681929745, 2291808.655691849533468 ], [ 566912.393051481223665, 2291804.32300933310762 ], [ 567281.969159747473896, 2292724.086964910384268 ] ] ], [ [ [ 567281.969159747473896, 2292724.086964910384268 ], [ 566199.222855274332687, 2292719.798311997205019 ], [ 566568.963552120840177, 2293639.566742425318807 ], [ 567651.688155879499391, 2293643.88095340738073 ], [ 567281.969159747473896, 2292724.086964910384268 ] ] ], [ [ [ 564746.858690718072467, 2291795.866319235414267 ], [ 564377.382088482263498, 2290876.183337886817753 ], [ 563294.595630612340756, 2290872.084773365408182 ], [ 564403.519280774635263, 2293631.147160134743899 ], [ 563320.799559366772883, 2293627.041787636000663 ], [ 563690.748323112609796, 2294546.763657119125128 ], [ 564773.446310641476884, 2294550.89453359041363 ], [ 565143.516243000980467, 2295470.671913413796574 ], [ 567308.873619160382077, 2295479.193736490327865 ], [ 566938.847140899277292, 2294559.365207088645548 ], [ 565856.145907602389343, 2294555.09505004901439 ], [ 565116.478196280892007, 2292715.579244750551879 ], [ 566199.222855274332687, 2292719.798311997205019 ], [ 565829.625052799354307, 2291800.059885329566896 ], [ 564746.858690718072467, 2291795.866319235414267 ] ] ], [ [ [ 583234.735652651637793, 2300142.654828540049493 ], [ 583605.33732127584517, 2301063.00184988649562 ], [ 585770.490700477501377, 2301073.92699711676687 ], [ 585399.932298687752336, 2300153.527641520369798 ], [ 583234.735652651637793, 2300142.654828540049493 ] ] ], [ [ [ 564830.876097102533095, 2300061.510755051393062 ], [ 565201.846960702911019, 2300981.417425107210875 ], [ 566284.390984156168997, 2300985.657813590951264 ], [ 566655.482951303943992, 2301905.620355539023876 ], [ 565572.960722652031109, 2301901.354256991762668 ], [ 566687.159374034148641, 2304661.346030217595398 ], [ 567769.616179280215874, 2304665.689434769097716 ], [ 567026.71780784195289, 2302825.613119256217033 ], [ 569191.723677191417664, 2302834.406463348772377 ], [ 568820.532396575319581, 2301914.36213762126863 ], [ 567738.006833659135737, 2301909.956315544433892 ], [ 566996.00935651967302, 2300070.009976385161281 ], [ 564830.876097102533095, 2300061.510755051393062 ] ] ], [ [ [ 581470.479484237032011, 2303808.127702452242374 ], [ 581841.717333799460903, 2304728.518903767224401 ], [ 582924.200107219745405, 2304733.841595282778144 ], [ 582552.983947920263745, 2303813.42420690599829 ], [ 581470.479484237032011, 2303808.127702452242374 ] ] ], [ [ [ 570306.154752859147266, 2305594.721429961267859 ], [ 570677.917514505679719, 2306514.887184527236968 ], [ 571760.335846696863882, 2306519.492275860160589 ], [ 571388.594885677914135, 2305599.300581301562488 ], [ 570306.154752859147266, 2305594.721429961267859 ] ] ], [ [ [ 569291.957210982916877, 2311102.3882313570939 ], [ 569664.642692627152428, 2312022.658871649764478 ], [ 570746.924749555299059, 2312027.209717317484319 ], [ 570374.261134185246192, 2311106.913043966516852 ], [ 569291.957210982916877, 2311102.3882313570939 ] ] ], [ [ [ 527090.954395053558983, 2381777.948748013935983 ], [ 527861.44773082586471, 2383619.789661768823862 ], [ 526780.99498152686283, 2383617.961498943623155 ], [ 527166.479286107467487, 2384538.901914793998003 ], [ 531488.202578280586749, 2384546.754690915346146 ], [ 531102.810160146793351, 2383625.707945104222745 ], [ 533263.722194329369813, 2383630.0149658434093 ], [ 533649.068724722368643, 2384551.115042693447322 ], [ 535809.938152352115139, 2384555.764706829097122 ], [ 535424.637472775182687, 2383634.611188193783164 ], [ 536505.096394457039423, 2383637.017750774975866 ], [ 536119.961674910504371, 2382715.86872391635552 ], [ 533958.998875805991702, 2382711.181336069945246 ], [ 533573.961400647647679, 2381790.116906678769737 ], [ 531412.956070755026303, 2381785.771875610109419 ], [ 531028.015831376658753, 2380864.791779153048992 ], [ 532108.541019963799044, 2380866.901584105566144 ], [ 531723.766775945550762, 2379945.925966241396964 ], [ 532804.315652170567773, 2379948.081403203774244 ], [ 532035.242189801763743, 2378106.170159908477217 ], [ 530954.647524353233166, 2378104.067802470177412 ], [ 530570.302521872217767, 2377183.185192615259439 ], [ 531650.920072273002006, 2377185.261055842507631 ], [ 531266.741033911355771, 2376264.38292088964954 ], [ 532347.38222641509492, 2376266.504399511963129 ], [ 533500.279949282063171, 2379029.31130934227258 ], [ 535661.42755927471444, 2379033.929886079393327 ], [ 535277.030983959441073, 2378112.910041134804487 ], [ 534196.433893223525956, 2378110.591278930194676 ], [ 533812.157517919316888, 2377189.62910340167582 ], [ 535973.398265939671546, 2377194.285581167321652 ], [ 537126.519425798673183, 2379957.42505398299545 ], [ 538207.072568229865283, 2379959.941444051451981 ], [ 537822.578650869312696, 2379038.837115832604468 ], [ 538903.155568201793358, 2379041.39897644566372 ], [ 538518.827528824098408, 2378120.299142464529723 ], [ 539599.428222599788569, 2378122.90644896728918 ], [ 539215.266041671857238, 2377201.811110220383853 ], [ 540295.890513447578996, 2377204.463837947230786 ], [ 539144.330580471316352, 2374441.284818136133254 ], [ 541305.719209932954982, 2374446.646423298399895 ], [ 540922.197509537218139, 2373525.595752683002502 ], [ 539841.479936270043254, 2373522.905586441978812 ], [ 539458.078500064671971, 2372601.912679897621274 ], [ 538377.339130501262844, 2372599.321104619186372 ], [ 537994.057964734965935, 2371678.385841900948435 ], [ 539074.820097736315802, 2371680.950855697970837 ], [ 538691.704731824225746, 2370760.020081921946257 ], [ 540853.277376408339478, 2370765.312795720528811 ], [ 541236.347255865461193, 2371686.296715007629246 ], [ 546640.183254914125428, 2371700.920399648137391 ], [ 546257.22693128476385, 2370779.803131638094783 ], [ 547338.020129694021307, 2370782.916953734587878 ], [ 547720.953769592801109, 2371704.060974651481956 ], [ 549882.498325194930658, 2371710.557966208085418 ], [ 550265.529596955166198, 2372631.786929431837052 ], [ 551346.281027917517349, 2372635.170213302131742 ], [ 552496.164622361306101, 2375399.126324644312263 ], [ 551415.481218500994146, 2375395.662259635981172 ], [ 551032.021046139881946, 2374474.339044047985226 ], [ 549951.316206937888637, 2374470.9739675889723 ], [ 550718.424902446684428, 2376313.597990837413818 ], [ 549637.766690884018317, 2376310.251110929530114 ], [ 550021.558201764826663, 2377231.58336911117658 ], [ 548940.923924881964922, 2377228.281640037428588 ], [ 549324.881134252529591, 2378149.618418264202774 ], [ 547163.661624248838052, 2378143.177451321855187 ], [ 547547.807305182679556, 2379064.491808576043695 ], [ 549708.981317155412398, 2379070.986683584284037 ], [ 550093.224471056601033, 2379992.386468200944364 ], [ 549012.659622511244379, 2379989.075948392506689 ], [ 549397.068502202397212, 2380910.480255811475217 ], [ 548316.527616168837994, 2380907.214930755086243 ], [ 548701.102241142769344, 2381828.623760104645044 ], [ 547620.585315988748334, 2381825.403654389083385 ], [ 548005.325705731054768, 2382746.817004789132625 ], [ 549085.819842379773036, 2382750.064144625328481 ], [ 549470.680417338735424, 2383671.536116594914347 ], [ 550551.152965290704742, 2383674.882627244107425 ], [ 550936.133719184668735, 2384596.413341763429344 ], [ 552016.584716623881832, 2384599.859309655614197 ], [ 551631.626745837274939, 2383678.301444597076625 ], [ 552712.101785326143727, 2383681.792569135781378 ], [ 552327.309540366055444, 2382760.239236970432103 ], [ 553407.808623549179174, 2382763.775493619497865 ], [ 552638.698496827622876, 2380920.709573718253523 ], [ 554799.791537319892086, 2380927.890242756344378 ], [ 554031.344111388782039, 2379084.842458964325488 ], [ 556192.533315659849904, 2379092.203367126174271 ], [ 555808.569407796254382, 2378170.672711735591292 ], [ 557969.809450332075357, 2378178.267953593749553 ], [ 557586.033816577401012, 2377256.714676395058632 ], [ 558666.678603432956152, 2377260.593326886184514 ], [ 557899.601404563873075, 2375417.527550760190934 ], [ 556818.911325072869658, 2375413.703183685429394 ], [ 556435.564472389523871, 2374492.244903677608818 ], [ 557516.277188521926291, 2374496.042174594011158 ], [ 557133.095898117055185, 2373574.588430050294846 ], [ 559294.570805642637424, 2373582.344860170036554 ], [ 558911.577663637930527, 2372660.868560806848109 ], [ 562153.868720607017167, 2372672.961824346799403 ], [ 561771.086239348049276, 2371751.435804210603237 ], [ 562851.875490959733725, 2371755.58368246210739 ], [ 561704.453112907125615, 2368991.114279801025987 ], [ 562785.311523755895905, 2368995.252695489674807 ], [ 563167.620216609444469, 2369916.73794170608744 ], [ 564248.457637866144069, 2369920.975365348625928 ], [ 563484.028192131314427, 2368077.982281045988202 ], [ 564564.912210950045846, 2368082.237306422553957 ], [ 564182.934327802853659, 2367160.761149938218296 ], [ 565263.842420695000328, 2367165.060888776089996 ], [ 564882.029913257458247, 2366243.589278048370034 ], [ 567043.895865555503406, 2366252.349923775531352 ], [ 566280.78936355037149, 2364409.393215320538729 ], [ 568442.751666465308517, 2364418.332413288764656 ], [ 568061.457602101261728, 2363496.847321519628167 ], [ 566980.453193449531682, 2363492.36897611990571 ], [ 566599.279568575788289, 2362570.942645508330315 ], [ 568761.334895797772333, 2362579.91683458071202 ], [ 567238.248409441905096, 2358894.311026144307107 ], [ 568319.368153783376329, 2358898.797356616705656 ], [ 568699.903092040098272, 2359820.178445647936314 ], [ 569781.002138033742085, 2359824.763401679228991 ], [ 569020.119866571505554, 2357981.978715125471354 ], [ 570101.265344792976975, 2357986.581137066707015 ], [ 570481.612693455070257, 2358907.98473225068301 ], [ 572643.86414447450079, 2358917.458398465998471 ], [ 572263.561484297621064, 2357996.000616126228124 ], [ 573344.712198606110178, 2358000.81767457164824 ], [ 572964.574704553000629, 2357079.364445381332189 ], [ 574045.749532589688897, 2357084.225917696487159 ], [ 573665.777185262530111, 2356162.777242065872997 ], [ 574746.976129142800346, 2356167.683103425893933 ], [ 575507.019048890681006, 2358010.666432684287429 ], [ 576588.175237890216522, 2358015.698133738245815 ], [ 575828.176906515378505, 2356172.660457379650325 ], [ 576909.379543902236037, 2356177.709304627496749 ], [ 576149.997040947782807, 2354334.744204922579229 ], [ 581556.261511240387335, 2354360.788619401864707 ], [ 581176.895666626282036, 2353439.21770923724398 ], [ 583339.45968731935136, 2353450.081010156311095 ], [ 582581.24514883896336, 2351606.925628094933927 ], [ 584743.906059528118931, 2351617.965441856067628 ], [ 584365.057296194834635, 2350696.380974901374429 ], [ 585446.413013381650671, 2350701.980639571789652 ], [ 585825.239622759167105, 2351623.592390723992139 ], [ 587987.913097764016129, 2351635.060376399196684 ], [ 588366.838175231707282, 2352556.758725058287382 ], [ 586204.208994415937923, 2352545.236027311999351 ], [ 587341.973658100818284, 2355310.358570462092757 ], [ 588423.220683675259352, 2355316.166430613491684 ], [ 588802.738902051467448, 2356237.965392320416868 ], [ 586640.291357538313605, 2356226.366248738951981 ], [ 587019.996695923968218, 2357148.142329253256321 ], [ 588101.197199500980787, 2357153.93361494736746 ], [ 588481.023092387244105, 2358075.769238411448896 ], [ 587399.844788068789057, 2358069.950457840226591 ], [ 587779.8356314759003, 2358991.790666708722711 ], [ 588860.991730065084994, 2358997.636972311884165 ], [ 589241.103110030293465, 2359919.536848897580057 ], [ 587078.837498090462759, 2359907.860739596188068 ], [ 587839.577380276750773, 2361751.646703747101128 ], [ 588920.664644232718274, 2361757.504097472410649 ], [ 589301.226467650732957, 2362679.472950069233775 ], [ 587139.09858177579008, 2362667.774621860589832 ], [ 587519.847646773676388, 2363589.72044774889946 ], [ 588600.888253325363621, 2363595.561384587083012 ], [ 589362.770097183063626, 2365439.605040822643787 ], [ 588281.774021768593229, 2365433.708772707730532 ], [ 587900.739460938842967, 2364511.69848724314943 ], [ 586819.723269079811871, 2364505.901649890467525 ], [ 586438.809183674515225, 2363583.951233041938394 ], [ 585357.772837550379336, 2363578.253739655483514 ], [ 585738.709203105652705, 2364500.176561719737947 ], [ 584657.697236544569023, 2364494.523221926763654 ], [ 585038.798657227773219, 2365416.45063229650259 ], [ 583957.811068056034856, 2365410.841470771934837 ], [ 583576.687342921388336, 2364488.941629714798182 ], [ 580333.669834962347522, 2364472.627330762799829 ], [ 580714.860527034499682, 2365394.444630986545235 ], [ 581795.842029426014051, 2365399.83847089111805 ], [ 582558.607097399421036, 2367243.624365621246397 ], [ 584720.486825862899423, 2367254.737657197751105 ], [ 585102.038853514473885, 2368176.734067312907428 ], [ 586182.959490539622493, 2368182.426118378061801 ], [ 586564.63195036072284, 2369104.482473398558795 ], [ 585483.733643645420671, 2369098.762731904629618 ], [ 585865.571193744312041, 2370020.823683411814272 ], [ 584784.69732382427901, 2370015.148135116323829 ], [ 585166.699983538710512, 2370937.213682794477791 ], [ 586247.551501295994967, 2370942.916954298503697 ], [ 586629.67456378613133, 2371865.042577059008181 ], [ 584468.018336965702474, 2371853.652495816815645 ], [ 584850.328890981851146, 2372775.754963018931448 ], [ 587011.940378696890548, 2372787.200584209989756 ], [ 587394.348943510092795, 2373709.391008298844099 ], [ 584152.001977517269552, 2373692.247211572248489 ], [ 584917.381687823333777, 2375536.558448908850551 ], [ 588159.594312781584449, 2375553.869237599894404 ], [ 588542.431112199323252, 2376476.15710803726688 ], [ 589623.150543757365085, 2376482.099465504754335 ], [ 590389.207576145417988, 2378326.828839214518666 ], [ 591469.884431004407816, 2378332.899320316966623 ], [ 590703.872164194355719, 2376488.113932839594781 ], [ 591784.595999909564853, 2376494.200510887429118 ], [ 592933.761352851521224, 2379261.51173626165837 ], [ 594014.420325626269914, 2379267.754659546073526 ], [ 593631.244866406428628, 2378345.256782840006053 ], [ 594711.928499719826505, 2378351.54376599797979 ], [ 595095.081593170296401, 2379274.069778949487954 ], [ 597256.411118084099144, 2379286.916609672829509 ], [ 596873.302729505929165, 2378364.334240525960922 ], [ 595792.614445290761068, 2378357.902918261475861 ], [ 595409.626404731185175, 2377435.381536711473018 ], [ 596490.337030476541258, 2377441.784697395283729 ], [ 596107.514023519819602, 2376519.26794747589156 ], [ 597188.249331597937271, 2376525.715092128142715 ], [ 597571.050012370105833, 2377448.26000107685104 ], [ 598651.765376809053123, 2377454.80744866700843 ], [ 597886.351331544807181, 2375609.694078213069588 ], [ 600047.87851673248224, 2375622.892554472666234 ], [ 599665.43010126426816, 2374700.328732590656728 ], [ 601827.011609204579145, 2374713.759124789386988 ], [ 601444.750401285360567, 2373791.171732854563743 ], [ 603606.386359506635927, 2373804.833886039908975 ], [ 603224.312300394056365, 2372882.222901245579123 ], [ 606466.851955390186049, 2372903.171558966394514 ], [ 607231.009380762698129, 2374748.596256864722818 ], [ 608311.816689520608634, 2374755.779888511635363 ], [ 607547.703676610719413, 2372910.298471258021891 ], [ 608628.558026645798236, 2372917.497398404404521 ], [ 607865.059890862321481, 2371072.091304895468056 ], [ 608945.961247476749122, 2371079.305538409855217 ], [ 609709.415031924727373, 2372924.768341419287026 ], [ 611871.13711390318349, 2372939.526279151439667 ], [ 612253.03358418494463, 2373862.364131534006447 ], [ 613333.876554749906063, 2373869.879612552933395 ], [ 612952.002243452006951, 2372947.01327594416216 ], [ 616194.614303442998789, 2372969.906390702817589 ], [ 615812.948991680284962, 2372046.987671278882772 ], [ 614732.053373859962448, 2372039.313148932531476 ], [ 613969.106253242003731, 2370193.632275534328073 ], [ 615050.046103989239782, 2370201.249813679140061 ], [ 614668.808533077593893, 2369278.430609716102481 ], [ 615749.773295715916902, 2369286.091612693388015 ], [ 615368.700401608482935, 2368363.277070681098849 ], [ 613206.729489689110778, 2368348.083836372941732 ], [ 612825.754998077289201, 2367425.359197550918907 ], [ 613906.761149652767926, 2367432.891487196553499 ], [ 613525.951342151034623, 2366510.171503012999892 ], [ 614606.982359882211313, 2366517.747264651115984 ], [ 614226.337217271560803, 2365595.031935029663146 ], [ 615307.393103612936102, 2365602.651144122704864 ], [ 615688.016182909952477, 2366525.394854822661728 ], [ 616769.052837700815871, 2366533.114274603780359 ], [ 617530.682604833622463, 2368378.757842866238207 ], [ 618611.678006822476164, 2368386.606058380100876 ], [ 617850.092350721242838, 2366540.905525082722306 ], [ 618931.134748436859809, 2366548.768607353791595 ], [ 618550.577806545072235, 2365625.939585599582642 ], [ 619631.645143734291196, 2365633.846007799729705 ], [ 620012.180057317018509, 2366556.703522525262088 ], [ 621093.228303828043863, 2366564.710271713789552 ], [ 621473.883745309896767, 2367487.629527373705059 ], [ 620392.857524850289337, 2367479.594226895831525 ], [ 620773.677543830825016, 2368402.518153770826757 ], [ 621854.681731761433184, 2368410.582035886123776 ], [ 622235.62226067809388, 2369333.567830153275281 ], [ 621154.640111753949896, 2369325.475336034782231 ], [ 621535.745226117665879, 2370248.465806603897363 ], [ 620454.788095251889899, 2370240.416616075672209 ], [ 620836.057814247906208, 2371163.411763108801097 ], [ 619755.125698951072991, 2371155.405900626443326 ], [ 620136.560041766962968, 2372078.405724273528904 ], [ 621217.470081147970632, 2372086.440233949106187 ], [ 621980.722248629201204, 2373932.597278990782797 ], [ 623061.591097839525901, 2373940.761231122072786 ], [ 624207.472116382559761, 2376710.333943432662636 ], [ 627449.898134122369811, 2376735.517828854266554 ], [ 627067.861511198803782, 2375812.206766019109637 ], [ 625987.027687525609508, 2375803.768905077129602 ], [ 625605.111507148249075, 2374880.52033410128206 ], [ 626685.967397724743932, 2374888.929314075037837 ], [ 626304.215796209638938, 2373965.685439874883741 ], [ 627385.096833985764533, 2373974.137630807701498 ], [ 627766.826383790350519, 2374897.410383518785238 ], [ 628847.688491760287434, 2374905.963543627411127 ], [ 628465.980984955094755, 2373982.661884386092424 ], [ 631708.652381270658225, 2374008.6670330488123 ], [ 631327.153433338738978, 2373085.312183008063585 ], [ 633488.994409409118816, 2373102.951279896777123 ], [ 634252.0467847911641, 2374949.810746588278562 ], [ 635332.928178953938186, 2374958.796476298477501 ], [ 634569.919778817216866, 2373111.878890650812536 ], [ 635650.84843771380838, 2373120.87854461511597 ], [ 635269.579903320409358, 2372197.441359256394207 ], [ 637431.491107770008966, 2372215.598634098656476 ], [ 637050.408934034989215, 2371292.137094227131456 ], [ 635969.429719543782994, 2371283.051515428349376 ], [ 635588.468057567835785, 2370359.65279268566519 ], [ 634507.470220511197113, 2370350.668212541844696 ], [ 634126.629077106132172, 2369427.332184878643602 ], [ 635207.648855277104303, 2369436.287786442320794 ], [ 634826.972115170909092, 2368512.956463568843901 ], [ 635908.017127020750195, 2368521.955022484064102 ], [ 635147.134875861811452, 2366675.335433188825846 ], [ 636228.227028390625492, 2366684.347981531172991 ], [ 635848.021494228392839, 2365761.059712043963373 ], [ 638010.259599525481462, 2365779.242455553729087 ], [ 637630.240281379316002, 2364855.929948190227151 ], [ 633305.689826647983864, 2364819.967344168107957 ], [ 632925.725434991065413, 2363896.803942169062793 ], [ 634006.879979412537068, 2363905.658075536601245 ], [ 633627.079951998312026, 2362982.499364602845162 ], [ 634708.259657044894993, 2362991.396442440804094 ], [ 635088.037806057720445, 2363914.583975507877767 ], [ 637250.363411977421492, 2363932.651080298237503 ], [ 636870.62899381481111, 2363009.405818851199001 ], [ 635789.442662153858691, 2363000.365260102786124 ], [ 635409.828843112336472, 2362077.18242000322789 ], [ 637572.248560076579452, 2362095.277556014247239 ], [ 637951.81867852632422, 2363018.518119958695024 ], [ 643357.818325139000081, 2363065.155806141905487 ], [ 643737.421757945790887, 2363988.574925921391696 ], [ 644818.610316610429436, 2363998.146783085074276 ], [ 644439.028684538672678, 2363074.698588700499386 ], [ 645520.242582455743104, 2363084.313122811727226 ], [ 644382.417483568191528, 2360314.083995231892914 ], [ 645463.700258169788867, 2360323.683071890380234 ], [ 644327.222096235724166, 2357553.670457911677659 ], [ 645408.573664048803039, 2357563.254182592965662 ], [ 644273.442363639362156, 2354793.457651857286692 ], [ 645354.862641223357059, 2354803.026129675097764 ], [ 644221.078126821550541, 2352033.445252849254757 ], [ 645302.567030775360763, 2352042.998588556423783 ], [ 644924.945353765273467, 2351119.843207255937159 ], [ 643843.434776435489766, 2351110.318693356122822 ], [ 643465.933840724406764, 2350187.225612209644169 ], [ 642384.40512087510433, 2350177.801253973506391 ], [ 642007.024933346430771, 2349254.770351862069219 ], [ 643088.575322167132981, 2349264.165976625401527 ], [ 642334.285546430153772, 2347418.146911138202995 ], [ 643415.882752317818813, 2347427.556439118925482 ], [ 642662.205950235249475, 2345581.613450742326677 ], [ 643743.84993947064504, 2345591.036891398020089 ], [ 644120.595504400553182, 2346514.020382413640618 ], [ 645202.221411027479917, 2346523.543746713083237 ], [ 644448.915925715118647, 2344677.552742369938642 ], [ 642285.581182515947148, 2344658.691941025666893 ], [ 641909.098840308026411, 2343735.803710755426437 ], [ 642990.786061709863134, 2343745.169903166592121 ], [ 642614.467753827455454, 2342822.286340666934848 ], [ 641532.758926086127758, 2342812.948727322742343 ], [ 641156.561442318605259, 2341890.126958133652806 ], [ 638993.110981648555025, 2341871.722166808322072 ], [ 639369.351690856041387, 2342794.486922031734139 ], [ 638287.653230121009983, 2342785.362727481871843 ], [ 638664.058014877606183, 2343708.132141985464841 ], [ 637582.384597269468941, 2343699.050617548637092 ], [ 637958.953476693830453, 2344621.824691883288324 ], [ 641203.919073404511437, 2344649.368336514104158 ], [ 641957.354294200893492, 2346495.187415795400739 ], [ 638712.51858754013665, 2346467.472350985743105 ], [ 638335.664807609166019, 2345544.631925499998033 ], [ 635090.794760727905668, 2345517.643594461493194 ], [ 634337.384544426575303, 2343672.23302176874131 ], [ 636500.714564067428, 2343690.040256878826767 ], [ 635371.797731028404087, 2340922.001890733838081 ], [ 634290.066101346747018, 2340913.147835071664304 ], [ 633914.023784346412867, 2339990.562742315698415 ], [ 634995.777052463963628, 2339999.388477113563567 ], [ 634619.898844236857258, 2339076.808030289132148 ], [ 632456.352332210866734, 2339059.284163628704846 ], [ 633584.544221905758604, 2341826.954595770686865 ], [ 632502.840838414849713, 2341818.214398404117674 ], [ 632879.211430380353704, 2342740.808784523513168 ], [ 631797.5329848700203, 2342732.111393094062805 ], [ 631044.890937731252052, 2340887.012126154266298 ], [ 632126.612731331028044, 2340895.652954016346484 ], [ 630998.783344069961458, 2338128.165947146713734 ], [ 629916.996577034820803, 2338119.609739888925105 ], [ 629541.316789345000871, 2337197.207885461859405 ], [ 630623.12520120490808, 2337205.735945727210492 ], [ 629872.236409615259618, 2335360.974250256083906 ], [ 632035.949401185614988, 2335378.130683472845703 ], [ 631660.761982184951194, 2334455.742726277559996 ], [ 632742.644944529281929, 2334464.399164604954422 ], [ 633493.119066264946014, 2336309.264166601002216 ], [ 635656.808473447570577, 2336326.902484463527799 ], [ 636032.216056772274897, 2337249.440711514092982 ], [ 637114.044173726462759, 2337258.394566196016967 ], [ 637489.572628671536222, 2338180.994037812110037 ], [ 638571.382538566016592, 2338190.047205701004714 ], [ 637820.511249503353611, 2336344.824565588496625 ], [ 639984.227607731474563, 2336363.030420088674873 ], [ 639609.048760612495244, 2335440.411901022307575 ], [ 642854.713842753553763, 2335468.16759415064007 ], [ 643229.828078231774271, 2336390.871299437247217 ], [ 642147.957761426339857, 2336381.520058238878846 ], [ 642523.235953775933012, 2337304.228416695259511 ], [ 643605.084735438227654, 2337313.608111266046762 ], [ 644356.025305193965323, 2339159.181184421759099 ], [ 645437.834551619249396, 2339168.688909556716681 ], [ 644311.701923890621401, 2336400.293490472715348 ], [ 645393.579325071303174, 2336409.78663267660886 ], [ 644268.792949486989528, 2333641.604093024041504 ], [ 645350.738422266440466, 2333651.082754648290575 ], [ 644601.635875450097956, 2331805.736321727745235 ], [ 643519.647442228742875, 2331796.314466040581465 ], [ 643145.288318916107528, 2330873.719175226986408 ], [ 645309.311683867243119, 2330892.576955776661634 ], [ 644187.217583821853623, 2328124.818910922389477 ], [ 643105.139775802497752, 2328115.439607549924403 ], [ 642731.371805623406544, 2327192.947772095445544 ], [ 641649.276085061021149, 2327183.667409003246576 ], [ 641275.629103718558326, 2326261.236655361484736 ], [ 642357.746262245229445, 2326270.488809347618371 ], [ 641984.263148116646335, 2325348.062687092460692 ], [ 645230.700062653282657, 2325376.158319929614663 ], [ 643738.448724977206439, 2321686.443659780547023 ], [ 644820.687024600920267, 2321695.837242892477661 ], [ 644448.001603794051334, 2320773.462437641806901 ], [ 645530.264838759438135, 2320782.898360265884548 ], [ 644413.127123344223946, 2318015.886080609634519 ], [ 645495.457959773717448, 2318025.308068269863725 ], [ 644379.665958612924442, 2315258.505936494562775 ], [ 645462.06431360472925, 2315267.914089153055102 ], [ 644718.957654012832791, 2313423.486546548549086 ], [ 643636.516718199825846, 2313414.134403049945831 ], [ 642522.86104684160091, 2310647.821295421570539 ], [ 643605.365805079462007, 2310657.089647029526532 ], [ 642493.055783099378459, 2307890.985279253683984 ], [ 644658.203449055785313, 2307909.565213144756854 ], [ 644287.760761164594442, 2306987.53963230131194 ], [ 645370.361174776917323, 2306996.906876146793365 ], [ 644259.951261467533186, 2304230.941193588543683 ], [ 645342.618862388771959, 2304240.294998702593148 ], [ 644233.55427829537075, 2301474.537397736217827 ], [ 645316.288983801030554, 2301483.877862292341888 ], [ 644208.569651647936553, 2298718.327932567801327 ], [ 645291.371379053220153, 2298727.655154382344335 ], [ 644922.43757229030598, 2297805.842039600014687 ], [ 643839.614719420555048, 2297796.542474662419409 ], [ 643470.802213800139725, 2296874.789223420899361 ], [ 644553.646185623598285, 2296884.061160834971815 ], [ 644184.997221468249336, 2295962.312486511655152 ], [ 645267.865888121770695, 2295971.626563046127558 ], [ 644531.037425368791446, 2294128.170537085738033 ], [ 643448.126570351538248, 2294118.911625001579523 ], [ 642711.825638254638761, 2292275.639202951919287 ], [ 643794.778655576170422, 2292284.843067783396691 ], [ 644162.836827647406608, 2293206.490748601034284 ], [ 645245.772350937128067, 2293215.791776959318668 ], [ 644509.840567169943824, 2291372.473446790128946 ], [ 642343.888822869164869, 2291354.051078052259982 ], [ 641240.93300828395877, 2288589.478670817799866 ], [ 642323.970272025908343, 2288598.57279228232801 ], [ 643059.089598034974188, 2290441.643903321120888 ], [ 645225.090607365826145, 2290460.150485394056886 ], [ 644122.751508364221081, 2287695.427156332414597 ], [ 645205.820497234817594, 2287704.70237822458148 ], [ 643738.11303646559827, 2284018.742652133572847 ], [ 644821.269619701430202, 2284027.977756924461573 ], [ 644454.719802747713402, 2283106.540278691798449 ], [ 645537.900963339838199, 2283115.81740608997643 ], [ 645171.514536281232722, 2282194.384479513857514 ], [ 644088.31241184216924, 2282185.134679944254458 ], [ 643355.924917772295885, 2280342.418995965737849 ], [ 645522.416583077865653, 2280360.878727322909981 ], [ 644790.68256918201223, 2278518.18122685328126 ], [ 643707.393071308266371, 2278508.971234708558768 ], [ 643341.718777865637094, 2277587.697382914368063 ], [ 641175.108633872237988, 2277569.539372371509671 ], [ 640809.534916426404379, 2276648.351520619355142 ], [ 644059.518255261937156, 2276675.610853065736592 ], [ 643328.923660467145965, 2274833.16735690459609 ], [ 645495.680716687929817, 2274851.577314304653555 ], [ 644400.982354737119749, 2272087.986778369173408 ], [ 645484.428909667534754, 2272097.213965626899153 ], [ 644755.383838215144351, 2270254.924283784348518 ], [ 643671.895586221595295, 2270245.751250125933439 ], [ 644036.367754944600165, 2271166.853218683041632 ], [ 642952.903945004101843, 2271157.722115305252373 ], [ 642588.410922571085393, 2270236.647181059699506 ], [ 636087.576779917813838, 2270183.470951485447586 ], [ 636452.195102175348438, 2271104.384267822373658 ], [ 635368.755711910314858, 2271095.736076942179352 ], [ 635004.116476704133675, 2270174.849598966073245 ], [ 631753.755689513403922, 2270149.399263799190521 ], [ 632118.457714496064, 2271070.205394546501338 ], [ 628868.189408847829327, 2271045.295522286556661 ], [ 628503.424517580075189, 2270124.569487066939473 ], [ 618752.60138535767328, 2270053.803194612264633 ], [ 619117.555336007964797, 2270974.290452457033098 ], [ 618034.166782735846937, 2270966.745841373223811 ], [ 617669.191782727604732, 2270046.284974686801434 ], [ 615502.38136659853626, 2270031.455342715606093 ], [ 615867.398491045692936, 2270951.863510838709772 ], [ 614784.01869850885123, 2270944.525789278559387 ], [ 614418.980498970951885, 2270024.143928567413241 ], [ 604668.498032136471011, 2269961.443072870373726 ], [ 605033.726294636027887, 2270881.589422283228487 ], [ 603950.37394582782872, 2270874.941266338806599 ], [ 603585.124522105441429, 2269954.820945424493402 ], [ 600335.019405293976888, 2269935.368099456187338 ], [ 600700.332364567089826, 2270855.410502089187503 ], [ 598533.650594146805815, 2270842.734736372251064 ], [ 598168.295234548510052, 2269922.744139951653779 ], [ 591668.180695256800391, 2269886.526284822728485 ], [ 592033.663464104174636, 2270806.362130970228463 ], [ 590950.340476460056379, 2270800.541330236010253 ], [ 590584.836442307103425, 2269880.731178367976099 ], [ 589501.494451563805342, 2269875.004984757397324 ], [ 590232.687825090019032, 2271714.60410087602213 ], [ 591315.987261283327825, 2271720.38165626488626 ], [ 591681.776794372592121, 2272640.252186766359955 ], [ 587348.677657410386018, 2272617.453038176055998 ], [ 588447.158480273094028, 2275376.937276449985802 ], [ 587363.953219023533165, 2275371.332961851265281 ], [ 586997.628835312672891, 2274451.500412349123508 ], [ 585914.404403150314465, 2274445.990845354273915 ], [ 587380.643995704362169, 2278125.399391368962824 ], [ 586297.50718217540998, 2278119.856121808290482 ], [ 587031.526387639925815, 2279959.690185306593776 ], [ 585948.434519772417843, 2279954.164580371696502 ], [ 586315.679688791860826, 2280874.101219865493476 ], [ 585232.61137854680419, 2280868.619065247476101 ], [ 585600.020745927002281, 2281788.560190294869244 ], [ 584516.97599034034647, 2281783.121511836536229 ], [ 584884.549575445358641, 2282703.067122671753168 ], [ 581635.492198889376596, 2282687.08947346592322 ], [ 582003.272952724713832, 2283606.988066448364407 ], [ 580920.279408944887109, 2283601.775058456230909 ], [ 581288.22444983094465, 2284521.678135160822421 ], [ 579122.286378258722834, 2284511.408680968452245 ], [ 578754.298340011155233, 2283591.5569993914105 ], [ 573339.379517576890066, 2283567.224900456611067 ], [ 573707.475203280104324, 2284486.948580582626164 ], [ 571541.563768563326448, 2284477.649939920287579 ], [ 572646.837363591999747, 2287236.847860957961529 ], [ 571563.949091543094255, 2287232.225993611849844 ], [ 572670.573217582190409, 2289991.617581226397306 ], [ 571587.751571400673129, 2289986.988400354515761 ], [ 571956.933623647782952, 2290906.820151054766029 ], [ 574122.535476164193824, 2290916.199321816209704 ], [ 573384.400715732714161, 2289076.463361410424113 ], [ 575550.096351503278129, 2289086.017904619220644 ], [ 575181.286434010369703, 2288166.143815264105797 ], [ 574098.416101421578787, 2288161.357465817593038 ], [ 573361.181635868619196, 2286321.750922175124288 ], [ 574444.095125928288326, 2286326.486034269910306 ], [ 574075.713740208302625, 2285406.702281723730266 ], [ 577324.530089373700321, 2285421.247114852070808 ], [ 576956.356186889111996, 2284501.416609046515077 ], [ 578039.320311032584868, 2284506.377972581423819 ], [ 578775.767884368775412, 2286346.120466126129031 ], [ 576609.927691595163196, 2286336.164452128112316 ], [ 576978.408799183904193, 2287256.029578106943518 ], [ 575895.5131342750974, 2287251.130010307300836 ], [ 576632.946974929887801, 2289090.899397406727076 ], [ 577715.799504634924233, 2289095.850371901877224 ], [ 578822.956751978956163, 2291855.808374960441142 ], [ 577740.168973900028504, 2291850.780071973334998 ], [ 577001.878145289607346, 2290010.82937921024859 ], [ 575919.049108049366623, 2290005.922167189884931 ], [ 576288.14470121380873, 2290925.856633495539427 ], [ 575205.339153657667339, 2290920.993209703359753 ], [ 575574.599189029540867, 2291840.93216055771336 ], [ 572326.258536108070984, 2291826.682019450236112 ], [ 572695.726306343334727, 2292746.574036055710167 ], [ 571612.971370741026476, 2292741.937445511575788 ], [ 571982.603652705089189, 2293661.833943943493068 ], [ 570899.872162409010343, 2293657.241273058112711 ], [ 571639.608652105904184, 2295497.073415021877736 ], [ 569474.237683799117804, 2295487.99423536658287 ], [ 570214.632422797265463, 2297327.844307012856007 ], [ 569131.992970186751336, 2297323.357846776489168 ], [ 569873.002640951424837, 2299163.277284926734865 ], [ 568790.408378093037754, 2299158.809112392831594 ], [ 569532.033030812395737, 2300998.797983664087951 ], [ 568449.483992347493768, 2300994.348092255648226 ], [ 568820.532396575319581, 2301914.36213762126863 ], [ 569903.059666910325177, 2301918.837822392582893 ], [ 570274.229172897990793, 2302838.907970779575408 ], [ 569191.723677191417664, 2302834.406463348772377 ], [ 569563.057831748970784, 2303754.481100149452686 ], [ 568480.575842362944968, 2303750.023658984806389 ], [ 568852.074664917192422, 2304670.102784076705575 ], [ 571016.996784735703841, 2304679.13931946689263 ], [ 571388.594885677914135, 2305599.300581301562488 ], [ 573553.480487543856725, 2305608.668807954061776 ], [ 573925.177873941254802, 2306528.912465846631676 ], [ 571760.335846696863882, 2306519.492275860160589 ], [ 572504.246339142788202, 2308359.967086497694254 ], [ 570339.498685869853944, 2308350.723024755250663 ], [ 569967.428375933668576, 2307430.522341935895383 ], [ 571049.823140269843861, 2307435.083373280707747 ], [ 570677.917514505679719, 2306514.887184527236968 ], [ 569595.500934159965254, 2306510.352094763424248 ], [ 569223.716363002313301, 2305590.212252411060035 ], [ 568141.279689267743379, 2305585.773048014845699 ], [ 568513.086078828433529, 2306505.887005927041173 ], [ 567430.672921681310982, 2306501.491917388048023 ], [ 567802.644022152060643, 2307421.610364724416286 ], [ 565637.866389382747002, 2307412.978497301228344 ], [ 566754.768128746422008, 2310173.360805094707757 ], [ 570001.740383635507897, 2310186.646900390274823 ], [ 570374.261134185246192, 2311106.913043966516852 ], [ 571456.566800052067265, 2311111.507995753549039 ], [ 572201.99317189771682, 2312952.184054299723357 ], [ 568955.212592626339756, 2312938.453329133801162 ], [ 568209.655003636959009, 2311097.933557284995914 ], [ 566045.05562931066379, 2311089.234622246120125 ], [ 565299.982036368339323, 2309248.940412003546953 ], [ 564217.641031440347433, 2309244.747905481141061 ], [ 563845.296694894204848, 2308324.672175049316138 ], [ 560598.217416815576144, 2308312.592471176758409 ], [ 560225.950303585617803, 2307392.624277432914823 ], [ 562390.712072692112997, 2307400.555891388095915 ], [ 562018.631669605034404, 2306480.566457745619118 ], [ 560936.228138112230226, 2306476.591358286794275 ], [ 560564.268770331866108, 2305556.657814065925777 ], [ 559481.844859478645958, 2305552.778373135719448 ], [ 559853.826116985990666, 2306472.686254985630512 ], [ 557689.026498519349843, 2306465.086034650914371 ], [ 558061.194504397339188, 2307384.972756878472865 ], [ 555896.444460536004044, 2307377.601325400639325 ], [ 555524.23259957425762, 2306457.76579244621098 ], [ 553359.444205505540594, 2306450.725524231791496 ], [ 553731.69995740649756, 2307370.509978831280023 ], [ 552649.329716557287611, 2307367.069336128421128 ], [ 552277.052005728357472, 2306447.310379120986909 ], [ 551194.661101683275774, 2306443.965226027183235 ], [ 551566.960780419991352, 2307363.698713161516935 ], [ 550484.593122171121649, 2307360.398109454661608 ], [ 551229.665386243839748, 2309199.903951250482351 ], [ 552311.989071219344623, 2309203.255527339875698 ], [ 551939.403437754721381, 2308283.462136727292091 ], [ 554104.098674914450385, 2308290.324428568594158 ], [ 554849.324996881070547, 2310130.043436056934297 ], [ 555931.630680432543159, 2310133.63085111649707 ], [ 557050.476396462181583, 2312893.512109489180148 ], [ 558132.717544905841351, 2312897.246728369500488 ], [ 558879.285435177502222, 2314737.370107219088823 ], [ 555632.698191522620618, 2314726.222336421720684 ], [ 556006.262562387506478, 2315646.252090247347951 ], [ 554924.091629652772099, 2315642.650915878359228 ], [ 555297.820983227808028, 2316562.68514802865684 ], [ 553133.527259890222922, 2316555.642160235438496 ], [ 553881.503050421364605, 2318395.698319861199707 ], [ 552799.402312527992763, 2318392.230819304008037 ], [ 553173.6267311766278, 2319312.278484000824392 ], [ 554255.705389796523377, 2319315.771753908134997 ], [ 554630.050688604474999, 2320235.875465292483568 ], [ 553547.994115746230818, 2320232.356396505143493 ], [ 553922.504463759134524, 2321152.464587718248367 ], [ 558250.6506482710829, 2321167.066783530637622 ], [ 558625.215616263332777, 2322087.308882729150355 ], [ 557543.199049644172192, 2322083.526740323286504 ], [ 557917.929028428858146, 2323003.773327639792114 ], [ 556835.935970690916292, 2323000.035705130081624 ], [ 557210.830979743390344, 2323920.286780163180083 ], [ 556128.861428619245999, 2323916.59370291698724 ], [ 556879.124490773421712, 2325757.135290808044374 ], [ 555797.20056867680978, 2325753.460807827766985 ], [ 555421.975440651411191, 2324833.200758625287563 ], [ 554340.03076233365573, 2324829.622796584386379 ], [ 553964.926458157715388, 2323909.419099994003773 ], [ 552882.960985378362238, 2323905.937573304865509 ], [ 553633.356830126489513, 2325746.323558325413615 ], [ 552551.436960250721313, 2325742.860790795180947 ], [ 552926.871484322007746, 2326663.073453135788441 ], [ 550763.079953222186305, 2326656.307867701165378 ], [ 551138.701799182337709, 2327576.499115227721632 ], [ 550056.83011809841264, 2327573.196349908597767 ], [ 551937.194993891986087, 2332174.479097011033446 ], [ 553018.955619156826288, 2332177.91165348701179 ], [ 553395.435283762868494, 2333098.285639065783471 ], [ 554477.174994551111013, 2333101.815034558065236 ], [ 554853.775392167153768, 2334022.245690289884806 ], [ 552690.341751841595396, 2334015.205509148538113 ], [ 552313.696889097453095, 2333094.827035263646394 ], [ 550150.223941481905058, 2333088.122200788930058 ], [ 549773.677557969931513, 2332167.826274005230516 ], [ 548691.920693973894231, 2332164.606006537564099 ], [ 549068.489335201797076, 2333084.875969171058387 ], [ 546905.023724378435872, 2333078.595874883234501 ], [ 547281.779908118420281, 2333998.844379367306828 ], [ 545118.363513636868447, 2333992.795646992046386 ], [ 544741.562738108681515, 2333072.598936257883906 ], [ 541496.379463122575544, 2333064.134437827859074 ], [ 541873.247194394585676, 2333984.25366571592167 ], [ 544036.65699754958041, 2333989.877504673786461 ], [ 545167.9843437516829, 2336750.572169035673141 ], [ 546249.623892485979013, 2336753.568055748473853 ], [ 547382.17129727662541, 2339514.614533888641745 ], [ 546300.598774158046581, 2339511.540634815115482 ], [ 547056.390074530034326, 2341352.338806744199246 ], [ 545974.863425362738781, 2341349.283787403255701 ], [ 545219.027390730916522, 2339508.537717345170677 ], [ 544137.457120374194346, 2339505.605781054589897 ], [ 543759.731247790972702, 2338585.304469463415444 ], [ 541596.549179507535882, 2338579.705412667244673 ], [ 542730.29015881952364, 2341340.5449473047629 ], [ 543811.813494119094685, 2341343.386858099140227 ], [ 544189.990798590704799, 2342263.753592357970774 ], [ 539863.993330350145698, 2342252.708275765180588 ], [ 540620.956397715955973, 2344093.325210243463516 ], [ 538458.053473283187486, 2344088.125194130465388 ], [ 539215.678550024051219, 2345928.76001271000132 ], [ 538134.273482527118176, 2345926.214777844958007 ], [ 538513.323077061912045, 2346846.551875180099159 ], [ 535269.180920785292983, 2346839.265377565287054 ], [ 534890.063798074261285, 2345919.006101405248046 ], [ 537052.869352425215766, 2345923.740714570041746 ], [ 536673.94031309906859, 2345003.459991820156574 ], [ 537755.366936986683868, 2345005.908116916660219 ], [ 537376.603442947147414, 2344085.631861109752208 ], [ 535213.706113065360114, 2344080.858543383423239 ], [ 533699.902896388317458, 2340400.263505108654499 ], [ 532618.365585908293724, 2340398.086632962804288 ], [ 531484.44807264150586, 2337638.03447460802272 ], [ 532566.052783509716392, 2337640.134324874728918 ], [ 531810.868126669549383, 2335800.198737646453083 ], [ 530729.218514563282952, 2335798.150086440611631 ], [ 531106.761746852076612, 2336718.077262799721211 ], [ 530025.135348262614571, 2336716.073920832481235 ], [ 530402.84413705940824, 2337636.00554589368403 ], [ 529321.240950130391866, 2337634.04753844672814 ], [ 529699.115315021248534, 2338553.983611350413412 ], [ 528617.535337907262146, 2338552.070963696576655 ], [ 528995.575298487441614, 2339472.011483566369861 ], [ 527914.018529361579567, 2339470.144220969639719 ], [ 528292.224105226690881, 2340390.089186914265156 ], [ 527210.690542280673981, 2340388.267334626987576 ], [ 527589.061753029120155, 2341308.216745739337057 ], [ 526507.551394468056969, 2341306.440329004079103 ], [ 526886.088259702431969, 2342226.394184365402907 ], [ 523641.628669642028399, 2342221.414490172173828 ], [ 524399.267164956196211, 2344061.258839452173561 ], [ 525480.707920973189175, 2344062.898798174224794 ], [ 525101.839687954518013, 2343142.936057142913342 ], [ 528346.233511881087907, 2343148.205724044702947 ], [ 527967.576077068806626, 2342228.196198523044586 ], [ 530130.553802453563549, 2342232.013402487151325 ], [ 530509.166169474250637, 2343152.074265471659601 ], [ 529427.699478780268691, 2343150.104451567400247 ], [ 529806.477476904168725, 2344070.169765673112124 ], [ 530887.921631823643111, 2344072.165291980840266 ], [ 531266.820186984841712, 2344992.286513160914183 ], [ 532348.242568393470719, 2344994.378923715557903 ], [ 532727.261674310546368, 2345914.556170545052737 ], [ 531645.861832439666614, 2345912.437960189767182 ], [ 532404.374384180526249, 2347752.831656624563038 ], [ 531323.020437011145987, 2347750.732981970533729 ], [ 530185.398574306280352, 2344990.265244590118527 ], [ 529103.977703769807704, 2344988.315117718186229 ], [ 529483.064455808605999, 2345908.415048136375844 ], [ 528401.666867883293889, 2345906.510345871094614 ], [ 528780.919294157298282, 2346826.614726864732802 ], [ 527699.544987089000642, 2346824.755474366713315 ], [ 528458.524335882393643, 2348665.003335503861308 ], [ 527377.195912755210884, 2348663.163806725293398 ], [ 526997.612079236540012, 2347743.050527415238321 ], [ 525916.261714662890881, 2347741.307973438408226 ], [ 526675.617728737415746, 2349581.513256223406643 ], [ 524513.009407651028596, 2349578.139029966667295 ], [ 524892.947372154449113, 2350498.235475608147681 ], [ 525974.228573024971411, 2350499.912677634041756 ], [ 526734.488570061163045, 2352340.247667710762471 ], [ 525653.252679264871404, 2352338.518919622059911 ], [ 526033.620016823871993, 2353258.705980510916561 ], [ 523871.195454961562064, 2353255.411014420446008 ], [ 525775.405860847793519, 2357856.542295006103814 ], [ 526856.504322956199758, 2357858.283347311895341 ], [ 527237.753051069215871, 2358778.626513925846666 ], [ 526156.677310849656351, 2358776.859518804121763 ], [ 526538.091877891449258, 2359697.207138426601887 ], [ 525457.039516440825537, 2359695.485752255655825 ], [ 523932.149049091909546, 2356014.381123614963144 ], [ 522851.00636312115239, 2356012.834809030406177 ], [ 522089.374470328970347, 2354172.515814642421901 ], [ 523170.562591797381174, 2354174.010564432945102 ], [ 522789.984066100500058, 2353253.870613940060139 ], [ 519546.35314935160568, 2353249.677740191109478 ], [ 520307.789660062931944, 2355089.833501589484513 ], [ 519226.625827333016787, 2355088.527313257101923 ], [ 520369.922499871172477, 2357848.90992691507563 ], [ 519288.827432039775886, 2357847.598030480090529 ], [ 520433.480822381738108, 2360608.175150498282164 ], [ 521514.50753893237561, 2360609.564468021504581 ], [ 521896.322177127760369, 2361529.843223090283573 ], [ 520815.318257239763625, 2361528.428038379643112 ], [ 521197.298840244649909, 2362448.711235874798149 ], [ 522278.279957018094137, 2362450.152317875530571 ], [ 523042.624931739468593, 2364290.861652448307723 ], [ 521961.689440540329088, 2364289.368685503490269 ], [ 521579.422568857902661, 2363369.024774424731731 ], [ 519417.507513383578043, 2363366.305828633252531 ], [ 520182.275729767105076, 2365206.920330203603953 ], [ 519101.364622598164715, 2365205.616614033002406 ], [ 520249.659161880263127, 2367966.688364200759679 ], [ 519168.817139537830371, 2367965.37858140328899 ], [ 520318.468701401841827, 2370726.646204661112279 ], [ 519237.695851091761142, 2370725.330249097198248 ], [ 520388.704510647105053, 2373486.794137596152723 ], [ 522550.11321382317692, 2373489.654589781071991 ], [ 522166.346354224137031, 2372569.083829756826162 ], [ 523247.07442741538398, 2372570.595870843622833 ], [ 522863.473606598156039, 2371650.029562283772975 ], [ 523944.225140511756763, 2371651.587396402377635 ], [ 525095.388295106240548, 2374413.456851177848876 ], [ 526176.07174520730041, 2374415.165320870932192 ], [ 525408.53230477438774, 2372573.835854480974376 ], [ 526489.262161770137027, 2372575.563797485549003 ], [ 526872.937443963717669, 2373496.239430089946836 ], [ 527953.645077174645849, 2373498.065628156997263 ], [ 528721.379203264485113, 2375339.561842760071158 ], [ 529802.041776278754696, 2375341.512757296208292 ], [ 530186.100605000159703, 2376262.333521525841206 ], [ 528024.821932390448637, 2376258.450959430076182 ], [ 528409.069633993087336, 2377179.249785808380693 ], [ 525167.225438686786219, 2377173.887470642570406 ], [ 525936.287685666815378, 2379015.419397241901606 ], [ 523775.153131821251009, 2379012.099729288835078 ], [ 524544.879674304160289, 2380853.649497922509909 ], [ 522383.83936046884628, 2380850.513130734674633 ], [ 521998.858561841829214, 2379929.775535803288221 ], [ 519837.774429424782284, 2379926.980618598870933 ], [ 520607.971178926585708, 2381768.381361211184412 ], [ 527090.954395053558983, 2381777.948748013935983 ] ], [ [ 531798.039389438112266, 2382706.783040351700038 ], [ 530717.560822654166259, 2382704.692301262635738 ], [ 530332.454568353947252, 2381783.70772732514888 ], [ 531412.956070755026303, 2381785.771875610109419 ], [ 531798.039389438112266, 2382706.783040351700038 ] ], [ [ 530643.218673855182715, 2379943.842718950007111 ], [ 530258.564600738463923, 2379022.924663006793708 ], [ 531339.135609892313369, 2379024.981383025180548 ], [ 531723.766775945550762, 2379945.925966241396964 ], [ 530643.218673855182715, 2379943.842718950007111 ] ], [ [ 535205.366088794427924, 2375352.348105297423899 ], [ 536286.033425570349209, 2375354.731332094408572 ], [ 535518.61911500361748, 2373512.864909719675779 ], [ 536599.332952369004488, 2373515.267081380356103 ], [ 536982.945776464883238, 2374436.211319065187126 ], [ 538063.637713489821181, 2374438.71205552155152 ], [ 538831.24689481803216, 2376280.746953073423356 ], [ 537750.600566530833021, 2376278.192992285359651 ], [ 538134.642527419724502, 2377199.230491755530238 ], [ 535973.398265939671546, 2377194.285581167321652 ], [ 535205.366088794427924, 2375352.348105297423899 ] ], [ [ 549116.864699996775016, 2369868.194067626260221 ], [ 550197.684100013924763, 2369871.496843160130084 ], [ 550580.406775481184013, 2370792.689937641378492 ], [ 551661.204762358684093, 2370796.091439676936716 ], [ 552044.047758598811924, 2371717.342749556526542 ], [ 549882.498325194930658, 2371710.557966208085418 ], [ 549116.864699996775016, 2369868.194067626260221 ] ], [ [ 550513.533553110202774, 2368032.525672931689769 ], [ 551594.400678848731332, 2368035.918603003956378 ], [ 551976.79216405202169, 2368957.102664235047996 ], [ 553057.637942425673828, 2368960.59426123695448 ], [ 553440.149771670461632, 2369881.836529297288507 ], [ 552359.326609418261796, 2369878.31807351578027 ], [ 552742.004012421588413, 2370799.564862867817283 ], [ 551661.204762358684093, 2370796.091439676936716 ], [ 550513.533553110202774, 2368032.525672931689769 ] ], [ [ 552950.751500606769696, 2379081.270260751247406 ], [ 552566.719496251316741, 2378159.8209252753295 ], [ 553647.334814974106848, 2378163.366044606547803 ], [ 554031.344111388782039, 2379084.842458964325488 ], [ 552950.751500606769696, 2379081.270260751247406 ] ], [ [ 553334.926456621149555, 2380002.751206745859236 ], [ 552254.357861742377281, 2379999.224096896592528 ], [ 551870.160182223888114, 2379077.770232442766428 ], [ 552950.751500606769696, 2379081.270260751247406 ], [ 553334.926456621149555, 2380002.751206745859236 ] ], [ [ 550789.570129864383489, 2379074.342373547609895 ], [ 550405.4926822707057, 2378152.94711258681491 ], [ 551486.105460810242221, 2378156.347948098089546 ], [ 551870.160182223888114, 2379077.770232442766428 ], [ 550789.570129864383489, 2379074.342373547609895 ] ], [ [ 553263.468466306687333, 2377241.92123891832307 ], [ 554344.107787076034583, 2377245.511424663010985 ], [ 554727.95144336274825, 2378166.983306590933353 ], [ 553647.334814974106848, 2378163.366044606547803 ], [ 553263.468466306687333, 2377241.92123891832307 ] ], [ [ 565076.013839216437191, 2358885.553076731506735 ], [ 564695.554611976258457, 2357964.284462955314666 ], [ 566857.833960637683049, 2357972.988503182772547 ], [ 567238.248409441905096, 2358894.311026144307107 ], [ 565076.013839216437191, 2358885.553076731506735 ] ], [ [ 567938.976080690161325, 2357977.447837377432734 ], [ 567178.620540023315698, 2356134.843380386941135 ], [ 569340.999214199953713, 2356143.868708894588053 ], [ 569721.060850872076117, 2357065.20913994172588 ], [ 568639.893021396361291, 2357060.633739748969674 ], [ 569020.119866571505554, 2357981.978715125471354 ], [ 567938.976080690161325, 2357977.447837377432734 ] ], [ [ 570422.191089341416955, 2356148.488606688566506 ], [ 569662.541049983119592, 2354305.848366451915354 ], [ 568581.304522634251043, 2354301.282417257316411 ], [ 568201.671472752699628, 2353380.036492837592959 ], [ 569282.930316503858194, 2353384.575512842275202 ], [ 568903.462443829397671, 2352463.334127712529153 ], [ 569984.745288989157416, 2352467.917627278249711 ], [ 570364.190860711736605, 2353389.185939339920878 ], [ 571445.453131912276149, 2353393.867772979196161 ], [ 571066.029852166073397, 2352472.572506186552346 ], [ 572147.316159906215034, 2352477.29876509308815 ], [ 572526.71715664723888, 2353398.621014419477433 ], [ 573607.982961456640624, 2353403.445664330851287 ], [ 573987.504519088426605, 2354324.826512712519616 ], [ 570743.779286768403836, 2354310.485749936662614 ], [ 571123.510564662748948, 2355231.817090971395373 ], [ 573285.947671828558668, 2355241.360220962204039 ], [ 573665.777185262530111, 2356162.777242065872997 ], [ 570422.191089341416955, 2356148.488606688566506 ] ], [ [ 581499.917748275212944, 2351601.512761647813022 ], [ 581121.002469668630511, 2350680.009980208240449 ], [ 582202.352050897432491, 2350685.395645993296057 ], [ 582581.24514883896336, 2351606.925628094933927 ], [ 581499.917748275212944, 2351601.512761647813022 ] ], [ [ 581878.975815051002428, 2352523.047308316454291 ], [ 579716.371391740394756, 2352512.381274565588683 ], [ 579337.268923943280242, 2351590.901105805300176 ], [ 581499.917748275212944, 2351601.512761647813022 ], [ 581878.975815051002428, 2352523.047308316454291 ] ], [ [ 584339.077563206199557, 2366332.773469145875424 ], [ 585420.042841460672207, 2366338.410230240318924 ], [ 585801.429786734515801, 2367260.40204813471064 ], [ 584720.486825862899423, 2367254.737657197751105 ], [ 584339.077563206199557, 2366332.773469145875424 ] ], [ [ 634066.046031529549509, 2366666.394735559821129 ], [ 633685.796692994423211, 2365743.164264300838113 ], [ 634766.907443841453642, 2365752.076076835393906 ], [ 635147.134875861811452, 2366675.335433188825846 ], [ 634066.046031529549509, 2366666.394735559821129 ] ], [ [ 639089.514814018271863, 2347390.346000949386507 ], [ 640171.101603874820285, 2347399.541693364735693 ], [ 640548.218601246830076, 2348322.477217605337501 ], [ 636221.978592716390267, 2348286.007797895930707 ], [ 635844.774851014837623, 2347363.186574066989124 ], [ 638007.931442984845489, 2347381.221584450919181 ], [ 637630.913541224203072, 2346458.376493527088314 ], [ 638712.51858754013665, 2346467.472350985743105 ], [ 639089.514814018271863, 2347390.346000949386507 ] ], [ [ 636976.813456850126386, 2350131.74987670686096 ], [ 640221.358147948281839, 2350159.166624208912253 ], [ 640598.924135833512992, 2351082.173498715274036 ], [ 635191.475111873936839, 2351036.692585793789476 ], [ 634813.800531591055915, 2350113.828828109428287 ], [ 635895.305325056775473, 2350122.753674949519336 ], [ 635140.427026212099008, 2348277.068696451373398 ], [ 636221.978592716390267, 2348286.007797895930707 ], [ 636976.813456850126386, 2350131.74987670686096 ] ], [ [ 635467.713572859298438, 2346440.398517119698226 ], [ 633304.526926188380457, 2346422.705516958609223 ], [ 632927.564716163324192, 2345500.007456046529114 ], [ 635090.794760727905668, 2345517.643594461493194 ], [ 635467.713572859298438, 2346440.398517119698226 ] ], [ [ 631845.954610077198595, 2345491.296207778621465 ], [ 631092.414232631679624, 2343646.055865922477096 ], [ 632174.067743027466349, 2343654.710426612757146 ], [ 632927.564716163324192, 2345500.007456046529114 ], [ 631845.954610077198595, 2345491.296207778621465 ] ], [ [ 628790.384727587923408, 2335352.502394249197096 ], [ 629165.77950537588913, 2336274.838781007099897 ], [ 628083.952637439826503, 2336266.409771288745105 ], [ 627333.262316063395701, 2334421.825771700590849 ], [ 629497.005765817826614, 2334438.642491649836302 ], [ 629872.236409615259618, 2335360.974250256083906 ], [ 628790.384727587923408, 2335352.502394249197096 ] ], [ [ 628459.511568375397474, 2337188.750786663498729 ], [ 625214.114784271921962, 2337163.805247192271054 ], [ 624463.009469015407376, 2335319.324013127014041 ], [ 625544.848616557428613, 2335327.512254321947694 ], [ 625920.308341693948023, 2336249.764547509141266 ], [ 628083.952637439826503, 2336266.409771288745105 ], [ 628459.511568375397474, 2337188.750786663498729 ] ], [ [ 623381.173388428986073, 2335311.206672721076757 ], [ 622630.594880993361585, 2333466.911507235839963 ], [ 623712.474292247323319, 2333474.973042788915336 ], [ 624463.009469015407376, 2335319.324013127014041 ], [ 623381.173388428986073, 2335311.206672721076757 ] ], [ [ 625169.531419551931322, 2334405.292556936386973 ], [ 624794.356753139873035, 2333483.105423174332827 ], [ 626958.130930551327765, 2333499.582723042462021 ], [ 627333.262316063395701, 2334421.825771700590849 ], [ 625169.531419551931322, 2334405.292556936386973 ] ], [ [ 632367.621610124246217, 2333542.015838825143874 ], [ 634531.440536594134755, 2333559.485056730918586 ], [ 634906.420710895908996, 2334481.924689394421875 ], [ 632742.644944529281929, 2334464.399164604954422 ], [ 632367.621610124246217, 2333542.015838825143874 ] ], [ [ 642063.281946092145517, 2330864.396461917553097 ], [ 641689.043773740762845, 2329941.862443391699344 ], [ 642771.071619086782448, 2329951.156856411602348 ], [ 643145.288318916107528, 2330873.719175226986408 ], [ 642063.281946092145517, 2330864.396461917553097 ] ], [ [ 642654.960033233743161, 2284009.576925609726459 ], [ 642288.368250158731826, 2283088.19407725892961 ], [ 643371.542240685783327, 2283097.332502849400043 ], [ 643738.11303646559827, 2284018.742652133572847 ], [ 642654.960033233743161, 2284009.576925609726459 ] ], [ [ 641540.824798270012252, 2278490.758887479547411 ], [ 640457.545969064114615, 2278481.75652981409803 ], [ 640091.808856491232291, 2277560.564141040667892 ], [ 641175.108633872237988, 2277569.539372371509671 ], [ 641540.824798270012252, 2278490.758887479547411 ] ], [ [ 642624.107156678102911, 2278499.830455349292606 ], [ 642989.94481940602418, 2279421.108848323579878 ], [ 641906.683407225646079, 2279412.01009704824537 ], [ 641540.824798270012252, 2278490.758887479547411 ], [ 642624.107156678102911, 2278499.830455349292606 ] ], [ [ 637925.219755834201351, 2277542.821219903416932 ], [ 637194.089089080691338, 2275700.639477304182947 ], [ 638277.423816757160239, 2275709.422294488642365 ], [ 638642.896963593782857, 2276630.524405458476394 ], [ 639726.214197390829213, 2276639.403386573772877 ], [ 640091.808856491232291, 2277560.564141040667892 ], [ 637925.219755834201351, 2277542.821219903416932 ] ], [ [ 638290.998790180659853, 2278463.95944000268355 ], [ 637207.730386464856565, 2278455.164705334696919 ], [ 637573.672865061671473, 2279376.3074613022618 ], [ 638656.920288648223504, 2279385.12926737498492 ], [ 639022.984248836175539, 2280306.330733104608953 ], [ 635773.315225331461988, 2280279.991795640904456 ], [ 634675.361834741779603, 2277516.72567322012037 ], [ 633592.082614253973588, 2277508.165508724749088 ], [ 633226.362127107335255, 2276587.166750133503228 ], [ 635392.9659033191856, 2276604.302367157768458 ], [ 635758.644413819652982, 2277525.355012431740761 ], [ 637925.219755834201351, 2277542.821219903416932 ], [ 638290.998790180659853, 2278463.95944000268355 ] ], [ [ 621284.341392695438117, 2270989.586571604013443 ], [ 621649.395838381722569, 2271910.157678870949894 ], [ 619482.651867761043832, 2271894.808635793626308 ], [ 619117.555336007964797, 2270974.290452457033098 ], [ 621284.341392695438117, 2270989.586571604013443 ] ], [ [ 616950.781176768243313, 2270959.270194520708174 ], [ 617315.919828854501247, 2271879.735565623734146 ], [ 618399.28437036939431, 2271887.237604632973671 ], [ 619129.947298937127925, 2273728.313943537883461 ], [ 616963.305458824383095, 2273713.273170204367489 ], [ 616597.860539553686976, 2272792.772393939085305 ], [ 615514.522916766232811, 2272785.381970798131078 ], [ 615149.19950523856096, 2271864.938459815457463 ], [ 616232.558216162258759, 2271872.302517702803016 ], [ 615867.398491045692936, 2270951.863510838709772 ], [ 616950.781176768243313, 2270959.270194520708174 ] ], [ [ 615879.988930691266432, 2273705.856352866627276 ], [ 614796.675294453976676, 2273698.508580344729125 ], [ 614431.188177283620462, 2272778.060564558953047 ], [ 615514.522916766232811, 2272785.381970798131078 ], [ 615879.988930691266432, 2273705.856352866627276 ] ], [ [ 593116.988749712938443, 2270812.251873201690614 ], [ 593482.592999584972858, 2271732.143673376180232 ], [ 592399.288977100048214, 2271726.228180155623704 ], [ 592033.663464104174636, 2270806.362130970228463 ], [ 593116.988749712938443, 2270812.251873201690614 ] ], [ [ 589530.3659478854388, 2275382.610667612869292 ], [ 589896.790415483992547, 2276302.524883373640478 ], [ 588813.604287169408053, 2276296.825735796708614 ], [ 588447.158480273094028, 2275376.937276449985802 ], [ 589530.3659478854388, 2275382.610667612869292 ] ], [ [ 589180.192856345092878, 2277216.744435715954751 ], [ 588097.030297670164146, 2277211.088634985499084 ], [ 587730.420373947476037, 2276291.195692607667297 ], [ 588813.604287169408053, 2276296.825735796708614 ], [ 589180.192856345092878, 2277216.744435715954751 ] ], [ [ 591346.524672180297785, 2277228.263434626162052 ], [ 591713.213305277284235, 2278148.264062015805393 ], [ 589546.924185383482836, 2278136.693406607490033 ], [ 589180.192856345092878, 2277216.744435715954751 ], [ 591346.524672180297785, 2277228.263434626162052 ] ], [ [ 590280.815113380434923, 2279976.682283050846308 ], [ 591363.915819330257364, 2279982.484745951835066 ], [ 591731.054041570401751, 2280902.550613751634955 ], [ 590647.974707503453828, 2280896.72224953211844 ], [ 591015.277051816461608, 2281816.792608848772943 ], [ 589932.221363626886159, 2281811.007585653569549 ], [ 588463.782987772487104, 2278131.011819370090961 ], [ 589546.924185383482836, 2278136.693406607490033 ], [ 590280.815113380434923, 2279976.682283050846308 ] ], [ [ 592814.135661375941709, 2280908.448222328908741 ], [ 593548.797588603687473, 2282748.723199443891644 ], [ 592465.758714657044038, 2282742.773645469918847 ], [ 591731.054041570401751, 2280902.550613751634955 ], [ 592814.135661375941709, 2280908.448222328908741 ] ], [ [ 588114.620424532913603, 2279965.285003534983844 ], [ 588481.822788620600477, 2280885.273250873200595 ], [ 587398.750149820349179, 2280879.652614811435342 ], [ 587031.526387639925815, 2279959.690185306593776 ], [ 588114.620424532913603, 2279965.285003534983844 ] ], [ [ 572722.296792383189313, 2295501.717511740978807 ], [ 573092.357645211624913, 2296421.704642276279628 ], [ 572009.691189702134579, 2296417.03478883439675 ], [ 571639.608652105904184, 2295497.073415021877736 ], [ 572722.296792383189313, 2295501.717511740978807 ] ], [ [ 573181.925948227057233, 2304688.455641497857869 ], [ 574264.393238454358652, 2304693.218724144157022 ], [ 574635.926010264200158, 2305613.457884589675814 ], [ 573553.480487543856725, 2305608.668807954061776 ], [ 573181.925948227057233, 2304688.455641497857869 ] ], [ [ 572099.46047260100022, 2304683.762506827246398 ], [ 571728.027012940961868, 2303763.605737836100161 ], [ 572810.514258441980928, 2303768.272935647983104 ], [ 573181.925948227057233, 2304688.455641497857869 ], [ 572099.46047260100022, 2304683.762506827246398 ] ], [ [ 559143.571671163663268, 2307388.763505754526705 ], [ 559515.860696055693552, 2308308.706006155349314 ], [ 558433.505449897726066, 2308304.889591676648706 ], [ 558061.194504397339188, 2307384.972756878472865 ], [ 559143.571671163663268, 2307388.763505754526705 ] ], [ [ 557759.648005249444395, 2311977.230411739554256 ], [ 558841.912563640857115, 2311981.009461123496294 ], [ 559214.960132309002802, 2312901.051534887868911 ], [ 558132.717544905841351, 2312897.246728369500488 ], [ 557759.648005249444395, 2311977.230411739554256 ] ], [ [ 559961.484061127644964, 2314741.226516348309815 ], [ 560334.960416341898963, 2315661.359485744033009 ], [ 559252.783780855243094, 2315657.477231109980494 ], [ 558879.285435177502222, 2314737.370107219088823 ], [ 559961.484061127644964, 2314741.226516348309815 ] ], [ [ 561417.138544453075156, 2315665.312011791393161 ], [ 561790.735835582250729, 2316585.501244211569428 ], [ 560708.579695468535647, 2316581.522815424017608 ], [ 560334.960416341898963, 2315661.359485744033009 ], [ 561417.138544453075156, 2315665.312011791393161 ] ], [ [ 558544.271893211524002, 2316573.776854784693569 ], [ 558918.078109622118063, 2317493.918794431723654 ], [ 557835.94841531466227, 2317490.125412486493587 ], [ 558209.919591535814106, 2318410.271836737636477 ], [ 557127.813364313682541, 2318406.522929302416742 ], [ 556753.820151256280951, 2317486.402355817146599 ], [ 555671.693290686467662, 2317482.749623898882419 ], [ 555297.820983227808028, 2316562.68514802865684 ], [ 558544.271893211524002, 2316573.776854784693569 ] ], [ [ 557876.228615297237411, 2320246.855112212244421 ], [ 558958.290749381994829, 2320250.655809761490673 ], [ 559332.690726057626307, 2321170.893420455511659 ], [ 558250.6506482710829, 2321167.066783530637622 ], [ 557876.228615297237411, 2320246.855112212244421 ] ], [ [ 556794.167911634780467, 2320243.124822633806616 ], [ 556419.866757366107777, 2319322.969430293887854 ], [ 557501.949519818997942, 2319326.673837788868695 ], [ 557876.228615297237411, 2320246.855112212244421 ], [ 556794.167911634780467, 2320243.124822633806616 ] ], [ [ 558584.033703716821037, 2319330.448625512886792 ], [ 560748.206442849361338, 2319338.209343790542334 ], [ 561496.775306793162599, 2321178.758003619033843 ], [ 560414.732269984320737, 2321174.790493634995073 ], [ 560040.354340636753477, 2320254.526915818452835 ], [ 558958.290749381994829, 2320250.655809761490673 ], [ 558584.033703716821037, 2319330.448625512886792 ] ], [ [ 557961.04981702810619, 2325760.880346627905965 ], [ 557585.868929349584505, 2324840.568316976539791 ], [ 558667.817793165100738, 2324844.357914326246828 ], [ 559418.278284252155572, 2326685.064590863417834 ], [ 557254.470436202129349, 2326677.45181065890938 ], [ 556879.124490773421712, 2325757.135290808044374 ], [ 557961.04981702810619, 2325760.880346627905965 ] ], [ [ 560500.184394774725661, 2326688.976883180905133 ], [ 560124.904788864892907, 2325768.582178913522512 ], [ 561206.834487867192365, 2325772.538956466130912 ], [ 561582.091998568037525, 2326692.959777707234025 ], [ 562664.001122335903347, 2326697.013275005389005 ], [ 563039.379453973961063, 2327617.49091460229829 ], [ 559793.722920976113528, 2327605.46379058714956 ], [ 559418.278284252155572, 2326685.064590863417834 ], [ 560500.184394774725661, 2326688.976883180905133 ] ], [ [ 545872.394093322567642, 2335833.280175593681633 ], [ 546954.057101010926999, 2335836.32098894007504 ], [ 547331.264580321148969, 2336756.634841357823461 ], [ 546249.623892485979013, 2336753.568055748473853 ], [ 545872.394093322567642, 2335833.280175593681633 ] ], [ [ 546576.992620607139543, 2334916.037587239407003 ], [ 547658.679089281475171, 2334919.123301988001913 ], [ 548035.721265374682844, 2335839.432673902250826 ], [ 546954.057101010926999, 2335836.32098894007504 ], [ 546576.992620607139543, 2334916.037587239407003 ] ], [ [ 541702.40934500459116, 2344096.031894068233669 ], [ 542459.899642713717185, 2345936.822750478982925 ], [ 541378.491603532806039, 2345934.063998653087765 ], [ 540620.956397715955973, 2344093.325210243463516 ], [ 541702.40934500459116, 2344096.031894068233669 ] ], [ [ 541323.878737111925147, 2343175.682221547700465 ], [ 542405.355145149165764, 2343178.434006178751588 ], [ 542783.863317800220102, 2344098.809695578180254 ], [ 541702.40934500459116, 2344096.031894068233669 ], [ 541323.878737111925147, 2343175.682221547700465 ] ], [ [ 541757.473752088961191, 2346854.479166354518384 ], [ 540676.089202922419645, 2346851.765536074992269 ], [ 540297.08458149782382, 2345931.376419523265213 ], [ 541378.491603532806039, 2345934.063998653087765 ], [ 541757.473752088961191, 2346854.479166354518384 ] ], [ [ 533753.570850321790203, 2343158.410228300374001 ], [ 532672.101828644517809, 2343156.227153545245528 ], [ 531536.829078167909756, 2340395.980765362270176 ], [ 532618.365585908293724, 2340398.086632962804288 ], [ 533753.570850321790203, 2343158.410228300374001 ] ], [ [ 531702.513906358508393, 2348670.94943201681599 ], [ 530621.183306118706241, 2348668.896147875580937 ], [ 530241.667259502923116, 2347748.705532003194094 ], [ 531323.020437011145987, 2347750.732981970533729 ], [ 531702.513906358508393, 2348670.94943201681599 ] ], [ [ 529539.853458148892969, 2348666.9141157977283 ], [ 529919.535190830007195, 2349587.109186184592545 ], [ 528838.228670656913891, 2349585.172597113531083 ], [ 528458.524335882393643, 2348665.003335503861308 ], [ 529539.853458148892969, 2348666.9141157977283 ] ], [ [ 526220.343485992634669, 2361536.220324066001922 ], [ 524058.331652729772031, 2361532.88850071746856 ], [ 523294.93663882947294, 2359692.257724462077022 ], [ 525457.039516440825537, 2359695.485752255655825 ], [ 526220.343485992634669, 2361536.220324066001922 ] ], [ [ 521451.018067149328999, 2357850.293348808307201 ], [ 520688.722646153357346, 2356009.95659202337265 ], [ 521769.864237648376729, 2356011.359965235926211 ], [ 522913.453831406135578, 2358771.98785759601742 ], [ 520751.30769776791567, 2358769.097851325757802 ], [ 520369.922499871172477, 2357848.90992691507563 ], [ 521451.018067149328999, 2357850.293348808307201 ] ], [ [ 525204.497633196529932, 2364294.062743323855102 ], [ 525586.839205773896538, 2365214.515104409307241 ], [ 523425.01212149404455, 2365211.261955231893808 ], [ 523042.624931739468593, 2364290.861652448307723 ], [ 525204.497633196529932, 2364294.062743323855102 ] ], [ [ 521330.501679640845396, 2367968.069975669961423 ], [ 521713.529952845303342, 2368888.51408848259598 ], [ 520632.710311111761257, 2368887.106451540254056 ], [ 520249.659161880263127, 2367966.688364200759679 ], [ 521330.501679640845396, 2367968.069975669961423 ] ], [ [ 529418.126038253889419, 2374420.722868045791984 ], [ 530498.812204862828366, 2374422.719430671073496 ], [ 530882.705077259452082, 2375343.535723131150007 ], [ 529802.041776278754696, 2375341.512757296208292 ], [ 529418.126038253889419, 2374420.722868045791984 ] ], [ [ 527016.855898951180279, 2379017.1874720742926 ], [ 527401.578748719533905, 2379938.026112231425941 ], [ 526321.033479490899481, 2379936.231620800681412 ], [ 525936.287685666815378, 2379015.419397241901606 ], [ 527016.855898951180279, 2379017.1874720742926 ] ], [ [ 526632.276155451429076, 2378096.379713089205325 ], [ 527712.867956503294408, 2378098.193534928839654 ], [ 528097.424771641963162, 2379019.027707805391401 ], [ 527016.855898951180279, 2379017.1874720742926 ], [ 526632.276155451429076, 2378096.379713089205325 ] ], [ [ 526705.922383468598127, 2380857.07472707843408 ], [ 525625.400716288480908, 2380855.326004638336599 ], [ 525240.488852555747144, 2379934.509317679796368 ], [ 526321.033479490899481, 2379936.231620800681412 ], [ 526705.922383468598127, 2380857.07472707843408 ] ], [ [ 530022.355293792323209, 2383623.662884576711804 ], [ 528941.901159466942772, 2383621.690123557578772 ], [ 528556.605910131242126, 2382700.727639155462384 ], [ 529637.083005002117716, 2382702.673834291752428 ], [ 530022.355293792323209, 2383623.662884576711804 ] ], [ [ 527786.444702205364592, 2380858.895665489137173 ], [ 528866.967698861262761, 2380860.788820126093924 ], [ 529251.953805842204019, 2381781.715823481790721 ], [ 528171.453756860457361, 2381779.796163801569492 ], [ 527786.444702205364592, 2380858.895665489137173 ] ], [ [ 528482.124686612281948, 2379939.892792222555727 ], [ 529562.671319533488713, 2379941.831661038100719 ], [ 529947.491399795748293, 2380862.754191254731268 ], [ 528866.967698861262761, 2380860.788820126093924 ], [ 528482.124686612281948, 2379939.892792222555727 ] ], [ [ 533740.875281109823845, 2374429.141263180878013 ], [ 532660.186799887451343, 2374426.928627943154424 ], [ 533044.033968707663007, 2375347.797809844370931 ], [ 531963.369132604217157, 2375345.630740548949689 ], [ 531195.772180966567248, 2373503.976197600830346 ], [ 532276.482704979367554, 2373506.090380087029189 ], [ 531892.921686527086422, 2372585.283034404274076 ], [ 529731.455723012797534, 2372581.179434195626527 ], [ 530115.062419265741482, 2373501.934011640492827 ], [ 529034.353393471916206, 2373499.963821918237954 ], [ 528650.723844475229271, 2372579.235587085131556 ], [ 527569.992666200152598, 2372577.363708269782364 ], [ 527186.483359995065257, 2371656.692537602037191 ], [ 528267.237393805291504, 2371658.538131747860461 ], [ 527883.894044005312026, 2370737.871424129232764 ], [ 528964.671608697040938, 2370739.762676833197474 ], [ 528581.494195718551055, 2369819.10043336218223 ], [ 527500.693797617568634, 2369817.235432480927557 ], [ 527117.63665718305856, 2368896.630125077906996 ], [ 526036.814095434150659, 2368894.86320343054831 ], [ 525653.877233737148345, 2367974.314712287858129 ], [ 526734.72262524231337, 2367976.055470226332545 ], [ 526351.951704333419912, 2367055.511436256580055 ], [ 527432.820563992252573, 2367057.297863022889942 ], [ 527050.215564281214029, 2366136.75828732131049 ], [ 528131.107893625739962, 2366138.59035804355517 ], [ 527748.66879552451428, 2365218.055241692811251 ], [ 528829.584596104105003, 2365219.932931490708143 ], [ 528447.311380024766549, 2364299.402275557164103 ], [ 527366.372803174424917, 2364297.550711699295789 ], [ 526984.219919113093056, 2363377.07673647115007 ], [ 531308.069535559276119, 2363384.808764609042555 ], [ 530926.150760501506738, 2362464.260884016752243 ], [ 532007.137741776299663, 2362466.346947274636477 ], [ 531243.774890544009395, 2360625.290728782769293 ], [ 532324.808071114006452, 2360627.396140382625163 ], [ 531943.363971443846822, 2359706.887802022509277 ], [ 530862.308092907187529, 2359704.808504046406597 ], [ 530480.98438396200072, 2358784.356826927512884 ], [ 531562.062954011256807, 2358786.41004137089476 ], [ 531180.905021348269656, 2357865.962826909963042 ], [ 532262.007040971308015, 2357868.061515755020082 ], [ 531881.014865014352836, 2356947.618764926679432 ], [ 535124.393729204544798, 2356954.265682391356677 ], [ 535505.317952038021758, 2357874.786752446554601 ], [ 533343.109851623303257, 2357870.231732754502445 ], [ 534486.87683503748849, 2360631.821796501986682 ], [ 535567.912471373216249, 2360634.142041645012796 ], [ 535949.431592628010549, 2361554.759586506988853 ], [ 534868.418633150518872, 2361552.413114603143185 ], [ 535250.103495538351126, 2362473.035133777651936 ], [ 534169.114082815242, 2362470.734071847051382 ], [ 534550.964705894468352, 2363391.360564383678138 ], [ 533469.998838265542872, 2363389.104937329422683 ], [ 534234.174714510794729, 2365230.397602908778936 ], [ 533153.255120557849295, 2365228.161171335726976 ], [ 533535.580397203681059, 2366148.827344901394099 ], [ 531373.789118578424677, 2366144.517222387250513 ], [ 530991.418340982287191, 2365223.903554718475789 ], [ 529910.501102436799556, 2365221.882369074039161 ], [ 531058.110996501054615, 2367983.736804463434964 ], [ 529977.262830012943596, 2367981.708725002128631 ], [ 530360.108428083825856, 2368902.362036942970008 ], [ 529279.283797071781009, 2368900.379541570786387 ], [ 530045.44988160347566, 2370741.725842771120369 ], [ 531126.228889151127078, 2370743.760922217741609 ], [ 530743.097115309443325, 2369823.046092102769762 ], [ 531823.899689664016478, 2369825.126750516239554 ], [ 531440.933801729464903, 2368904.416390767786652 ], [ 532521.759944443008862, 2368906.542603333946317 ], [ 532904.70304230239708, 2369827.279295345302671 ], [ 533985.507199654472061, 2369829.503726893570274 ], [ 534751.777032927144319, 2371671.122459647711366 ], [ 532590.260703508276492, 2371666.639917379245162 ], [ 532973.655824337620288, 2372587.44278807984665 ], [ 534054.390768067794852, 2372589.674511204008013 ], [ 534437.906145588727668, 2373510.53473583329469 ], [ 533357.194017717498355, 2373508.276559395715594 ], [ 533740.875281109823845, 2374429.141263180878013 ] ], [ [ 526419.894072069786489, 2369815.44231690466404 ], [ 525339.094992641941644, 2369813.721086382400244 ], [ 525722.34093356539961, 2370734.304657366126776 ], [ 524641.565334964543581, 2370732.629142805933952 ], [ 523492.18830719194375, 2367971.048685406800359 ], [ 524573.032469867030159, 2367972.64578409306705 ], [ 524955.992170562851243, 2368893.168139180634171 ], [ 526036.814095434150659, 2368894.86320343054831 ], [ 526419.894072069786489, 2369815.44231690466404 ] ], [ [ 534743.612570367520675, 2356033.775215768720955 ], [ 535824.763172073871829, 2356036.107725623063743 ], [ 536205.521704674814828, 2356956.624323957134038 ], [ 535124.393729204544798, 2356954.265682391356677 ], [ 534743.612570367520675, 2356033.775215768720955 ] ], [ [ 535315.095146519946866, 2365232.705783739220351 ], [ 534932.958394638961181, 2364312.017791125923395 ], [ 536013.902403019601479, 2364314.371401885524392 ], [ 535631.931419671862386, 2363393.68788565415889 ], [ 536712.899006072315387, 2363396.086901467759162 ], [ 536331.093771703890525, 2362475.407862568739802 ], [ 538493.077020273311064, 2362480.368322071619332 ], [ 538874.836902630049735, 2363401.100018087774515 ], [ 537793.867491566343233, 2363398.557612163480371 ], [ 538175.793091654544696, 2364319.293790438212454 ], [ 539256.739824843942188, 2364321.862568921875209 ], [ 540020.974778730305843, 2366163.480361958965659 ], [ 538940.073420644155703, 2366160.85874783154577 ], [ 539322.428144484874792, 2367081.687590447254479 ], [ 536079.797829561401159, 2367074.174193375278264 ], [ 536462.363755657570437, 2367994.954673862084746 ], [ 534300.660160877509043, 2367990.252030452247709 ], [ 533918.048744822270237, 2367069.524287368170917 ], [ 534998.922858971869573, 2367071.813338059000671 ], [ 534234.174714510794729, 2365230.397602908778936 ], [ 535315.095146519946866, 2365232.705783739220351 ] ], [ [ 537729.9863852445269, 2360638.99736772896722 ], [ 540973.104256410500966, 2360646.817451552953571 ], [ 541354.510130886454135, 2361567.566545576322824 ], [ 539192.4758614692837, 2361562.22884062724188 ], [ 539574.070045635453425, 2362482.956053482368588 ], [ 538493.077020273311064, 2362480.368322071619332 ], [ 537729.9863852445269, 2360638.99736772896722 ] ], [ [ 541101.877116346498951, 2366166.173754770774394 ], [ 541484.186454892507754, 2367087.055551313329488 ], [ 540403.30680534185376, 2367084.335667686536908 ], [ 540020.974778730305843, 2366163.480361958965659 ], [ 541101.877116346498951, 2366166.173754770774394 ] ], [ [ 533602.586882665287703, 2368908.740674940869212 ], [ 534683.414642833173275, 2368911.010605897288769 ], [ 535066.312188153970055, 2369831.800045473035425 ], [ 533985.507199654472061, 2369829.503726893570274 ], [ 533602.586882665287703, 2368908.740674940869212 ] ], [ [ 589555.924222058965825, 2373721.180331833194941 ], [ 590636.715130944736302, 2373727.183033786248416 ], [ 590254.373627264751121, 2372804.908999631181359 ], [ 591335.189087004866451, 2372810.955803717952222 ], [ 592099.970144117833115, 2374655.592294653411955 ], [ 589938.430804999778047, 2374643.458978372626007 ], [ 589555.924222058965825, 2373721.180331833194941 ] ], [ [ 595658.473514942685142, 2372835.863037544302642 ], [ 593496.826730335014872, 2372823.265415399800986 ], [ 593114.694918757653795, 2371900.940119445323944 ], [ 592033.852656010887586, 2371894.777263905853033 ], [ 591651.841252902871929, 2370972.512455323245376 ], [ 592732.705820818780921, 2370978.647390057798475 ], [ 591969.155775913503021, 2369134.15950059145689 ], [ 593050.067184529616497, 2369140.310575819574296 ], [ 593813.572656275937334, 2370984.85427162470296 ], [ 594894.441785705159418, 2370991.133100898005068 ], [ 593368.090785978129134, 2367302.064103020355105 ], [ 594449.051285218331032, 2367308.303166387137026 ], [ 593305.853235067799687, 2364541.75894065387547 ], [ 594386.882738175103441, 2364547.986290588509291 ], [ 595530.014095808961429, 2367314.614067650865763 ], [ 597691.946756864083, 2367327.451387434732169 ], [ 598073.231485794414766, 2368249.781558867078274 ], [ 595911.343285692390054, 2368236.888333327136934 ], [ 597056.18703222554177, 2371003.906606107018888 ], [ 598137.063202182762325, 2371010.401283839251846 ], [ 598518.940907505806535, 2371932.834035669453442 ], [ 595276.386299969628453, 2371913.481755568180233 ], [ 595658.473514942685142, 2372835.863037544302642 ] ], [ [ 597310.804715326987207, 2366405.15380162326619 ], [ 596229.814983091317117, 2366398.727158411405981 ], [ 595848.793418347835541, 2365476.490031892899424 ], [ 598010.819682040251791, 2365489.359290646854788 ], [ 597629.985220591770485, 2364567.098874580580741 ], [ 598711.02412734227255, 2364573.613250296097249 ], [ 598330.354536796803586, 2363651.357451035641134 ], [ 599411.418034256435931, 2363657.915656072553247 ], [ 599030.91329532652162, 2362735.664473730139434 ], [ 596868.74436553218402, 2362722.675564833916724 ], [ 596488.337976929848082, 2361800.512606193311512 ], [ 599731.661479223519564, 2361820.019918120466173 ], [ 600873.109218613943085, 2364586.857278790790588 ], [ 601954.155456085223705, 2364593.586933434009552 ], [ 601573.552359854336828, 2363671.247262268327177 ], [ 603735.696636225911789, 2363684.865802900865674 ], [ 604116.255447070114315, 2364607.261528247967362 ], [ 603035.204190078307875, 2364600.388349600601941 ], [ 603415.927795291412622, 2365522.788703545928001 ], [ 601253.877139811986126, 2365509.201573844067752 ], [ 601634.787727533606812, 2366431.57851056009531 ], [ 600553.78830906515941, 2366424.864611063618213 ], [ 600172.855543630896136, 2365502.515692205633968 ], [ 599091.83639986300841, 2365495.901598116382957 ], [ 600235.129284200957045, 2368262.962258405517787 ], [ 601316.081848900648765, 2368269.660413237288594 ], [ 602078.946050637285225, 2370114.587052159942687 ], [ 600998.037904333556071, 2370107.832705224398524 ], [ 600616.512259550159797, 2369185.381126068066806 ], [ 599535.584362140041776, 2369178.726788621861488 ], [ 598772.916660242713988, 2367333.977807760704309 ], [ 597691.946756864083, 2367327.451387434732169 ], [ 597310.804715326987207, 2366405.15380162326619 ] ], [ [ 596548.948704462731257, 2364560.656256659887731 ], [ 596168.234740150161088, 2363638.456232470925897 ], [ 597249.293447588337585, 2363644.870976807083935 ], [ 597629.985220591770485, 2364567.098874580580741 ], [ 596548.948704462731257, 2364560.656256659887731 ] ], [ [ 603355.280477497377433, 2362762.502744901925325 ], [ 604436.378536416916177, 2362769.391579310409725 ], [ 604816.772572154994123, 2363691.782676020637155 ], [ 603735.696636225911789, 2363684.865802900865674 ], [ 603355.280477497377433, 2362762.502744901925325 ] ], [ [ 601379.706216045073234, 2371030.317028539255261 ], [ 600298.822767658974044, 2371023.606494126841426 ], [ 599917.132228201371618, 2370101.150284471455961 ], [ 600998.037904333556071, 2370107.832705224398524 ], [ 601379.706216045073234, 2371030.317028539255261 ] ], [ [ 600680.655978001072071, 2371946.095450267661363 ], [ 599599.797225253423676, 2371939.428752901032567 ], [ 599217.941771848360077, 2371016.96791287092492 ], [ 600298.822767658974044, 2371023.606494126841426 ], [ 600680.655978001072071, 2371946.095450267661363 ] ], [ [ 630246.237773819011636, 2373076.600694390945137 ], [ 629165.325298069394194, 2373067.961244022473693 ], [ 628783.924818134400994, 2372144.697889102157205 ], [ 629864.859306521015242, 2372153.308437806554139 ], [ 630246.237773819011636, 2373076.600694390945137 ] ], [ [ 606084.987191719468683, 2371980.508672321215272 ], [ 605004.115867547108792, 2371973.48206000495702 ], [ 604622.371541025466286, 2371050.880360213574022 ], [ 605703.265064073028043, 2371057.878716797567904 ], [ 606084.987191719468683, 2371980.508672321215272 ] ], [ [ 522480.015918866905849, 2370729.493850151076913 ], [ 521399.242048519023228, 2370728.034071614500135 ], [ 521015.904607505071908, 2369807.555010141339153 ], [ 522096.701366767927539, 2369808.988702767994255 ], [ 522480.015918866905849, 2370729.493850151076913 ] ], [ [ 537227.924764326075092, 2369836.608345028944314 ], [ 536147.118034234968945, 2369834.168251407332718 ], [ 535764.243251384003088, 2368913.352396523114294 ], [ 536845.072734757210128, 2368915.766047147102654 ], [ 537227.924764326075092, 2369836.608345028944314 ] ], [ [ 539389.540982281439938, 2369841.704196716658771 ], [ 538308.732404863927513, 2369839.120326680596918 ], [ 537925.90311939152889, 2368918.251558108720928 ], [ 539006.734431726741605, 2368920.808929758146405 ], [ 539389.540982281439938, 2369841.704196716658771 ] ], [ [ 612888.169189965585247, 2370186.086675643920898 ], [ 611807.234887713217176, 2370178.613012945279479 ], [ 611044.769657441764139, 2368333.178131391294301 ], [ 612125.748201834503561, 2368340.595043244771659 ], [ 612888.169189965585247, 2370186.086675643920898 ] ], [ [ 626940.575997933745384, 2370289.7909717829898 ], [ 625859.603739756392315, 2370281.382039883174002 ], [ 625478.58675498329103, 2369358.276831809431314 ], [ 626559.581023763166741, 2369366.657009325455874 ], [ 626940.575997933745384, 2370289.7909717829898 ] ], [ [ 632345.484389719669707, 2370332.914932046085596 ], [ 630183.511507043032907, 2370315.449482963886112 ], [ 629802.582512466586195, 2369392.229089276865125 ], [ 631964.599338084808551, 2369409.636777431704104 ], [ 632345.484389719669707, 2370332.914932046085596 ] ], [ [ 541168.399945249315351, 2368926.139256568159908 ], [ 540087.566698200185783, 2368923.438162454869598 ], [ 539704.925904514151625, 2368002.547384717036039 ], [ 540785.781861693831161, 2368005.22195528075099 ], [ 541168.399945249315351, 2368926.139256568159908 ] ], [ [ 626178.728563637589104, 2368443.556487082038075 ], [ 625097.712290733237751, 2368435.205033563543111 ], [ 624716.980349511723034, 2367512.166612173896283 ], [ 625798.018620057380758, 2367520.489372067153454 ], [ 626178.728563637589104, 2368443.556487082038075 ] ], [ [ 556616.62017365952488, 2367132.67382536130026 ], [ 555535.723905086051673, 2367128.948607545346022 ], [ 555153.708680270239711, 2366207.719907796476036 ], [ 556234.627509245998226, 2366211.418246572371572 ], [ 556616.62017365952488, 2367132.67382536130026 ] ], [ [ 589044.271373377530836, 2367277.826211131177843 ], [ 587963.322034035692923, 2367271.946324288379401 ], [ 587581.979696771129966, 2366349.899163124151528 ], [ 588662.951326751150191, 2366355.751336530782282 ], [ 589044.271373377530836, 2367277.826211131177843 ] ], [ [ 611744.751607645768672, 2367417.898762274999171 ], [ 610663.750951892929152, 2367410.510180317796767 ], [ 609902.141372502897866, 2365565.273093791212887 ], [ 610983.186231549829245, 2365572.605106934905052 ], [ 610602.617454647901468, 2364650.007667101919651 ], [ 611683.687113961321302, 2364657.383210765197873 ], [ 612444.923103250446729, 2366502.667568843346089 ], [ 611363.89761671598535, 2366495.235461086034775 ], [ 611744.751607645768672, 2367417.898762274999171 ] ], [ [ 544344.590270936489105, 2366174.68460915191099 ], [ 543263.68483599263709, 2366171.77587797306478 ], [ 542881.563859031768516, 2365250.872057349421084 ], [ 543962.491948136594146, 2365253.754244789015502 ], [ 544344.590270936489105, 2366174.68460915191099 ] ], [ [ 550830.046599041321315, 2366193.644396726973355 ], [ 550066.264390205498785, 2364351.495199030730873 ], [ 551147.223152386955917, 2364354.852955741342157 ], [ 551910.960187062388286, 2366197.055598889477551 ], [ 550830.046599041321315, 2366193.644396726973355 ] ], [ [ 548985.306853909860365, 2364348.209169773384929 ], [ 547840.638102760422044, 2361585.299064709804952 ], [ 550002.689854203956202, 2361591.78305027494207 ], [ 550384.057983057573438, 2362512.775186693295836 ], [ 549303.054072535829619, 2362509.470754681155086 ], [ 550066.264390205498785, 2364351.495199030730873 ], [ 548985.306853909860365, 2364348.209169773384929 ] ], [ [ 549367.149066152633168, 2365269.24147862335667 ], [ 548286.215331343002617, 2365266.000524201896042 ], [ 547904.350517031620257, 2364344.994867508299649 ], [ 548985.306853909860365, 2364348.209169773384929 ], [ 549367.149066152633168, 2365269.24147862335667 ] ], [ [ 546759.613998405635357, 2361582.164537858217955 ], [ 546378.321142044733278, 2360661.283202085644007 ], [ 547459.367822645814158, 2360664.391197436023504 ], [ 547840.638102760422044, 2361585.299064709804952 ], [ 546759.613998405635357, 2361582.164537858217955 ] ], [ [ 547141.049848038470373, 2362503.076906159985811 ], [ 543898.052105456939898, 2362494.023665466811508 ], [ 543135.187813155935146, 2360652.388908181805164 ], [ 544216.231163791846484, 2360655.282057881355286 ], [ 544597.569200005382299, 2361576.110413813497871 ], [ 546759.613998405635357, 2361582.164537858217955 ], [ 547141.049848038470373, 2362503.076906159985811 ] ], [ [ 544279.698768043075688, 2363414.887489017099142 ], [ 543198.724332035868429, 2363411.986601380165666 ], [ 543580.536634327494539, 2364332.854919466655701 ], [ 542499.585897510754876, 2364329.999245575629175 ], [ 541736.059030912350863, 2362488.346521442290395 ], [ 543898.052105456939898, 2362494.023665466811508 ], [ 544279.698768043075688, 2363414.887489017099142 ] ], [ [ 543835.036136287380941, 2359734.484642468392849 ], [ 544916.103158451151103, 2359737.422961027827114 ], [ 545297.275597924832255, 2360658.246822376735508 ], [ 544216.231163791846484, 2360655.282057881355286 ], [ 543835.036136287380941, 2359734.484642468392849 ] ], [ [ 608120.837406640639529, 2366473.370085875503719 ], [ 607039.822664908599108, 2366466.225273406598717 ], [ 606659.02283334848471, 2365543.707828575745225 ], [ 607740.059699873090722, 2365550.824455627705902 ], [ 608120.837406640639529, 2366473.370085875503719 ] ], [ [ 625037.026292551541701, 2365674.455231909174472 ], [ 625417.451195528847165, 2366597.455631319433451 ], [ 624336.390933820046484, 2366589.161534696351737 ], [ 623955.94404616067186, 2365666.18976821238175 ], [ 621793.788631265982985, 2365649.874271422624588 ], [ 621413.440291587845422, 2364726.992904251907021 ], [ 623575.639689033268951, 2364743.251279831398278 ], [ 623195.477864939952269, 2363820.346036689355969 ], [ 624276.604061252786778, 2363828.554325502365828 ], [ 624656.743913625134155, 2364751.488140929955989 ], [ 625737.851190772955306, 2364759.796785776503384 ], [ 626118.111600205884315, 2365682.792507355567068 ], [ 625037.026292551541701, 2365674.455231909174472 ] ], [ [ 619251.252786600962281, 2364711.021649883128703 ], [ 618110.931078910711221, 2361942.747189064044505 ], [ 619192.089358490775339, 2361950.611636536661536 ], [ 618812.28923933475744, 2361027.891208564396948 ], [ 619893.472417794284411, 2361035.798953788820654 ], [ 619134.343806809163652, 2359190.400430815294385 ], [ 621296.806827377178706, 2359206.317351173143834 ], [ 622055.847615836071782, 2361051.829450452700257 ], [ 620974.658534460701048, 2361043.778367377351969 ], [ 621734.31342346733436, 2362889.365985722281039 ], [ 620653.171252710977569, 2362881.329690954647958 ], [ 621413.440291587845422, 2364726.992904251907021 ], [ 619251.252786600962281, 2364711.021649883128703 ] ], [ [ 631903.878161572269164, 2366648.72888741735369 ], [ 630822.799083008314483, 2366640.003734418191016 ], [ 630442.483972932095639, 2365716.859750252682716 ], [ 631523.584984014974907, 2365725.556102249305695 ], [ 631903.878161572269164, 2366648.72888741735369 ] ], [ [ 561257.505733770201914, 2365309.627896588761359 ], [ 560875.911544237635098, 2364388.300582856871188 ], [ 561956.884021067875437, 2364392.375641759485006 ], [ 562338.455717481672764, 2365313.729940684046596 ], [ 561257.505733770201914, 2365309.627896588761359 ] ], [ [ 558713.971035838359967, 2364380.36566238803789 ], [ 558332.474754061317071, 2363459.123665610328317 ], [ 559413.466780969407409, 2363463.028360362630337 ], [ 559032.135921155102551, 2362541.790892233606428 ], [ 560113.1518923654221, 2362545.740394262596965 ], [ 560875.911544237635098, 2364388.300582856871188 ], [ 558713.971035838359967, 2364380.36566238803789 ] ], [ [ 564118.833552336785942, 2364400.740959767717868 ], [ 563356.208746811375022, 2362558.018965169321746 ], [ 564437.230766832944937, 2362562.255178997758776 ], [ 565199.810659714974463, 2364405.031220050062984 ], [ 564118.833552336785942, 2364400.740959767717868 ] ], [ [ 562275.188278713030741, 2362553.854430159088224 ], [ 561894.067759852507152, 2361632.567674298305064 ], [ 559731.986435061902739, 2361624.507455410435796 ], [ 559350.963893537409604, 2360703.305910909082741 ], [ 561513.090143849141896, 2360711.312373116612434 ], [ 561132.255433218088001, 2359790.088494655676186 ], [ 562213.343248922727071, 2359794.172269651666284 ], [ 561832.673882458591834, 2358872.952922270167619 ], [ 563994.898960326681845, 2358881.281456558499485 ], [ 564375.523481319891289, 2359802.55460668541491 ], [ 566537.710025028209202, 2359811.223330390639603 ], [ 566918.432612211676314, 2360732.581935887690634 ], [ 563675.222423636820167, 2360719.605326065793633 ], [ 564056.155150266713463, 2361640.914495025295764 ], [ 562975.110683612292632, 2361636.705259142443538 ], [ 563356.208746811375022, 2362558.018965169321746 ], [ 562275.188278713030741, 2362553.854430159088224 ] ], [ [ 562656.451697916956618, 2363475.172672679182142 ], [ 561575.455226421239786, 2363471.052863332442939 ], [ 561194.169336059014313, 2362549.761573382653296 ], [ 562275.188278713030741, 2362553.854430159088224 ], [ 562656.451697916956618, 2363475.172672679182142 ] ], [ [ 609521.550503666279837, 2364642.703892903402448 ], [ 608440.486234540818259, 2364635.471887140534818 ], [ 608060.015888701658696, 2363712.963718305341899 ], [ 609141.102252075448632, 2363720.167543354909867 ], [ 609521.550503666279837, 2364642.703892903402448 ] ], [ [ 524822.299181807087734, 2363373.640876701567322 ], [ 523741.339738227892667, 2363372.030484518967569 ], [ 523359.261619491095189, 2362451.665063513908535 ], [ 524440.24385413818527, 2362453.249473004136235 ], [ 524822.299181807087734, 2363373.640876701567322 ] ], [ [ 613786.326635056990199, 2361912.006329458206892 ], [ 615948.623175083426759, 2361927.233375383540988 ], [ 616328.631861395086162, 2362849.901744003873318 ], [ 615247.50420404272154, 2362842.2240597656928 ], [ 615627.677493627998047, 2363764.897080189082772 ], [ 614546.574694607057609, 2363757.262796621769667 ], [ 613786.326635056990199, 2361912.006329458206892 ] ], [ [ 552546.069533044821583, 2362519.59906854853034 ], [ 551465.063127732952125, 2362516.151291157584637 ], [ 551083.717554264352657, 2361595.132509902119637 ], [ 552164.746505866758525, 2361598.553614717442542 ], [ 552546.069533044821583, 2362519.59906854853034 ] ], [ [ 595787.663473254651763, 2362716.288663831539452 ], [ 594706.584927407442592, 2362709.973463925532997 ], [ 594326.134173210011795, 2361787.866103585343808 ], [ 595407.234906284254976, 2361794.153518288396299 ], [ 595787.663473254651763, 2362716.288663831539452 ] ], [ [ 526919.649559437995777, 2360617.585185320582241 ], [ 528000.679836518946104, 2360619.40415629837662 ], [ 527619.144889768445864, 2359699.000106433872133 ], [ 528700.198578564915806, 2359700.864656529389322 ], [ 529463.366119975922629, 2361541.755336462520063 ], [ 527301.350352957029827, 2361537.993690965231508 ], [ 526919.649559437995777, 2360617.585185320582241 ] ], [ [ 623838.686994613613933, 2360145.317108971998096 ], [ 624919.907057511154562, 2360153.554700190201402 ], [ 625299.432913241442293, 2361076.412727987859398 ], [ 627461.838420943240635, 2361093.159948165994138 ], [ 627841.462956616189331, 2362016.108339632861316 ], [ 624597.925092887948267, 2361991.009324808605015 ], [ 623838.686994613613933, 2360145.317108971998096 ] ], [ [ 641897.128656905842945, 2362132.328425568062812 ], [ 640815.903483583591878, 2362122.958130246028304 ], [ 640436.541281542275101, 2361199.664431848563254 ], [ 641517.78825984033756, 2361209.005769320763648 ], [ 641897.128656905842945, 2362132.328425568062812 ] ], [ [ 552483.60462165356148, 2359759.995665289461613 ], [ 552864.619200050132349, 2360681.0054244636558 ], [ 549621.46469925402198, 2360670.822036818601191 ], [ 549240.382520725950599, 2359749.892114522401243 ], [ 550321.45531218580436, 2359753.188374903518707 ], [ 549179.134249002789147, 2356990.505264356266707 ], [ 548097.993868884397671, 2356987.288576985709369 ], [ 547717.483621245133691, 2356066.48270185245201 ], [ 548798.646517997956835, 2356069.672925058286637 ], [ 548418.301769551122561, 2355148.871548376977444 ], [ 550580.676173544954509, 2355155.41348023712635 ], [ 550200.519390309695154, 2354234.590143227484077 ], [ 552362.943701804499142, 2354241.364880829118192 ], [ 553123.310339897871017, 2356083.148610450793058 ], [ 552042.142496147076599, 2356079.672469278797507 ], [ 552422.562731803394854, 2357000.584367456380278 ], [ 551341.41865394753404, 2356997.153159123845398 ], [ 550960.975928927771747, 2356076.267808307427913 ], [ 549879.810611719149165, 2356072.934627056587487 ], [ 551402.52933699672576, 2359756.556225001811981 ], [ 552483.60462165356148, 2359759.995665289461613 ] ], [ [ 555285.649963071104139, 2356090.315335364546627 ], [ 555666.002785088960081, 2357011.307042076718062 ], [ 553503.708095269743353, 2357004.087083728983998 ], [ 553123.310339897871017, 2356083.148610450793058 ], [ 555285.649963071104139, 2356090.315335364546627 ] ], [ [ 554525.373152915388346, 2354248.425319277215749 ], [ 555606.589872158598155, 2354252.062677554320544 ], [ 556366.821795536787249, 2356094.005920115392655 ], [ 555285.649963071104139, 2356090.315335364546627 ], [ 554525.373152915388346, 2354248.425319277215749 ] ], [ [ 556107.785359716392122, 2360691.833377921488136 ], [ 555026.728633577702567, 2360688.152440847828984 ], [ 554645.759076509275474, 2359767.089318382553756 ], [ 555726.838299700990319, 2359770.743532186374068 ], [ 556107.785359716392122, 2360691.833377921488136 ] ], [ [ 601133.726055366569199, 2359988.875973721500486 ], [ 602214.887939033797011, 2359995.609249595552683 ], [ 602594.876126401126385, 2360917.874500760808587 ], [ 601513.736355122062378, 2360911.113304799888283 ], [ 601133.726055366569199, 2359988.875973721500486 ] ], [ [ 600052.566650575492531, 2359982.214320742990822 ], [ 599672.676904674386606, 2359060.037358725443482 ], [ 600753.858424204750918, 2359066.671149733010679 ], [ 601133.726055366569199, 2359988.875973721500486 ], [ 600052.566650575492531, 2359982.214320742990822 ] ], [ [ 601835.042413785704412, 2359073.37653572531417 ], [ 602916.228899924550205, 2359080.153517646715045 ], [ 603296.052328078891151, 2360002.414149313699454 ], [ 602214.887939033797011, 2359995.609249595552683 ], [ 601835.042413785704412, 2359073.37653572531417 ] ], [ [ 632053.801821453729644, 2356530.020227300003171 ], [ 630972.469149212236516, 2356521.324056671001017 ], [ 630593.808977161883377, 2355598.432285439223051 ], [ 632756.521205490687862, 2355615.838982099667192 ], [ 633135.137733176816255, 2356538.787941552232951 ], [ 634216.476910914178006, 2356547.627200663555413 ], [ 633837.882192431134172, 2355624.649605066049844 ], [ 636000.614044570596889, 2355642.485406477469951 ], [ 636379.165170576656237, 2356565.520358454436064 ], [ 635297.819381203968078, 2356556.538005880080163 ], [ 636055.392608630354516, 2358402.650678483303636 ], [ 637136.694794697454199, 2358411.690506119281054 ], [ 637515.673287834273651, 2359334.825767516158521 ], [ 636434.392913154093549, 2359325.757156995590776 ], [ 637192.820891368435696, 2361172.070562841370702 ], [ 636111.587521195644513, 2361163.015983325429261 ], [ 635353.115883470629342, 2359316.760177943855524 ], [ 633190.57175303157419, 2359298.981109187472612 ], [ 632811.505962503375486, 2358375.960811113007367 ], [ 630648.931193249416538, 2358358.525566643103957 ], [ 630269.964194266707636, 2357435.595869973767549 ], [ 632432.582651148200966, 2357452.973861420992762 ], [ 632053.801821453729644, 2356530.020227300003171 ] ], [ [ 637894.794231704436243, 2360257.994531139265746 ], [ 638976.056168657494709, 2360267.163615588564426 ], [ 639355.297745035379194, 2361190.394785813055933 ], [ 638274.057623812928796, 2361181.196829908993095 ], [ 637894.794231704436243, 2360257.994531139265746 ] ], [ [ 638596.9570340316277, 2359343.966010782402009 ], [ 639678.244178262539208, 2359353.177888080477715 ], [ 640057.321512271184474, 2360276.404362119268626 ], [ 638976.056168657494709, 2360267.163615588564426 ], [ 638596.9570340316277, 2359343.966010782402009 ] ], [ [ 598971.409698157804087, 2359975.624289723113179 ], [ 596809.103044419782236, 2359962.659089856315404 ], [ 596429.146901289350353, 2359040.565546320751309 ], [ 598591.497828685911372, 2359053.475161768496037 ], [ 598971.409698157804087, 2359975.624289723113179 ] ], [ [ 607620.735468169557862, 2360030.350005939602852 ], [ 606539.560792552772909, 2360023.25860116397962 ], [ 605780.189051798544824, 2358178.602121625095606 ], [ 606861.40784468210768, 2358185.637497609015554 ], [ 607620.735468169557862, 2360030.350005939602852 ] ], [ [ 609783.092759626568295, 2360044.747702706139535 ], [ 608701.91278169315774, 2360037.513039451092482 ], [ 607942.629257888067514, 2358192.744446462485939 ], [ 609023.853317930945195, 2358199.922969184350222 ], [ 608265.184363364125602, 2356355.228970566764474 ], [ 610427.72858977119904, 2356369.688534489832819 ], [ 611565.813846515258774, 2359136.946943083312362 ], [ 609403.401729134726338, 2359122.318977824877948 ], [ 609783.092759626568295, 2360044.747702706139535 ] ], [ [ 615890.671115300850943, 2359167.062140592839569 ], [ 616270.230064204195514, 2360089.659964609425515 ], [ 615189.033543174853548, 2360081.995501146186143 ], [ 614809.452602570876479, 2359159.425930209457874 ], [ 613728.236904537538067, 2359151.861327872145921 ], [ 613348.776556855533272, 2358229.352819131687284 ], [ 614430.014248861232772, 2358236.889226563740522 ], [ 614050.718484541052021, 2357314.385357613675296 ], [ 615131.980961231631227, 2357321.965152467601001 ], [ 615511.25474681169726, 2358244.497214080300182 ], [ 616592.49807722796686, 2358252.176782755181193 ], [ 616971.892469241400249, 2359174.769960095174611 ], [ 615890.671115300850943, 2359167.062140592839569 ] ], [ [ 612267.541644277749583, 2358221.887990723364055 ], [ 611509.004752988927066, 2356377.025597501546144 ], [ 612590.283651588833891, 2356384.434182588942349 ], [ 613348.776556855533272, 2358229.352819131687284 ], [ 612267.541644277749583, 2358221.887990723364055 ] ], [ [ 612211.251098992768675, 2355462.023989712353796 ], [ 613292.554734037490562, 2355469.475993567612022 ], [ 612913.686752836103551, 2354547.070433420594782 ], [ 613995.01512686710339, 2354554.565831347368658 ], [ 614752.849761052057147, 2356399.46592317102477 ], [ 612590.283651588833891, 2356384.434182588942349 ], [ 612211.251098992768675, 2355462.023989712353796 ] ], [ [ 629244.81819440133404, 2360187.221537644974887 ], [ 628163.585724365198985, 2360178.697355033364147 ], [ 627784.268108214484528, 2359255.786900538019836 ], [ 628865.522465381072834, 2359264.282494222745299 ], [ 629244.81819440133404, 2360187.221537644974887 ] ], [ [ 545616.164419229957275, 2358819.613501119893044 ], [ 544535.073723750771023, 2358816.630038604140282 ], [ 543773.443878759513609, 2356975.136883804108948 ], [ 544854.579699766938575, 2356978.067549520172179 ], [ 545616.164419229957275, 2358819.613501119893044 ] ], [ [ 553183.832082575419918, 2358842.501449176110327 ], [ 552102.733002826105803, 2358839.017055862117559 ], [ 551722.004346085130237, 2357918.069564395584166 ], [ 552803.125928118010052, 2357921.527350170537829 ], [ 553183.832082575419918, 2358842.501449176110327 ] ], [ [ 556427.137250432628207, 2358853.384011674206704 ], [ 555346.034179874346592, 2358849.684926576446742 ], [ 554965.373002756154165, 2357928.657529261894524 ], [ 556046.498548380215652, 2357932.329923580866307 ], [ 556427.137250432628207, 2358853.384011674206704 ] ], [ [ 592805.758270423044451, 2358099.759943020064384 ], [ 591724.571128771291114, 2358093.654927841387689 ], [ 590965.195159801631235, 2356249.850545874796808 ], [ 592046.426622452796437, 2356255.900378477759659 ], [ 592805.758270423044451, 2358099.759943020064384 ] ], [ [ 594968.139407097594813, 2358112.184656576253474 ], [ 593886.947687693638727, 2358105.936518975533545 ], [ 593507.232657876214944, 2357183.96300306590274 ], [ 594588.446523289545439, 2357190.183478540275246 ], [ 594968.139407097594813, 2358112.184656576253474 ] ], [ [ 600374.133464136859402, 2358144.498800406232476 ], [ 599292.929836341645569, 2358137.892841179855168 ], [ 598913.325448075309396, 2357215.78073571389541 ], [ 599994.551177661982365, 2357222.358893334399909 ], [ 600374.133464136859402, 2358144.498800406232476 ] ], [ [ 639299.309282006928697, 2358429.984976785257459 ], [ 638218.000343648483977, 2358420.801938458811492 ], [ 637839.186099998885766, 2357497.671365711372346 ], [ 638920.516825995291583, 2357506.825595308560878 ], [ 639299.309282006928697, 2358429.984976785257459 ] ], [ [ 643624.579459995613433, 2358467.433215973433107 ], [ 642543.256698766024783, 2358457.963740665931255 ], [ 642164.529553966829553, 2357534.717764699365944 ], [ 643245.874068386270665, 2357544.15831906022504 ], [ 643624.579459995613433, 2358467.433215973433107 ] ], [ [ 528957.120485692052171, 2355102.854964906815439 ], [ 532200.630537672201172, 2355108.916842577513307 ], [ 532581.313897060113959, 2356029.324616956990212 ], [ 530419.018420434673317, 2356025.159910600166768 ], [ 530799.890175980050117, 2356945.54612714285031 ], [ 529718.766242270823568, 2356943.544989550951868 ], [ 528957.120485692052171, 2355102.854964906815439 ] ], [ [ 602157.010020547080785, 2357235.729827012866735 ], [ 601777.614574315492064, 2356313.566703200805932 ], [ 603940.127567865070887, 2356327.168062826152891 ], [ 604319.478885200223885, 2357249.386924904771149 ], [ 602157.010020547080785, 2357235.729827012866735 ] ], [ [ 600696.361835745396093, 2356306.873293570708483 ], [ 600317.086983957211487, 2355384.770404691807926 ], [ 601398.361793719464913, 2355391.436017209663987 ], [ 601777.614574315492064, 2356313.566703200805932 ], [ 600696.361835745396093, 2356306.873293570708483 ] ], [ [ 617996.720103861414827, 2356422.549976019188762 ], [ 617617.79733645892702, 2355499.998981811571866 ], [ 619780.435846519656479, 2355515.689474711194634 ], [ 620159.314760995330289, 2356438.296985210385174 ], [ 619078.01597188168671, 2356430.387715819757432 ], [ 619457.059370429604314, 2357352.999874660745263 ], [ 617294.514412296004593, 2357337.339402838144451 ], [ 616915.427130403695628, 2356414.783764704596251 ], [ 617996.720103861414827, 2356422.549976019188762 ] ], [ [ 615455.170369726838544, 2355484.594490989577025 ], [ 615076.346298377262428, 2354562.132698594592512 ], [ 617239.01713999256026, 2354577.480845328420401 ], [ 617617.79733645892702, 2355499.998981811571866 ], [ 615455.170369726838544, 2355484.594490989577025 ] ], [ [ 622700.898847571923397, 2357377.027266959194094 ], [ 621619.616047831485048, 2357368.946576756890863 ], [ 621240.616497732000425, 2356446.277785305865109 ], [ 622321.921208626939915, 2356454.330117231234908 ], [ 622700.898847571923397, 2357377.027266959194094 ] ], [ [ 540149.374631375307217, 2356046.152509138453752 ], [ 539068.220355638652109, 2356043.534100947435945 ], [ 538687.672687469865195, 2355122.969633472617716 ], [ 539768.849546357989311, 2355125.561829241458327 ], [ 540149.374631375307217, 2356046.152509138453752 ] ], [ [ 527875.951924556400627, 2355100.977228558622301 ], [ 526794.784047308028676, 2355099.170936531387269 ], [ 526414.130473677301779, 2354178.923309039790183 ], [ 527495.321028566453606, 2354180.703723089303821 ], [ 527875.951924556400627, 2355100.977228558622301 ] ], [ [ 531760.589994813781232, 2351429.649866337422282 ], [ 535004.38092939555645, 2351436.256771584041417 ], [ 536144.871984790195711, 2354197.518058647867292 ], [ 533982.479454783140682, 2354192.885966860223562 ], [ 534362.974478053627536, 2355113.315321083180606 ], [ 533281.802099606720731, 2355111.080358957406133 ], [ 531760.589994813781232, 2351429.649866337422282 ] ], [ [ 544093.567003812757321, 2355136.645093954633921 ], [ 541931.206217654747888, 2355130.960564505308867 ], [ 541550.869295350159518, 2354210.34812736324966 ], [ 543713.275170947308652, 2354215.980098136235029 ], [ 544093.567003812757321, 2355136.645093954633921 ] ], [ [ 561392.626893269713037, 2355192.41033824859187 ], [ 561012.694466549437493, 2354271.320880269631743 ], [ 564256.374976917286403, 2354283.732950669713318 ], [ 564636.240272984141484, 2355204.902786274440587 ], [ 561392.626893269713037, 2355192.41033824859187 ] ], [ [ 557769.027430679881945, 2354259.551674777641892 ], [ 557009.456944216508418, 2352417.626491618808359 ], [ 559171.989768161671236, 2352425.294598810840398 ], [ 559551.658754316391423, 2353346.294891924597323 ], [ 560632.904949862509966, 2353350.262682159431279 ], [ 561012.694466549437493, 2354271.320880269631743 ], [ 557769.027430679881945, 2354259.551674777641892 ] ], [ [ 591287.665870091761462, 2354412.169480119366199 ], [ 593450.224132602917962, 2354424.37336988421157 ], [ 593829.488883545505814, 2355346.277867460623384 ], [ 591666.974883074406534, 2355334.018862141761929 ], [ 591287.665870091761462, 2354412.169480119366199 ] ], [ [ 593071.102097614086233, 2353502.501034633722156 ], [ 595233.713746692868881, 2353514.935561477672309 ], [ 595612.791568015934899, 2354436.863063591066748 ], [ 593450.224132602917962, 2354424.37336988421157 ], [ 593071.102097614086233, 2353502.501034633722156 ] ], [ [ 594475.986223022104241, 2351671.177096002269536 ], [ 591231.939579940168187, 2351652.797586951870471 ], [ 590853.223607075982727, 2350731.048996948171407 ], [ 594097.336525663617067, 2350749.346068259328604 ], [ 593718.829541278188117, 2349827.547134299296886 ], [ 595881.62712381046731, 2349840.046848617494106 ], [ 596260.089981718687341, 2350761.900820364244282 ], [ 595178.712084950995632, 2350755.587773272767663 ], [ 595936.110035402234644, 2352599.337054782081395 ], [ 598098.779936514678411, 2352612.14485943922773 ], [ 598477.648817598354071, 2353534.123040399514139 ], [ 595233.713746692868881, 2353514.935561477672309 ], [ 594475.986223022104241, 2351671.177096002269536 ] ], [ [ 604642.201256006490439, 2355411.861769926268607 ], [ 603560.918903212063015, 2355404.981698873452842 ], [ 603181.852893730043434, 2354482.827800662256777 ], [ 604263.157284810440615, 2354489.680020998697728 ], [ 604642.201256006490439, 2355411.861769926268607 ] ], [ [ 620861.759496638784185, 2355523.64197469688952 ], [ 620483.045047035091557, 2354601.039112314581871 ], [ 621564.393560783937573, 2354609.034818226937205 ], [ 621943.086112201912329, 2355531.66597852949053 ], [ 620861.759496638784185, 2355523.64197469688952 ] ], [ [ 618320.356863182620145, 2354585.262126975692809 ], [ 617941.741158009739593, 2353662.748631830327213 ], [ 620104.473151413607411, 2353678.469165571499616 ], [ 620483.045047035091557, 2354601.039112314581871 ], [ 618320.356863182620145, 2354585.262126975692809 ] ], [ [ 640326.118005006108433, 2355679.015266598202288 ], [ 639947.79639512556605, 2354755.898757010698318 ], [ 641029.202669076854363, 2354765.181230914313346 ], [ 640651.045232236734591, 2353842.069408070296049 ], [ 641732.476694497978315, 2353851.394580885302275 ], [ 641354.483411587658338, 2352928.287444271147251 ], [ 642435.940065012546256, 2352937.655291386414319 ], [ 643192.02562678582035, 2354783.960677014663815 ], [ 642110.612404113519005, 2354774.535203809849918 ], [ 642488.890537959290668, 2355697.709345892537385 ], [ 640326.118005006108433, 2355679.015266598202288 ] ], [ [ 639569.617222458007745, 2353832.815706194378436 ], [ 639191.580489481566474, 2352909.766081328503788 ], [ 638110.134167683543637, 2352900.612562891561538 ], [ 637732.21814542892389, 2351977.625014826189727 ], [ 639895.157660643919371, 2351995.946097963489592 ], [ 640651.045232236734591, 2353842.069408070296049 ], [ 639569.617222458007745, 2353832.815706194378436 ] ], [ [ 638488.192638608510606, 2353823.63347395369783 ], [ 637406.771454132860526, 2353814.5227100555785 ], [ 637028.691236641956493, 2352891.530484753195196 ], [ 638110.134167683543637, 2352900.612562891561538 ], [ 638488.192638608510606, 2353823.63347395369783 ] ], [ [ 529657.704188918694854, 2354184.478801448829472 ], [ 528576.512258135830052, 2354182.555553805548698 ], [ 528196.047134441672824, 2353262.286501673981547 ], [ 529277.261718000285327, 2353264.183846030849963 ], [ 529657.704188918694854, 2354184.478801448829472 ] ], [ [ 606046.916486564325169, 2353581.393832833506167 ], [ 606425.773769345367327, 2354503.598843192216009 ], [ 605344.464234501472674, 2354496.603701516985893 ], [ 604208.254287614254281, 2351730.169651247095317 ], [ 606371.007989038946107, 2351744.064235038589686 ], [ 607128.250638524070382, 2353588.432532291859388 ], [ 606046.916486564325169, 2353581.393832833506167 ] ], [ [ 608209.587419934570789, 2353595.54266695631668 ], [ 608588.400700645288453, 2354517.803513964172453 ], [ 607507.085915878182277, 2354510.665447009261698 ], [ 607128.250638524070382, 2353588.432532291859388 ], [ 608209.587419934570789, 2353595.54266695631668 ] ], [ [ 633459.429947605822235, 2354701.705319885164499 ], [ 632378.047157950815745, 2354692.923302870709449 ], [ 631621.52651326963678, 2352847.191654124297202 ], [ 632702.952888890169561, 2352855.916549757588655 ], [ 633459.429947605822235, 2354701.705319885164499 ] ], [ [ 634162.528031430905685, 2353787.619215625803918 ], [ 635243.939177096937783, 2353796.515582159627229 ], [ 635622.205379246501252, 2354719.483825308736414 ], [ 634540.816012523835525, 2354710.558826948981732 ], [ 634162.528031430905685, 2353787.619215625803918 ] ], [ [ 634487.834172243252397, 2351950.678978901356459 ], [ 635569.292158771189861, 2351959.589580736123025 ], [ 636325.353642479749396, 2353805.483413215260953 ], [ 635243.939177096937783, 2353796.515582159627229 ], [ 634487.834172243252397, 2351950.678978901356459 ] ], [ [ 633406.379488162696362, 2351941.839785528834909 ], [ 633028.518930956604891, 2351018.999901340343058 ], [ 631947.045754648628645, 2351010.260628526099026 ], [ 631569.305915409931913, 2350087.48240456264466 ], [ 633732.299049877794459, 2350104.975334928371012 ], [ 634487.834172243252397, 2351950.678978901356459 ], [ 633406.379488162696362, 2351941.839785528834909 ] ], [ [ 542573.257763015222736, 2351454.169659721665084 ], [ 543333.126351516344585, 2353295.345881518907845 ], [ 539008.228489098139107, 2353284.472509788349271 ], [ 538628.132521895458922, 2352363.973807223606855 ], [ 537546.887952308868989, 2352361.460068568587303 ], [ 537166.912472106982023, 2351441.01805451605469 ], [ 540410.716696630464867, 2351448.695004773326218 ], [ 540030.951894844300114, 2350528.205255210399628 ], [ 542193.537998977466486, 2350533.62759152520448 ], [ 541813.961258436669596, 2349613.116176492534578 ], [ 542895.278350203763694, 2349615.908139772713184 ], [ 543654.529850864782929, 2351457.013994771521538 ], [ 542573.257763015222736, 2351454.169659721665084 ] ], [ [ 536085.64625775325112, 2351438.601744889747351 ], [ 535326.079346195794642, 2349597.861329013481736 ], [ 536407.390674088150263, 2349600.225599194411188 ], [ 537166.912472106982023, 2351441.01805451605469 ], [ 536085.64625775325112, 2351438.601744889747351 ] ], [ [ 533163.45926691184286, 2349593.346631206106395 ], [ 532783.845285431132652, 2348673.073968510143459 ], [ 534946.510486338753253, 2348677.536799762863666 ], [ 535326.079346195794642, 2349597.861329013481736 ], [ 533163.45926691184286, 2349593.346631206106395 ] ], [ [ 533543.216326102614403, 2350513.64967601466924 ], [ 532461.930102609447204, 2350511.473326039500535 ], [ 532082.150462397839874, 2349591.196202943101525 ], [ 533163.45926691184286, 2349593.346631206106395 ], [ 533543.216326102614403, 2350513.64967601466924 ] ], [ [ 567442.833977312431671, 2351537.638927424326539 ], [ 566361.532176094013266, 2351533.225025920663029 ], [ 566740.901801380096003, 2352454.381264034193009 ], [ 564578.347712451126426, 2352445.713910108897835 ], [ 564957.904878821107559, 2353366.847865434829146 ], [ 563876.652571487007663, 2353362.594465107657015 ], [ 563497.073059193906374, 2352441.487297770567238 ], [ 561334.52840236958582, 2352433.248199367430061 ], [ 560955.047079772339202, 2351512.225751054473221 ], [ 563117.636442549992353, 2351520.411416867282242 ], [ 562359.191906219581142, 2349678.353387328796089 ], [ 561277.851785704842769, 2349674.278251116164029 ], [ 560898.821541961748153, 2348753.322679199278355 ], [ 561980.183991541271098, 2348757.371175240259618 ], [ 561601.318982527824119, 2347836.420122681651264 ], [ 560519.934210351202637, 2347832.398236838169396 ], [ 559384.129713335540146, 2345069.811370750889182 ], [ 558302.679472241201438, 2345065.94028870202601 ], [ 557924.341508440556936, 2344145.166511040180922 ], [ 556842.870386047288775, 2344141.393016283400357 ], [ 556464.653045064071193, 2343220.676585327833891 ], [ 559709.137609959463589, 2343232.131145622115582 ], [ 560844.017691497923806, 2345994.611369538120925 ], [ 561925.448585119564086, 2345998.651306082494557 ], [ 562304.005474656936713, 2346919.566712592728436 ], [ 564466.827280942583457, 2346927.913371073082089 ], [ 564845.48248746083118, 2347848.913203088101 ], [ 565926.87347381899599, 2347853.220039471518248 ], [ 566305.649282513419166, 2348774.277810541447252 ], [ 568468.391595545574091, 2348783.158727245405316 ], [ 568847.265724888071418, 2349704.301363671198487 ], [ 567765.916015679831617, 2349699.798464704304934 ], [ 568144.955290916375816, 2350620.945635466836393 ], [ 567063.629536762135103, 2350616.487222761847079 ], [ 567442.833977312431671, 2351537.638927424326539 ] ], [ [ 561547.034602282452397, 2345077.766994130797684 ], [ 562628.489303315291181, 2345081.851536583155394 ], [ 563006.881000985275023, 2346002.762424423359334 ], [ 561925.448585119564086, 2345998.651306082494557 ], [ 561547.034602282452397, 2345077.766994130797684 ] ], [ [ 562250.24050836940296, 2344160.971741627901793 ], [ 563331.719018924399279, 2344165.100864949636161 ], [ 563709.945544175687246, 2345086.007233641576022 ], [ 562628.489303315291181, 2345081.851536583155394 ], [ 562250.24050836940296, 2344160.971741627901793 ] ], [ [ 565548.240547411609441, 2346932.193516129627824 ], [ 566629.655424869502895, 2346936.544872531667352 ], [ 567008.266080156201497, 2347857.598114980850369 ], [ 565926.87347381899599, 2347853.220039471518248 ], [ 565548.240547411609441, 2346932.193516129627824 ] ], [ [ 589069.253062645671889, 2351640.901414821855724 ], [ 590150.595214520464651, 2351646.813818061724305 ], [ 590529.476033320417628, 2352568.566990239545703 ], [ 591610.79828271176666, 2352574.578212691470981 ], [ 591989.79971289972309, 2353496.39090630132705 ], [ 589827.201690404792316, 2353484.384915509726852 ], [ 589069.253062645671889, 2351640.901414821855724 ] ], [ [ 600640.284239402739331, 2353547.271829294972122 ], [ 599558.965306684724055, 2353540.661720608361065 ], [ 599180.118486186605878, 2352618.655860802158713 ], [ 600261.459470667527057, 2352625.23826273996383 ], [ 600640.284239402739331, 2353547.271829294972122 ] ], [ [ 601342.802916510612704, 2352631.892066181171685 ], [ 602424.148850265075453, 2352638.617272062692791 ], [ 602802.929541919147596, 2353560.706335836090147 ], [ 601721.605642299749888, 2353553.953367390669882 ], [ 601342.802916510612704, 2352631.892066181171685 ] ], [ [ 602045.510821265401319, 2351716.560577038209885 ], [ 603126.881288334028795, 2351723.329425927717239 ], [ 603505.497298481408507, 2352645.413881331216544 ], [ 602424.148850265075453, 2352638.617272062692791 ], [ 602045.510821265401319, 2351716.560577038209885 ] ], [ [ 612534.961370994453318, 2353624.697577866725624 ], [ 611453.61380632314831, 2353617.301692258100957 ], [ 611075.009071232751012, 2352694.989522762130946 ], [ 612156.378590994281694, 2352702.357394445687532 ], [ 612534.961370994453318, 2353624.697577866725624 ] ], [ [ 549440.634750346303917, 2352393.036315775010735 ], [ 546196.872546019614674, 2352383.568210557103157 ], [ 545817.077268624329008, 2351462.916682023089379 ], [ 547979.629186121397652, 2351469.104728265665472 ], [ 547600.021856947685592, 2350548.43137860763818 ], [ 548681.322029143222608, 2350551.606072992086411 ], [ 549440.634750346303917, 2352393.036315775010735 ] ], [ [ 548301.880144357448444, 2349630.937216913793236 ], [ 549383.203956175246276, 2349634.156887453515083 ], [ 549762.623396837501787, 2350554.852080717217177 ], [ 548681.322029143222608, 2350551.606072992086411 ], [ 548301.880144357448444, 2349630.937216913793236 ] ], [ [ 577174.62789164786227, 2351580.574881067033857 ], [ 576093.310231133829802, 2351575.518803537357599 ], [ 576472.479367421241477, 2352496.917614162433892 ], [ 575391.185815965407528, 2352491.905828506220132 ], [ 574632.945888970047235, 2350649.193919695913792 ], [ 576795.623801179463044, 2350659.180623940657824 ], [ 577174.62789164786227, 2351580.574881067033857 ] ], [ [ 576416.762527265120298, 2349737.817979940678924 ], [ 577498.126508926972747, 2349742.891265145968646 ], [ 577876.965572955552489, 2350664.280968454200774 ], [ 576795.623801179463044, 2350659.180623940657824 ], [ 576416.762527265120298, 2349737.817979940678924 ] ], [ [ 626214.442575208726339, 2352804.638643315527588 ], [ 625133.03518971381709, 2352796.342326231300831 ], [ 624754.857716155936942, 2351873.696795844007283 ], [ 625836.286936896969564, 2351881.96476551098749 ], [ 626214.442575208726339, 2352804.638643315527588 ] ], [ [ 607452.388744300464168, 2351751.118595468811691 ], [ 607074.00335435802117, 2350828.955306264106184 ], [ 608155.408716487465426, 2350836.053177136462182 ], [ 608533.772138001862913, 2351758.244336243253201 ], [ 607452.388744300464168, 2351751.118595468811691 ] ], [ [ 604911.200492527917959, 2350814.973620775155723 ], [ 604154.769733323832043, 2348970.855505436193198 ], [ 603073.328210378997028, 2348964.027170898392797 ], [ 602695.304833948845044, 2348042.044320183806121 ], [ 603776.768332230625674, 2348048.844958771951497 ], [ 603021.19349949224852, 2346204.920726373326033 ], [ 604102.703461593948305, 2346211.737274005543441 ], [ 604480.397595307789743, 2347133.71092126192525 ], [ 606643.381342819542624, 2347147.613064363133162 ], [ 607021.17423440492712, 2348069.674478576984257 ], [ 605939.703005877905525, 2348062.660036995075643 ], [ 606317.660482659237459, 2348984.726059309672564 ], [ 605236.21381522458978, 2348977.755134582519531 ], [ 605614.335896458243951, 2349899.825765082146972 ], [ 606695.760599649162032, 2349906.824471643194556 ], [ 607074.00335435802117, 2350828.955306264106184 ], [ 604911.200492527917959, 2350814.973620775155723 ] ], [ [ 630162.034984988393262, 2351915.750643779989332 ], [ 629028.684822168434039, 2349147.586586463265121 ], [ 627947.177719507250004, 2349139.118212140630931 ], [ 627192.279917555395514, 2347293.897316862363368 ], [ 623947.646632919204421, 2347269.089706836268306 ], [ 623570.346167010022327, 2346346.613333568442613 ], [ 622488.786071012844332, 2346338.514816308859736 ], [ 622111.606352685019374, 2345416.099383638240397 ], [ 629682.744097280665301, 2345474.087346979416907 ], [ 630059.771468900726177, 2346396.700325401499867 ], [ 628978.192746808403172, 2346388.174405633471906 ], [ 629732.718478131573647, 2348233.442647252231836 ], [ 631895.792146819410846, 2348250.679180276114494 ], [ 632273.225257803336717, 2349173.419631341937929 ], [ 630110.19509505329188, 2349156.126280300319195 ], [ 631243.47992109938059, 2351924.375619198661298 ], [ 630162.034984988393262, 2351915.750643779989332 ] ], [ [ 622866.108333246666007, 2347260.963022687006742 ], [ 620703.040767167462036, 2347244.923426288645715 ], [ 621080.549202516325749, 2348167.348128856625408 ], [ 618917.537170024821535, 2348151.537356106564403 ], [ 619295.231836755992845, 2349073.938578969798982 ], [ 618213.752070057671517, 2349066.112027776427567 ], [ 617458.461602381663397, 2347221.398444563616067 ], [ 618539.985068183741532, 2347229.168851572554559 ], [ 618162.575533712748438, 2346306.833032977767289 ], [ 619244.123744223848917, 2346314.646638196893036 ], [ 618866.878604230820201, 2345392.315448220353574 ], [ 619948.45156214130111, 2345400.172226848080754 ], [ 620325.674886214663275, 2346322.531469749752432 ], [ 622488.786071012844332, 2346338.514816308859736 ], [ 622866.108333246666007, 2347260.963022687006742 ] ], [ [ 616376.941023588879034, 2347213.69928965670988 ], [ 615999.487800753558986, 2346291.419497141614556 ], [ 614917.948225116240792, 2346283.819564352743328 ], [ 614540.61573432944715, 2345361.600306435488164 ], [ 616703.74143013136927, 2345376.815484963357449 ], [ 617458.461602381663397, 2347221.398444563616067 ], [ 616376.941023588879034, 2347213.69928965670988 ] ], [ [ 616754.53682676400058, 2348136.011708027217537 ], [ 615673.040972137241624, 2348128.355802997015417 ], [ 616050.801223407383077, 2349050.672848393209279 ], [ 614969.330090300645679, 2349043.060218028258532 ], [ 614213.908420672174543, 2347198.514731819275767 ], [ 616376.941023588879034, 2347213.69928965670988 ], [ 616754.53682676400058, 2348136.011708027217537 ] ], [ [ 621030.027469425811432, 2345408.100204948801547 ], [ 620652.968505438533612, 2344485.745592442341149 ], [ 621734.569180735503323, 2344493.716692280955613 ], [ 622111.606352685019374, 2345416.099383638240397 ], [ 621030.027469425811432, 2345408.100204948801547 ] ], [ [ 617408.184176803217269, 2344462.25932417716831 ], [ 617031.202359318034723, 2343540.021369320806116 ], [ 620276.052096796687692, 2343563.42365887016058 ], [ 620652.968505438533612, 2344485.745592442341149 ], [ 617408.184176803217269, 2344462.25932417716831 ] ], [ [ 632222.938531994121149, 2346413.965879847761244 ], [ 632600.064939412754029, 2347336.668596033472568 ], [ 630436.9413390038535, 2347319.346287836320698 ], [ 630059.771468900726177, 2346396.700325401499867 ], [ 632222.938531994121149, 2346413.965879847761244 ] ], [ [ 545325.380784507375211, 2345025.037042473442852 ], [ 546406.815578979207203, 2345028.054329299833626 ], [ 547164.412423381814733, 2346869.115331671200693 ], [ 548245.803528776974417, 2346872.256170405540615 ], [ 548624.794019635184668, 2347792.858963801525533 ], [ 546462.057826535427012, 2347786.596021860837936 ], [ 547220.557518950896338, 2349627.788831992540509 ], [ 546139.236053392058238, 2349624.711732246447355 ], [ 546518.72285369085148, 2350545.327997119631618 ], [ 544356.128247780958191, 2350539.335171089973301 ], [ 543976.596495579113252, 2349618.771386554930359 ], [ 545057.915721121709794, 2349621.705917241517454 ], [ 544678.549456040957011, 2348701.146617995109409 ], [ 545759.892253246274777, 2348704.126208937726915 ], [ 544622.718878842541017, 2345942.553773782681674 ], [ 545704.130128957564011, 2345945.526046068407595 ], [ 545325.380784507375211, 2345025.037042473442852 ] ], [ [ 572470.275308166630566, 2350639.492523819673806 ], [ 572091.325105275493115, 2349718.237838882952929 ], [ 573172.681738202809356, 2349723.025925572495908 ], [ 573551.609695423161611, 2350644.307558556552976 ], [ 572470.275308166630566, 2350639.492523819673806 ] ], [ [ 571009.970243122777902, 2349713.521050110924989 ], [ 570631.140637006261386, 2348792.324716605711728 ], [ 571712.517747319303453, 2348797.014615139458328 ], [ 572091.325105275493115, 2349718.237838882952929 ], [ 571009.970243122777902, 2349713.521050110924989 ] ], [ [ 601991.889219819800928, 2348957.270130007527769 ], [ 602370.077246513566934, 2349879.257582519669086 ], [ 603451.494246459566057, 2349886.042321491986513 ], [ 603829.80293970007915, 2350808.089804189745337 ], [ 601667.015457406640053, 2350794.536218485794961 ], [ 600910.452735071186908, 2348950.584381809458137 ], [ 601991.889219819800928, 2348957.270130007527769 ] ], [ [ 599829.018729559378698, 2348943.969925364479423 ], [ 600207.250763888237998, 2349865.902065441478044 ], [ 599125.841228073230013, 2349859.331285454332829 ], [ 598369.475810913136229, 2348015.554413743782789 ], [ 599450.929374317172915, 2348022.06999504333362 ], [ 599072.982700649881735, 2347100.202242319006473 ], [ 596910.033974144374952, 2347087.297422431409359 ], [ 596154.480686414288357, 2345243.768302667886019 ], [ 597235.997851791791618, 2345250.130132748745382 ], [ 597613.681145966984332, 2346171.906132353935391 ], [ 599776.678702342440374, 2346184.89834488555789 ], [ 600910.452735071186908, 2348950.584381809458137 ], [ 599829.018729559378698, 2348943.969925364479423 ] ], [ [ 596481.05935245519504, 2343406.674255389720201 ], [ 592154.828742186189629, 2343381.873033084906638 ], [ 591777.485567036317661, 2342460.302430068608373 ], [ 595022.221025960869156, 2342478.714702914468944 ], [ 594268.094795397366397, 2340635.505316348746419 ], [ 595349.721863247803412, 2340641.730263778474182 ], [ 596103.804152265074663, 2342484.994313584174961 ], [ 598266.977524549351074, 2342497.766819800715894 ], [ 598644.188790205167606, 2343419.501598299480975 ], [ 597562.622871439554729, 2343413.05236512189731 ], [ 598317.517407984472811, 2345256.56314115319401 ], [ 597235.997851791791618, 2345250.130132748745382 ], [ 596481.05935245519504, 2343406.674255389720201 ] ], [ [ 589941.609458621474914, 2340611.315898180007935 ], [ 589564.672481179703027, 2339689.867881321813911 ], [ 593891.245750483940355, 2339713.948431205470115 ], [ 594268.094795397366397, 2340635.505316348746419 ], [ 589941.609458621474914, 2340611.315898180007935 ] ], [ [ 594972.894779384834692, 2339720.146091882139444 ], [ 596054.546146177337505, 2339726.414763575419784 ], [ 596431.351277811219916, 2340648.026250102557242 ], [ 595349.721863247803412, 2340641.730263778474182 ], [ 594972.894779384834692, 2339720.146091882139444 ] ], [ [ 597889.908948889584281, 2341576.064056433271617 ], [ 598971.521195663954131, 2341582.529523537959903 ], [ 599348.567823754507117, 2342504.259717148728669 ], [ 598266.977524549351074, 2342497.766819800715894 ], [ 597889.908948889584281, 2341576.064056433271617 ] ], [ [ 610318.227435989305377, 2350850.462980138603598 ], [ 609940.050540810218081, 2349928.248542251065373 ], [ 611021.485886958427727, 2349935.532552783377469 ], [ 611399.640846490161493, 2350857.774914298672229 ], [ 610318.227435989305377, 2350850.462980138603598 ] ], [ [ 608858.617895255447365, 2349921.03585922671482 ], [ 608480.561680425191298, 2348998.881799446418881 ], [ 609562.016263907426037, 2349006.06661685090512 ], [ 609940.050540810218081, 2349928.248542251065373 ], [ 608858.617895255447365, 2349921.03585922671482 ] ], [ [ 613562.475901809171773, 2350872.612853087950498 ], [ 612481.056992907891981, 2350865.158204935025424 ], [ 612102.923960268031806, 2349942.88789184903726 ], [ 613184.364787311758846, 2349950.314560485072434 ], [ 613562.475901809171773, 2350872.612853087950498 ] ], [ [ 627621.185190495336428, 2350976.017304732929915 ], [ 627243.358218232868239, 2350053.352733515202999 ], [ 628324.840387492906302, 2350061.778130591381341 ], [ 628702.64556350861676, 2350984.471072984859347 ], [ 627621.185190495336428, 2350976.017304732929915 ] ], [ [ 626161.879174706875347, 2350044.998681575991213 ], [ 625784.172918534372002, 2349122.395417274907231 ], [ 626865.673760488862172, 2349130.721156138461083 ], [ 627243.358218232868239, 2350053.352733515202999 ], [ 626161.879174706875347, 2350044.998681575991213 ] ], [ [ 622539.688829268445261, 2349097.846091822255403 ], [ 622162.059668680769391, 2348175.360439762938768 ], [ 625406.60918585001491, 2348199.825084186159074 ], [ 625784.172918534372002, 2349122.395417274907231 ], [ 622539.688829268445261, 2349097.846091822255403 ] ], [ [ 539651.330129480105825, 2349607.746098871808499 ], [ 537488.702896226313896, 2349602.661150666885078 ], [ 537109.179121371591464, 2348682.28464414877817 ], [ 539271.851403050706722, 2348687.317504342179745 ], [ 539651.330129480105825, 2349607.746098871808499 ] ], [ [ 550085.274949635728262, 2348716.757147321477532 ], [ 551166.623633457929827, 2348720.093027795664966 ], [ 551545.855245282989927, 2349640.810087213292718 ], [ 550464.528980963863432, 2349637.447844065260142 ], [ 550085.274949635728262, 2348716.757147321477532 ] ], [ [ 550787.534991970285773, 2347799.406828239094466 ], [ 551868.907336782780476, 2347802.78760754223913 ], [ 552247.973574304953218, 2348723.500167545396835 ], [ 551166.623633457929827, 2348720.093027795664966 ], [ 550787.534991970285773, 2347799.406828239094466 ] ], [ [ 553329.324798740912229, 2348726.978567051701248 ], [ 553708.511598763521761, 2349647.748435019515455 ], [ 552627.182775696273893, 2349644.243617369793355 ], [ 552247.973574304953218, 2348723.500167545396835 ], [ 553329.324798740912229, 2348726.978567051701248 ] ], [ [ 552950.280956121743657, 2347806.239618865773082 ], [ 554031.655876558390446, 2347809.762862696778029 ], [ 554410.67733333283104, 2348730.52822680445388 ], [ 553329.324798740912229, 2348726.978567051701248 ], [ 552950.280956121743657, 2347806.239618865773082 ] ], [ [ 556952.506089501781389, 2349658.690617915708572 ], [ 555871.173229104257189, 2349654.971934784203768 ], [ 555492.031204650644213, 2348734.149147303309292 ], [ 556573.386439259978943, 2348737.841329059097916 ], [ 556952.506089501781389, 2349658.690617915708572 ] ], [ [ 591556.04116704070475, 2349815.332673263270408 ], [ 590474.650366613990627, 2349809.332410569302738 ], [ 589717.932092858711258, 2347965.995120383333415 ], [ 590799.367062287637964, 2347971.94063053606078 ], [ 591556.04116704070475, 2349815.332673263270408 ] ], [ [ 543597.207756459596567, 2348698.238283659331501 ], [ 542515.867127936100587, 2348695.401205521076918 ], [ 542136.598927726969123, 2347774.924891516566277 ], [ 543217.962032935000025, 2347777.735830957069993 ], [ 543597.207756459596567, 2348698.238283659331501 ] ], [ [ 579606.769286857102998, 2346994.31586751434952 ], [ 582851.089980274904519, 2347010.361020816490054 ], [ 583229.367643653065898, 2347931.818386218976229 ], [ 581066.529472212539986, 2347920.996151532977819 ], [ 581444.994210087694228, 2348842.430939666926861 ], [ 580363.600286948261783, 2348837.09958511730656 ], [ 579606.769286857102998, 2346994.31586751434952 ] ], [ [ 586851.994371320703067, 2348870.15687548276037 ], [ 585770.59017776674591, 2348864.469130656681955 ], [ 585392.213995831552893, 2347942.925621721893549 ], [ 586473.640306139481254, 2347948.586116730235517 ], [ 586851.994371320703067, 2348870.15687548276037 ] ], [ [ 590421.244108766200952, 2347050.292531391605735 ], [ 590043.263891131733544, 2346128.676337691955268 ], [ 593287.714616094948724, 2346146.776174723636359 ], [ 592909.943269202834927, 2345225.109873443376273 ], [ 593991.45342171471566, 2345231.258173896931112 ], [ 594747.094775110017508, 2347074.677535363472998 ], [ 595828.563196985283867, 2347080.951862742658705 ], [ 596584.73132271040231, 2348924.554297272581607 ], [ 594421.884960486204363, 2348911.966987151652575 ], [ 594043.685464225593023, 2347990.204699528869241 ], [ 592962.243721392471343, 2347984.045419255737215 ], [ 592584.164890872896649, 2347062.342574000824243 ], [ 590421.244108766200952, 2347050.292531391605735 ] ], [ [ 611724.933532938943245, 2349020.65015139291063 ], [ 610643.473539220169187, 2349013.322733825072646 ], [ 610265.603805762366392, 2348091.145425097551197 ], [ 608102.64809284103103, 2348076.760189787484705 ], [ 607724.877134985057637, 2347154.670997974928468 ], [ 612050.887046730611473, 2347183.615169499535114 ], [ 612428.570357288117521, 2348105.815751033835113 ], [ 611347.085713408188894, 2348098.444951224140823 ], [ 611724.933532938943245, 2349020.65015139291063 ] ], [ [ 534567.084693786804564, 2347757.2426811857149 ], [ 533485.729127582511865, 2347755.00155626097694 ], [ 533106.423861546791159, 2346834.763704313430935 ], [ 534187.80197105568368, 2346836.978941975161433 ], [ 534567.084693786804564, 2347757.2426811857149 ] ], [ [ 552571.380073415115476, 2346885.531558913178742 ], [ 551489.984065641066991, 2346882.105905825272202 ], [ 551111.203763380646706, 2345961.455030888319016 ], [ 552192.622153123142198, 2345964.854355672840029 ], [ 552571.380073415115476, 2346885.531558913178742 ] ], [ [ 556896.977290703682229, 2346899.946223943028599 ], [ 554734.17599166254513, 2346892.596479892265052 ], [ 554355.462808136711828, 2345971.866536834742874 ], [ 556518.308807752444409, 2345979.163430097978562 ], [ 556896.977290703682229, 2346899.946223943028599 ] ], [ [ 569873.909988991101272, 2346950.02621599053964 ], [ 569117.250776580884121, 2345107.853058867156506 ], [ 568035.786437714239582, 2345103.341579794883728 ], [ 568414.066844460787252, 2346024.385763715021312 ], [ 567332.626418593339622, 2346019.918727497104555 ], [ 566954.323771631810814, 2345098.901258357334882 ], [ 565872.862751742010005, 2345094.532093927729875 ], [ 565116.641611856175587, 2343252.644045982975513 ], [ 566198.147110717836767, 2343256.959926194977015 ], [ 566576.164001507451758, 2344177.91500180400908 ], [ 568739.135464969556779, 2344186.813404827844352 ], [ 568361.163019745494239, 2343265.804991564247757 ], [ 569442.673483117716387, 2343270.334177969023585 ], [ 569064.866109635215253, 2342349.330293238628656 ], [ 570146.400474942405708, 2342353.903874575160444 ], [ 570524.185654532979243, 2343274.934467701241374 ], [ 571605.699560593580827, 2343279.605861409567297 ], [ 570850.316423234296963, 2341437.522469969000667 ], [ 574095.001798150129616, 2341451.80262051615864 ], [ 573717.590972159639932, 2340530.727597918361425 ], [ 574799.178510908270255, 2340535.602961678057909 ], [ 575931.773063380969688, 2343299.002489324659109 ], [ 574850.251952696125954, 2343294.046673026867211 ], [ 574472.555459158611484, 2342372.908968328032643 ], [ 572309.474409233429469, 2342363.264266445767134 ], [ 573065.098889569053426, 2344205.463781828060746 ], [ 569820.623719012597576, 2344191.369301741942763 ], [ 570198.716814823448658, 2345112.435696209780872 ], [ 572361.654095802572556, 2345121.81444829935208 ], [ 572739.845631363918073, 2346042.96576926857233 ], [ 571658.39831895113457, 2346038.213987478986382 ], [ 572036.75490732525941, 2346959.369846530724317 ], [ 569873.909988991101272, 2346950.02621599053964 ] ], [ [ 575228.091276271967217, 2344215.215766320005059 ], [ 575606.073427393333986, 2345136.416279931552708 ], [ 573443.125391724519432, 2345126.610564366914332 ], [ 573065.098889569053426, 2344205.463781828060746 ], [ 575228.091276271967217, 2344215.215766320005059 ] ], [ [ 576362.466202303185128, 2346978.911695164628327 ], [ 575281.035629817983136, 2346973.919407859444618 ], [ 574902.745647085946985, 2346052.682897654362023 ], [ 575984.198403567075729, 2346057.648245619609952 ], [ 576362.466202303185128, 2346978.911695164628327 ] ], [ [ 578525.333004240761511, 2346989.109924273565412 ], [ 577443.898651584167965, 2346983.975200398359448 ], [ 576687.550220326520503, 2345141.425880808848888 ], [ 577769.028898777673021, 2345146.506644688546658 ], [ 578525.333004240761511, 2346989.109924273565412 ] ], [ [ 583554.421487966668792, 2346094.399044939316809 ], [ 585717.360456179245375, 2346105.540019591338933 ], [ 586095.429000262869522, 2347027.047175420913845 ], [ 583932.534248542506248, 2347015.851848955731839 ], [ 583554.421487966668792, 2346094.399044939316809 ] ], [ [ 585339.434676384087652, 2345184.064617306459695 ], [ 586420.929396368213929, 2345189.714711821638048 ], [ 586798.833087719394825, 2346111.217301812488586 ], [ 585717.360456179245375, 2346105.540019591338933 ], [ 585339.434676384087652, 2345184.064617306459695 ] ], [ [ 606265.731089925626293, 2346225.5840057246387 ], [ 605184.21598287532106, 2346218.625033465214074 ], [ 604806.686441624769941, 2345296.655987840611488 ], [ 605888.22347821504809, 2345303.587270455434918 ], [ 606265.731089925626293, 2346225.5840057246387 ] ], [ [ 609837.120562915690243, 2344409.94890750059858 ], [ 610918.692762665916234, 2344417.208330088295043 ], [ 611295.948246939922683, 2345339.311491291038692 ], [ 612377.50130402657669, 2345346.66990405973047 ], [ 612754.877522560185753, 2346268.833363676909357 ], [ 610591.817907670512795, 2346254.13204251229763 ], [ 609837.120562915690243, 2344409.94890750059858 ] ], [ [ 552895.449236918590032, 2345047.652153349015862 ], [ 549651.126914604334161, 2345037.533073674421757 ], [ 549272.610179533483461, 2344116.969998630229384 ], [ 552516.999608947313391, 2344127.010272860527039 ], [ 552895.449236918590032, 2345047.652153349015862 ] ], [ [ 584257.942054669023491, 2345178.485691803041846 ], [ 583176.451504630269483, 2345172.977934524882585 ], [ 582420.939879622426815, 2343330.23066700482741 ], [ 583502.474622659850866, 2343335.684250114485621 ], [ 584257.942054669023491, 2345178.485691803041846 ] ], [ [ 590746.929790878086351, 2345213.026796070858836 ], [ 589665.426411876454949, 2345207.092017446644604 ], [ 588910.179678440792486, 2343364.018869477324188 ], [ 589991.727143952739425, 2343369.899139704182744 ], [ 590746.929790878086351, 2345213.026796070858836 ] ], [ [ 576635.643837591982447, 2342382.837985660415143 ], [ 577717.190841524861753, 2342387.909114363137633 ], [ 578472.593797789420933, 2344230.377253453247249 ], [ 577391.091062956955284, 2344225.252288749907166 ], [ 576635.643837591982447, 2342382.837985660415143 ] ], [ [ 576585.157511605648324, 2339624.442675982136279 ], [ 577666.772755820420571, 2339629.504272456746548 ], [ 578798.739757416304201, 2342393.05132404062897 ], [ 577717.190841524861753, 2342387.909114363137633 ], [ 576585.157511605648324, 2339624.442675982136279 ] ], [ [ 599725.757135360967368, 2343426.021955831442028 ], [ 600807.327933512278832, 2343432.613438636995852 ], [ 601184.637974424520507, 2344354.43527246452868 ], [ 600103.089128002058715, 2344347.816271619871259 ], [ 599725.757135360967368, 2343426.021955831442028 ] ], [ [ 600430.160567153128795, 2342510.823711873497814 ], [ 601511.755781358690001, 2342517.458804900757968 ], [ 601134.753022000775672, 2341595.67366711422801 ], [ 602216.372654799721204, 2341602.352345440071076 ], [ 602593.353492983849719, 2342524.164997165556997 ], [ 603674.953728645457886, 2342530.942289613652974 ], [ 604052.055312026292086, 2343452.814648040104657 ], [ 600807.327933512278832, 2343432.613438636995852 ], [ 600430.160567153128795, 2342510.823711873497814 ] ], [ [ 600053.135877827880904, 2341589.066060124896467 ], [ 599676.25386801653076, 2340667.340451376046985 ], [ 600757.892935672891326, 2340673.920602259691805 ], [ 601134.753022000775672, 2341595.67366711422801 ], [ 600053.135877827880904, 2341589.066060124896467 ] ], [ [ 600381.175524856545962, 2339752.199578326195478 ], [ 603626.173411609022878, 2339772.2838493604213 ], [ 603249.664357593283057, 2338850.512478104792535 ], [ 604331.357261587050743, 2338857.321762682404369 ], [ 603955.012737476383336, 2337935.55498008383438 ], [ 605036.730070389690809, 2337942.407750164158642 ], [ 606166.126004004967399, 2340707.887027094140649 ], [ 605084.474270912702195, 2340700.951649561990052 ], [ 605838.161878532147966, 2342544.710178890265524 ], [ 608001.380443931790069, 2342558.762480496428907 ], [ 608378.394439578405581, 2343480.745405262336135 ], [ 607296.805725412908942, 2343473.656018959823996 ], [ 607673.984240498393774, 2344395.643547105137259 ], [ 606592.420064620906487, 2344388.597607281059027 ], [ 606215.219650506041944, 2343466.637764646671712 ], [ 605133.636188246775419, 2343459.690641333349049 ], [ 604002.825124159338884, 2340694.087319274898618 ], [ 600757.892935672891326, 2340673.920602259691805 ], [ 600381.175524856545962, 2339752.199578326195478 ] ], [ [ 627470.851363603491336, 2342698.03311028983444 ], [ 628552.516998042352498, 2342706.445990967098624 ], [ 628929.116859374567866, 2343628.960212216712534 ], [ 630010.763946952181868, 2343637.472461527213454 ], [ 630387.484597997739911, 2344560.047842143569142 ], [ 622816.172849917202257, 2344501.758965860586613 ], [ 622439.300003683543764, 2343579.380906626116484 ], [ 627847.472943286411464, 2343620.519116790499538 ], [ 627470.851363603491336, 2342698.03311028983444 ] ], [ [ 628176.059645089088008, 2341783.964623904787004 ], [ 621685.981948227272369, 2341734.722875619772822 ], [ 621309.536743953241967, 2340812.442839212715626 ], [ 623472.927203225437552, 2340828.516321669332683 ], [ 623096.668026974191889, 2339906.212897174060345 ], [ 622014.949557607411407, 2339898.168636772315949 ], [ 621638.81119606574066, 2338975.925832522567362 ], [ 623802.294610561453737, 2338992.029396737460047 ], [ 623050.532394000561908, 2337147.52967327600345 ], [ 624132.322060325182974, 2337155.631982432678342 ], [ 624884.040876951417886, 2339000.187693899963051 ], [ 625965.790218289243057, 2339008.417002629954368 ], [ 626341.841723662102595, 2339930.77190649183467 ], [ 627423.572474205051549, 2339939.100322817452252 ], [ 627047.542661216808483, 2339016.717324088793248 ], [ 629211.056958416476846, 2339033.531009883154184 ], [ 630715.857782055740245, 2342723.485131167806685 ], [ 628552.516998042352498, 2342706.445990967098624 ], [ 628176.059645089088008, 2341783.964623904787004 ] ], [ [ 620227.84600626595784, 2340804.512692999094725 ], [ 619851.521603355417028, 2339882.293223202228546 ], [ 620933.23409194580745, 2339890.195412489585578 ], [ 621309.536743953241967, 2340812.442839212715626 ], [ 620227.84600626595784, 2340804.512692999094725 ] ], [ [ 621968.745758645236492, 2337139.498318578116596 ], [ 621593.056764243869111, 2336217.325249916873872 ], [ 622674.865098498994485, 2336225.328683448024094 ], [ 623050.532394000561908, 2337147.52967327600345 ], [ 621968.745758645236492, 2337139.498318578116596 ] ], [ [ 622344.577302214689553, 2338061.70392786944285 ], [ 618017.547445809934288, 2338030.176506598945707 ], [ 617265.853117058402859, 2336186.020758196245879 ], [ 618347.649628696264699, 2336193.740496983751655 ], [ 618723.403771870653145, 2337115.829969963058829 ], [ 619805.181474231882021, 2337123.648468039464206 ], [ 619429.44905599905178, 2336201.531157798599452 ], [ 620511.251425629830919, 2336209.39274174021557 ], [ 620886.962127606500871, 2337131.537917206995189 ], [ 621968.745758645236492, 2337139.498318578116596 ], [ 622344.577302214689553, 2338061.70392786944285 ] ], [ [ 618393.608470408827998, 2338952.303044515661895 ], [ 617311.880094250198454, 2338944.570792945567518 ], [ 616935.797314338618889, 2338022.472096169833094 ], [ 618017.547445809934288, 2338030.176506598945707 ], [ 618393.608470408827998, 2338952.303044515661895 ] ], [ [ 612608.825319598196074, 2337992.364201406016946 ], [ 612232.798036454129033, 2337070.408893351443112 ], [ 613314.558592427056283, 2337077.801707691978663 ], [ 612938.695694040972739, 2336155.851001692470163 ], [ 615102.268734157783911, 2336170.79404235817492 ], [ 615478.088104337104596, 2337092.800171298906207 ], [ 616559.857113573467359, 2337100.405822680331767 ], [ 616935.797314338618889, 2338022.472096169833094 ], [ 612608.825319598196074, 2337992.364201406016946 ] ], [ [ 616184.059494430897757, 2336178.371940347831696 ], [ 615808.404459375655279, 2335256.370417068246752 ], [ 614726.59195455594454, 2335248.820242595858872 ], [ 614351.05776800122112, 2334326.878739946521819 ], [ 613269.226343400892802, 2334319.427122029941529 ], [ 613644.782276721554808, 2335241.340958967804909 ], [ 611481.171295366133563, 2335226.595060030929744 ], [ 611105.571842361008748, 2334304.736470696981996 ], [ 610023.748712583677843, 2334297.497435208875686 ], [ 610399.369938518269919, 2335219.328442642930895 ], [ 609317.571302010328509, 2335212.132711938116699 ], [ 608941.928294413606636, 2334290.329258473124355 ], [ 607860.110561181092635, 2334283.231939479708672 ], [ 607484.588397634099238, 2333361.488098097033799 ], [ 609648.270108121912926, 2333375.698573485016823 ], [ 609272.934127601794899, 2332453.931825516279787 ], [ 611436.670160753652453, 2332468.37055181292817 ], [ 611811.962630100082606, 2333390.192372184246778 ], [ 616139.380962084396742, 2333420.029972394462675 ], [ 615764.175410468829796, 2332498.097671982832253 ], [ 616846.058791736257263, 2332505.706472206395119 ], [ 617596.569058133522049, 2334349.658775341231376 ], [ 616514.729098699288443, 2334341.994565536733717 ], [ 617265.853117058402859, 2336186.020758196245879 ], [ 616184.059494430897757, 2336178.371940347831696 ] ], [ [ 618678.411915849894285, 2334357.393851258791983 ], [ 619053.859202382736839, 2335279.446296245791018 ], [ 617972.038056626799516, 2335271.683442812878639 ], [ 617596.569058133522049, 2334349.658775341231376 ], [ 618678.411915849894285, 2334357.393851258791983 ] ], [ [ 549975.720694961724803, 2343199.687052068766207 ], [ 547812.753362301271409, 2343193.259293061681092 ], [ 547434.500221243244596, 2342272.783744946587831 ], [ 549597.512293288949877, 2342279.159169697202742 ], [ 549975.720694961724803, 2343199.687052068766207 ] ], [ [ 586747.09128158877138, 2343352.471677803900093 ], [ 584584.01141959708184, 2343341.208945763297379 ], [ 584206.513947586179711, 2342419.828612766228616 ], [ 586369.637938724947162, 2342431.037121220491827 ], [ 586747.09128158877138, 2343352.471677803900093 ] ], [ [ 614867.983639102196321, 2343524.775551513768733 ], [ 614491.100762430927716, 2342602.62593933660537 ], [ 615572.730519064585678, 2342610.185399067588151 ], [ 615949.591573140234686, 2343532.362890284974128 ], [ 614867.983639102196321, 2343524.775551513768733 ] ], [ [ 613409.473822599509731, 2342595.137590850237757 ], [ 613032.711713829776272, 2341673.048264236189425 ], [ 614114.360478493385017, 2341680.508791600354016 ], [ 614491.100762430927716, 2342602.62593933660537 ], [ 613409.473822599509731, 2342595.137590850237757 ] ], [ [ 551004.630756681202911, 2340444.750358674209565 ], [ 556412.418989323894493, 2340462.38050230126828 ], [ 556790.185213691322133, 2341383.030702150892466 ], [ 553545.575215772492811, 2341372.160716195590794 ], [ 553923.551291891373694, 2342292.762810721993446 ], [ 550679.020146216498688, 2342282.453480312600732 ], [ 550300.977075569448061, 2341361.930088720750064 ], [ 551382.508515799883753, 2341365.269258865620941 ], [ 551004.630756681202911, 2340444.750358674209565 ] ], [ [ 556034.795706060249358, 2339541.761118278373033 ], [ 554953.213106928393245, 2339538.119349940679967 ], [ 554575.710491336183622, 2338617.557006085291505 ], [ 556738.921611740486696, 2338624.858989402186126 ], [ 557116.379684500978328, 2339545.473872479051352 ], [ 563605.91401169449091, 2339569.241130832117051 ], [ 563228.589351122849621, 2338648.467964029405266 ], [ 562146.97432482172735, 2338644.355733328964561 ], [ 561015.791157971136272, 2335882.301049205008894 ], [ 562097.472784015233628, 2335886.33410874241963 ], [ 561720.719741484266706, 2334965.684600619599223 ], [ 558475.612758113304153, 2334953.876964873168617 ], [ 558852.432388511486351, 2335874.447563872672617 ], [ 557770.755191799718887, 2335870.627136969473213 ], [ 557017.214439735282212, 2334029.569151144940406 ], [ 559180.659107819083147, 2334037.175895845517516 ], [ 558804.147532241768204, 2333116.64054353768006 ], [ 559885.894223622861318, 2333120.523905149661005 ], [ 560262.383616200648248, 2334041.08550097187981 ], [ 561344.109609688981436, 2334045.065928682219237 ], [ 560967.642391116009094, 2333124.478061587549746 ], [ 563131.143261106335558, 2333132.59876118786633 ], [ 564260.840651976061054, 2335894.612864400725812 ], [ 563179.15593980171252, 2335890.438046947587281 ], [ 563933.046371733187698, 2337731.882503745146096 ], [ 568259.617503253393807, 2337749.21883643232286 ], [ 567882.689511602860875, 2336828.375193324871361 ], [ 570046.02933942398522, 2336837.415838720742613 ], [ 570422.913047869224101, 2337758.312623691279441 ], [ 572586.215529194101691, 2337767.690165011677891 ], [ 572209.376068163313903, 2336846.740127010270953 ], [ 574372.729910970665514, 2336856.348063451703638 ], [ 573996.077496116864495, 2335935.375888071022928 ], [ 575077.779237875249237, 2335940.25953203253448 ], [ 574701.291739494190551, 2335019.291887755971402 ], [ 575783.017401352641173, 2335024.219725986011326 ], [ 576536.09108099876903, 2336866.239653466269374 ], [ 575454.409566760179587, 2336861.258401417173445 ], [ 575831.182723668520339, 2337782.288527473341674 ], [ 576912.842154377838597, 2337787.296531157102436 ], [ 577289.736046812846325, 2338708.384726943448186 ], [ 574044.82962693599984, 2338693.493279900867492 ], [ 574421.932652162853628, 2339614.532474892213941 ], [ 566850.70195263507776, 2339582.083113816566765 ], [ 567605.646738447714597, 2341423.881760826800019 ], [ 566524.093539343448356, 2341419.476952855009586 ], [ 566146.527509380830452, 2340498.588665222749114 ], [ 565064.953739316668361, 2340494.281469016335905 ], [ 565442.541977128828876, 2341415.143191378097981 ], [ 564360.992025187122636, 2341410.880475783720613 ], [ 564738.745373121695593, 2342331.74671695753932 ], [ 563657.219237131532282, 2342327.528507054783404 ], [ 563279.443656906485558, 2341406.688805473037064 ], [ 562197.896845671464689, 2341402.568179853726178 ], [ 562575.694667174480855, 2342323.381369615904987 ], [ 561494.171636647544801, 2342319.305304054636508 ], [ 561116.351564866723493, 2341398.51859834510833 ], [ 557871.724638905725442, 2341386.796112824697047 ], [ 557493.980694387806579, 2340466.119569816160947 ], [ 556412.418989323894493, 2340462.38050230126828 ], [ 556034.795706060249358, 2339541.761118278373033 ] ], [ [ 562754.863266341504641, 2332211.989101285580546 ], [ 563836.638162749237381, 2332216.129320779349655 ], [ 564212.896016931976192, 2333136.765305495355278 ], [ 563131.143261106335558, 2333132.59876118786633 ], [ 562754.863266341504641, 2332211.989101285580546 ] ], [ [ 566376.406303577474318, 2333145.310786060988903 ], [ 566752.762786825653166, 2334066.030425978358835 ], [ 564589.296767392079346, 2334057.432152975350618 ], [ 564212.896016931976192, 2333136.765305495355278 ], [ 566376.406303577474318, 2333145.310786060988903 ] ], [ [ 565342.526947189704515, 2335898.858561690431088 ], [ 565719.35637155151926, 2336819.618185721803457 ], [ 564637.692242832039483, 2336815.34604454273358 ], [ 564260.840651976061054, 2335894.612864400725812 ], [ 565342.526947189704515, 2335898.858561690431088 ] ], [ [ 579125.547340909717605, 2340555.814663065131754 ], [ 580207.14435026969295, 2340561.045153560116887 ], [ 580584.422492809942923, 2341482.281319112982601 ], [ 581665.999393434729427, 2341487.609791665803641 ], [ 582043.398242932511494, 2342408.904446218162775 ], [ 579880.290611873846501, 2342398.264615417458117 ], [ 579125.547340909717605, 2340555.814663065131754 ] ], [ [ 615901.112380480510183, 2340773.502715600654483 ], [ 616982.791441439301707, 2340781.14862102875486 ], [ 617359.323727450799197, 2341703.316877728328109 ], [ 618440.983884167624637, 2341711.061744689941406 ], [ 618817.636955959838815, 2342633.290456440299749 ], [ 616654.363119119778275, 2342617.815971109084785 ], [ 615901.112380480510183, 2340773.502715600654483 ] ], [ [ 620980.922485884511843, 2342649.049404055345803 ], [ 619899.278245977591723, 2342641.134371910709888 ], [ 619522.646955454256386, 2341718.877699255943298 ], [ 620604.312967933830805, 2341726.764742528088391 ], [ 620980.922485884511843, 2342649.049404055345803 ] ], [ [ 530833.597008175565861, 2341313.972181860357523 ], [ 529752.084533272311091, 2341311.982671902049333 ], [ 529373.758364445413463, 2340391.98204261995852 ], [ 530455.293346553924493, 2340393.945902009960264 ], [ 530833.597008175565861, 2341313.972181860357523 ] ], [ [ 585992.327357140020467, 2341509.634250536561012 ], [ 584910.74225879914593, 2341504.021548978053033 ], [ 584533.552393803372979, 2340582.677398257423192 ], [ 585615.159539322601631, 2340588.263033923693001 ], [ 585992.327357140020467, 2341509.634250536561012 ] ], [ [ 580534.659592964686453, 2338723.914907793980092 ], [ 582697.951826769160107, 2338734.62322350917384 ], [ 583451.947328760870732, 2340577.162793160416186 ], [ 582370.344317572424188, 2340571.719217855483294 ], [ 581993.253117269836366, 2339650.460647986270487 ], [ 579830.009006373235025, 2339639.840460832230747 ], [ 579076.166724454262294, 2337797.52536704018712 ], [ 577994.503479093429632, 2337792.375477440655231 ], [ 577617.774480330757797, 2336871.291820301208645 ], [ 579781.147040852927603, 2336881.608901186380535 ], [ 580534.659592964686453, 2338723.914907793980092 ] ], [ [ 598594.617253570817411, 2340660.831342998892069 ], [ 597512.983065710635856, 2340654.393276210408658 ], [ 597136.199877491453663, 2339732.754447166342288 ], [ 598217.855999954976141, 2339739.165143551304936 ], [ 598594.617253570817411, 2340660.831342998892069 ] ], [ [ 549545.319869088358246, 2339520.975278586149216 ], [ 548463.744986712117679, 2339517.759414996951818 ], [ 547708.615056042559445, 2337676.979175687301904 ], [ 548790.234592359163798, 2337680.14289037976414 ], [ 549545.319869088358246, 2339520.975278586149216 ] ], [ [ 610116.238779473584145, 2339814.369913826696575 ], [ 607952.87309801147785, 2339800.057139164302498 ], [ 607576.451492906198837, 2338878.175568818114698 ], [ 609739.860846280585974, 2338892.433076407760382 ], [ 610116.238779473584145, 2339814.369913826696575 ] ], [ [ 551330.903821563115343, 2338607.136211955919862 ], [ 550249.304161341395229, 2338603.804526837076992 ], [ 549871.855330118327402, 2337683.377532562240958 ], [ 550953.477295958437026, 2337686.683102691546082 ], [ 551330.903821563115343, 2338607.136211955919862 ] ], [ [ 559983.748835796257481, 2338636.344155522529036 ], [ 558902.138319811085239, 2338632.444807287771255 ], [ 558524.867680475581437, 2337711.808116511907429 ], [ 559606.50042984506581, 2337715.681127833668143 ], [ 559983.748835796257481, 2338636.344155522529036 ] ], [ [ 590974.596804855507798, 2337858.85662637790665 ], [ 592056.285175842233002, 2337864.857895282097161 ], [ 592432.870741417864338, 2338786.323954069986939 ], [ 591351.204336177790537, 2338780.295513925608248 ], [ 590974.596804855507798, 2337858.85662637790665 ] ], [ [ 591679.84233859134838, 2336943.423572477884591 ], [ 592761.554926973185502, 2336949.468625674489886 ], [ 593137.975813793251291, 2337870.930117724463344 ], [ 592056.285175842233002, 2337864.857895282097161 ], [ 591679.84233859134838, 2336943.423572477884591 ] ], [ [ 592385.276764476671815, 2336028.038867653813213 ], [ 593467.013572754221968, 2336034.127680107485503 ], [ 593843.269800131209195, 2336955.58460539393127 ], [ 592761.554926973185502, 2336949.468625674489886 ], [ 592385.276764476671815, 2336028.038867653813213 ] ], [ [ 601086.28614945046138, 2338837.106879376340657 ], [ 600004.600792028475553, 2338830.510563333518803 ], [ 599628.168739664833993, 2337908.85352533031255 ], [ 600709.87599232501816, 2337915.42244707653299 ], [ 601086.28614945046138, 2338837.106879376340657 ] ], [ [ 556361.60647860262543, 2337704.274889199994504 ], [ 555279.977972830412909, 2337700.614672145806253 ], [ 554525.732033967622556, 2335859.591112876776606 ], [ 555607.405041175545193, 2335863.198911995626986 ], [ 556361.60647860262543, 2337704.274889199994504 ] ], [ [ 596383.061595842824318, 2337889.572514892090112 ], [ 595301.363997151493095, 2337883.28742665797472 ], [ 594924.9869847149821, 2336961.771512500010431 ], [ 596006.7065073705744, 2336968.029347864445299 ], [ 596383.061595842824318, 2337889.572514892090112 ] ], [ [ 607200.172522869543172, 2337956.326184726320207 ], [ 606118.449989973451011, 2337949.331484719645232 ], [ 605742.291821367456578, 2337027.541786714456975 ], [ 606824.036190372891724, 2337034.508954859338701 ], [ 607200.172522869543172, 2337956.326184726320207 ] ], [ [ 607905.783190583926626, 2337041.547061521559954 ], [ 608987.532848647795618, 2337048.65610769437626 ], [ 609363.625535180559382, 2337970.52848504902795 ], [ 608281.897695724386722, 2337963.391851170454174 ], [ 607905.783190583926626, 2337041.547061521559954 ] ], [ [ 608611.582789158681408, 2336126.815912312828004 ], [ 609693.356935100746341, 2336133.968313242308795 ], [ 610069.285191214061342, 2337055.836094380356371 ], [ 608987.532848647795618, 2337048.65610769437626 ], [ 608611.582789158681408, 2336126.815912312828004 ] ], [ [ 583731.461993644130416, 2335981.880649548955262 ], [ 586976.626329279271886, 2335998.658268377650529 ], [ 587353.014299907139502, 2336919.952608025167137 ], [ 584107.915955382632092, 2336903.09407240524888 ], [ 583731.461993644130416, 2335981.880649548955262 ] ], [ [ 586600.381117864162661, 2335077.395481817424297 ], [ 587682.128785751760006, 2335083.102811254095286 ], [ 588058.352024332853034, 2336004.392595947254449 ], [ 586976.626329279271886, 2335998.658268377650529 ], [ 586600.381117864162661, 2335077.395481817424297 ] ], [ [ 598170.152673486038111, 2336980.757806910201907 ], [ 597088.4283947449876, 2336974.358112370595336 ], [ 596712.237919813022017, 2336052.819518032949418 ], [ 597793.984098417684436, 2336059.191933792550117 ], [ 598170.152673486038111, 2336980.757806910201907 ] ], [ [ 572914.377577241510153, 2335930.563129694666713 ], [ 570750.983101527672261, 2335921.150266992393881 ], [ 570374.407231620163657, 2335000.289112702012062 ], [ 572537.845910957432352, 2335009.648786011151969 ], [ 572914.377577241510153, 2335930.563129694666713 ] ], [ [ 590221.809949116082862, 2336016.073937861714512 ], [ 589140.079888728214428, 2336010.197818835265934 ], [ 588763.878614130313508, 2335088.881008158437908 ], [ 589845.630629654624499, 2335094.730073344428092 ], [ 590221.809949116082862, 2336016.073937861714512 ] ], [ [ 576488.444384351256303, 2334108.22862043697387 ], [ 577570.195853666984476, 2334113.271459861192852 ], [ 577946.474353524507023, 2335034.287980637513101 ], [ 576864.744930477929302, 2335029.218423378188163 ], [ 576488.444384351256303, 2334108.22862043697387 ] ], [ [ 576818.067304511321709, 2332271.332140983082354 ], [ 577899.864740789867938, 2332276.392411208711565 ], [ 578651.949234657571651, 2334118.385132050607353 ], [ 577570.195853666984476, 2334113.271459861192852 ], [ 576818.067304511321709, 2332271.332140983082354 ] ], [ [ 575736.271762105170637, 2332266.342647893819958 ], [ 575360.399690946796909, 2331345.446415288839489 ], [ 576442.217260175850242, 2331350.409279848448932 ], [ 576818.067304511321709, 2332271.332140983082354 ], [ 575736.271762105170637, 2332266.342647893819958 ] ], [ [ 603863.640725301462226, 2332419.074043122585863 ], [ 606027.350217226427048, 2332432.8047553319484 ], [ 607153.982083362876438, 2335197.95390652725473 ], [ 604990.403426135773771, 2335184.058635798282921 ], [ 604614.673204451333731, 2334262.365118988789618 ], [ 605696.483042866573669, 2334269.249870723113418 ], [ 605320.91728525806684, 2333347.560938001144677 ], [ 604239.085636683739722, 2333340.703598725609481 ], [ 603863.640725301462226, 2332419.074043122585863 ] ], [ [ 605652.091550310608, 2331511.152398938313127 ], [ 606733.971983770024963, 2331518.096545768436044 ], [ 607109.208871008246206, 2332439.776310827117413 ], [ 606027.350217226427048, 2332432.8047553319484 ], [ 605652.091550310608, 2331511.152398938313127 ] ], [ [ 621217.510321474634111, 2335295.184689709916711 ], [ 620091.726327631622553, 2332528.957738447934389 ], [ 621173.621392562636174, 2332536.849786031059921 ], [ 622299.340348137659021, 2335303.160231960937381 ], [ 621217.510321474634111, 2335295.184689709916711 ] ], [ [ 619009.834223637357354, 2332521.136504350230098 ], [ 618634.83633694529999, 2331599.153400640934706 ], [ 619716.750116053968668, 2331606.946890822146088 ], [ 620091.726327631622553, 2332528.957738447934389 ], [ 619009.834223637357354, 2332521.136504350230098 ] ], [ [ 570327.321524587925524, 2332242.456815217155963 ], [ 571409.107997732469812, 2332247.092432979959995 ], [ 572161.457090624142438, 2334088.765576314646751 ], [ 571079.714779767906293, 2334084.076890246011317 ], [ 570327.321524587925524, 2332242.456815217155963 ] ], [ [ 571033.147730139782652, 2331326.302436450496316 ], [ 572114.958026280510239, 2331330.982310610823333 ], [ 572490.896231381921098, 2332251.798824460245669 ], [ 571409.107997732469812, 2332247.092432979959995 ], [ 571033.147730139782652, 2331326.302436450496316 ] ], [ [ 569951.33918557385914, 2331321.69330821512267 ], [ 569575.499708921648562, 2330400.96077969064936 ], [ 570657.3303184293909, 2330405.543448130600154 ], [ 571033.147730139782652, 2331326.302436450496316 ], [ 569951.33918557385914, 2331321.69330821512267 ] ], [ [ 566330.018069434328936, 2330387.63707675319165 ], [ 565954.255228596739471, 2329467.01461887685582 ], [ 568117.952136166160926, 2329475.773649618960917 ], [ 567742.376330761238933, 2328555.129356568679214 ], [ 568824.249352615559474, 2328559.588532638270408 ], [ 569575.499708921648562, 2330400.96077969064936 ], [ 566330.018069434328936, 2330387.63707675319165 ] ], [ [ 564872.409228593693115, 2329462.741135559976101 ], [ 564496.767186766606756, 2328542.175793615169823 ], [ 565578.635274530621246, 2328546.422987671103328 ], [ 565954.255228596739471, 2329467.01461887685582 ], [ 564872.409228593693115, 2329462.741135559976101 ] ], [ [ 565203.158209709450603, 2327625.862151865847409 ], [ 564121.268040669267066, 2327621.64121738774702 ], [ 563370.698445596150123, 2325780.664237183518708 ], [ 565534.568661027471535, 2325789.071822555270046 ], [ 565909.737880550208502, 2326709.597389298956841 ], [ 566991.653351278859191, 2326713.933303503785282 ], [ 567366.943401637836359, 2327634.515918287914246 ], [ 566285.049987799720839, 2327630.153718630317599 ], [ 566660.504980296827853, 2328550.740841785911471 ], [ 565578.635274530621246, 2328546.422987671103328 ], [ 565203.158209709450603, 2327625.862151865847409 ] ], [ [ 565159.542331708129495, 2324868.57698719156906 ], [ 566241.501896764733829, 2324872.860419447999448 ], [ 566616.506182161625475, 2325793.381480963435024 ], [ 565534.568661027471535, 2325789.071822555270046 ], [ 565159.542331708129495, 2324868.57698719156906 ] ], [ [ 570281.655765074305236, 2329484.815436640754342 ], [ 571363.510166751104407, 2329489.442365345545113 ], [ 571739.162670579156838, 2330410.196834703907371 ], [ 570657.3303184293909, 2330405.543448130600154 ], [ 570281.655765074305236, 2329484.815436640754342 ] ], [ [ 570612.633724639308639, 2327648.02632082439959 ], [ 572776.435941554838791, 2327657.386431864462793 ], [ 573151.758687847643159, 2328578.13186252489686 ], [ 572069.878713477170095, 2328573.390034913551062 ], [ 572445.366328831762075, 2329494.139985046815127 ], [ 571363.510166751104407, 2329489.442365345545113 ], [ 570612.633724639308639, 2327648.02632082439959 ] ], [ [ 588387.820088257780299, 2334167.595778500195593 ], [ 584060.745747925713658, 2334145.016010069753975 ], [ 583684.742116058245301, 2333223.870028138160706 ], [ 584766.529504598467611, 2333229.381829580292106 ], [ 584390.690623450092971, 2332308.240393113344908 ], [ 586554.315611169557087, 2332319.422637704759836 ], [ 586178.66340828302782, 2331398.258867844939232 ], [ 587260.501027756137773, 2331403.929258814547211 ], [ 588387.820088257780299, 2334167.595778500195593 ] ], [ [ 590551.370221582124941, 2334179.310702073387802 ], [ 590175.498322410741821, 2333258.003005440346897 ], [ 591257.298647679039277, 2333263.939679994713515 ], [ 591633.148622353910469, 2334185.274426565971226 ], [ 590551.370221582124941, 2334179.310702073387802 ] ], [ [ 589093.700219936552458, 2333252.137145106680691 ], [ 588717.949134631082416, 2332330.88801799248904 ], [ 589799.76916395011358, 2332336.72688603727147 ], [ 590175.498322410741821, 2333258.003005440346897 ], [ 589093.700219936552458, 2333252.137145106680691 ] ], [ [ 589424.182748671853915, 2331415.482312192674726 ], [ 590506.026903475401923, 2331421.364976231474429 ], [ 590881.591407229541801, 2332342.636540445499122 ], [ 589799.76916395011358, 2332336.72688603727147 ], [ 589424.182748671853915, 2331415.482312192674726 ] ], [ [ 594878.497481080587022, 2334203.590660987887532 ], [ 593796.712225438444875, 2334197.414405167102814 ], [ 593420.906073272577487, 2333276.025475125294179 ], [ 594502.713226940133609, 2333282.174597406759858 ], [ 594878.497481080587022, 2334203.590660987887532 ] ], [ [ 600287.459366852417588, 2334235.534640456549823 ], [ 599205.662153139244765, 2334229.004148194100708 ], [ 598829.965403038426302, 2333307.479271666612476 ], [ 599911.78447077376768, 2333313.982490976341069 ], [ 600287.459366852417588, 2334235.534640456549823 ] ], [ [ 640315.918781337561086, 2334526.979006985202432 ], [ 635988.313568264478818, 2334490.793778328690678 ], [ 635238.538822055328637, 2332645.890952134039253 ], [ 636320.478141705738381, 2332654.774509993381798 ], [ 636695.27272870845627, 2333577.237701674923301 ], [ 639941.046356842038222, 2333604.398116752505302 ], [ 640315.918781337561086, 2334526.979006985202432 ] ], [ [ 634156.602836893987842, 2332637.078224260825664 ], [ 633407.354871132993139, 2330792.362830899655819 ], [ 636653.302110603894107, 2330818.844612691085786 ], [ 637027.790236555505544, 2331741.270343276672065 ], [ 634863.865153562743217, 2331723.488751858007163 ], [ 635238.538822055328637, 2332645.890952134039253 ], [ 634156.602836893987842, 2332637.078224260825664 ] ], [ [ 639566.316374460235238, 2332681.850176074076444 ], [ 641730.225691310828552, 2332700.25479330914095 ], [ 642104.912646831944585, 2333622.859373483341187 ], [ 639941.046356842038222, 2333604.398116752505302 ], [ 639566.316374460235238, 2332681.850176074076444 ] ], [ [ 557722.402290310245007, 2333112.827976205851883 ], [ 556640.658471160568297, 2333109.086202615406364 ], [ 556264.245444211293943, 2332188.633908650837839 ], [ 557346.011457885499112, 2332192.349523964338005 ], [ 557722.402290310245007, 2333112.827976205851883 ] ], [ [ 630203.815735873766243, 2333524.830038098152727 ], [ 629121.917626635869965, 2333516.343416139017791 ], [ 628372.168871975038201, 2331671.84318557754159 ], [ 629454.110182159114629, 2331680.273786256555468 ], [ 630203.815735873766243, 2333524.830038098152727 ] ], [ [ 555182.480817646021023, 2332184.989058808423579 ], [ 554100.7175515179988, 2332181.41497392160818 ], [ 553724.403065554448403, 2331261.045477174222469 ], [ 554806.188537756330334, 2331264.593488987069577 ], [ 555182.480817646021023, 2332184.989058808423579 ] ], [ [ 563460.523207324324176, 2331295.524167495314032 ], [ 560215.136703595402651, 2331283.394616688136011 ], [ 560591.318088257336058, 2332203.92096802033484 ], [ 559509.547753237071447, 2332199.993053110316396 ], [ 558757.283588990801945, 2330359.023455302231014 ], [ 560920.914366073673591, 2330366.845209467224777 ], [ 560545.040964370360598, 2329446.354068702086806 ], [ 563790.564828857313842, 2329458.538339472841471 ], [ 564166.37186713819392, 2330379.108187206089497 ], [ 563084.551153148058802, 2330374.949814335908741 ], [ 563460.523207324324176, 2331295.524167495314032 ] ], [ [ 567081.972401479957625, 2332228.974597742315382 ], [ 566000.192703646840528, 2332224.622068408410996 ], [ 565624.121989515726455, 2331303.964241660200059 ], [ 566705.923794553382322, 2331308.290392600465566 ], [ 567081.972401479957625, 2332228.974597742315382 ] ], [ [ 614682.294883415452205, 2332490.559680890757591 ], [ 613600.417183899087831, 2332483.092497865669429 ], [ 613225.310791285242885, 2331561.247694435529411 ], [ 614307.210209385259077, 2331568.687273298855871 ], [ 614682.294883415452205, 2332490.559680890757591 ] ], [ [ 623337.420511959819123, 2332552.846326118800789 ], [ 622962.509273684816435, 2331630.752078952733427 ], [ 624044.435021952725947, 2331638.828717923723161 ], [ 624419.324619785998948, 2332560.950820880010724 ], [ 623337.420511959819123, 2332552.846326118800789 ] ], [ [ 621880.586557737085968, 2331622.746228863485157 ], [ 621505.796221336349845, 2330700.71221711114049 ], [ 622587.740579890087247, 2330708.690269203390926 ], [ 622962.509273684816435, 2331630.752078952733427 ], [ 621880.586557737085968, 2331622.746228863485157 ] ], [ [ 627665.055455968249589, 2332585.689217787701637 ], [ 625501.231795276515186, 2332569.12613364122808 ], [ 624377.055494058411568, 2329802.773632558528334 ], [ 626541.008828673046082, 2329819.169341173954308 ], [ 626915.548517634742893, 2330741.310098081361502 ], [ 625833.591904283268377, 2330733.048995493445545 ], [ 626208.295722198439762, 2331655.19436708278954 ], [ 627290.230727551388554, 2331663.483379579614848 ], [ 627665.055455968249589, 2332585.689217787701637 ] ], [ [ 631992.740763312089257, 2332619.66525350837037 ], [ 630910.814621523953974, 2332611.065008171834052 ], [ 630536.054684787872247, 2331688.775182806421071 ], [ 631618.002406554296613, 2331697.347376426681876 ], [ 631992.740763312089257, 2332619.66525350837037 ] ], [ [ 557299.530541517306119, 2329434.805962240789086 ], [ 556217.696596382767893, 2329431.097960709128529 ], [ 556969.763563095941208, 2331271.901724778115749 ], [ 555887.975361377582885, 2331268.212238017935306 ], [ 555511.848225149675272, 2330347.821159508544952 ], [ 554430.039210952003486, 2330344.228481581434608 ], [ 554054.032839717110619, 2329423.89400542434305 ], [ 555135.864038012339734, 2329427.460641941055655 ], [ 554008.769196026027203, 2326666.562143442220986 ], [ 556172.568645260762423, 2326673.751321696210653 ], [ 557299.530541517306119, 2329434.805962240789086 ] ], [ [ 596578.781454176874831, 2327778.997028766199946 ], [ 597660.731509807985276, 2327785.337235792074353 ], [ 598410.511734529398382, 2329628.092029374558479 ], [ 602738.161954157985747, 2329654.376845839899033 ], [ 603488.338472773786634, 2331497.476420323830098 ], [ 599160.862728098873049, 2331470.97369647398591 ], [ 598785.615886442130432, 2330549.516987876035273 ], [ 597703.731295563396998, 2330543.095408642664552 ], [ 596578.781454176874831, 2327778.997028766199946 ] ], [ [ 597286.055441933916882, 2326864.007337344810367 ], [ 600531.98554948263336, 2326883.37052968563512 ], [ 600157.517534876475111, 2325961.990982599556446 ], [ 602321.526827965630218, 2325975.198603426571935 ], [ 602695.951317321509123, 2326896.632471289951354 ], [ 603777.937990217120387, 2326903.369388898834586 ], [ 604527.171449497807771, 2328746.386965735349804 ], [ 602363.287693000747822, 2328732.874830568674952 ], [ 601988.556100563611835, 2327811.404620931018144 ], [ 600906.596244229120202, 2327804.781789261382073 ], [ 601281.349616654100828, 2328726.224793015513569 ], [ 600199.414039310766384, 2328719.645440894644707 ], [ 599824.638878128374927, 2327798.229615129996091 ], [ 597660.731509807985276, 2327785.337235792074353 ], [ 597286.055441933916882, 2326864.007337344810367 ] ], [ [ 607815.855049268342555, 2331525.111465584486723 ], [ 607440.782568330410868, 2330603.436284075025469 ], [ 609604.600204853457399, 2330617.623549293261021 ], [ 609979.629183117067441, 2331539.353628140408546 ], [ 607815.855049268342555, 2331525.111465584486723 ] ], [ [ 604195.075921698939055, 2330582.685979230329394 ], [ 603820.080778489122167, 2329661.124833289533854 ], [ 607065.85272522084415, 2329681.793090834282339 ], [ 607440.782568330410868, 2330603.436284075025469 ], [ 604195.075921698939055, 2330582.685979230329394 ] ], [ [ 641355.681167360278778, 2331777.683190089650452 ], [ 640273.703272329643369, 2331768.47376719629392 ], [ 639899.279686264693737, 2330845.96338265016675 ], [ 640981.279077442130074, 2330855.144531493540853 ], [ 641355.681167360278778, 2331777.683190089650452 ] ], [ [ 620049.185431999154389, 2329770.831028829794377 ], [ 618967.225387235521339, 2329763.02220745338127 ], [ 619341.9164684364805, 2330684.968391163274646 ], [ 618259.981020705774426, 2330677.202615085989237 ], [ 617510.698109426535666, 2328833.397870447020978 ], [ 619674.658566636731848, 2328848.889446596149355 ], [ 620049.185431999154389, 2329770.831028829794377 ] ], [ [ 619300.274266119697131, 2327926.980146121233702 ], [ 620382.28054255770985, 2327934.804307098966092 ], [ 620756.643211286747828, 2328856.741288238670677 ], [ 619674.658566636731848, 2328848.889446596149355 ], [ 619300.274266119697131, 2327926.980146121233702 ] ], [ [ 620008.060434643062763, 2327012.899605523794889 ], [ 621090.091298676095903, 2327020.766763525083661 ], [ 621464.289789964444935, 2327942.699143967125565 ], [ 620382.28054255770985, 2327934.804307098966092 ], [ 620008.060434643062763, 2327012.899605523794889 ] ], [ [ 629786.962310805451125, 2329844.293438510969281 ], [ 629038.439952529617585, 2327999.942021844908595 ], [ 632284.551543461391702, 2328025.534936735406518 ], [ 632658.676833279314451, 2328947.778251570649445 ], [ 631576.657943896017969, 2328939.14860439253971 ], [ 632325.379074769094586, 2330783.677117392420769 ], [ 631243.406542311422527, 2330775.062175377272069 ], [ 630868.953173038200475, 2329852.809618185274303 ], [ 629786.962310805451125, 2329844.293438510969281 ] ], [ [ 627956.409160470357165, 2327991.552421981468797 ], [ 627582.340187251218595, 2327069.453380950726569 ], [ 628664.392535425489768, 2327077.815106114838272 ], [ 629038.439952529617585, 2327999.942021844908595 ], [ 627956.409160470357165, 2327991.552421981468797 ] ], [ [ 626500.290988388704136, 2327061.1623116992414 ], [ 626126.34297471807804, 2326139.123543509282172 ], [ 627208.413731826236472, 2326147.386795806698501 ], [ 627582.340187251218595, 2327069.453380950726569 ], [ 626500.290988388704136, 2327061.1623116992414 ] ], [ [ 626460.988384175114334, 2324303.350865143816918 ], [ 627543.105361707508564, 2324311.629144716076553 ], [ 628290.487629617098719, 2326155.720676033757627 ], [ 627208.413731826236472, 2326147.386795806698501 ], [ 626460.988384175114334, 2324303.350865143816918 ] ], [ [ 552972.202974809450097, 2329420.398050655610859 ], [ 551890.374416602076963, 2329416.972777140326798 ], [ 551514.466621139436029, 2328496.720741353463382 ], [ 552596.317375001381151, 2328500.120058599859476 ], [ 552972.202974809450097, 2329420.398050655610859 ] ], [ [ 612100.847240771865472, 2328795.906171151902527 ], [ 611018.88547188276425, 2328788.619921275880188 ], [ 611393.585756189422682, 2329710.340826264116913 ], [ 609229.713851435459219, 2329695.925518276169896 ], [ 608480.369029005523771, 2327852.625472293701023 ], [ 610644.327804367057979, 2327866.931059925351292 ], [ 610269.91275610786397, 2326945.274210371542722 ], [ 612433.925834795110859, 2326959.807580609805882 ], [ 612808.297502098372206, 2327881.519312808290124 ], [ 611726.311274583102204, 2327874.189852699637413 ], [ 612100.847240771865472, 2328795.906171151902527 ] ], [ [ 615721.362755589652807, 2329740.020116589497775 ], [ 614639.414290262619033, 2329732.494207115378231 ], [ 614264.779103284468874, 2328810.690757741220295 ], [ 615346.749250312219374, 2328818.189096542075276 ], [ 615721.362755589652807, 2329740.020116589497775 ] ], [ [ 638442.981104562873952, 2329914.403728208038956 ], [ 638068.820915205636993, 2328991.987262719776481 ], [ 639150.859845542116091, 2329001.041228738147765 ], [ 639524.998543181573041, 2329923.485880586318672 ], [ 638442.981104562873952, 2329914.403728208038956 ] ], [ [ 636986.785391795332544, 2328983.004019645042717 ], [ 636612.74616303818766, 2328060.648470858111978 ], [ 637694.803180242190138, 2328069.60358540341258 ], [ 638068.820915205636993, 2328991.987262719776481 ], [ 636986.785391795332544, 2328983.004019645042717 ] ], [ [ 606691.06552240694873, 2328760.181854024529457 ], [ 605609.117183051421307, 2328753.249065256677568 ], [ 605234.450878024683334, 2327831.697070565540344 ], [ 606316.420962352654897, 2327838.602541835047305 ], [ 606691.06552240694873, 2328760.181854024529457 ] ], [ [ 623254.162020504008979, 2327036.713027770165354 ], [ 624336.201931731426157, 2327044.792136264499277 ], [ 624710.335625083767809, 2327966.807721108198166 ], [ 626874.381526350858621, 2327983.233506018295884 ], [ 627248.614586148178205, 2328905.337158497888595 ], [ 624002.615129854530096, 2328880.721040768083185 ], [ 623254.162020504008979, 2327036.713027770165354 ] ], [ [ 570944.272979423170909, 2325811.325900390744209 ], [ 574190.116373666445725, 2325825.525307912379503 ], [ 574565.109440048341639, 2326746.261698938906193 ], [ 571319.332036295323633, 2326731.983023903798312 ], [ 570944.272979423170909, 2325811.325900390744209 ] ], [ [ 569862.328719775308855, 2325806.733926408458501 ], [ 569112.595171968569048, 2323965.564931871835142 ], [ 570194.583441491704434, 2323970.104260951746255 ], [ 570944.272979423170909, 2325811.325900390744209 ], [ 569862.328719775308855, 2325806.733926408458501 ] ], [ [ 569819.952965381322429, 2323049.539682544302195 ], [ 571983.978695504134521, 2323058.777276717592031 ], [ 572358.565207957173698, 2323979.394494504667819 ], [ 570194.583441491704434, 2323970.104260951746255 ], [ 569819.952965381322429, 2323049.539682544302195 ] ], [ [ 570487.061192688532174, 2319376.61654513888061 ], [ 571569.16452050046064, 2319381.235940028913319 ], [ 571943.157666705083102, 2320301.756207354832441 ], [ 573025.240830125403591, 2320306.472260976210237 ], [ 573399.354889392387122, 2321227.049609855748713 ], [ 572317.293666062294506, 2321222.307255863212049 ], [ 573065.994214353966527, 2323063.501821124460548 ], [ 571983.978695504134521, 2323058.777276717592031 ], [ 570487.061192688532174, 2319376.61654513888061 ] ], [ [ 573815.266145608853549, 2324904.819885462056845 ], [ 574897.239543693722226, 2324909.667736943811178 ], [ 575272.067799223586917, 2325830.399607838131487 ], [ 574190.116373666445725, 2325825.525307912379503 ], [ 573815.266145608853549, 2324904.819885462056845 ] ], [ [ 618847.894129123422317, 2321489.849188854452223 ], [ 619930.057493542786688, 2321497.621379139833152 ], [ 620676.843145763152279, 2323341.186973296105862 ], [ 619594.722925813286565, 2323333.359696230851114 ], [ 620716.035364161245525, 2326098.866660449188203 ], [ 618551.933369463426061, 2326083.25826265476644 ], [ 618926.032532908953726, 2327005.103095451369882 ], [ 617844.007566761574708, 2326997.377232208848 ], [ 617095.908563641132787, 2325153.774909268599004 ], [ 616013.843240556307137, 2325146.174792544916272 ], [ 615639.985986363841221, 2324224.44933938793838 ], [ 618886.255500333383679, 2324247.378858867101371 ], [ 618512.605660228757188, 2323325.602956366259605 ], [ 617430.49132227175869, 2323317.916752607095987 ], [ 617056.962462441064417, 2322396.200472531374544 ], [ 615974.829423887422308, 2322388.612278167158365 ], [ 614855.033580959541723, 2319623.737907709553838 ], [ 618101.635618422995321, 2319646.467026153579354 ], [ 618474.693586797919124, 2320568.142080310732126 ], [ 616310.33249135396909, 2320552.864056453108788 ], [ 616683.576184651814401, 2321474.516251071821898 ], [ 617765.733701741904952, 2321482.147479860577732 ], [ 618139.098393213236704, 2322403.859173969365656 ], [ 619221.237242944422178, 2322411.588383560068905 ], [ 618847.894129123422317, 2321489.849188854452223 ] ], [ [ 617728.720226445584558, 2318724.82399463141337 ], [ 615564.272868041647598, 2318709.655620770994574 ], [ 614818.783612111001275, 2316866.574911809060723 ], [ 615901.048963328124955, 2316874.06922197015956 ], [ 616273.700740315834992, 2317795.62095094146207 ], [ 617355.947413317509927, 2317803.212954019196332 ], [ 616610.829533398267813, 2315960.086718751583248 ], [ 618775.417728988337331, 2315975.372316269669682 ], [ 619147.86232574749738, 2316896.974199646152556 ], [ 618065.588293367996812, 2316889.268864815589041 ], [ 618438.196988702984527, 2317810.875326593406498 ], [ 620602.704953718814068, 2317826.411184575408697 ], [ 620975.413163835881278, 2318748.104538987390697 ], [ 618810.948258837452158, 2318732.513777188491076 ], [ 619183.842101322719827, 2319654.184248313773423 ], [ 618101.635618422995321, 2319646.467026153579354 ], [ 617728.720226445584558, 2318724.82399463141337 ] ], [ [ 630828.506786578800529, 2327094.750528915785253 ], [ 629746.448059628601186, 2327086.247488373890519 ], [ 629372.56469481671229, 2326164.125185362994671 ], [ 630454.644954144023359, 2326172.600324984174222 ], [ 630828.506786578800529, 2327094.750528915785253 ] ], [ [ 639485.095107173081487, 2327165.318697632756084 ], [ 638403.009796407539397, 2327156.250346763059497 ], [ 638029.298449819209054, 2326233.904052236117423 ], [ 634782.998467209399678, 2326207.207210454624146 ], [ 634409.365152987185866, 2325284.977754957508296 ], [ 638737.857790046138689, 2325320.602609745692462 ], [ 639485.095107173081487, 2327165.318697632756084 ] ], [ [ 633327.250358443940058, 2325276.248065285850316 ], [ 631834.055997282033786, 2321587.767558607738465 ], [ 632916.256692693801597, 2321596.385612862650305 ], [ 634409.365152987185866, 2325284.977754957508296 ], [ 633327.250358443940058, 2325276.248065285850316 ] ], [ [ 638364.452807064168155, 2324398.293660427909344 ], [ 639446.605906776851043, 2324407.34831092087552 ], [ 639073.364813026972115, 2323485.043984738178551 ], [ 643402.097578483982943, 2323521.855930698104203 ], [ 643775.253015493741259, 2324444.27279229555279 ], [ 640528.762450738693587, 2324416.473548060283065 ], [ 640902.124558127485216, 2325338.838712439872324 ], [ 638737.857790046138689, 2325320.602609745692462 ], [ 638364.452807064168155, 2324398.293660427909344 ] ], [ [ 568780.386184825096279, 2325802.212532266974449 ], [ 567698.445347856497392, 2325797.76171732833609 ], [ 567323.463097438099794, 2324877.214401885867119 ], [ 568405.425960444263183, 2324881.638935121707618 ], [ 568780.386184825096279, 2325802.212532266974449 ] ], [ [ 608813.616189328837208, 2326016.515983465593308 ], [ 607317.866026185452938, 2322330.44485137052834 ], [ 609482.090431544580497, 2322344.563701195176691 ], [ 610229.593562055029906, 2324187.644676125142723 ], [ 611311.666495098383166, 2324194.864493420813233 ], [ 611685.610328837996349, 2325116.48020272096619 ], [ 609521.510527196573094, 2325102.056419412605464 ], [ 609895.640329564106651, 2326023.649340796284378 ], [ 608813.616189328837208, 2326016.515983465593308 ] ], [ [ 606235.757814188254997, 2322323.49117363570258 ], [ 605862.155195195693523, 2321402.080142267979681 ], [ 606944.285080509027466, 2321409.006626641843468 ], [ 607317.866026185452938, 2322330.44485137052834 ], [ 606235.757814188254997, 2322323.49117363570258 ] ], [ [ 621050.449813244398683, 2324263.018023681361228 ], [ 622132.551440975978039, 2324270.943454933352768 ], [ 622506.279086280032061, 2325192.834362263325602 ], [ 623588.362159335752949, 2325200.85803445847705 ], [ 623962.210775663726963, 2326122.808918038848788 ], [ 621798.090818678843789, 2326106.776790409348905 ], [ 621050.449813244398683, 2324263.018023681361228 ] ], [ [ 562995.628001577570103, 2324860.221770818345249 ], [ 561913.673183069447987, 2324856.149985522031784 ], [ 561538.723580398247577, 2323935.764273328706622 ], [ 560456.748217368382029, 2323931.789121327456087 ], [ 560081.919462527381256, 2323011.460045202169567 ], [ 562245.915832972037606, 2323019.42872978746891 ], [ 562995.628001577570103, 2324860.221770818345249 ] ], [ [ 561871.274113340536132, 2322099.078092887066305 ], [ 564035.320709743769839, 2322107.276557672768831 ], [ 564409.918353589368053, 2323027.679385894909501 ], [ 562245.915832972037606, 2323019.42872978746891 ], [ 561871.274113340536132, 2322099.078092887066305 ] ], [ [ 563286.554124858230352, 2320266.562690547201782 ], [ 564368.623812237987295, 2320270.715436198282987 ], [ 565117.346367652993649, 2322111.481489190366119 ], [ 564035.320709743769839, 2322107.276557672768831 ], [ 563286.554124858230352, 2320266.562690547201782 ] ], [ [ 605193.34316337457858, 2325074.055835275910795 ], [ 604111.30788308265619, 2325067.232138145714998 ], [ 603737.212199683766812, 2324145.8074054941535 ], [ 604819.269198979716748, 2324152.603903982322663 ], [ 605193.34316337457858, 2325074.055835275910795 ] ], [ [ 632245.138856328791007, 2325267.588982743211091 ], [ 631163.030619911151007, 2325259.000506108161062 ], [ 630789.475302205537446, 2324336.887426942121238 ], [ 631871.605040786438622, 2324345.44800614984706 ], [ 632245.138856328791007, 2325267.588982743211091 ] ], [ [ 620639.06639574887231, 2320583.701917542144656 ], [ 622803.451132248621434, 2320599.543576936703175 ], [ 623176.565476543153636, 2321521.360848776530474 ], [ 624258.740856621065177, 2321529.414975306484848 ], [ 625005.354103997000493, 2323373.201475819107145 ], [ 623923.221799197839573, 2323365.092038798611611 ], [ 624296.76377265562769, 2324287.006020726170391 ], [ 623214.656085202936083, 2324278.939453572500497 ], [ 622094.393140505184419, 2321513.377207988873124 ], [ 621012.223821754567325, 2321505.464051815681159 ], [ 620639.06639574887231, 2320583.701917542144656 ] ], [ [ 623885.648040217696689, 2320607.570092735346407 ], [ 624967.848010340007022, 2320615.667067443951964 ], [ 625340.919307487667538, 2321537.539588716812432 ], [ 624258.740856621065177, 2321529.414975306484848 ], [ 623885.648040217696689, 2320607.570092735346407 ] ], [ [ 624222.133023361442611, 2318772.01868999004364 ], [ 623139.890034226933494, 2318763.976903724018484 ], [ 622767.224849537364207, 2317842.228533665183932 ], [ 624931.756890335585922, 2317858.32738280063495 ], [ 626050.051069368957542, 2320623.834502204786986 ], [ 624967.848010340007022, 2320615.667067443951964 ], [ 624222.133023361442611, 2318772.01868999004364 ] ], [ [ 623512.697765270946547, 2319685.757412815000862 ], [ 622430.479335910524242, 2319677.758478091098368 ], [ 622057.650089974049479, 2318756.005520432256162 ], [ 623139.890034226933494, 2318763.976903724018484 ], [ 623512.697765270946547, 2319685.757412815000862 ] ], [ [ 624559.277232328313403, 2316936.55605173157528 ], [ 626723.864575674757361, 2316952.881229854654521 ], [ 626351.570386284030974, 2316031.086912566330284 ], [ 629598.539309656945989, 2316056.019428592175245 ], [ 629970.769168074126355, 2316977.896637126337737 ], [ 628888.464457918191329, 2316969.4878144627437 ], [ 629260.858263621572405, 2317891.369617755990475 ], [ 627096.30129030207172, 2317874.707741079386324 ], [ 627468.880527726956643, 2318796.566478040535003 ], [ 626386.628243343206123, 2318788.313475997187197 ], [ 626014.027532036532648, 2317866.482372722122818 ], [ 624931.756890335585922, 2317858.32738280063495 ], [ 624559.277232328313403, 2316936.55605173157528 ] ], [ [ 626423.100855890661478, 2321545.734690154436976 ], [ 626796.293168420554139, 2322467.667171949986368 ], [ 625714.133137142169289, 2322459.44437416177243 ], [ 625340.919307487667538, 2321537.539588716812432 ], [ 626423.100855890661478, 2321545.734690154436976 ] ], [ [ 628960.622656467021443, 2322484.324320192914456 ], [ 629707.348793989163823, 2324328.397424431052059 ], [ 628625.225489400443621, 2324319.977997418958694 ], [ 628251.769653703086078, 2323397.953048470895737 ], [ 627169.628004510421306, 2323389.63197949482128 ], [ 626796.293168420554139, 2322467.667171949986368 ], [ 628960.622656467021443, 2322484.324320192914456 ] ], [ [ 614184.165606803260744, 2323295.281347159296274 ], [ 612019.962611123686656, 2323280.543737756088376 ], [ 611646.325656992616132, 2322358.96455015335232 ], [ 613810.571916459710337, 2322373.647406379226595 ], [ 614184.165606803260744, 2323295.281347159296274 ] ], [ [ 634371.502606711583212, 2322527.201303367502987 ], [ 635453.688450182788074, 2322535.988271825946867 ], [ 635080.667964664753526, 2321613.833211614750326 ], [ 636162.878594730282202, 2321622.662758575286716 ], [ 636909.01915139646735, 2323467.061368654016405 ], [ 634744.687018579686992, 2323449.360976904630661 ], [ 634371.502606711583212, 2322527.201303367502987 ] ], [ [ 568696.918738156557083, 2320288.030538212042302 ], [ 569445.465354473446496, 2322129.005890064872801 ], [ 568363.433101021917537, 2322124.519087398890406 ], [ 567989.066375555936247, 2321204.042268481105566 ], [ 566907.013819931889884, 2321199.652125559281558 ], [ 566532.767986425897107, 2320279.232162116095424 ], [ 568696.918738156557083, 2320288.030538212042302 ] ], [ [ 565450.695090512512252, 2320274.938593189232051 ], [ 564328.74897156143561, 2317513.940602399874479 ], [ 565410.887809366569854, 2317518.155947600491345 ], [ 564663.682152250781655, 2315677.591224038042128 ], [ 565745.866518583032303, 2315681.824841416440904 ], [ 565372.499981445726007, 2314761.562228202354163 ], [ 566454.707911078701727, 2314765.840107836760581 ], [ 566828.052511408692226, 2315686.128733098041266 ], [ 568992.429483626270667, 2315694.947341811377555 ], [ 568619.128730147262104, 2314774.606609142851084 ], [ 569701.341673144255765, 2314779.095232053659856 ], [ 570821.60679742123466, 2317540.28762438101694 ], [ 569739.45960406283848, 2317535.720626854337752 ], [ 570113.188966085202992, 2318456.15324130654335 ], [ 567948.943612311733887, 2318447.177956285886467 ], [ 568322.859737690538168, 2319367.588916561100632 ], [ 567240.761557000805624, 2319363.180681597907096 ], [ 566866.823468853486702, 2318442.795851435046643 ], [ 565784.704978672321886, 2318438.48410419607535 ], [ 566532.767986425897107, 2320279.232162116095424 ], [ 565450.695090512512252, 2320274.938593189232051 ] ], [ [ 563581.499385632458143, 2315673.427880364470184 ], [ 563208.088948090444319, 2314753.217207950539887 ], [ 564290.293669377570041, 2314757.354595104698092 ], [ 564663.682152250781655, 2315677.591224038042128 ], [ 563581.499385632458143, 2315673.427880364470184 ] ], [ [ 563955.052727615344338, 2316593.669001528527588 ], [ 562872.893504041014239, 2316589.549972722306848 ], [ 562499.318191958242096, 2315669.334809808060527 ], [ 563581.499385632458143, 2315673.427880364470184 ], [ 563955.052727615344338, 2316593.669001528527588 ] ], [ [ 572985.90646509884391, 2317549.632617171388119 ], [ 573359.570065248874016, 2318470.143866714090109 ], [ 571195.314229915151373, 2318460.746422743424773 ], [ 570821.60679742123466, 2317540.28762438101694 ], [ 572985.90646509884391, 2317549.632617171388119 ] ], [ [ 604071.549237846164033, 2322309.795307610183954 ], [ 602989.44882002286613, 2322303.053117385599762 ], [ 602615.781128678820096, 2321381.72349867131561 ], [ 603697.903246026718989, 2321388.438579245936126 ], [ 604071.549237846164033, 2322309.795307610183954 ] ], [ [ 631124.964890129864216, 2322501.263546513393521 ], [ 630042.79216672340408, 2322492.758672999218106 ], [ 629669.664353849017061, 2321570.742934253998101 ], [ 630751.858559918240644, 2321579.219999474007636 ], [ 631124.964890129864216, 2322501.263546513393521 ] ], [ [ 610153.204010211164132, 2318672.966585573274642 ], [ 613399.836939710308798, 2318694.768828124273568 ], [ 613772.838616351946257, 2319616.302380673587322 ], [ 612690.64646441838704, 2319608.937274768017232 ], [ 613063.812342814169824, 2320530.475401902571321 ], [ 608735.157811076962389, 2320501.610130087472498 ], [ 608361.905448246048763, 2319580.181041797157377 ], [ 610526.270491538452916, 2319594.418322198558599 ], [ 610153.204010211164132, 2318672.966585573274642 ] ], [ [ 613026.977867910638452, 2317773.267148019280285 ], [ 614109.215994384023361, 2317780.64804899925366 ], [ 614482.053488499601372, 2318702.1770273251459 ], [ 613399.836939710308798, 2318694.768828124273568 ], [ 613026.977867910638452, 2317773.267148019280285 ] ], [ [ 628214.466561183799058, 2320640.380756510421634 ], [ 627132.25724406610243, 2320632.072398172691464 ], [ 626759.37148150196299, 2319710.176807201001793 ], [ 627841.602285503409803, 2319718.457472566049546 ], [ 628214.466561183799058, 2320640.380756510421634 ] ], [ [ 634707.789953149389476, 2320691.71068271715194 ], [ 632543.335789014352486, 2320674.318837178871036 ], [ 632170.557374789728783, 2319752.284501467831433 ], [ 633252.804249246953987, 2319760.917356526479125 ], [ 632880.189764291513711, 2318838.887625581584871 ], [ 633962.461361915222369, 2318847.563090925104916 ], [ 634707.789953149389476, 2320691.71068271715194 ] ], [ [ 633590.010787086677738, 2317925.53796412749216 ], [ 635754.606765630189329, 2317943.044453129172325 ], [ 636127.014521627454087, 2318865.12526719039306 ], [ 633962.461361915222369, 2318847.563090925104916 ], [ 633590.010787086677738, 2317925.53796412749216 ] ], [ [ 637209.296137254452333, 2318874.011980594135821 ], [ 637581.824958525714464, 2319796.1532046739012 ], [ 636499.564745960989967, 2319787.238575971219689 ], [ 636127.014521627454087, 2318865.12526719039306 ], [ 637209.296137254452333, 2318874.011980594135821 ] ], [ [ 636872.257436184328981, 2320709.384411438368261 ], [ 635790.022016425267793, 2320700.512311059050262 ], [ 635417.307908068643883, 2319778.394392543938011 ], [ 636499.564745960989967, 2319787.238575971219689 ], [ 636872.257436184328981, 2320709.384411438368261 ] ], [ [ 562912.385188768035732, 2319346.251589508727193 ], [ 561830.295051584253088, 2319342.195275439415127 ], [ 561456.247015559696592, 2318421.940679321065545 ], [ 562538.359160208958201, 2318425.971002105623484 ], [ 562912.385188768035732, 2319346.251589508727193 ] ], [ [ 607279.72695830068551, 2319573.168026140891016 ], [ 606197.551120476098731, 2319566.225425523240119 ], [ 605824.398111028713174, 2318644.882385917473584 ], [ 606906.595593957463279, 2318651.797854149714112 ], [ 607279.72695830068551, 2319573.168026140891016 ] ], [ [ 639746.355614737374708, 2319814.193802950903773 ], [ 638664.088572529843077, 2319805.138279910665005 ], [ 638291.581145758042112, 2318882.969112514983863 ], [ 639373.869573907228187, 2318891.996664218604565 ], [ 639746.355614737374708, 2319814.193802950903773 ] ], [ [ 641910.900090823415667, 2319832.516197570133954 ], [ 640828.626111913355999, 2319823.319775074720383 ], [ 640456.16144847322721, 2318901.094636981841177 ], [ 641538.45679622690659, 2318910.263032088056207 ], [ 641910.900090823415667, 2319832.516197570133954 ] ], [ [ 598249.087497679167427, 2318598.444867104291916 ], [ 596084.735301854321733, 2318585.810434740036726 ], [ 595711.529801915050484, 2317664.741730165202171 ], [ 597875.925423655891791, 2317677.322431091219187 ], [ 598249.087497679167427, 2318598.444867104291916 ] ], [ [ 602506.151144004659727, 2313110.804938149172813 ], [ 602878.469829617999494, 2314031.931532073765993 ], [ 603960.772867609281093, 2314038.641535450238734 ], [ 604333.212600948987529, 2314959.826564217917621 ], [ 603250.931184303946793, 2314953.089604212902486 ], [ 603623.535205608815886, 2315874.279185995459557 ], [ 602541.277980486513115, 2315867.585541308857501 ], [ 602914.04630903666839, 2316788.779676353558898 ], [ 601831.813272624043748, 2316782.129372274503112 ], [ 602577.821255022194237, 2318624.558294276706874 ], [ 600413.449410701636225, 2318611.360817851033062 ], [ 599667.354729616898112, 2316769.039745677728206 ], [ 600749.582755074836314, 2316775.549395692069083 ], [ 600004.102156909182668, 2314933.300362003501505 ], [ 601086.375989068066701, 2314939.826504042837769 ], [ 600713.8713654873427, 2314018.722261482849717 ], [ 601796.169337839819491, 2314025.291774397250265 ], [ 601423.82902864611242, 2313104.192079680971801 ], [ 599259.192303191754036, 2313091.177012444473803 ], [ 598886.951411623856984, 2312170.162390770856291 ], [ 599969.29016697104089, 2312176.608002485707402 ], [ 599597.213596932706423, 2311255.597923331428319 ], [ 600679.576446748804301, 2311262.08691079961136 ], [ 601051.631397464079782, 2312183.123802268411964 ], [ 603216.321391095290892, 2312196.365969730075449 ], [ 603588.475796844810247, 2313117.488014426082373 ], [ 602506.151144004659727, 2313110.804938149172813 ] ], [ [ 597804.615104620577767, 2312163.786966212559491 ], [ 597060.518137185252272, 2310321.90515605174005 ], [ 598142.897711324039847, 2310328.227096973452717 ], [ 598886.951411623856984, 2312170.162390770856291 ], [ 597804.615104620577767, 2312163.786966212559491 ] ], [ [ 607615.828629657509737, 2317737.418101627379656 ], [ 608698.053047326160595, 2317744.447186497505754 ], [ 609070.998516784864478, 2318665.839952985756099 ], [ 607988.795720288297161, 2318658.783709509763867 ], [ 607615.828629657509737, 2317737.418101627379656 ] ], [ [ 608325.250211151433177, 2316823.086142432875931 ], [ 609407.49892300798092, 2316830.15843157004565 ], [ 609780.280153216910549, 2317751.546632563695312 ], [ 608698.053047326160595, 2317744.447186497505754 ], [ 608325.250211151433177, 2316823.086142432875931 ] ], [ [ 631797.921452463371679, 2318830.282573794946074 ], [ 630715.656399661675096, 2318821.747934347484261 ], [ 630343.141532220644876, 2317899.806128430645913 ], [ 631425.4280244827969, 2317908.313022247049958 ], [ 631797.921452463371679, 2318830.282573794946074 ] ], [ [ 644041.032719100476243, 2317093.614096689969301 ], [ 642958.684124194202013, 2317084.290560750756413 ], [ 642586.710817406768911, 2316162.079267285298556 ], [ 643669.080736036179587, 2316171.374780684243888 ], [ 644041.032719100476243, 2317093.614096689969301 ] ], [ [ 580150.652950666262768, 2313907.246845875866711 ], [ 581232.908144011395052, 2313912.481873344630003 ], [ 581605.803766869241372, 2314833.106665565166622 ], [ 582688.039173585595563, 2314838.438321326859295 ], [ 583061.055789421778172, 2315759.120461697690189 ], [ 580896.630611213040538, 2315748.474576687440276 ], [ 580150.652950666262768, 2313907.246845875866711 ] ], [ [ 592801.073901365045458, 2315810.506153385620564 ], [ 591718.840840180870146, 2315804.515473218634725 ], [ 591345.998335039010271, 2314883.620899052359164 ], [ 592428.253120428882539, 2314889.584899689536542 ], [ 592801.073901365045458, 2315810.506153385620564 ] ], [ [ 596047.786967370426282, 2315828.899952199310064 ], [ 594965.54693818220403, 2315822.698392014484853 ], [ 594220.134939006413333, 2313980.780272722244263 ], [ 595302.418357415706851, 2313986.92833620775491 ], [ 596047.786967370426282, 2315828.899952199310064 ] ], [ [ 599294.52141940058209, 2315847.926406776998192 ], [ 598212.274181200074963, 2315841.51395868929103 ], [ 597466.992297066026367, 2313999.435182081535459 ], [ 598549.282871891045943, 2314005.793966238386929 ], [ 599294.52141940058209, 2315847.926406776998192 ] ], [ [ 562125.885790806263685, 2314749.150066154077649 ], [ 561043.684170744149014, 2314745.153169142082334 ], [ 560297.20418546476867, 2312904.926529578864574 ], [ 561379.449731162167154, 2312908.871712991036475 ], [ 562125.885790806263685, 2314749.150066154077649 ] ], [ [ 576903.899165336973965, 2313891.963129068724811 ], [ 577986.148488115635701, 2313896.987474462483078 ], [ 578359.109555239556357, 2314817.533235177863389 ], [ 577276.882064929232001, 2314812.482601569965482 ], [ 576903.899165336973965, 2313891.963129068724811 ] ], [ [ 577240.654811751679517, 2312055.988320643547922 ], [ 578322.949692334164865, 2312061.030349076259881 ], [ 579068.399740964407101, 2313902.082046491559595 ], [ 577986.148488115635701, 2313896.987474462483078 ], [ 577240.654811751679517, 2312055.988320643547922 ] ], [ [ 583397.424588775611483, 2313923.16261550411582 ], [ 584479.685893769026734, 2313928.6083317049779 ], [ 583734.453718357603066, 2312087.29308188566938 ], [ 584816.760635777027346, 2312092.756151772104204 ], [ 585934.757777193095535, 2314854.854836054611951 ], [ 583770.276626356411725, 2314843.840234485454857 ], [ 583397.424588775611483, 2313923.16261550411582 ] ], [ [ 617320.798636871390045, 2315046.151780985295773 ], [ 615156.173182521830313, 2315031.061426234897226 ], [ 614783.949183599674143, 2314109.605296227149665 ], [ 616948.617680604220368, 2314124.641095635015517 ], [ 617320.798636871390045, 2315046.151780985295773 ] ], [ [ 643297.271176592679694, 2315249.168100584764034 ], [ 642214.879940748680383, 2315239.900580103043467 ], [ 641843.191496651852503, 2314317.754467241931707 ], [ 642925.604043206083588, 2314326.994024415966123 ], [ 643297.271176592679694, 2315249.168100584764034 ] ], [ [ 564999.276338230352849, 2313841.330091767013073 ], [ 563917.0480869183084, 2313837.148413470946252 ], [ 563543.945407343795523, 2312916.972648218274117 ], [ 564626.195591408293694, 2312921.12840117700398 ], [ 564999.276338230352849, 2313841.330091767013073 ] ], [ [ 593137.85385249054525, 2313974.702447710558772 ], [ 592055.575071075931191, 2313968.694860314019024 ], [ 591683.039755765697919, 2313047.836003972217441 ], [ 592765.340239605400711, 2313053.816943016834557 ], [ 593137.85385249054525, 2313974.702447710558772 ] ], [ [ 623070.784007152193226, 2313249.791757337749004 ], [ 624153.16196383908391, 2313257.809162720572203 ], [ 624525.050004220101982, 2314179.479603033512831 ], [ 623442.693497527507134, 2314171.434739897027612 ], [ 623070.784007152193226, 2313249.791757337749004 ] ], [ [ 623409.813510042848065, 2311414.564362748526037 ], [ 624492.237403431441635, 2311422.597123907878995 ], [ 625235.54299398988951, 2313265.896806684788316 ], [ 624153.16196383908391, 2313257.809162720572203 ], [ 623409.813510042848065, 2311414.564362748526037 ] ], [ [ 626317.927124406094663, 2313274.054690374061465 ], [ 626689.772290656343102, 2314195.780130098573864 ], [ 625607.409592998679727, 2314187.594732718542218 ], [ 625235.54299398988951, 2313265.896806684788316 ], [ 626317.927124406094663, 2313274.054690374061465 ] ], [ [ 629936.879304876783863, 2314220.757940026931465 ], [ 628854.507119798101485, 2314212.361732581164688 ], [ 628111.04498217778746, 2312368.832786160055548 ], [ 629193.459974644472823, 2312377.173827910330147 ], [ 629936.879304876783863, 2314220.757940026931465 ] ], [ [ 639306.788266204530373, 2313377.428422730416059 ], [ 640389.215139126987197, 2313386.499531363137066 ], [ 640760.782460951246321, 2314308.585196156986058 ], [ 639678.376909300102852, 2314299.486209864728153 ], [ 639306.788266204530373, 2313377.428422730416059 ] ], [ [ 640017.790261242887937, 2312464.446347461547703 ], [ 641100.241915905382484, 2312473.559836757369339 ], [ 641471.645487560890615, 2313395.640896764118224 ], [ 640389.215139126987197, 2313386.499531363137066 ], [ 640017.790261242887937, 2312464.446347461547703 ] ], [ [ 594929.948123038746417, 2313065.989451230037957 ], [ 593847.643019764684141, 2313059.868091817479581 ], [ 593475.293824017280713, 2312138.987121682614088 ], [ 594557.620605659903958, 2312145.081806521862745 ], [ 594929.948123038746417, 2313065.989451230037957 ] ], [ [ 607173.806841327692382, 2311302.494251586962491 ], [ 607545.732259420212358, 2312223.692602643277496 ], [ 606463.375615199794993, 2312216.755654770880938 ], [ 606835.465248238528147, 2313137.958559601567686 ], [ 605753.132822165265679, 2313131.064824192784727 ], [ 605009.053046186221763, 2311288.74448103364557 ], [ 607173.806841327692382, 2311302.494251586962491 ] ], [ [ 603926.680062683532014, 2311281.9748435462825 ], [ 603554.832580942078494, 2310360.888790875207633 ], [ 604637.227142347954214, 2310367.631533976644278 ], [ 605009.053046186221763, 2311288.74448103364557 ], [ 603926.680062683532014, 2311281.9748435462825 ] ], [ [ 609677.663843449670821, 2309481.181074576452374 ], [ 610760.095876618986949, 2309488.317621824797243 ], [ 611131.649875535746105, 2310409.560903090983629 ], [ 612214.063142132246867, 2310416.794625578913838 ], [ 611471.140781603986397, 2308574.285558653995395 ], [ 612553.599824785254896, 2308581.535278181079775 ], [ 612924.968201576150022, 2309502.801062286831439 ], [ 615089.851716832024977, 2309517.564970875624567 ], [ 615832.930329060298391, 2311360.300086592324078 ], [ 614750.530134715256281, 2311352.828755703289062 ], [ 615122.304827403160743, 2312274.216746086254716 ], [ 614039.928980943397619, 2312266.788414024747908 ], [ 614411.867782260873355, 2313188.18096934305504 ], [ 612247.167584644514136, 2313173.480581160634756 ], [ 611875.185731989331543, 2312252.142351294867694 ], [ 610792.818275885772891, 2312244.924618557095528 ], [ 610049.239361553336494, 2310402.397323503624648 ], [ 608966.831573372357525, 2310395.303885803557932 ], [ 607852.468345275148749, 2307631.830704046413302 ], [ 608934.940697579993866, 2307638.843216867186129 ], [ 609677.663843449670821, 2309481.181074576452374 ] ], [ [ 618741.302379023865797, 2313218.424499112647027 ], [ 617658.939387642545626, 2313210.758269842714071 ], [ 617287.065098311635666, 2312289.28401685366407 ], [ 618369.449576373561285, 2312296.922957687173039 ], [ 618741.302379023865797, 2313218.424499112647027 ] ], [ [ 621988.409097129479051, 2313241.84458940429613 ], [ 620906.03720696689561, 2313233.967657795641571 ], [ 620534.227351734181866, 2312312.411455655004829 ], [ 621616.62070264632348, 2312320.26101497747004 ], [ 621988.409097129479051, 2313241.84458940429613 ] ], [ [ 631729.895218538236804, 2313315.8977453825064 ], [ 630647.495184763218276, 2313307.388645579107106 ], [ 630275.878165992326103, 2312385.585086072329432 ], [ 631358.299583029700443, 2312394.066561833955348 ], [ 631729.895218538236804, 2313315.8977453825064 ] ], [ [ 564253.257743437890895, 2312000.957125525921583 ], [ 563170.985633114585653, 2311996.827268451917917 ], [ 562425.494810567004606, 2310156.627541937399656 ], [ 563507.810753926984034, 2310160.705695540178567 ], [ 564253.257743437890895, 2312000.957125525921583 ] ], [ [ 572538.874235383816995, 2311116.173087366856635 ], [ 573621.183466983726248, 2311120.90831946535036 ], [ 573993.78153687750455, 2312041.283258691430092 ], [ 572911.494144883588888, 2312036.521910180337727 ], [ 572538.874235383816995, 2311116.173087366856635 ] ], [ [ 572876.415865657967515, 2309280.250264313071966 ], [ 573958.770562296384014, 2309285.003437464125454 ], [ 574703.494521655258723, 2311125.713692719116807 ], [ 573621.183466983726248, 2311120.90831946535036 ], [ 572876.415865657967515, 2309280.250264313071966 ] ], [ [ 573214.617977958638221, 2307444.415524671785533 ], [ 574297.018104963004589, 2307449.186646036803722 ], [ 575041.127091064699925, 2309289.826696862466633 ], [ 573958.770562296384014, 2309285.003437464125454 ], [ 573214.617977958638221, 2307444.415524671785533 ] ], [ [ 582652.148874076316133, 2312081.900187447667122 ], [ 580487.545297725475393, 2312071.324921874795109 ], [ 580115.078079211292788, 2311150.792700415477157 ], [ 582279.725201869150624, 2311161.315316105727106 ], [ 582652.148874076316133, 2312081.900187447667122 ] ], [ [ 627028.63316178531386, 2312360.561959641985595 ], [ 625946.224486656719819, 2312352.36134718824178 ], [ 625574.664379854686558, 2311430.700068856589496 ], [ 626657.094466124195606, 2311438.873198738787323 ], [ 627028.63316178531386, 2312360.561959641985595 ] ], [ [ 577950.438892132136971, 2311140.550666245631874 ], [ 576868.122207424370572, 2311135.534865414723754 ], [ 576495.732428947114386, 2310215.112116596195847 ], [ 577578.070911285001785, 2310220.101719269528985 ], [ 577950.438892132136971, 2311140.550666245631874 ] ], [ [ 592020.741206266568042, 2311212.139446196611971 ], [ 590938.397337065078318, 2311206.21171538438648 ], [ 590194.325883945799433, 2309364.711784153711051 ], [ 591276.713112517725676, 2309370.586424605920911 ], [ 592020.741206266568042, 2311212.139446196611971 ] ], [ [ 595267.786593614611775, 2311230.343566310591996 ], [ 594185.435807734145783, 2311224.205370807554573 ], [ 593813.393731712712906, 2310303.36011283332482 ], [ 594895.766174193588085, 2310309.471664860378951 ], [ 595267.786593614611775, 2311230.343566310591996 ] ], [ [ 619419.653176553314552, 2309547.934225981123745 ], [ 620502.110870699514635, 2309555.701845572330058 ], [ 621244.974865120486356, 2311398.709387262351811 ], [ 620162.560059961862862, 2311390.887170696165413 ], [ 619419.653176553314552, 2309547.934225981123745 ] ], [ [ 618337.19844091613777, 2309540.236729799304157 ], [ 617965.937410782789811, 2308618.835233245044947 ], [ 619048.413589796167798, 2308626.505503124091774 ], [ 619419.653176553314552, 2309547.934225981123745 ], [ 618337.19844091613777, 2309540.236729799304157 ] ], [ [ 619759.817133372300304, 2307712.821711807046086 ], [ 620842.320658555603586, 2307720.604920982383192 ], [ 621584.571550176478922, 2309563.539589668624103 ], [ 620502.110870699514635, 2309555.701845572330058 ], [ 619759.817133372300304, 2307712.821711807046086 ] ], [ [ 628821.964075460215099, 2311455.430017936043441 ], [ 627739.527689054375514, 2311447.116514710243791 ], [ 627368.152916306979023, 2310525.432335502933711 ], [ 628450.6106901478488, 2310533.718329733237624 ], [ 628821.964075460215099, 2311455.430017936043441 ] ], [ [ 637481.572269474854693, 2311524.464927971828729 ], [ 636399.109609959996305, 2311515.589883578941226 ], [ 636027.905696383910254, 2310593.684848743956536 ], [ 637110.389674741309136, 2310602.53216019179672 ], [ 637481.572269474854693, 2311524.464927971828729 ] ], [ [ 572166.397177713923156, 2310195.854853199329227 ], [ 571084.067900387919508, 2310191.215820773039013 ], [ 570711.711861506104469, 2309270.954174075741321 ], [ 571794.062974332366139, 2309275.56717673689127 ], [ 572166.397177713923156, 2310195.854853199329227 ] ], [ [ 583328.096682914998382, 2308410.390972741879523 ], [ 583700.048495657974854, 2309330.935960830189288 ], [ 584782.422720272908919, 2309336.390028316993266 ], [ 585154.495589044527151, 2310256.99223022442311 ], [ 582989.792680618003942, 2310246.101488964632154 ], [ 582245.702800186118111, 2308405.033304166514426 ], [ 583328.096682914998382, 2308410.390972741879523 ] ], [ [ 581163.310955283464864, 2308399.745699749328196 ], [ 581535.306240019388497, 2309320.238103312440217 ], [ 578288.207938289036974, 2309304.716999407857656 ], [ 577916.147379296715371, 2308384.303264020942152 ], [ 578998.533271660096943, 2308389.380680408794433 ], [ 578626.637293321895413, 2307468.971451810561121 ], [ 579709.046894630067982, 2307474.092736828140914 ], [ 579337.315477560972795, 2306553.688015046063811 ], [ 581502.18409668689128, 2306564.088279127143323 ], [ 581130.638942415243946, 2305643.661874015349895 ], [ 582213.097980896942317, 2305648.94080049591139 ], [ 581841.717333799460903, 2304728.518903767224401 ], [ 580759.23658973001875, 2304723.266165890730917 ], [ 580387.977041081176139, 2303802.901123822201043 ], [ 581470.479484237032011, 2303808.127702452242374 ], [ 580728.432187507976778, 2301967.437262408435345 ], [ 581810.980012215906754, 2301972.681480758357793 ], [ 582552.983947920263745, 2303813.42420690599829 ], [ 585800.509730645571835, 2303829.733282747678459 ], [ 585429.501363227027468, 2302909.267948142252862 ], [ 583264.438768109655939, 2302898.377757860347629 ], [ 582152.140441844123416, 2300137.32314765220508 ], [ 583234.735652651637793, 2300142.654828540049493 ], [ 582493.960688625113107, 2298302.052641826681793 ], [ 583576.601221409393474, 2298307.401920967269689 ], [ 583946.895682259928435, 2299227.713809913955629 ], [ 585029.516674152691849, 2299233.158973451703787 ], [ 585399.932298687752336, 2300153.527641520369798 ], [ 587565.137423110660166, 2300164.679727915674448 ], [ 588306.310525195673108, 2302005.614107257686555 ], [ 587223.750119112897664, 2301999.950651795137674 ], [ 586853.070569233386777, 2301079.494339609518647 ], [ 585770.490700477501377, 2301073.92699711676687 ], [ 587625.424282720079646, 2305676.385169999673963 ], [ 584378.022199228871614, 2305659.70859857974574 ], [ 584006.684936837875284, 2304739.234241189900786 ], [ 582924.200107219745405, 2304733.841595282778144 ], [ 583667.060796478763223, 2306574.768577313050628 ], [ 582584.621423083357513, 2306569.393423583824188 ], [ 582956.287657905486412, 2307489.87680400069803 ], [ 581873.872050094068982, 2307484.545412184670568 ], [ 582245.702800186118111, 2308405.033304166514426 ], [ 581163.310955283464864, 2308399.745699749328196 ] ], [ [ 585831.945791599224322, 2306585.728915640618652 ], [ 586203.546923583257012, 2307506.291205072775483 ], [ 584038.705321539076976, 2307495.278232910204679 ], [ 583667.060796478763223, 2306574.768577313050628 ], [ 585831.945791599224322, 2306585.728915640618652 ] ], [ [ 586947.177497171680443, 2309347.508444599341601 ], [ 588029.558103090035729, 2309353.172794966492802 ], [ 588401.565836974536069, 2310273.854254136793315 ], [ 587319.206933878362179, 2310268.163456846959889 ], [ 586947.177497171680443, 2309347.508444599341601 ] ], [ [ 587657.693128499318846, 2308432.522303916048259 ], [ 588740.097602672874928, 2308438.230304837692529 ], [ 589111.940889741526917, 2309358.907241214066744 ], [ 588029.558103090035729, 2309353.172794966492802 ], [ 587657.693128499318846, 2308432.522303916048259 ] ], [ [ 602472.440584449563175, 2310354.216183794662356 ], [ 601390.051126056467183, 2310347.613711792510003 ], [ 601018.303141195210628, 2309426.612716980278492 ], [ 602100.714188441517763, 2309433.188379853032529 ], [ 602472.440584449563175, 2310354.216183794662356 ] ], [ [ 617626.171702905325219, 2310454.015417649410665 ], [ 616543.744270990369841, 2310446.430965127423406 ], [ 615800.993795052636415, 2308603.704975545872003 ], [ 616883.464154811576009, 2308611.235057743266225 ], [ 617626.171702905325219, 2310454.015417649410665 ] ], [ [ 624120.798416763893329, 2310500.995303843170404 ], [ 623038.353101512184367, 2310492.989939794875681 ], [ 622667.035241808975115, 2309571.447459380608052 ], [ 623749.5019724216545, 2309579.425455824937671 ], [ 624120.798416763893329, 2310500.995303843170404 ] ], [ [ 631326.85643135686405, 2309637.235075417440385 ], [ 633491.843728007283062, 2309654.383316124789417 ], [ 632750.063002786948346, 2307810.845071839634329 ], [ 633832.604237927123904, 2307819.469192975200713 ], [ 634945.425087463343516, 2310584.907706222496927 ], [ 631698.003209112910554, 2310558.99727984983474 ], [ 631326.85643135686405, 2309637.235075417440385 ] ], [ [ 577205.845752245979384, 2309299.68347713816911 ], [ 576123.485478775342926, 2309294.720043189823627 ], [ 575751.381359366117977, 2308374.358614221680909 ], [ 576833.763417472830042, 2308379.295908861327916 ], [ 577205.845752245979384, 2309299.68347713816911 ] ], [ [ 603522.605396758881398, 2307604.481214589904994 ], [ 605687.531632540514693, 2307618.015848900657147 ], [ 606058.886460313922726, 2308539.088262078817934 ], [ 604976.443587193032727, 2308532.259056010749191 ], [ 605347.962613683659583, 2309453.336015377659351 ], [ 604265.543897867435589, 2309446.550028107129037 ], [ 603522.605396758881398, 2307604.481214589904994 ] ], [ [ 627708.331470880075358, 2308690.3911919654347 ], [ 628790.835164582473226, 2308698.692361230496317 ], [ 629161.882149012060836, 2309620.367378847673535 ], [ 628079.399821141269058, 2309612.038731628097594 ], [ 627708.331470880075358, 2308690.3911919654347 ] ], [ [ 628419.930694824783131, 2307777.049399918410927 ], [ 629502.458930600783788, 2307785.393198404461145 ], [ 629873.342049621162005, 2308707.063636161386967 ], [ 628790.835164582473226, 2308698.692361230496317 ], [ 628419.930694824783131, 2307777.049399918410927 ] ], [ [ 626254.883744684047997, 2307760.572034841869026 ], [ 625884.079077799455263, 2306839.015908230561763 ], [ 628049.168742173700593, 2306855.438463295809925 ], [ 628419.930694824783131, 2307777.049399918410927 ], [ 626254.883744684047997, 2307760.572034841869026 ] ], [ [ 637821.858222674112767, 2309689.521468896884471 ], [ 636739.349544270080514, 2309680.631718697957695 ], [ 636368.451880495413207, 2308758.7635717256926 ], [ 637450.981856180471368, 2308767.625620018225163 ], [ 637821.858222674112767, 2309689.521468896884471 ] ], [ [ 596656.502710568136536, 2306644.731431869789958 ], [ 596285.260724613443017, 2305723.935442307963967 ], [ 597367.750739939510822, 2305730.194181572180241 ], [ 598110.334235351998359, 2307571.870545130223036 ], [ 597027.88740466197487, 2307565.558560926001519 ], [ 597399.414804448490031, 2308486.416860654484481 ], [ 596316.991989172296599, 2308480.148285511881113 ], [ 595574.036680152406916, 2306638.516104763839394 ], [ 596656.502710568136536, 2306644.731431869789958 ] ], [ [ 595202.773096378426999, 2305717.746695100329816 ], [ 594831.652229687897488, 2304797.008364383596927 ], [ 593749.14536163082812, 2304790.91613100329414 ], [ 593378.145620893570594, 2303870.235341385938227 ], [ 595543.204886889550835, 2303882.436757074669003 ], [ 596285.260724613443017, 2305723.935442307963967 ], [ 595202.773096378426999, 2305717.746695100329816 ] ], [ [ 598450.243169200606644, 2305736.522913778200746 ], [ 599532.73803923651576, 2305742.921639820095152 ], [ 600646.69783764029853, 2308505.643043637275696 ], [ 599564.267701858654618, 2308499.16423881566152 ], [ 598450.243169200606644, 2305736.522913778200746 ] ], [ [ 598790.811624946305528, 2303901.263405300676823 ], [ 599873.35206878837198, 2303907.678831500466913 ], [ 600615.235376886092126, 2305749.390360603574663 ], [ 599532.73803923651576, 2305742.921639820095152 ], [ 598790.811624946305528, 2303901.263405300676823 ] ], [ [ 597708.273631249554455, 2303894.917918093502522 ], [ 597337.502914742799476, 2302974.162093083374202 ], [ 598420.062460516463034, 2302980.481004937086254 ], [ 598790.811624946305528, 2303901.263405300676823 ], [ 597708.273631249554455, 2303894.917918093502522 ] ], [ [ 599132.039518509758636, 2302066.091956774704158 ], [ 600214.625502079143189, 2302072.52409002976492 ], [ 600955.894989633816294, 2303914.164197599049658 ], [ 599873.35206878837198, 2303907.678831500466913 ], [ 599132.039518509758636, 2302066.091956774704158 ] ], [ [ 641781.136087175342254, 2308803.77497998951003 ], [ 640698.592326519545168, 2308794.632462431211025 ], [ 640327.922243723180145, 2307872.685720560606569 ], [ 641410.487261008704081, 2307881.800453657284379 ], [ 641781.136087175342254, 2308803.77497998951003 ] ], [ [ 576461.823909420520067, 2307458.938983477186412 ], [ 575379.420073173940182, 2307454.027798743918538 ], [ 575007.60162265622057, 2306533.727565831970423 ], [ 576090.027230544481426, 2306538.612670048605651 ], [ 576461.823909420520067, 2307458.938983477186412 ] ], [ [ 616512.324258877430111, 2307689.892491579521447 ], [ 615429.832444952102378, 2307682.389550334773958 ], [ 615058.813690012902953, 2306761.105796240735799 ], [ 616141.326951603288762, 2306768.581625987309963 ], [ 616512.324258877430111, 2307689.892491579521447 ] ], [ [ 639245.360704403487034, 2307863.641078673768789 ], [ 638162.802616211469285, 2307854.666526717599481 ], [ 637792.232453110860661, 2306932.807559757959098 ], [ 635627.083962761447765, 2306915.124034404754639 ], [ 634886.285940984496847, 2305071.613294614478946 ], [ 635968.901040713652037, 2305080.364830180071294 ], [ 636339.20754214306362, 2306002.131700194906443 ], [ 638504.405367031227797, 2306019.900034700985998 ], [ 639245.360704403487034, 2307863.641078673768789 ] ], [ [ 591955.324265824630857, 2305699.600397121161222 ], [ 591213.095618445193395, 2303858.313664126675576 ], [ 592295.619475152459927, 2303864.239535877015442 ], [ 593037.80489382520318, 2305705.579173367936164 ], [ 594120.287828396307305, 2305711.627939075697213 ], [ 594491.573018744704314, 2306632.370796701870859 ], [ 591244.195980220218189, 2306614.354978145100176 ], [ 590872.84591755294241, 2305693.691609491594136 ], [ 591955.324265824630857, 2305699.600397121161222 ] ], [ [ 590130.574023922905326, 2303852.457725294400007 ], [ 589759.652197845862247, 2302931.887147660367191 ], [ 590842.195405743317679, 2302937.716706138569862 ], [ 591213.095618445193395, 2303858.313664126675576 ], [ 590130.574023922905326, 2303852.457725294400007 ] ], [ [ 590501.638597972225398, 2304773.059202226810157 ], [ 589419.140867435489781, 2304767.246813617646694 ], [ 589048.054664731724188, 2303846.671718553639948 ], [ 590130.574023922905326, 2303852.457725294400007 ], [ 590501.638597972225398, 2304773.059202226810157 ] ], [ [ 607481.299214018392377, 2306710.735948574729264 ], [ 606398.808017551433295, 2306703.820381065830588 ], [ 605656.854672219022177, 2304861.778827878180891 ], [ 606739.388883308041841, 2304868.640707343816757 ], [ 606368.647688732016832, 2303947.640159018803388 ], [ 607451.206035502487794, 2303954.545184115413576 ], [ 606710.194558301474899, 2302112.584508331958205 ], [ 607792.798510879394598, 2302119.505856656469405 ], [ 608163.211459131212905, 2303040.497322504408658 ], [ 609245.796627692179754, 2303047.515387397725135 ], [ 609987.007504881010391, 2304889.646190364845097 ], [ 611069.552464334527031, 2304896.78796954639256 ], [ 611440.350377563387156, 2305817.927485291380435 ], [ 607110.272725882707164, 2305789.672626772429794 ], [ 607481.299214018392377, 2306710.735948574729264 ] ], [ [ 607422.528204922797158, 2301198.545726973563433 ], [ 608505.156283936346881, 2301205.510171494912356 ], [ 608875.405137918191031, 2302126.497096683830023 ], [ 607792.798510879394598, 2302119.505856656469405 ], [ 607422.528204922797158, 2301198.545726973563433 ] ], [ [ 608135.050068180426024, 2300284.554580619558692 ], [ 609217.702276632538997, 2300291.562095864675939 ], [ 609587.787055598804727, 2301212.544480802956969 ], [ 608505.156283936346881, 2301205.510171494912356 ], [ 608135.050068180426024, 2300284.554580619558692 ] ], [ [ 617223.843092106282711, 2306776.127493164967746 ], [ 616482.319111792836338, 2304933.546547431498766 ], [ 617564.880999274784699, 2304941.108206680044532 ], [ 618306.362138362484984, 2306783.74339884147048 ], [ 617223.843092106282711, 2306776.127493164967746 ] ], [ [ 615399.760112775955349, 2304926.054870809428394 ], [ 614658.763657808653079, 2303083.654541046824306 ], [ 615741.365489322575741, 2303091.09214476775378 ], [ 616482.319111792836338, 2304933.546547431498766 ], [ 615399.760112775955349, 2304926.054870809428394 ] ], [ [ 621553.936980045982637, 2306807.011357679497451 ], [ 620471.409055491676554, 2306799.185330007225275 ], [ 620100.640017503988929, 2305877.79752594884485 ], [ 621183.189340023323894, 2305885.596331859007478 ], [ 621553.936980045982637, 2306807.011357679497451 ] ], [ [ 624801.538939749822021, 2306830.909702360630035 ], [ 622636.467917713336647, 2306814.907428216654807 ], [ 622265.741667033173144, 2305893.465152682270855 ], [ 624430.855441908468492, 2305909.412843526341021 ], [ 624801.538939749822021, 2306830.909702360630035 ] ], [ [ 578965.726872624945827, 2305633.313962443266064 ], [ 577883.273787638405338, 2305628.244975890032947 ], [ 577511.806265197694302, 2304707.927666713949293 ], [ 578594.281082272995263, 2304712.970548090990633 ], [ 578965.726872624945827, 2305633.313962443266064 ] ], [ [ 602409.267651363392361, 2304841.613020524848253 ], [ 603491.794083093642257, 2304848.264985424466431 ], [ 603862.742463956470601, 2305769.216500595211983 ], [ 602780.237562404712662, 2305762.537790061440319 ], [ 602409.267651363392361, 2304841.613020524848253 ] ], [ [ 602750.325326328747906, 2303006.455772634595633 ], [ 603832.897347754565999, 2303013.124249221291393 ], [ 604574.323081096168607, 2304854.986920891795307 ], [ 603491.794083093642257, 2304848.264985424466431 ], [ 602750.325326328747906, 2303006.455772634595633 ] ], [ [ 614687.937532674637623, 2305839.853681845590472 ], [ 612522.876630588551052, 2305825.166210763156414 ], [ 612152.100177999935113, 2304903.999726157169789 ], [ 614317.203975370735861, 2304918.633175754453987 ], [ 614687.937532674637623, 2305839.853681845590472 ] ], [ [ 632008.852241890970618, 2305967.435398009605706 ], [ 626595.981556901941076, 2305925.640607501380146 ], [ 626225.483305954025127, 2305004.120985602028668 ], [ 628390.66464687010739, 2305020.574083742685616 ], [ 628020.351584841264412, 2304099.031673130579293 ], [ 630185.58828477433417, 2304115.70994983240962 ], [ 630555.858723126468249, 2305037.30716162128374 ], [ 631638.460604141117074, 2305045.778695915360004 ], [ 632008.852241890970618, 2305967.435398009605706 ] ], [ [ 638846.666392097482458, 2304185.221926097292453 ], [ 641011.969820249942131, 2304203.299686681013554 ], [ 641382.027653699507937, 2305125.172583916224539 ], [ 640299.395426336792298, 2305116.071018840186298 ], [ 640669.61692816100549, 2306037.948504830244929 ], [ 639587.009417141554877, 2306028.889252178370953 ], [ 638846.666392097482458, 2304185.221926097292453 ] ], [ [ 574233.186359644168988, 2301937.439201225526631 ], [ 576398.260648883529939, 2301947.159083731472492 ], [ 577140.481566290603951, 2303787.640935533680022 ], [ 576057.986936755361967, 2303782.694052907638252 ], [ 576429.333370097796433, 2304702.954736064188182 ], [ 575346.862370131071657, 2304698.051755438558757 ], [ 574233.186359644168988, 2301937.439201225526631 ] ], [ [ 621524.716831609839574, 2304050.676013116724789 ], [ 622607.31493188906461, 2304058.560382925905287 ], [ 622977.734703419730067, 2304979.966280087362975 ], [ 621895.157970853848383, 2304972.054691471159458 ], [ 621524.716831609839574, 2304050.676013116724789 ] ], [ [ 621866.903049832209945, 2302215.843899646308273 ], [ 619701.624414326623082, 2302200.253763041924685 ], [ 618961.697366151027381, 2300357.772559589706361 ], [ 620044.37789258453995, 2300365.478499805089086 ], [ 620414.24877978686709, 2301286.730360898654908 ], [ 621496.910944166127592, 2301294.533250693697482 ], [ 621127.061398649821058, 2300373.254288349300623 ], [ 622209.747911226353608, 2300381.099926321767271 ], [ 622949.546889754827134, 2302223.743825386743993 ], [ 626197.496820626780391, 2302247.863045796751976 ], [ 626937.738011182751507, 2304090.797485802788287 ], [ 624772.520282182726078, 2304074.539007371757179 ], [ 624402.285760093014687, 2303153.110428376123309 ], [ 623319.660207048407756, 2303145.113380282185972 ], [ 623689.916073126951233, 2304066.51471396908164 ], [ 622607.31493188906461, 2304058.560382925905287 ], [ 621866.903049832209945, 2302215.843899646308273 ] ], [ [ 620442.121745433076285, 2304042.861603426281363 ], [ 618276.940507960738614, 2304027.442659993190318 ], [ 617906.577792731812224, 2303106.177133555524051 ], [ 618989.188318348606117, 2303113.824520756024867 ], [ 618618.989565006573685, 2302192.563549972139299 ], [ 619701.624414326623082, 2302200.253763041924685 ], [ 620442.121745433076285, 2304042.861603426281363 ] ], [ [ 621840.062254849472083, 2299459.825519390869886 ], [ 622922.77311877370812, 2299467.713880107738078 ], [ 623292.437457191757858, 2300389.015414833556861 ], [ 622209.747911226353608, 2300381.099926321767271 ], [ 621840.062254849472083, 2299459.825519390869886 ] ], [ [ 622553.25133233924862, 2298546.444027993828058 ], [ 623635.986550783971325, 2298554.375086012296379 ], [ 623266.628615098074079, 2297633.109788106288761 ], [ 624349.388191243982874, 2297641.083517971914262 ], [ 624718.724839187576436, 2298562.375940904486924 ], [ 627966.958393081673421, 2298586.797298189718276 ], [ 628705.931628721416928, 2300429.64065500209108 ], [ 627623.226512587163597, 2300421.375896805431694 ], [ 627253.64736004138831, 2299499.965571324340999 ], [ 626170.924128117505461, 2299491.797908997628838 ], [ 626540.524564248276874, 2300413.180994844529778 ], [ 625457.825756823294796, 2300405.055947960354388 ], [ 625827.590021667303517, 2301326.443594829179347 ], [ 624744.915635543642566, 2301318.361188804265112 ], [ 624005.487034369492903, 2299475.67206452973187 ], [ 622922.77311877370812, 2299467.713880107738078 ], [ 622553.25133233924862, 2298546.444027993828058 ] ], [ [ 629788.639939531101845, 2300437.975270602852106 ], [ 630158.31906114355661, 2301359.472049415111542 ], [ 629075.632023275829852, 2301351.110108869150281 ], [ 628705.931628721416928, 2300429.64065500209108 ], [ 629788.639939531101845, 2300437.975270602852106 ] ], [ [ 638134.141382472240366, 2305098.0779127208516 ], [ 637051.519512258237228, 2305089.186369132716209 ], [ 636681.37673936446663, 2304167.424082109704614 ], [ 637764.019857233390212, 2304176.288015161640942 ], [ 638134.141382472240366, 2305098.0779127208516 ] ], [ [ 610328.384506260044873, 2303054.603372890502214 ], [ 611410.975121693918481, 2303061.761279984842986 ], [ 611040.626522848033346, 2302140.689255813136697 ], [ 612123.24133446905762, 2302147.89017692161724 ], [ 612864.038281088578515, 2303990.119527355767787 ], [ 610698.897173087927513, 2303975.679942512884736 ], [ 610328.384506260044873, 2303054.603372890502214 ] ], [ [ 634516.100647154613398, 2304149.906144649256021 ], [ 631268.211464764666744, 2304124.154041565023363 ], [ 630898.104826185852289, 2303202.561403390020132 ], [ 634146.057834597304463, 2303228.231099146883935 ], [ 634516.100647154613398, 2304149.906144649256021 ] ], [ [ 573521.756226386060007, 2302852.831842283252627 ], [ 572439.245420642779209, 2302848.120659595821053 ], [ 572068.119437281158753, 2301927.99878255976364 ], [ 573150.651991033460945, 2301932.684059249702841 ], [ 573521.756226386060007, 2302852.831842283252627 ] ], [ [ 639559.379764020675793, 2303272.412865163292736 ], [ 637394.040793741005473, 2303254.530310369562358 ], [ 637024.204194425838068, 2302332.804766714107245 ], [ 639189.585608381195925, 2302350.632134134881198 ], [ 639559.379764020675793, 2303272.412865163292736 ] ], [ [ 641354.980837017530575, 2302368.739199134986848 ], [ 640272.28148242784664, 2302359.650703800842166 ], [ 639902.650982905179262, 2301437.874554838985205 ], [ 642068.095579033019021, 2301456.066175830550492 ], [ 642807.414253056282178, 2303299.761343616060913 ], [ 641724.732583071454428, 2303290.575229587499052 ], [ 641354.980837017530575, 2302368.739199134986848 ] ], [ [ 589018.236799392732792, 2301090.838566286489367 ], [ 590100.823214530479163, 2301096.615452075842768 ], [ 589360.02201851492282, 2299255.637540721334517 ], [ 590442.653833195683546, 2299261.431664791889489 ], [ 591554.004996363888495, 2302023.023730483371764 ], [ 589388.873122189077549, 2302011.347438318189234 ], [ 589018.236799392732792, 2301090.838566286489367 ] ], [ [ 602379.804955303436145, 2302085.598012637812644 ], [ 601297.213972055586055, 2302079.026108344551176 ], [ 600926.814771684119478, 2301158.226165888365358 ], [ 602009.427259096410125, 2301164.771442031022161 ], [ 602379.804955303436145, 2302085.598012637812644 ] ], [ [ 603092.042277932399884, 2301171.386577197816223 ], [ 604174.659855062374845, 2301178.071572325192392 ], [ 604544.994569070753641, 2302098.951482887379825 ], [ 603462.398478685994633, 2302092.239803838543594 ], [ 603092.042277932399884, 2301171.386577197816223 ] ], [ [ 603434.418422222603112, 2299336.405370893888175 ], [ 604517.081521088955924, 2299343.106891312636435 ], [ 603777.453675255645066, 2297501.512090380303562 ], [ 604860.162261925055645, 2297508.230142735410482 ], [ 605599.747214601375163, 2299349.878217808902264 ], [ 606682.415529638063163, 2299356.719351340085268 ], [ 607052.400543697876856, 2300277.616902257315814 ], [ 604887.109439134597778, 2300263.951052265707403 ], [ 605257.280017355573364, 2301184.826428358443081 ], [ 604174.659855062374845, 2301178.071572325192392 ], [ 603434.418422222603112, 2299336.405370893888175 ] ], [ [ 604121.147953107836656, 2295666.706672294996679 ], [ 605203.901993668288924, 2295673.441263129934669 ], [ 605942.873452737461776, 2297515.01794634340331 ], [ 604860.162261925055645, 2297508.230142735410482 ], [ 604121.147953107836656, 2295666.706672294996679 ] ], [ [ 614631.004519147332758, 2300327.647260366007686 ], [ 616796.34514466219116, 2300342.570219795685261 ], [ 617536.357658819993958, 2302184.943238938227296 ], [ 615371.102568362723105, 2302169.912318674847484 ], [ 614631.004519147332758, 2300327.647260366007686 ] ], [ [ 616056.902984927291982, 2298500.323352082632482 ], [ 617139.620348324184306, 2298507.835652077570558 ], [ 617879.019792469567619, 2300350.136466613505036 ], [ 616796.34514466219116, 2300342.570219795685261 ], [ 616056.902984927291982, 2298500.323352082632482 ] ], [ [ 616031.590590317500755, 2295744.620637143030763 ], [ 617114.374861014075577, 2295752.121943267062306 ], [ 616745.338113447534852, 2294831.086265780497342 ], [ 617828.146605027606711, 2294838.630382059607655 ], [ 618566.320058868732303, 2296680.787001427728683 ], [ 617483.554196301032789, 2296673.189061056356877 ], [ 618222.340620337752625, 2298515.417742361314595 ], [ 617139.620348324184306, 2298507.835652077570558 ], [ 616031.590590317500755, 2295744.620637143030763 ] ], [ [ 572779.690606065327302, 2301012.566673778928816 ], [ 571697.136310806963593, 2301007.907273781951517 ], [ 570955.598638327559456, 2299167.815238103736192 ], [ 572038.19639709382318, 2299172.422972566448152 ], [ 571297.273619060171768, 2297332.400492984801531 ], [ 572379.916585867293179, 2297337.026405336335301 ], [ 573491.44990133412648, 2300097.183017434552312 ], [ 572408.872073936508968, 2300092.479655124247074 ], [ 572779.690606065327302, 2301012.566673778928816 ] ], [ [ 594431.191502392524853, 2301120.421497410163283 ], [ 593348.595982593018562, 2301114.365209076553583 ], [ 592978.188737943186425, 2300193.781806886196136 ], [ 594060.805816545733251, 2300199.811691470909864 ], [ 594431.191502392524853, 2301120.421497410163283 ] ], [ [ 613918.33760617300868, 2301241.380385945085436 ], [ 612835.695795196224935, 2301234.066607443615794 ], [ 612095.797368594328873, 2299391.972158746328205 ], [ 613178.481977322371677, 2299399.232155158184469 ], [ 613918.33760617300868, 2301241.380385945085436 ] ], [ [ 633036.784308843663894, 2300463.39827367477119 ], [ 635202.230354610946961, 2300480.696251290850341 ], [ 635571.803239924833179, 2301402.33007458364591 ], [ 633406.399663017131388, 2301384.977195207960904 ], [ 633036.784308843663894, 2300463.39827367477119 ] ], [ [ 634463.512020274065435, 2298637.52468426246196 ], [ 635546.28248737368267, 2298646.223571774084121 ], [ 636284.958398009184748, 2300489.450036425609142 ], [ 635202.230354610946961, 2300480.696251290850341 ], [ 634463.512020274065435, 2298637.52468426246196 ] ], [ [ 633380.744892062502913, 2298628.895605387631804 ], [ 632642.554074181942269, 2296785.906658711843193 ], [ 633725.363617132068612, 2296794.481013351120055 ], [ 634463.512020274065435, 2298637.52468426246196 ], [ 633380.744892062502913, 2298628.895605387631804 ] ], [ [ 631559.747826135251671, 2296777.40205551404506 ], [ 630822.084579070331529, 2294934.595187061000615 ], [ 631904.933232902432792, 2294943.045239275787026 ], [ 631536.336559535237029, 2294021.662273797672242 ], [ 629370.600107962382026, 2294004.886298763565719 ], [ 627897.469003742211498, 2290319.889155911747366 ], [ 628980.420349941356108, 2290328.133788604289293 ], [ 630084.991354005062021, 2293091.915477612521499 ], [ 631167.88238757441286, 2293100.311096008867025 ], [ 630799.570719431038015, 2292178.991674589458853 ], [ 631882.486185268266127, 2292187.429731514770538 ], [ 633356.50314580835402, 2295873.007060301024467 ], [ 632273.672405256773345, 2295864.460023790132254 ], [ 632642.554074181942269, 2296785.906658711843193 ], [ 631559.747826135251671, 2296777.40205551404506 ] ], [ [ 630108.020756312762387, 2295847.575119939632714 ], [ 629025.199794099433348, 2295839.237250210251659 ], [ 628287.736718764994293, 2293996.602809516247362 ], [ 629370.600107962382026, 2294004.886298763565719 ], [ 630108.020756312762387, 2295847.575119939632714 ] ], [ [ 637367.689824264030904, 2300498.273687425535172 ], [ 638450.424660257762298, 2300507.167205539532006 ], [ 638819.933906318387017, 2301428.883591462858021 ], [ 637737.220274878083728, 2301419.962524468544871 ], [ 637367.689824264030904, 2300498.273687425535172 ] ], [ [ 638081.057872619247064, 2299585.482944784685969 ], [ 639163.817334754974581, 2299594.418783764820546 ], [ 639533.162932874285616, 2300516.130592024885118 ], [ 638450.424660257762298, 2300507.167205539532006 ], [ 638081.057872619247064, 2299585.482944784685969 ] ], [ [ 575286.000510520767421, 2299186.664870231412351 ], [ 576368.605583626311272, 2299191.551736450288445 ], [ 575627.856378427823074, 2297351.322507263626903 ], [ 576710.506696286262013, 2297356.227331777103245 ], [ 577080.788210566039197, 2298276.352649048902094 ], [ 579246.05127215036191, 2298286.423368512187153 ], [ 578875.813073842204176, 2297366.246170757338405 ], [ 579958.46918731846381, 2297371.360186641570181 ], [ 581069.547270014649257, 2300132.061282824259251 ], [ 575656.611055009881966, 2300106.799173878971487 ], [ 575286.000510520767421, 2299186.664870231412351 ] ], [ [ 576340.36801211652346, 2296436.132404782809317 ], [ 577423.041890854830854, 2296441.081061947159469 ], [ 577793.158919128240086, 2297361.20188604015857 ], [ 576710.506696286262013, 2297356.227331777103245 ], [ 576340.36801211652346, 2296436.132404782809317 ] ], [ [ 574175.025916188838892, 2296426.44419563235715 ], [ 573804.986739276093431, 2295506.431280593853444 ], [ 575970.372160499333404, 2295516.067837377544492 ], [ 576340.36801211652346, 2296436.132404782809317 ], [ 574175.025916188838892, 2296426.44419563235715 ] ], [ [ 601639.192240147851408, 2300243.976029687095433 ], [ 597308.67116736783646, 2300218.320298069622368 ], [ 596938.4928111579502, 2299297.662123626098037 ], [ 601269.099900890374556, 2299323.211744508706033 ], [ 601639.192240147851408, 2300243.976029687095433 ] ], [ [ 609560.65837959991768, 2298456.715089377015829 ], [ 610643.358855997445062, 2298463.80866960529238 ], [ 611383.014852953958325, 2300305.786640977486968 ], [ 610300.357195931719616, 2300298.639448983594775 ], [ 609560.65837959991768, 2298456.715089377015829 ] ], [ [ 608477.960623587598093, 2298449.691292206291109 ], [ 608108.303754370426759, 2297528.802811165340245 ], [ 609191.022918978589587, 2297535.799874329939485 ], [ 609560.65837959991768, 2298456.715089377015829 ], [ 608477.960623587598093, 2298449.691292206291109 ] ], [ [ 607025.587274588993751, 2297521.875502163078636 ], [ 606656.051636052434333, 2296601.044936954975128 ], [ 607738.789526597596705, 2296607.945569144561887 ], [ 608108.303754370426759, 2297528.802811165340245 ], [ 607025.587274588993751, 2297521.875502163078636 ] ], [ [ 610273.744795303442515, 2297542.866692646406591 ], [ 611356.469410243327729, 2297550.003267114982009 ], [ 611726.062079672934487, 2298470.972033895086497 ], [ 610643.358855997445062, 2298463.80866960529238 ], [ 610273.744795303442515, 2297542.866692646406591 ] ], [ [ 610987.019362734514289, 2296629.065827241167426 ], [ 608821.530093292472884, 2296614.915927596855909 ], [ 608082.972356443176977, 2294773.241714653093368 ], [ 609165.758393503143452, 2294780.228422948624939 ], [ 609534.944561627926305, 2295701.07660043053329 ], [ 611700.482065713265911, 2295715.312467176001519 ], [ 612069.768119282787666, 2296636.245370435062796 ], [ 613152.519659582176246, 2296643.494643895421177 ], [ 612783.254966950742528, 2295722.534953571856022 ], [ 613866.030670193140395, 2295729.827143342234194 ], [ 613496.929937102016993, 2294808.871990506537259 ], [ 614579.729806397808716, 2294816.207071057055146 ], [ 615318.031199035351165, 2296658.202385725919157 ], [ 614235.274010533234105, 2296650.813648647163063 ], [ 614974.188503253040835, 2298492.880841315258294 ], [ 613891.476876411470585, 2298485.508118722122163 ], [ 613521.926963543868624, 2297564.485688555985689 ], [ 611356.469410243327729, 2297550.003267114982009 ], [ 610987.019362734514289, 2296629.065827241167426 ] ], [ [ 631954.066252710064873, 2300454.854078745469451 ], [ 630871.351471900939941, 2300446.379744788166136 ], [ 630501.836118657607585, 2299524.887532575521618 ], [ 631584.572148769162595, 2299533.334514999762177 ], [ 631954.066252710064873, 2300454.854078745469451 ] ], [ [ 643864.150927256443538, 2300552.682847192045301 ], [ 641698.649895512149669, 2300534.266975192818791 ], [ 641329.346650880528614, 2299612.499987886287272 ], [ 643494.890002083964646, 2299630.860568763688207 ], [ 643864.150927256443538, 2300552.682847192045301 ] ], [ [ 588277.39242214942351, 2299249.913210356142372 ], [ 587194.765017218654975, 2299244.258672887925059 ], [ 586454.448507939116098, 2297403.508677660021931 ], [ 587537.119085638783872, 2297409.11083252215758 ], [ 588277.39242214942351, 2299249.913210356142372 ] ], [ [ 592607.924225020571612, 2299273.229297338984907 ], [ 591525.287893069675192, 2299267.295583387836814 ], [ 591155.14455976174213, 2298346.800252817105502 ], [ 592237.802446263609454, 2298352.707649472169578 ], [ 592607.924225020571612, 2299273.229297338984907 ] ], [ [ 594773.203812660882249, 2299285.306114673148841 ], [ 593690.562855923897587, 2299279.232807484455407 ], [ 593320.462622963357717, 2298358.684814472682774 ], [ 594403.12511674372945, 2298364.731748664285988 ], [ 594773.203812660882249, 2299285.306114673148841 ] ], [ [ 588619.791837216704153, 2297414.782724615652114 ], [ 589702.466789560392499, 2297420.524354740977287 ], [ 590072.48893657233566, 2298340.962623672559857 ], [ 588989.835549806361087, 2298335.19476121198386 ], [ 588619.791837216704153, 2297414.782724615652114 ] ], [ [ 588962.850754129118286, 2295579.740009935572743 ], [ 590045.571028233855031, 2295585.49894633423537 ], [ 590785.143969560158439, 2297426.335723711177707 ], [ 589702.466789560392499, 2297420.524354740977287 ], [ 588962.850754129118286, 2295579.740009935572743 ] ], [ [ 618935.620655181119218, 2297601.912546700332314 ], [ 620018.368147253757343, 2297609.607207559980452 ], [ 620387.789997767773457, 2298530.79129809839651 ], [ 619305.063827854581177, 2298523.069624007213861 ], [ 618935.620655181119218, 2297601.912546700332314 ] ], [ [ 619649.088866594363935, 2296688.454678367357701 ], [ 620731.860646379878744, 2296696.19209295976907 ], [ 621101.118620000779629, 2297617.371634013485163 ], [ 620018.368147253757343, 2297609.607207559980452 ], [ 619649.088866594363935, 2296688.454678367357701 ] ], [ [ 631215.220544737298042, 2298611.846868677064776 ], [ 630132.46327183325775, 2298603.427208428736776 ], [ 629763.232933850376867, 2297681.998740918468684 ], [ 630846.011443035327829, 2297690.391108335461468 ], [ 631215.220544737298042, 2298611.846868677064776 ] ], [ [ 587141.044596789870411, 2293733.441390351392329 ], [ 584975.528767681564204, 2293722.376283159013838 ], [ 586084.504409428685904, 2296483.179675754159689 ], [ 585001.814393302774988, 2296477.673376911785454 ], [ 584262.311369427945465, 2294637.159361889120191 ], [ 583179.580295715713874, 2294631.774866688530892 ], [ 583919.126488481415436, 2296472.236785902176052 ], [ 582836.440668071852997, 2296466.869901955593377 ], [ 583206.449549199664034, 2297387.120628580916673 ], [ 581041.127286443137564, 2297376.5439344169572 ], [ 580671.075172902783379, 2296456.345252226106822 ], [ 581753.756905177840963, 2296461.572724313940853 ], [ 580644.522236305871047, 2293701.081564394757152 ], [ 581727.270795575459488, 2293706.300809034146369 ], [ 581357.833103167824447, 2292786.172037969343364 ], [ 582440.605270520201884, 2292791.434958409052342 ], [ 582810.021385952364653, 2293711.589676541276276 ], [ 583892.77403435006272, 2293716.948167663067579 ], [ 583523.379487097612582, 2292796.767474650871009 ], [ 586771.714701350196265, 2292813.182605787646025 ], [ 586402.527576642576605, 2291892.954379301518202 ], [ 588568.138170064077713, 2291904.193651390727609 ], [ 588199.136849820963107, 2290983.943868843838573 ], [ 589281.96693852043245, 2290989.641779999248683 ], [ 590020.069327656645328, 2292830.224126904737204 ], [ 588937.282250461750664, 2292824.474019655957818 ], [ 589306.569088576827198, 2293744.78500438388437 ], [ 588223.80574639281258, 2293739.078383615240455 ], [ 588593.256870581535622, 2294659.39387237187475 ], [ 587510.517260533873923, 2294653.7307637357153 ], [ 587141.044596789870411, 2293733.441390351392329 ] ], [ [ 588544.43557368288748, 2289149.181769775226712 ], [ 587461.562499516061507, 2289143.535938045009971 ], [ 587092.989474313217215, 2288223.377728428691626 ], [ 588175.884031451074407, 2288228.99756416073069 ], [ 587807.475252583506517, 2287308.843850660603493 ], [ 585641.645343543030322, 2287297.725546448491514 ], [ 587116.308954327250831, 2290978.315502502489835 ], [ 584950.659635231480934, 2290967.267401084769517 ], [ 585319.725515574333258, 2291887.439100234769285 ], [ 583154.127730103209615, 2291876.617252151481807 ], [ 582785.018765803077258, 2290956.497469493653625 ], [ 583867.838157773483545, 2290961.847664445638657 ], [ 583130.091690209810622, 2289121.647494853939861 ], [ 582047.229225022369064, 2289116.349101115018129 ], [ 582416.0525966307614, 2290036.408096021506935 ], [ 580250.376855332637206, 2290025.968075087759644 ], [ 579881.510390637326054, 2289105.960768825840205 ], [ 580964.368800810538232, 2289111.120192685630172 ], [ 580227.107395249884576, 2287271.144845266826451 ], [ 582392.916396584943868, 2287281.568833663593978 ], [ 581656.312296350835823, 2285441.611436266452074 ], [ 583822.215488619054668, 2285452.209843007847667 ], [ 583454.17061734222807, 2284532.224977437406778 ], [ 584537.14680449583102, 2284537.602420968469232 ], [ 585273.336381808388978, 2286377.654142128303647 ], [ 586356.271735963295214, 2286383.152667541056871 ], [ 585988.127027671202086, 2285463.085755054373294 ], [ 589237.010458317119628, 2285479.919959090650082 ], [ 589605.090802575577982, 2286400.064681050367653 ], [ 588522.148919390747324, 2286394.357936208602041 ], [ 588890.393471278948709, 2287314.507153818849474 ], [ 591056.23657178436406, 2287326.042066249530762 ], [ 590688.034916018485092, 2286405.840833970345557 ], [ 591770.981286677531898, 2286411.686395786702633 ], [ 591402.943808031035587, 2285491.489661693572998 ], [ 592485.913882561028004, 2285497.378585410304368 ], [ 593590.390263960463926, 2288258.138690978754312 ], [ 589258.780782447196543, 2288234.686862020287663 ], [ 589627.310850468929857, 2289154.897091461345553 ], [ 592875.950165944756009, 2289172.460004397202283 ], [ 593244.558598719304428, 2290092.779111675452441 ], [ 592161.698006913182326, 2290086.829178743995726 ], [ 592530.470633145654574, 2291007.152790463995188 ], [ 589281.96693852043245, 2290989.641779999248683 ], [ 588544.43557368288748, 2289149.181769775226712 ] ], [ [ 588869.072871681069955, 2284559.805695589166135 ], [ 587786.0881031609606, 2284554.150850297417492 ], [ 587418.271843670867383, 2283634.092920827213675 ], [ 590667.29708694643341, 2283651.187712797429413 ], [ 591035.049073978560045, 2284571.323444235138595 ], [ 589952.059852964244783, 2284565.529893298167735 ], [ 590319.976008937577717, 2285485.670119861140847 ], [ 589237.010458317119628, 2285479.919959090650082 ], [ 588869.072871681069955, 2284559.805695589166135 ] ], [ [ 594327.421509643085301, 2290098.798565703909844 ], [ 594696.151222632732242, 2291019.1745365569368 ], [ 593613.30976396240294, 2291013.128889038227499 ], [ 593244.558598719304428, 2290092.779111675452441 ], [ 594327.421509643085301, 2290098.798565703909844 ] ], [ [ 593958.834522612509318, 2289178.453294096980244 ], [ 595041.721216605044901, 2289184.516077895648777 ], [ 595410.286766623496078, 2290104.887541681528091 ], [ 594327.421509643085301, 2290098.798565703909844 ], [ 593958.834522612509318, 2289178.453294096980244 ] ], [ [ 592950.505120099405758, 2297438.167681486345828 ], [ 591867.823404110968113, 2297432.216832349542528 ], [ 591128.293539361795411, 2295591.327566719613969 ], [ 592211.01831441372633, 2295597.225871914997697 ], [ 592950.505120099405758, 2297438.167681486345828 ] ], [ [ 601612.044206779683009, 2297488.285235633142292 ], [ 600529.343271185876802, 2297481.776431370526552 ], [ 600159.678985605249181, 2296561.105341339483857 ], [ 601242.401384124415927, 2296567.587636113166809 ], [ 601612.044206779683009, 2297488.285235633142292 ] ], [ [ 626514.916635218309239, 2297657.240288983564824 ], [ 626145.765067788539454, 2296735.925269373226911 ], [ 627228.555244888877496, 2296744.081133217550814 ], [ 627597.685556842479855, 2297665.423332415055484 ], [ 626514.916635218309239, 2297657.240288983564824 ] ], [ [ 625062.978024165262468, 2296727.839149898849428 ], [ 624693.947732405620627, 2295806.582958519924432 ], [ 625776.756033574230969, 2295814.641955678816885 ], [ 626145.765067788539454, 2296735.925269373226911 ], [ 625062.978024165262468, 2296727.839149898849428 ] ], [ [ 636236.360895493067801, 2294977.542414984665811 ], [ 637319.226207540370524, 2294986.34095672564581 ], [ 637687.859509802656248, 2295907.892465251032263 ], [ 639853.558109635370784, 2295925.75354038272053 ], [ 640222.291574517032132, 2296847.391990093048662 ], [ 639139.46169712615665, 2296838.399100980255753 ], [ 639508.358763523283415, 2297760.042122334241867 ], [ 638425.553503934293985, 2297751.091504651587456 ], [ 638056.635276073473506, 2296829.475970737636089 ], [ 636973.812284453655593, 2296820.622598100453615 ], [ 637342.751682298490778, 2297742.21067258156836 ], [ 636259.953271711943671, 2297733.399624866433442 ], [ 635522.174593625240959, 2295890.310308541171253 ], [ 634439.337199626141228, 2295881.623821478337049 ], [ 634070.640400912147015, 2294960.154431334231049 ], [ 635153.498968922765926, 2294968.813573599327356 ], [ 634416.575160282547586, 2293125.915793086402118 ], [ 635499.479398278635927, 2293134.589976768009365 ], [ 636236.360895493067801, 2294977.542414984665811 ] ], [ [ 599076.95907494565472, 2296554.692766201216727 ], [ 597994.241625249036588, 2296548.349909791257232 ], [ 597624.677090112236328, 2295627.762699608691037 ], [ 598707.416013658745214, 2295634.079131538979709 ], [ 599076.95907494565472, 2296554.692766201216727 ] ], [ [ 576683.236314892652445, 2294600.930549534969032 ], [ 576313.547772085759789, 2293680.900799884460866 ], [ 579561.775681234663352, 2293695.931941883638501 ], [ 579931.399367858073674, 2294616.039286667015404 ], [ 578848.676399978226982, 2294610.933392712846398 ], [ 579218.464514426188543, 2295531.045230546500534 ], [ 578135.765130971209146, 2295525.983090825844556 ], [ 577765.95539129152894, 2294605.89714723918587 ], [ 576683.236314892652445, 2294600.930549534969032 ] ], [ [ 575230.808964691124856, 2293676.029658699873835 ], [ 574861.241625384893268, 2292756.055986176244915 ], [ 575944.002062653773464, 2292760.901347092818469 ], [ 576313.547772085759789, 2293680.900799884460866 ], [ 575230.808964691124856, 2293676.029658699873835 ] ], [ [ 594376.474763897713274, 2295609.231540087610483 ], [ 593293.745380291482434, 2295603.193862756714225 ], [ 592924.237593357916921, 2294682.74286844721064 ], [ 594006.98847923707217, 2294688.754261978901923 ], [ 594376.474763897713274, 2295609.231540087610483 ] ], [ [ 620362.74523852544371, 2295775.044111298397183 ], [ 619993.772398862522095, 2294853.927657789550722 ], [ 623242.233519994653761, 2294877.396195624023676 ], [ 623611.142529224860482, 2295798.593676628079265 ], [ 620362.74523852544371, 2295775.044111298397183 ] ], [ [ 618910.958024527877569, 2294846.24417903739959 ], [ 618542.106467967503704, 2293925.186146470252424 ], [ 617459.273752344306558, 2293917.599245563615113 ], [ 617090.543485717033036, 2292996.599516301881522 ], [ 620339.114341162377968, 2293019.488497371319681 ], [ 620707.780764788854867, 2293940.568910886533558 ], [ 619624.942129810224287, 2293932.842701216693968 ], [ 619993.772398862522095, 2294853.927657789550722 ], [ 618910.958024527877569, 2294846.24417903739959 ] ], [ [ 616007.692391164135188, 2292989.109107047319412 ], [ 615270.617048825602978, 2291147.257335775066167 ], [ 617436.407285233377479, 2291162.200543128419667 ], [ 617068.126061368733644, 2290241.26806971617043 ], [ 619233.970493603963405, 2290256.435915191657841 ], [ 619602.209203150589019, 2291177.422030665911734 ], [ 618519.30677053600084, 2291169.77650133986026 ], [ 618887.709313226630911, 2292090.767154142726213 ], [ 616721.955807563965209, 2292075.631163137499243 ], [ 617090.543485717033036, 2292996.599516301881522 ], [ 616007.692391164135188, 2292989.109107047319412 ] ], [ [ 616376.443956023431383, 2293910.081997423432767 ], [ 614210.793013609829359, 2293895.256455195136368 ], [ 613841.998826409573667, 2292974.337158814072609 ], [ 610593.479636298143305, 2292952.701396553311497 ], [ 610224.764078337932006, 2292031.893482472281903 ], [ 611307.6223582373932, 2292039.009113191161305 ], [ 610939.070758630288765, 2291118.205727932043374 ], [ 612021.953125688829459, 2291125.364281622692943 ], [ 611653.565465184510686, 2290204.565424677915871 ], [ 612736.47192253661342, 2290211.766875740140676 ], [ 613473.347247215686366, 2292053.449150818865746 ], [ 614556.213910150458105, 2292060.773559771478176 ], [ 614924.844180369167589, 2292981.688321567606181 ], [ 616007.692391164135188, 2292989.109107047319412 ], [ 616376.443956023431383, 2293910.081997423432767 ] ], [ [ 618497.920805518282577, 2288414.557764489203691 ], [ 619580.889925601077266, 2288422.1923648128286 ], [ 619948.822249112650752, 2289343.142575022298843 ], [ 621031.773121958598495, 2289350.873497296590358 ], [ 621399.826788426027633, 2290271.881937724538147 ], [ 619233.970493603963405, 2290256.435915191657841 ], [ 618497.920805518282577, 2288414.557764489203691 ] ], [ [ 627942.382037511793897, 2295830.969100368209183 ], [ 626859.567459641140886, 2295822.770669245161116 ], [ 626122.01947894715704, 2293980.244821699801832 ], [ 627204.876518066041172, 2293988.388984215911478 ], [ 627942.382037511793897, 2295830.969100368209183 ] ], [ [ 640567.842725719208829, 2295013.154796588234603 ], [ 641650.721848852233961, 2295022.232152305543423 ], [ 642019.270608421415091, 2295943.893544046673924 ], [ 640936.412608201964758, 2295934.788675509858876 ], [ 640567.842725719208829, 2295013.154796588234603 ] ], [ [ 641282.315529651357792, 2294100.602843303699046 ], [ 642365.219280754914507, 2294109.722394174430519 ], [ 642733.604492052691057, 2295031.379214703571051 ], [ 641650.721848852233961, 2295022.232152305543423 ], [ 641282.315529651357792, 2294100.602843303699046 ] ], [ [ 574517.803851337404922, 2294591.206294630188495 ], [ 573435.090410369215533, 2294586.448636054992676 ], [ 573065.336931910598651, 2293666.496231404133141 ], [ 574148.072026934940368, 2293671.228136099874973 ], [ 574517.803851337404922, 2294591.206294630188495 ] ], [ [ 599420.778485147515312, 2294719.856139361858368 ], [ 598338.015650734887458, 2294713.496439671143889 ], [ 597968.757988602621481, 2293792.944659665226936 ], [ 595803.196693047881126, 2293780.486952500417829 ], [ 595434.038816763320938, 2292860.018699137959629 ], [ 596516.83972364733927, 2292866.18642668472603 ], [ 596147.846022572717629, 2291945.722685269080102 ], [ 598313.497947671450675, 2291958.214317389763892 ], [ 599420.778485147515312, 2294719.856139361858368 ] ], [ [ 604834.630251893540844, 2294752.699614536017179 ], [ 603751.854796220897697, 2294745.991586190182716 ], [ 603013.696489633992314, 2292904.65455719223246 ], [ 606262.159078498370945, 2292924.828369710128754 ], [ 605893.358094355557114, 2292004.126856844406575 ], [ 608059.055713079520501, 2292017.870992188341916 ], [ 608796.714861085289158, 2293859.411449776496738 ], [ 604465.501171862939373, 2293831.989053250290453 ], [ 604834.630251893540844, 2294752.699614536017179 ] ], [ [ 625407.889535000198521, 2294893.390316588338464 ], [ 624325.059982796316035, 2294885.358412450645119 ], [ 623956.314777753897943, 2293964.165480419062078 ], [ 625039.165574482292868, 2293972.170320814941078 ], [ 625407.889535000198521, 2294893.390316588338464 ] ], [ [ 638033.62523806723766, 2294073.66225757310167 ], [ 639116.518535232869908, 2294082.572776278946549 ], [ 639484.967095736064948, 2295004.147146267816424 ], [ 638402.094931982108392, 2294995.20920006884262 ], [ 638033.62523806723766, 2294073.66225757310167 ] ], [ [ 638748.212430542218499, 2293161.03039896953851 ], [ 639831.130303816637024, 2293169.983167580794543 ], [ 640199.415290117962286, 2294091.552971099037677 ], [ 639116.518535232869908, 2294082.572776278946549 ], [ 638748.212430542218499, 2293161.03039896953851 ] ], [ [ 591102.858642501756549, 2292836.043835444841534 ], [ 592185.650221916032024, 2292841.933146100025624 ], [ 592554.872539755189791, 2293762.322639840655029 ], [ 591472.102458344772458, 2293756.407131674233824 ], [ 591102.858642501756549, 2292836.043835444841534 ] ], [ [ 591816.570642270962708, 2291921.574356410652399 ], [ 592899.385995923541486, 2291927.507073856890202 ], [ 593268.444092818535864, 2292847.892059702891856 ], [ 592185.650221916032024, 2292841.933146100025624 ], [ 591816.570642270962708, 2291921.574356410652399 ] ], [ [ 600134.329023377620615, 2293805.680907346773893 ], [ 599765.256946971523575, 2292885.107251149136573 ], [ 600848.067612038808875, 2292891.553409552201629 ], [ 600110.394376396667212, 2291050.446038608904928 ], [ 601193.250367747386917, 2291056.908998106606305 ], [ 600456.190689417067915, 2289215.872438764199615 ], [ 604787.811087641399354, 2289242.208511410746723 ], [ 605156.184096502372995, 2290162.816958627663553 ], [ 604073.296512863482349, 2290156.102245146408677 ], [ 604441.833547774935141, 2291076.715211153030396 ], [ 602276.108875473379157, 2291063.441512745805085 ], [ 602644.83134478633292, 2291984.032552366144955 ], [ 601561.994234828045592, 2291977.473620014730841 ], [ 602299.910012690699659, 2293818.695702752564102 ], [ 600134.329023377620615, 2293805.680907346773893 ] ], [ [ 606239.074295570841059, 2290169.601203117985278 ], [ 606607.568608760484494, 2291090.267141345422715 ], [ 605524.699766216799617, 2291083.456396800465882 ], [ 605156.184096502372995, 2290162.816958627663553 ], [ 606239.074295570841059, 2290169.601203117985278 ] ], [ [ 625753.459288339363411, 2293059.029375550802797 ], [ 625016.766518690506928, 2291216.693282253108919 ], [ 626099.687200843938626, 2291224.756261344067752 ], [ 626836.337548316107132, 2293067.146447673905641 ], [ 625753.459288339363411, 2293059.029375550802797 ] ], [ [ 622850.934454236878082, 2291200.77605620957911 ], [ 622482.759451659279875, 2290279.70926811452955 ], [ 624648.633944481727667, 2290295.572572680190206 ], [ 625016.766518690506928, 2291216.693282253108919 ], [ 622850.934454236878082, 2291200.77605620957911 ] ], [ [ 623219.252011056407355, 2292121.874333505984396 ], [ 622136.361808460205793, 2292113.993136262986809 ], [ 621768.023018065607175, 2291192.921807004138827 ], [ 622850.934454236878082, 2291200.77605620957911 ], [ 623219.252011056407355, 2292121.874333505984396 ] ], [ [ 582071.331951853702776, 2291871.310681604780257 ], [ 580988.538214033702388, 2291866.073679049964994 ], [ 580619.38613061059732, 2290946.005701631307602 ], [ 581702.201432391186245, 2290951.216815471183509 ], [ 582071.331951853702776, 2291871.310681604780257 ] ], [ [ 632965.4049302036874, 2292195.937401171773672 ], [ 632597.278089833445847, 2291274.595333380624652 ], [ 633680.221288764500059, 2291283.145389276091009 ], [ 634048.326981175807305, 2292204.514684764668345 ], [ 632965.4049302036874, 2292195.937401171773672 ] ], [ [ 631514.338188401190564, 2291266.114863437600434 ], [ 631146.332693670061417, 2290344.831718400120735 ], [ 632229.293745084898546, 2290353.285017867106944 ], [ 632597.278089833445847, 2291274.595333380624652 ], [ 631514.338188401190564, 2291266.114863437600434 ] ], [ [ 637297.113239630125463, 2292230.664231346454471 ], [ 636214.181108954944648, 2292221.878098622895777 ], [ 635846.117686876794323, 2291300.454263777006418 ], [ 636929.070939935627393, 2291309.213084832299501 ], [ 637297.113239630125463, 2292230.664231346454471 ] ], [ [ 608773.314273888478056, 2291104.097310994751751 ], [ 607690.440102339023724, 2291097.147445752285421 ], [ 607321.967137003317475, 2290176.454979579430073 ], [ 608404.862647742615081, 2290183.378288981039077 ], [ 608773.314273888478056, 2291104.097310994751751 ] ], [ [ 637276.412618158501573, 2289475.180188531521708 ], [ 640525.429816549061798, 2289501.918871094938368 ], [ 641260.918274127179757, 2291344.944290134124458 ], [ 639094.987688758410513, 2291326.939500753767788 ], [ 638727.130064826225862, 2290405.465574651956558 ], [ 635478.19674087583553, 2290379.062268935143948 ], [ 635110.418273369199596, 2289457.702082784846425 ], [ 636193.413751650834456, 2289466.406368226278573 ], [ 635825.798867883277126, 2288545.050735502038151 ], [ 636908.818828713730909, 2288553.797303840983659 ], [ 637276.412618158501573, 2289475.180188531521708 ] ], [ [ 596493.154396596713923, 2290111.046040469314903 ], [ 595756.208868492976762, 2288270.281399624887854 ], [ 596839.121731020626612, 2288276.456955472007394 ], [ 597576.024426496820524, 2290117.27406293945387 ], [ 596493.154396596713923, 2290111.046040469314903 ] ], [ [ 594673.298388455994427, 2288264.175311748869717 ], [ 594305.018284605350345, 2287343.865212500561029 ], [ 595387.950179909006692, 2287349.945138632785529 ], [ 595756.208868492976762, 2288270.281399624887854 ], [ 594673.298388455994427, 2288264.175311748869717 ] ], [ [ 595019.834211534122005, 2286429.63954294193536 ], [ 596102.789880641270429, 2286435.762748719193041 ], [ 596470.884448982425965, 2287356.094504882581532 ], [ 595387.950179909006692, 2287349.945138632785529 ], [ 595019.834211534122005, 2286429.63954294193536 ] ], [ [ 614902.293276186217554, 2290226.378392708487809 ], [ 613819.381183889694512, 2290219.037864740472287 ], [ 613451.178732688422315, 2289298.216869414318353 ], [ 614534.112105794716626, 2289305.530703287571669 ], [ 614902.293276186217554, 2290226.378392708487809 ] ], [ [ 625731.575827954220586, 2290303.60854910267517 ], [ 625363.606992186396383, 2289382.49238255340606 ], [ 626446.573189195129089, 2289390.570908502209932 ], [ 626814.520838728058152, 2290311.714076463598758 ], [ 625731.575827954220586, 2290303.60854910267517 ] ], [ [ 624280.643913907581009, 2289374.483379586599767 ], [ 623912.796429377049208, 2288453.42567182239145 ], [ 624995.780695947469212, 2288461.407730531413108 ], [ 625363.606992186396383, 2289382.49238255340606 ], [ 624280.643913907581009, 2289374.483379586599767 ] ], [ [ 609119.473193918471225, 2289269.656634239014238 ], [ 608383.325786394765601, 2287428.320837391074747 ], [ 609466.290643126238137, 2287435.303555765654892 ], [ 610202.395439453190193, 2289276.692430016119033 ], [ 609119.473193918471225, 2289269.656634239014238 ] ], [ [ 607300.363626886042766, 2287421.407570229377598 ], [ 606932.482580524985678, 2286500.812676702160388 ], [ 608015.466044517350383, 2286507.699476783163846 ], [ 608383.325786394765601, 2287428.320837391074747 ], [ 607300.363626886042766, 2287421.407570229377598 ] ], [ [ 607668.387321821297519, 2288342.03344952268526 ], [ 606585.449152236571535, 2288335.163164264522493 ], [ 606217.404137645848095, 2287414.563753302209079 ], [ 607300.363626886042766, 2287421.407570229377598 ], [ 607668.387321821297519, 2288342.03344952268526 ] ], [ [ 627529.542531880899332, 2289398.718958577606827 ], [ 627161.758586519863456, 2288477.580334173515439 ], [ 628244.75226443039719, 2288485.770881396252662 ], [ 628612.515047191409394, 2289406.936533933039755 ], [ 627529.542531880899332, 2289398.718958577606827 ] ], [ [ 626078.768072677426971, 2288469.459284268785268 ], [ 625711.105491593829356, 2287548.379172613844275 ], [ 626794.117170079844072, 2287556.473251537419856 ], [ 627161.758586519863456, 2288477.580334173515439 ], [ 626078.768072677426971, 2288469.459284268785268 ] ], [ [ 626426.618284964701161, 2286635.397679527290165 ], [ 627509.654268527170643, 2286643.534258041065186 ], [ 627142.319060205016285, 2285722.463224938139319 ], [ 628225.379352179006673, 2285730.642277437727898 ], [ 628960.150020533008501, 2287572.869818610604852 ], [ 626794.117170079844072, 2287556.473251537419856 ], [ 626426.618284964701161, 2286635.397679527290165 ] ], [ [ 623893.157068555010483, 2285698.34255039691925 ], [ 623525.90095456992276, 2284777.383645373862237 ], [ 626775.126381516107358, 2284801.423669406212866 ], [ 627142.319060205016285, 2285722.463224938139319 ], [ 623893.157068555010483, 2285698.34255039691925 ] ], [ [ 622442.831999976187944, 2284769.509071987122297 ], [ 622075.697281861910596, 2283848.608324534725398 ], [ 623158.787392172613181, 2283856.456099446862936 ], [ 623525.90095456992276, 2284777.383645373862237 ], [ 622442.831999976187944, 2284769.509071987122297 ] ], [ [ 626041.168622670113109, 2282959.438866765704006 ], [ 627124.292279044399038, 2282967.537188411690295 ], [ 627858.207801474025473, 2284809.575782489962876 ], [ 626775.126381516107358, 2284801.423669406212866 ], [ 626041.168622670113109, 2282959.438866765704006 ] ], [ [ 630043.171246421872638, 2287581.17230908293277 ], [ 630410.749220267636701, 2288502.360472443047911 ], [ 629327.749133360921405, 2288494.030927096027881 ], [ 628960.150020533008501, 2287572.869818610604852 ], [ 630043.171246421872638, 2287581.17230908293277 ] ], [ [ 599004.954711332451552, 2288289.016474585048854 ], [ 597922.037002983968705, 2288282.701980164274573 ], [ 597553.821118777501397, 2287362.313312120735645 ], [ 598636.760216250550002, 2287368.601561226882041 ], [ 599004.954711332451552, 2288289.016474585048854 ] ], [ [ 602253.722724172403105, 2288308.376785208471119 ], [ 601170.797544976696372, 2288301.853876198176295 ], [ 600802.645802039187402, 2287381.386388615705073 ], [ 601885.592344265780412, 2287387.882968707475811 ], [ 602253.722724172403105, 2288308.376785208471119 ] ], [ [ 613430.42423226707615, 2286543.174846796318889 ], [ 612347.427055805223063, 2286535.940920180641115 ], [ 611612.305692655500025, 2284694.57917514257133 ], [ 613778.387857711641118, 2284709.01014931499958 ], [ 615249.031028102501296, 2288392.070889616850764 ], [ 614166.073540064506233, 2288384.71423648763448 ], [ 613430.42423226707615, 2286543.174846796318889 ] ], [ [ 632576.759155830251984, 2288519.228066804818809 ], [ 632209.223434323444963, 2287597.985709776636213 ], [ 633292.254450260894373, 2287606.4966223789379 ], [ 633659.769058397272602, 2288527.766118207480758 ], [ 632576.759155830251984, 2288519.228066804818809 ] ], [ [ 631126.19570869661402, 2287589.544272410217673 ], [ 630758.78137055481784, 2286668.360653545241803 ], [ 631841.83021156815812, 2286676.775009274017066 ], [ 632209.223434323444963, 2287597.985709776636213 ], [ 631126.19570869661402, 2287589.544272410217673 ] ], [ [ 602600.57507104834076, 2286473.959690202493221 ], [ 604766.523610411793925, 2286487.247342603746802 ], [ 605134.447291721124202, 2287407.789385640993714 ], [ 602968.541421985253692, 2287394.448994286824018 ], [ 602600.57507104834076, 2286473.959690202493221 ] ], [ [ 604398.74259312346112, 2285566.736196217592806 ], [ 605481.742076148511842, 2285573.457770403474569 ], [ 605849.501778143458068, 2286493.995298963971436 ], [ 604766.523610411793925, 2286487.247342603746802 ], [ 604398.74259312346112, 2285566.736196217592806 ] ], [ [ 618130.109831810812466, 2287493.665667131077498 ], [ 615964.137934773927554, 2287478.658397537656128 ], [ 615596.427082294831052, 2286557.850986084435135 ], [ 617762.441441546427086, 2286572.804847055580467 ], [ 618130.109831810812466, 2287493.665667131077498 ] ], [ [ 637624.411956345429644, 2287641.235049388371408 ], [ 637257.124182651983574, 2286719.888520958367735 ], [ 639423.265498624998145, 2286737.62009055679664 ], [ 639790.511152262450196, 2287659.021146105136722 ], [ 637624.411956345429644, 2287641.235049388371408 ] ], [ [ 636174.058663075440563, 2286711.1269168285653 ], [ 635806.89229169592727, 2285789.839351996313781 ], [ 636889.978877537650988, 2285798.573763742111623 ], [ 637257.124182651983574, 2286719.888520958367735 ], [ 636174.058663075440563, 2286711.1269168285653 ] ], [ [ 641956.624264367157593, 2287677.085178342182189 ], [ 641589.420696812565438, 2286755.629483661614358 ], [ 642672.503569158143364, 2286764.738367210142314 ], [ 643039.686106396839023, 2287686.221423472743481 ], [ 641956.624264367157593, 2287677.085178342182189 ] ], [ [ 640506.341348957037553, 2286746.590058536734432 ], [ 640139.259191633434966, 2285825.193556187208742 ], [ 641222.359571769367903, 2285834.205676927231252 ], [ 641589.420696812565438, 2286755.629483661614358 ], [ 640506.341348957037553, 2286746.590058536734432 ] ], [ [ 598268.70842184254434, 2286448.217400549445301 ], [ 597185.747941758600064, 2286441.955367629416287 ], [ 596450.029718968668021, 2284601.331526391208172 ], [ 597533.032944738748483, 2284607.541214265394956 ], [ 598268.70842184254434, 2286448.217400549445301 ] ], [ [ 622094.505550549132749, 2286603.545768084935844 ], [ 619928.467525727464817, 2286588.036438180599362 ], [ 619560.98413608991541, 2285667.153402347117662 ], [ 621727.06454130995553, 2285682.609158473554999 ], [ 622094.505550549132749, 2286603.545768084935844 ] ], [ [ 595734.838028423953801, 2285515.461656261235476 ], [ 594651.860965793370269, 2285509.364581845700741 ], [ 593916.342651906656101, 2283668.906440740916878 ], [ 594999.362482041120529, 2283674.951339707244188 ], [ 595734.838028423953801, 2285515.461656261235476 ] ], [ [ 599699.046708809793927, 2284620.168668432161212 ], [ 600782.05730105470866, 2284626.586436512414366 ], [ 600414.497660221531987, 2283706.215795665979385 ], [ 601497.532090191962197, 2283712.676685281097889 ], [ 602232.751397158019245, 2285553.501224521081895 ], [ 600066.770381534122862, 2285540.543815495446324 ], [ 599699.046708809793927, 2284620.168668432161212 ] ], [ [ 608730.756388999405317, 2285594.038857763633132 ], [ 607647.74894712108653, 2285587.109100210014731 ], [ 606912.742695436347276, 2283746.021175796631724 ], [ 607995.792696405784227, 2283752.898088998161256 ], [ 608730.756388999405317, 2285594.038857763633132 ] ], [ [ 633640.729236450046301, 2285772.578799673356116 ], [ 631474.579489973373711, 2285755.595934110227972 ], [ 631107.471271947259083, 2284834.44845312833786 ], [ 633273.663197541609406, 2284851.37718813912943 ], [ 633640.729236450046301, 2285772.578799673356116 ] ], [ [ 630740.505559896933846, 2283913.332535190042108 ], [ 628574.284492951235734, 2283896.735325801186264 ], [ 627840.696235078037716, 2282054.705800675787032 ], [ 628923.847343149478547, 2282062.915879243984818 ], [ 629290.549118834780529, 2282983.941828462295234 ], [ 630373.682356228702702, 2282992.248149189166725 ], [ 630740.505559896933846, 2283913.332535190042108 ] ], [ [ 630007.001663345377892, 2282071.195264038164169 ], [ 631090.159222658723593, 2282079.543956230860204 ], [ 631456.818841271218844, 2283000.623805282171816 ], [ 630373.682356228702702, 2282992.248149189166725 ], [ 630007.001663345377892, 2282071.195264038164169 ] ], [ [ 640488.664658833295107, 2283991.453602178953588 ], [ 639405.522233690950088, 2283982.496002705302089 ], [ 639038.867437879322097, 2283061.19488910259679 ], [ 640122.03087574779056, 2283070.12527166493237 ], [ 640488.664658833295107, 2283991.453602178953588 ] ], [ [ 589216.655804037349299, 2282725.340780433733016 ], [ 587050.598353165201843, 2282714.06535960920155 ], [ 586683.067634063656442, 2281794.068136120215058 ], [ 588849.16791592806112, 2281805.291833004914224 ], [ 589216.655804037349299, 2282725.340780433733016 ] ], [ [ 600047.08071020420175, 2282785.875871881376952 ], [ 597880.976655903621577, 2282773.214432682842016 ], [ 597513.659742524498142, 2281852.957476068288088 ], [ 599679.806453417986631, 2281865.566634468268603 ], [ 600047.08071020420175, 2282785.875871881376952 ] ], [ [ 605462.384929194580764, 2282818.742343418300152 ], [ 604379.318939381977543, 2282812.03043129760772 ], [ 604012.129891584860161, 2281891.616297881118953 ], [ 605095.217161969281733, 2281898.301916311029345 ], [ 605462.384929194580764, 2282818.742343418300152 ] ], [ [ 607261.399584668921307, 2281911.881002857815474 ], [ 608344.494790962198749, 2281918.774472897406667 ], [ 608711.598768408061005, 2282839.293948387727141 ], [ 607628.524816724122502, 2282832.374100997578353 ], [ 607261.399584668921307, 2281911.881002857815474 ] ], [ [ 606178.307050667703152, 2281905.056817651260644 ], [ 605811.303211912047118, 2280984.620899009052664 ], [ 606894.417002655914985, 2280991.418763817287982 ], [ 607261.399584668921307, 2281911.881002857815474 ], [ 606178.307050667703152, 2281905.056817651260644 ] ], [ [ 607977.53345704334788, 2280998.285885569639504 ], [ 609060.652602069312707, 2281005.222265238873661 ], [ 608693.855147022055462, 2280084.738188190385699 ], [ 609776.998233978287317, 2280091.717451735865325 ], [ 609410.364638545550406, 2279171.237884419504553 ], [ 611576.701457123504952, 2279185.351332829333842 ], [ 611210.252896049059927, 2278264.849901931360364 ], [ 612293.446649287128821, 2278271.984034125693142 ], [ 612659.874024976976216, 2279192.511865678243339 ], [ 613743.04940121434629, 2279199.741605638992041 ], [ 614109.59821178810671, 2280120.32683589309454 ], [ 611943.292642884887755, 2280105.883675808086991 ], [ 613043.921924220398068, 2282867.66648492962122 ], [ 611960.836978935752995, 2282860.469376747496426 ], [ 611593.796713487477973, 2281939.870601827278733 ], [ 608344.494790962198749, 2281918.774472897406667 ], [ 607977.53345704334788, 2280998.285885569639504 ] ], [ [ 617359.077962663606741, 2280142.510848990175873 ], [ 616260.04980431124568, 2277380.609678400680423 ], [ 618426.511046674917452, 2277395.585889556445181 ], [ 619158.969353440683335, 2279236.92844830872491 ], [ 618075.77953016362153, 2279229.352657230570912 ], [ 618808.850440287031233, 2281070.766453885473311 ], [ 617725.705864711315371, 2281063.20670757163316 ], [ 618092.476354045094922, 2281983.93368508014828 ], [ 613760.011851440416649, 2281954.281130107585341 ], [ 613393.156628461088985, 2281033.660382885020226 ], [ 614476.289631609106436, 2281040.943067073822021 ], [ 614109.59821178810671, 2280120.32683589309454 ], [ 617359.077962663606741, 2280142.510848990175873 ] ], [ [ 614093.600158862303942, 2277365.910088970325887 ], [ 613361.54314466950018, 2275524.903374822810292 ], [ 614444.808817804441787, 2275532.165768629871309 ], [ 614810.744878726894967, 2276452.680069603957236 ], [ 615893.992275474709459, 2276460.037987243384123 ], [ 616260.04980431124568, 2277380.609678400680423 ], [ 614093.600158862303942, 2277365.910088970325887 ] ], [ [ 611195.020255314419046, 2275510.585878777317703 ], [ 610829.163376373122446, 2274590.18150444002822 ], [ 612995.728558504837565, 2274604.446347433608025 ], [ 613361.54314466950018, 2275524.903374822810292 ], [ 611195.020255314419046, 2275510.585878777317703 ] ], [ [ 612630.056589497486129, 2273684.020165590103716 ], [ 613713.364523068885319, 2273691.229851596988738 ], [ 614079.015365118859336, 2274611.682372857816517 ], [ 612995.728558504837565, 2274604.446347433608025 ], [ 612630.056589497486129, 2273684.020165590103716 ] ], [ [ 611546.751466698013246, 2273676.879521303810179 ], [ 611181.200988209806383, 2272756.510436924174428 ], [ 612264.527240050258115, 2272763.624798644799739 ], [ 612630.056589497486129, 2273684.020165590103716 ], [ 611546.751466698013246, 2273676.879521303810179 ] ], [ [ 622791.81638377381023, 2282935.55988160520792 ], [ 621708.7051242623711, 2282927.738876054063439 ], [ 621341.855529583292082, 2282006.900695571675897 ], [ 622424.98793178005144, 2282014.69496086332947 ], [ 622791.81638377381023, 2282935.55988160520792 ] ], [ [ 636872.550925859017298, 2283043.542158120311797 ], [ 635789.397797725396231, 2283034.819807200692594 ], [ 635422.82239097787533, 2282113.631822787690908 ], [ 636505.996550800744444, 2282122.327069909777492 ], [ 636872.550925859017298, 2283043.542158120311797 ] ], [ [ 599661.980840335949324, 2279111.152857764158398 ], [ 601828.2702677086927, 2279124.020693080034107 ], [ 602195.052569186547771, 2280044.316424114629626 ], [ 601111.92787819809746, 2280037.821757395286113 ], [ 601845.963097805040888, 2281878.452905972488225 ], [ 600762.883520431816578, 2281871.975130630191416 ], [ 599661.980840335949324, 2279111.152857764158398 ] ], [ [ 626757.548312132945284, 2282046.565027170348912 ], [ 625674.403547324822284, 2282038.493557574693114 ], [ 624941.301016823388636, 2280196.696968444623053 ], [ 626024.487978946068324, 2280204.714821204077452 ], [ 626757.548312132945284, 2282046.565027170348912 ] ], [ [ 633256.484166615642607, 2282096.449267552234232 ], [ 632173.320048083900474, 2282087.961957004386932 ], [ 631440.470445209997706, 2280245.842828081455082 ], [ 632523.676658630603924, 2280254.276186230126768 ], [ 633256.484166615642607, 2282096.449267552234232 ] ], [ [ 639389.190668348222971, 2281227.56386830098927 ], [ 640472.399585708742961, 2281236.509194811806083 ], [ 640106.21415088349022, 2280315.248902052640915 ], [ 641189.447545047500171, 2280324.236334661953151 ], [ 641921.918906169128604, 2282166.843050121795386 ], [ 639755.539544786093757, 2282148.828704100102186 ], [ 639389.190668348222971, 2281227.56386830098927 ] ], [ [ 603278.179807169712149, 2280050.88031611405313 ], [ 604361.30961914989166, 2280057.513434322085232 ], [ 604728.192057815962471, 2280977.892290182877332 ], [ 603645.083513375837356, 2280971.23293638555333 ], [ 603278.179807169712149, 2280050.88031611405313 ] ], [ [ 603627.972747924271971, 2278216.847910686861724 ], [ 602544.800420415238477, 2278210.267176581546664 ], [ 602178.324744690442458, 2277290.006596055347472 ], [ 603261.518320188042708, 2277296.56118161836639 ], [ 602895.206567582092248, 2276376.305100225843489 ], [ 603978.423950907657854, 2276382.902681882493198 ], [ 605444.44203212542925, 2280064.215779679827392 ], [ 604361.30961914989166, 2280057.513434322085232 ], [ 603627.972747924271971, 2278216.847910686861724 ] ], [ [ 635056.389464830164798, 2281192.475453690160066 ], [ 633973.197645424632356, 2281183.876566681079566 ], [ 633606.886175120249391, 2280262.77879940206185 ], [ 634690.099021684145555, 2280271.350668800529093 ], [ 635056.389464830164798, 2281192.475453690160066 ] ], [ [ 596779.454044225160033, 2280012.535325062461197 ], [ 595696.341683236183599, 2280006.386771138291806 ], [ 595329.431581356213428, 2279086.247527062427253 ], [ 596412.565264139324427, 2279092.370069469790906 ], [ 596779.454044225160033, 2280012.535325062461197 ] ], [ [ 623858.117168733268045, 2280188.748362550977618 ], [ 622774.936407671542838, 2280180.86900239624083 ], [ 622408.556753893848509, 2279260.071106312330812 ], [ 623491.758620951324701, 2279267.923757544718683 ], [ 623858.117168733268045, 2280188.748362550977618 ] ], [ [ 626741.382800968363881, 2279291.897022515069693 ], [ 624574.96356647554785, 2279275.845626573543996 ], [ 624208.768662599497475, 2278355.025545253884047 ], [ 626375.230053266277537, 2278371.023441721219569 ], [ 626741.382800968363881, 2279291.897022515069693 ] ], [ [ 595312.755229105823673, 2276332.057215670589358 ], [ 594946.437327215448022, 2275412.013800357468426 ], [ 596029.658600515220314, 2275418.101668125018477 ], [ 596762.394546894123778, 2277258.270788895431906 ], [ 595679.215854164795019, 2277252.131045299116522 ], [ 596045.819199979538098, 2278172.235319727566093 ], [ 593879.511571454000659, 2278160.111364151816815 ], [ 593512.865599416429177, 2277240.058968925848603 ], [ 594596.0395473446697, 2277246.060438929591328 ], [ 594229.55762004328426, 2276326.012533849105239 ], [ 595312.755229105823673, 2276332.057215670589358 ] ], [ [ 593863.218422429985367, 2275405.995014123618603 ], [ 593130.968225917429663, 2273566.051008960232139 ], [ 594214.229702592710964, 2273572.018090848345309 ], [ 594946.437327215448022, 2275412.013800357468426 ], [ 593863.218422429985367, 2275405.995014123618603 ] ], [ [ 598928.759198137791827, 2277270.757691254839301 ], [ 599295.298669840325601, 2278190.939993362873793 ], [ 597128.976592647377402, 2278178.401044696569443 ], [ 596762.394546894123778, 2277258.270788895431906 ], [ 598928.759198137791827, 2277270.757691254839301 ] ], [ [ 598562.362427636515349, 2276350.60592088336125 ], [ 599645.56970766291488, 2276356.927045457065105 ], [ 600011.945210681296885, 2277277.104851787444204 ], [ 598928.759198137791827, 2277270.757691254839301 ], [ 598562.362427636515349, 2276350.60592088336125 ] ], [ [ 601095.133717194898054, 2277283.521153084933758 ], [ 601461.630649571772665, 2278203.755612939130515 ], [ 600378.463408383540809, 2278197.313218837138265 ], [ 600011.945210681296885, 2277277.104851787444204 ], [ 601095.133717194898054, 2277283.521153084933758 ] ], [ [ 606877.505340554285794, 2278237.005145151633769 ], [ 605794.325180982123129, 2278230.216894024983048 ], [ 605427.913223251001909, 2277309.87778424564749 ], [ 606511.114604848087765, 2277316.639803195372224 ], [ 606877.505340554285794, 2278237.005145151633769 ] ], [ [ 620959.099735983181745, 2278331.547630068846047 ], [ 620592.984102105023339, 2277410.838730926159769 ], [ 621676.225127269863151, 2277418.568890636786819 ], [ 622042.319659625180066, 2278339.304412683006376 ], [ 620959.099735983181745, 2278331.547630068846047 ] ], [ [ 619509.746084246784449, 2277403.177730928175151 ], [ 619143.751917624846101, 2276482.526509454939514 ], [ 620227.011039057513699, 2276490.160943497903645 ], [ 620592.984102105023339, 2277410.838730926159769 ], [ 619509.746084246784449, 2277403.177730928175151 ] ], [ [ 618060.495767898857594, 2276474.961206111125648 ], [ 616977.242562857107259, 2276467.465032394975424 ], [ 616611.348756138817407, 2275546.897852960973978 ], [ 617694.623075396870263, 2275554.36754557210952 ], [ 618060.495767898857594, 2276474.961206111125648 ] ], [ [ 625643.352167772362009, 2276529.370112406089902 ], [ 624560.077782404259779, 2276521.390008444432169 ], [ 624194.33159515960142, 2275600.63687477633357 ], [ 625277.627034781733528, 2275608.590302099473774 ], [ 625643.352167772362009, 2276529.370112406089902 ] ], [ [ 596746.749645363772288, 2274504.193770013283938 ], [ 597829.996999890659936, 2274510.393853264395148 ], [ 598196.108360750833526, 2275430.484651721548289 ], [ 597112.8822693512775, 2275424.258618289139122 ], [ 596746.749645363772288, 2274504.193770013283938 ] ], [ [ 597464.02834746404551, 2273590.333495031576604 ], [ 598547.299390823813155, 2273596.576685482636094 ], [ 598181.494690647348762, 2272676.520816852338612 ], [ 599264.789426001370884, 2272682.807088606525213 ], [ 599996.499058701680042, 2274523.001189542468637 ], [ 597829.996999890659936, 2274510.393853264395148 ], [ 597464.02834746404551, 2273590.333495031576604 ] ], [ [ 596380.759736329549924, 2273584.159333024173975 ], [ 596014.912544660037383, 2272664.155276882462204 ], [ 597098.202405881253071, 2272670.303546571172774 ], [ 597464.02834746404551, 2273590.333495031576604 ], [ 596380.759736329549924, 2273584.159333024173975 ] ], [ [ 603246.270926791825332, 2274542.43013187404722 ], [ 603612.276102134725079, 2275462.651099131442606 ], [ 600362.567919348133728, 2275443.143971930723637 ], [ 599996.499058701680042, 2274523.001189542468637 ], [ 603246.270926791825332, 2274542.43013187404722 ] ], [ [ 618412.191326047061011, 2274641.317191454116255 ], [ 620578.796925694681704, 2274656.549045624211431 ], [ 620944.463757903082296, 2275577.19123791763559 ], [ 618777.900330757838674, 2275561.906339887995273 ], [ 618412.191326047061011, 2274641.317191454116255 ] ], [ [ 620213.272665001568384, 2273735.937901665922254 ], [ 621296.601031128782779, 2273743.630908872000873 ], [ 621662.104224943206646, 2274664.268587678670883 ], [ 620578.796925694681704, 2274656.549045624211431 ], [ 620213.272665001568384, 2273735.937901665922254 ] ], [ [ 629610.840316803078167, 2275641.095116701442748 ], [ 628527.532213701633736, 2275632.865244960878044 ], [ 628162.012715699733235, 2274712.036519124172628 ], [ 629245.341832390287891, 2274720.239631416276097 ], [ 629610.840316803078167, 2275641.095116701442748 ] ], [ [ 632860.784134956891648, 2275666.199420609045774 ], [ 631777.466250398429111, 2275657.762203344143927 ], [ 631412.009767599171028, 2274736.853115274105221 ], [ 632495.348640195792541, 2274745.26348919654265 ], [ 632860.784134956891648, 2275666.199420609045774 ] ], [ [ 635027.429874773835763, 2275683.281209003180265 ], [ 633944.105334070511162, 2275674.705755427014083 ], [ 633578.690818841801956, 2274753.742952699307352 ], [ 634662.03633057535626, 2274762.29150698473677 ], [ 635027.429874773835763, 2275683.281209003180265 ] ], [ [ 592413.78409570781514, 2274480.083982547279447 ], [ 590247.315263510216027, 2274468.443404213059694 ], [ 589881.197632209747098, 2273548.563909973949194 ], [ 592047.70907331793569, 2273560.152952073607594 ], [ 592413.78409570781514, 2274480.083982547279447 ] ], [ [ 627078.686796900699846, 2274703.902491704560816 ], [ 624912.044444825965911, 2274687.84168687928468 ], [ 624546.604400301468559, 2273767.124235914088786 ], [ 626713.28880917315837, 2273783.131719584111124 ], [ 627078.686796900699846, 2274703.902491704560816 ] ], [ [ 603963.692037345375866, 2273628.828095693141222 ], [ 602880.408427283982746, 2273622.2397495592013 ], [ 602514.688606021576561, 2272702.079921666067094 ], [ 603597.993414160329849, 2272708.642208319623023 ], [ 603963.692037345375866, 2273628.828095693141222 ] ], [ [ 632130.055645219399594, 2273824.358924966305494 ], [ 628879.985867324401625, 2273799.415426332969218 ], [ 628514.772424004971981, 2272878.622470593545586 ], [ 629598.146756193251349, 2272886.841181060764939 ], [ 629233.096822514664382, 2271966.052743350621313 ], [ 630316.495366621762514, 2271974.313756663817912 ], [ 630681.524323316523805, 2272895.128922810312361 ], [ 631764.90515242354013, 2272903.485697017982602 ], [ 632130.055645219399594, 2273824.358924966305494 ] ], [ [ 633931.676704796729609, 2272920.406347553245723 ], [ 636098.461629721219651, 2272937.603142261505127 ], [ 636463.528307546977885, 2273858.583791399374604 ], [ 634296.785273117711768, 2273841.33323014434427 ], [ 633931.676704796729609, 2272920.406347553245723 ] ], [ [ 635733.537430377560668, 2272016.653914412017912 ], [ 637900.377787774661556, 2272034.073042516596615 ], [ 638265.26014360494446, 2272955.076090892311186 ], [ 636098.461629721219651, 2272937.603142261505127 ], [ 635733.537430377560668, 2272016.653914412017912 ] ], [ [ 639348.664564038743265, 2272963.916126018390059 ], [ 639713.668469740310684, 2273884.977634862065315 ], [ 638630.284964873688295, 2273876.110618510749191 ], [ 638265.26014360494446, 2272955.076090892311186 ], [ 639348.664564038743265, 2272963.916126018390059 ] ], [ [ 644047.237628333037719, 2273921.136415013577789 ], [ 642963.84001372102648, 2273911.993110211100429 ], [ 642598.898803931777366, 2272990.850489709991962 ], [ 643682.317300271010026, 2272999.966701286844909 ], [ 644047.237628333037719, 2273921.136415013577789 ] ], [ [ 605764.610814903629944, 2272721.973800643347204 ], [ 604681.3008081066655, 2272715.27350099850446 ], [ 604315.766041961731389, 2271795.09210803732276 ], [ 605399.097223023534752, 2271801.766321376431733 ], [ 605764.610814903629944, 2272721.973800643347204 ] ], [ [ 623816.151957145426422, 2271925.782703559380025 ], [ 624899.534639712655917, 2271933.698711769655347 ], [ 625264.66856655315496, 2272854.380515288561583 ], [ 624181.306903610471636, 2272846.437918400857598 ], [ 623816.151957145426422, 2271925.782703559380025 ] ], [ [ 624534.543258973164484, 2271013.048009109683335 ], [ 625617.95006430381909, 2271021.006428379565477 ], [ 625982.920440480113029, 2271941.683718716725707 ], [ 624899.534639712655917, 2271933.698711769655347 ], [ 624534.543258973164484, 2271013.048009109683335 ] ], [ [ 628149.701504825497977, 2271957.860733360983431 ], [ 627066.309386499924585, 2271949.737725534010679 ], [ 626701.360006353119388, 2271029.033819572068751 ], [ 627784.773112180060707, 2271037.130183825269341 ], [ 628149.701504825497977, 2271957.860733360983431 ] ] ], [ [ [ 594043.685464225593023, 2347990.204699528869241 ], [ 595125.12951801600866, 2347996.435238231439143 ], [ 594747.094775110017508, 2347074.677535363472998 ], [ 593665.628681934322231, 2347068.474439407233149 ], [ 594043.685464225593023, 2347990.204699528869241 ] ] ], [ [ [ 600172.855543630896136, 2365502.515692205633968 ], [ 601253.877139811986126, 2365509.201573844067752 ], [ 600873.109218613943085, 2364586.857278790790588 ], [ 599792.065451191854663, 2364580.19938472378999 ], [ 600172.855543630896136, 2365502.515692205633968 ] ] ], [ [ [ 614606.982359882211313, 2366517.747264651115984 ], [ 615368.700401608482935, 2368363.277070681098849 ], [ 616449.690078581101261, 2368370.9815139984712 ], [ 615688.016182909952477, 2366525.394854822661728 ], [ 614606.982359882211313, 2366517.747264651115984 ] ] ], [ [ [ 616130.988768646260723, 2370208.939291148912162 ], [ 616512.346817893674597, 2371131.820138916838914 ], [ 617593.27022721117828, 2371139.610089641530067 ], [ 617211.9342736575054, 2370216.700709026772529 ], [ 616130.988768646260723, 2370208.939291148912162 ] ] ], [ [ [ 592732.705820818780921, 2370978.647390057798475 ], [ 593114.694918757653795, 2371900.940119445323944 ], [ 594195.5394579351414, 2371907.174949706997722 ], [ 593813.572656275937334, 2370984.85427162470296 ], [ 592732.705820818780921, 2370978.647390057798475 ] ] ], [ [ [ 615431.426257692161016, 2371124.102156572975218 ], [ 615812.948991680284962, 2372046.987671278882772 ], [ 616893.847440949175507, 2372054.734188891481608 ], [ 616512.346817893674597, 2371131.820138916838914 ], [ 615431.426257692161016, 2371124.102156572975218 ] ] ], [ [ [ 608628.558026645798236, 2372917.497398404404521 ], [ 609010.521026651491411, 2373840.249965854454786 ], [ 610091.355846556136385, 2373847.549309226684272 ], [ 609709.415031924727373, 2372924.768341419287026 ], [ 608628.558026645798236, 2372917.497398404404521 ] ] ], [ [ [ 617275.490635305410251, 2372977.681473993230611 ], [ 617657.276398451649584, 2373900.662027173209935 ], [ 618738.133481838158332, 2373908.537758877500892 ], [ 618356.369833811768331, 2372985.528581616934389 ], [ 617275.490635305410251, 2372977.681473993230611 ] ] ], [ [ [ 603606.386359506635927, 2373804.833886039908975 ], [ 603988.603069029515609, 2374727.477776338346303 ], [ 605069.402596930041909, 2374734.445201773196459 ], [ 604687.208123346674256, 2373811.7730204006657 ], [ 603606.386359506635927, 2373804.833886039908975 ] ] ], [ [ [ 615178.854371827910654, 2375723.35650132689625 ], [ 614796.717041838914156, 2374800.39520009001717 ], [ 613715.893458222970366, 2374792.779128469061106 ], [ 614098.052951359539293, 2375715.711856638547033 ], [ 615178.854371827910654, 2375723.35650132689625 ] ] ], [ [ [ 616958.372650251956657, 2374815.843575470615178 ], [ 616576.422190469689667, 2373892.858347781468183 ], [ 615495.57083147065714, 2373885.126719603780657 ], [ 616259.65860599768348, 2375731.073251005727798 ], [ 615178.854371827910654, 2375723.35650132689625 ], [ 615943.556771325180307, 2377569.378963870927691 ], [ 617024.31667734135408, 2377577.153007030487061 ], [ 616641.916355825494975, 2376654.096459430176765 ], [ 617722.70127803622745, 2376661.913974662777036 ], [ 617340.465680278488435, 2375738.862106759101152 ], [ 618421.275621077278629, 2375746.723069683648646 ], [ 618039.204727879841812, 2374823.675881402567029 ], [ 616958.372650251956657, 2374815.843575470615178 ] ] ], [ [ [ 600047.87851673248224, 2375622.892554472666234 ], [ 600813.203358893631957, 2377468.118779263459146 ], [ 601893.926029326277785, 2377474.88266414264217 ], [ 601128.645762135856785, 2375629.599928429350257 ], [ 600047.87851673248224, 2375622.892554472666234 ] ] ], [ [ [ 596490.337030476541258, 2377441.784697395283729 ], [ 596873.302729505929165, 2378364.334240525960922 ], [ 597953.993378749932162, 2378370.837733693886548 ], [ 597571.050012370105833, 2377448.26000107685104 ], [ 596490.337030476541258, 2377441.784697395283729 ] ] ], [ [ [ 599732.483150186482817, 2377461.427041084971279 ], [ 600498.423275744426064, 2379306.728349172975868 ], [ 601579.098865902749822, 2379313.476664287038147 ], [ 600813.203358893631957, 2377468.118779263459146 ], [ 599732.483150186482817, 2377461.427041084971279 ] ] ], [ [ [ 576501.557165571255609, 2269811.665577576030046 ], [ 576867.338443237706088, 2270731.144234859384596 ], [ 575784.044786650454625, 2270726.2885329015553 ], [ 576516.078640967956744, 2272565.284577782265842 ], [ 577599.329502520035021, 2272570.190976335201412 ], [ 577965.539279304561205, 2273489.759120808914304 ], [ 579048.770679140463471, 2273494.759925164282322 ], [ 578316.536746709607542, 2271655.602685511112213 ], [ 579399.81289212917909, 2271660.621639274526387 ], [ 579033.931541185593233, 2270741.062431981787086 ], [ 580117.231036647921428, 2270746.124928551726043 ], [ 579751.513869523536414, 2269826.57018952909857 ], [ 576501.557165571255609, 2269811.665577576030046 ] ] ], [ [ [ 616232.558216162258759, 2271872.302517702803016 ], [ 616597.860539553686976, 2272792.772393939085305 ], [ 617681.201072695432231, 2272800.231835029087961 ], [ 617315.919828854501247, 2271879.735565623734146 ], [ 616232.558216162258759, 2271872.302517702803016 ] ] ], [ [ [ 583732.93756538850721, 2271681.387061906512827 ], [ 584831.182114558061585, 2274440.550325529184192 ], [ 585914.404403150314465, 2274445.990845354273915 ], [ 584816.223891828791238, 2271686.750823139213026 ], [ 583732.93756538850721, 2271681.387061906512827 ] ] ], [ [ [ 644059.518255261937156, 2276675.610853065736592 ], [ 644425.029198527801782, 2277596.880164700560272 ], [ 645508.343221001909114, 2277606.132132560946047 ], [ 645142.853185554035008, 2276684.835611610673368 ], [ 644059.518255261937156, 2276675.610853065736592 ] ] ], [ [ [ 584498.220994511968456, 2279028.827527958434075 ], [ 585581.332129428512417, 2279034.258187190163881 ], [ 585214.372520176460966, 2278114.38200990203768 ], [ 586297.50718217540998, 2278119.856121808290482 ], [ 585564.059084698674269, 2276280.142916211858392 ], [ 584480.881654635421, 2276274.720181439071894 ], [ 584847.555694439797662, 2277194.536018109414726 ], [ 583764.401760919485241, 2277189.156738317105919 ], [ 584131.239982699858956, 2278108.977054876275361 ], [ 583048.109542737249285, 2278103.641255963593721 ], [ 583415.111965870601125, 2279023.466052650939673 ], [ 580165.797247573151253, 2279007.796722733415663 ], [ 580900.359105575713329, 2280847.382834676187485 ], [ 578734.245172028662637, 2280837.180141639430076 ], [ 579469.46415977331344, 2282676.784169331658632 ], [ 578386.453122854814865, 2282671.73545366153121 ], [ 578754.298340011155233, 2283591.5569993914105 ], [ 580920.279408944887109, 2283601.775058456230909 ], [ 580184.817753794370219, 2281762.059456426184624 ], [ 583433.933340319897979, 2281777.752099976409227 ], [ 582699.171660360763781, 2279938.003037546761334 ], [ 583782.257183128967881, 2279943.321007259655744 ], [ 584149.545192093122751, 2280863.206150181125849 ], [ 585232.61137854680419, 2280868.619065247476101 ], [ 584498.220994511968456, 2279028.827527958434075 ] ] ], [ [ [ 584558.733599295606837, 2287292.270543821156025 ], [ 585641.645343543030322, 2287297.725546448491514 ], [ 585273.336381808388978, 2286377.654142128303647 ], [ 584190.403150080121122, 2286372.225021622143686 ], [ 584558.733599295606837, 2287292.270543821156025 ] ] ], [ [ [ 583844.318696599453688, 2288206.934986087027937 ], [ 584581.736536999233067, 2290047.126169440802187 ], [ 585664.58164917153772, 2290052.589477721136063 ], [ 584927.206833834759891, 2288212.346440172288567 ], [ 583844.318696599453688, 2288206.934986087027937 ] ] ], [ [ [ 586771.714701350196265, 2292813.182605787646025 ], [ 587141.044596789870411, 2293733.441390351392329 ], [ 588223.80574639281258, 2293739.078383615240455 ], [ 587854.497383999987505, 2292818.793512884993106 ], [ 586771.714701350196265, 2292813.182605787646025 ] ] ], [ [ [ 612214.063142132246867, 2310416.794625578913838 ], [ 612585.738244396867231, 2311338.096614663954824 ], [ 614750.530134715256281, 2311352.828755703289062 ], [ 614378.898040436208248, 2310431.472503354307264 ], [ 612214.063142132246867, 2310416.794625578913838 ] ] ], [ [ [ 645269.298950476571918, 2328134.268917010165751 ], [ 644521.991150494548492, 2326289.205054561141878 ], [ 642357.746262245229445, 2326270.488809347618371 ], [ 642731.371805623406544, 2327192.947772095445544 ], [ 643813.471049559535459, 2327202.298808535095304 ], [ 644187.217583821853623, 2328124.818910922389477 ], [ 645269.298950476571918, 2328134.268917010165751 ] ] ], [ [ [ 610730.115004339255393, 2333382.910056912805885 ], [ 611105.571842361008748, 2334304.736470696981996 ], [ 612187.397710409131832, 2334312.046365960966796 ], [ 611811.962630100082606, 2333390.192372184246778 ], [ 610730.115004339255393, 2333382.910056912805885 ] ] ], [ [ [ 630623.12520120490808, 2337205.735945727210492 ], [ 630998.783344069961458, 2338128.165947146713734 ], [ 632080.573337279842235, 2338136.793145079631358 ], [ 631704.936830609804019, 2337214.334968662355095 ], [ 630623.12520120490808, 2337205.735945727210492 ] ] ], [ [ [ 634950.391290638712235, 2337240.557825668714941 ], [ 632786.751704212860204, 2337223.004955480340868 ], [ 633162.366583311930299, 2338145.491334904450923 ], [ 634244.163108818233013, 2338154.26051784818992 ], [ 634619.898844236857258, 2339076.808030289132148 ], [ 635701.677059032255784, 2339085.676496559754014 ], [ 634950.391290638712235, 2337240.557825668714941 ] ] ], [ [ [ 604002.825124159338884, 2340694.087319274898618 ], [ 605084.474270912702195, 2340700.951649561990052 ], [ 604707.844440224813297, 2339779.120641837827861 ], [ 603626.173411609022878, 2339772.2838493604213 ], [ 604002.825124159338884, 2340694.087319274898618 ] ] ], [ [ [ 635371.797731028404087, 2340922.001890733838081 ], [ 637535.271012901794165, 2340939.923238568939269 ], [ 637911.390895304619335, 2341862.62643718207255 ], [ 638993.110981648555025, 2341871.722166808322072 ], [ 638241.056903453776613, 2340026.291988907381892 ], [ 637159.293585378327407, 2340017.253099149558693 ], [ 636783.458615205367096, 2339094.615986456163228 ], [ 635701.677059032255784, 2339085.676496559754014 ], [ 636077.533643928356469, 2340008.285262306686491 ], [ 634995.777052463963628, 2339999.388477113563567 ], [ 635371.797731028404087, 2340922.001890733838081 ] ] ], [ [ [ 639322.823624789947644, 2340035.401932853739709 ], [ 639698.757835671538487, 2340958.128910194616765 ], [ 640780.506391477654688, 2340967.338370631448925 ], [ 640404.593776029883884, 2340044.582932275254279 ], [ 639322.823624789947644, 2340035.401932853739709 ] ] ], [ [ [ 627799.744802986271679, 2340861.516078643035144 ], [ 628176.059645089088008, 2341783.964623904787004 ], [ 629257.750145575031638, 2341792.42041770927608 ], [ 628881.457000190275721, 2340869.943689671345055 ], [ 627799.744802986271679, 2340861.516078643035144 ] ] ], [ [ [ 640780.506391477654688, 2340967.338370631448925 ], [ 641156.561442318605259, 2341890.126958133652806 ], [ 643320.025797825888731, 2341908.816200891509652 ], [ 642944.013925100793131, 2340985.970547247678041 ], [ 640780.506391477654688, 2340967.338370631448925 ] ] ], [ [ [ 636829.674202785594389, 2341853.601816532667726 ], [ 637205.958171810256317, 2342776.309669943992049 ], [ 638287.653230121009983, 2342785.362727481871843 ], [ 637911.390895304619335, 2341862.62643718207255 ], [ 636829.674202785594389, 2341853.601816532667726 ] ] ], [ [ [ 628651.186439301702194, 2348224.931320408824831 ], [ 629028.684822168434039, 2349147.586586463265121 ], [ 630110.19509505329188, 2349156.126280300319195 ], [ 629732.718478131573647, 2348233.442647252231836 ], [ 628651.186439301702194, 2348224.931320408824831 ] ] ], [ [ [ 643088.575322167132981, 2349264.165976625401527 ], [ 643465.933840724406764, 2350187.225612209644169 ], [ 644547.466084935585968, 2350196.721334449015558 ], [ 644170.129226764664054, 2349273.632937333546579 ], [ 643088.575322167132981, 2349264.165976625401527 ] ] ], [ [ [ 614430.014248861232772, 2358236.889226563740522 ], [ 614809.452602570876479, 2359159.425930209457874 ], [ 615890.671115300850943, 2359167.062140592839569 ], [ 615511.25474681169726, 2358244.497214080300182 ], [ 614430.014248861232772, 2358236.889226563740522 ] ] ], [ [ [ 635353.115883470629342, 2359316.760177943855524 ], [ 636434.392913154093549, 2359325.757156995590776 ], [ 636055.392608630354516, 2358402.650678483303636 ], [ 634974.09375892393291, 2358393.682454277295619 ], [ 635353.115883470629342, 2359316.760177943855524 ] ] ], [ [ [ 618992.68467897339724, 2369309.506100604310632 ], [ 620073.660926669486798, 2369317.454759895335883 ], [ 619692.676311003044248, 2368394.526161643210799 ], [ 618611.678006822476164, 2368386.606058380100876 ], [ 618992.68467897339724, 2369309.506100604310632 ] ] ], [ [ [ 617593.27022721117828, 2371139.610089641530067 ], [ 618356.369833811768331, 2372985.528581616934389 ], [ 619437.251925385557115, 2372993.447714677080512 ], [ 618674.196512085269205, 2371147.472009842284024 ], [ 617593.27022721117828, 2371139.610089641530067 ] ] ], [ [ [ 640674.383181477081962, 2372243.374692019075155 ], [ 641055.541999582550488, 2373166.957507268059999 ], [ 642136.490950447274372, 2373176.389447440393269 ], [ 641755.354049669345841, 2372252.777422034647316 ], [ 640674.383181477081962, 2372243.374692019075155 ] ] ], [ [ [ 641055.541999582550488, 2373166.957507268059999 ], [ 639974.596496789716184, 2373157.597618055529892 ], [ 640355.919673570315354, 2374081.185158649925143 ], [ 639274.999533507390879, 2374071.868134583346546 ], [ 639656.487088071298786, 2374995.4604009129107 ], [ 641818.286911970819347, 2375014.22498477017507 ], [ 641055.541999582550488, 2373166.957507268059999 ] ] ], [ [ [ 621281.718371415627189, 2374847.605285414494574 ], [ 622362.562144194031134, 2374855.725919229444116 ], [ 621980.722248629201204, 2373932.597278990782797 ], [ 620899.856380507466383, 2373924.505383662879467 ], [ 621281.718371415627189, 2374847.605285414494574 ] ] ], [ [ [ 642199.873001240892336, 2375937.90971363382414 ], [ 644361.642821568995714, 2375957.021357173565775 ], [ 643980.100597238866612, 2375033.277997017838061 ], [ 641818.286911970819347, 2375014.22498477017507 ], [ 642199.873001240892336, 2375937.90971363382414 ] ] ], [ [ [ 620200.877562047564425, 2374839.556735257152468 ], [ 620582.904207863728516, 2375762.661321477033198 ], [ 621663.722906669368967, 2375770.738612588029355 ], [ 621281.718371415627189, 2374847.605285414494574 ], [ 620200.877562047564425, 2374839.556735257152468 ] ] ], [ [ [ 640038.117076819762588, 2375919.086610766127706 ], [ 640419.889497242867947, 2376842.746797462925315 ], [ 638258.191204445436597, 2376824.153756907675415 ], [ 637876.37483699247241, 2375900.552037982270122 ], [ 636795.508782768505625, 2375891.392947106156498 ], [ 638323.71688020019792, 2379585.886700719594955 ], [ 639404.494949540123343, 2379595.162741953041404 ], [ 639786.881070442846976, 2380518.90045762527734 ], [ 640867.640538956504315, 2380528.278083030600101 ], [ 641250.147081679897383, 2381452.079253981355578 ], [ 642330.887986570247449, 2381461.558551590889692 ], [ 640801.804346829187125, 2377766.440994346514344 ], [ 641882.636657686671242, 2377775.875061347614974 ], [ 641500.743775129434653, 2376852.151557959150523 ], [ 642581.601509215310216, 2376861.628480360843241 ], [ 642199.873001240892336, 2375937.90971363382414 ], [ 640038.117076819762588, 2375919.086610766127706 ] ] ], [ [ [ 645190.713056702981703, 2380566.511313333176076 ], [ 644808.436868233955465, 2379642.626606825273484 ], [ 643727.641520260367543, 2379632.989341591484845 ], [ 642963.472433385089971, 2377785.381318324711174 ], [ 641882.636657686671242, 2377775.875061347614974 ], [ 643029.169816320529208, 2380547.250149773433805 ], [ 645190.713056702981703, 2380566.511313333176076 ] ] ], [ [ [ 627583.755220200866461, 2382258.882442321162671 ], [ 628664.431255358853377, 2382267.451011940836906 ], [ 629047.487492751097307, 2383190.969156056642532 ], [ 630128.144548011361621, 2383199.639163344632834 ], [ 628596.863034457084723, 2379505.653014536947012 ], [ 624273.899639797396958, 2379471.871620800346136 ], [ 625039.432332743075676, 2381318.565020342357457 ], [ 626120.124307775986381, 2381326.959958114195615 ], [ 625737.308831850299612, 2380403.567450914531946 ], [ 626818.026007447042502, 2380412.005662660114467 ], [ 627583.755220200866461, 2382258.882442321162671 ] ] ], [ [ [ 639854.20403482299298, 2383280.924753970932215 ], [ 643096.284316076431423, 2383309.322260282933712 ], [ 643479.196099429158494, 2384233.255464395042509 ], [ 644559.874459531856701, 2384242.895532813854516 ], [ 643794.237322737695649, 2382395.004358413629234 ], [ 641632.796047485317104, 2382375.914571650791913 ], [ 641250.147081679897383, 2381452.079253981355578 ], [ 640169.409623424056917, 2381442.672255977056921 ], [ 640552.080605967668816, 2382366.478170454967767 ], [ 639471.368593358201906, 2382357.114095611032099 ], [ 639854.20403482299298, 2383280.924753970932215 ] ] ] ] } }
]
}
