{
"type": "FeatureCollection",
"name": "urban-1995",
"crs": { "type": "name", "properties": { "name": "urn:ogc:def:crs:EPSG::32651" } },
"features": [
{ "type": "Feature", "properties": { "year": 1995 }, "geometry": { "type": "MultiPolygon", "coordinates": [ [ [ [ 219952.063288171426393, 1615038.301780892536044 ], [ 218854.401596264273394, 1615050.882485177833587 ], [ 218545.568872936884873, 1614147.693604653701186 ], [ 217447.881734035676345, 1614160.330304552800953 ], [ 218374.942334861727431, 1616869.911105149891227 ], [ 220570.20296362391673, 1616844.72715260530822 ], [ 219952.063288171426393, 1615038.301780892536044 ] ] ], [ [ [ 218374.942334861727431, 1616869.911105149891227 ], [ 217277.300300958624575, 1616882.577179950661957 ], [ 217896.225232302676886, 1618689.007944262120873 ], [ 218993.831924866710324, 1618676.35528069594875 ], [ 218374.942334861727431, 1616869.911105149891227 ] ] ], [ [ [ 229296.163264175469521, 1635790.293706449214369 ], [ 231490.61914031021297, 1635765.802034122403711 ], [ 231177.969788509246428, 1634862.310384272132069 ], [ 228983.478389916999731, 1634886.816670997999609 ], [ 229296.163264175469521, 1635790.293706449214369 ] ] ], [ [ [ 219263.037047950318083, 1638626.036560037871823 ], [ 218165.774844720377587, 1638638.835898881778121 ], [ 219106.965000235359184, 1641349.206401398638263 ], [ 220204.173479823337402, 1641336.428403689526021 ], [ 219263.037047950318083, 1638626.036560037871823 ] ] ], [ [ [ 213934.964753184758592, 1642317.293406856944785 ], [ 211740.481546556635294, 1642343.48734318674542 ], [ 211426.286137836286798, 1641440.056460773805156 ], [ 210329.01457706571091, 1641453.235645888373256 ], [ 210957.611262428225018, 1643260.095072083640844 ], [ 209860.367705259181093, 1643273.31055539730005 ], [ 210489.679909538011998, 1645080.202303915750235 ], [ 211586.887411623378284, 1645067.000773450592533 ], [ 211272.16440546058584, 1644163.54212935641408 ], [ 221146.838163415377494, 1644046.925942495232448 ], [ 220832.446801128739025, 1643143.414988793665543 ], [ 223026.768899453862105, 1643118.038262390298769 ], [ 223341.124416411155835, 1644021.56371219153516 ], [ 224438.256040065374691, 1644008.957923609763384 ], [ 224752.763424273580313, 1644912.502530745929107 ], [ 225849.869514024874661, 1644899.954296428710222 ], [ 225221.060325660859235, 1643092.86229637474753 ], [ 224123.918431356782094, 1643105.425185265950859 ], [ 223495.752551562211011, 1641298.395242188358679 ], [ 224592.930221279035322, 1641285.817792655434459 ], [ 224279.119832530675922, 1640382.313306456664577 ], [ 222084.721073162741959, 1640407.532803025096655 ], [ 221771.044715215044562, 1639504.054552770452574 ], [ 220673.81591681035934, 1639516.746631479822099 ], [ 221301.374211277347058, 1641323.700545836705714 ], [ 220204.173479823337402, 1641336.428403689526021 ], [ 220518.225239000108559, 1642239.915815237909555 ], [ 219421.034681906050537, 1642252.686652340227738 ], [ 219735.274173833080567, 1643156.178641820326447 ], [ 216443.709614166698884, 1643194.770782837411389 ], [ 216129.4162750976393, 1642291.300183638464659 ], [ 215032.194459507882129, 1642304.271707071224228 ], [ 214718.052991619857494, 1641400.819828644627705 ], [ 213620.805314660421573, 1641413.848554087337106 ], [ 213934.964753184758592, 1642317.293406856944785 ] ] ], [ [ [ 232746.899736557505094, 1645729.328472995897755 ], [ 231649.856573776050936, 1645741.567768054781482 ], [ 231335.286751970590558, 1644837.966693645110354 ], [ 230238.218297747953329, 1644850.26374447462149 ], [ 230867.56340531114256, 1646657.462921073893085 ], [ 233061.621421825839207, 1646632.949141871649772 ], [ 232746.899736557505094, 1645729.328472995897755 ] ] ], [ [ [ 226479.357764118642081, 1646707.093938590027392 ], [ 224285.209652815537993, 1646732.21120620938018 ], [ 224600.244284170912579, 1647635.784146504709497 ], [ 223503.176746379409451, 1647648.41087088175118 ], [ 223818.399103635223582, 1648551.988350244471803 ], [ 226012.490660370502155, 1648526.800011892803013 ], [ 225697.304202025232371, 1647623.207747197709978 ], [ 226794.356530357908923, 1647610.681671104859561 ], [ 226479.357764118642081, 1646707.093938590027392 ] ] ], [ [ [ 228521.872242497454863, 1649405.432239617919549 ], [ 229618.873644198232796, 1649393.021802288945764 ], [ 228988.438540103787091, 1647585.78048117342405 ], [ 226794.356530357908923, 1647610.681671104859561 ], [ 227109.525053687742911, 1648514.281368959927931 ], [ 228206.551897514844313, 1648501.813074388541281 ], [ 228521.872242497454863, 1649405.432239617919549 ] ] ], [ [ [ 233691.573938499263022, 1648440.226762814912945 ], [ 231497.587436116533354, 1648464.710262482753024 ], [ 231812.854040815553162, 1649368.352040872676298 ], [ 232909.83309653197648, 1649356.092713143210858 ], [ 233225.251522285398096, 1650259.754203135147691 ], [ 234322.205298281740397, 1650247.55288394796662 ], [ 233691.573938499263022, 1648440.226762814912945 ] ] ], [ [ [ 231830.743078825064003, 1655718.746940769487992 ], [ 231514.252556036342867, 1654815.035534082911909 ], [ 230417.358844847884029, 1654827.400411459151655 ], [ 230733.867341403034516, 1655731.104142087046057 ], [ 231830.743078825064003, 1655718.746940769487992 ] ] ], [ [ [ 231222.162487240391783, 1660262.174647439271212 ], [ 230904.787374709092546, 1659358.417726214043796 ], [ 229807.968767398328055, 1659370.845329233910888 ], [ 230125.361909147875849, 1660274.59450988471508 ], [ 231222.162487240391783, 1660262.174647439271212 ] ] ], [ [ [ 241017.697150396037614, 1691009.448294173227623 ], [ 240371.542291347519495, 1689201.112065202556551 ], [ 239275.315300631074933, 1689213.32318301522173 ], [ 238952.474055983911967, 1688309.1827657003887 ], [ 237856.221613153320504, 1688321.453903442947194 ], [ 237533.531743772851769, 1687417.334676649887115 ], [ 236437.253806207911111, 1687429.6657579774037 ], [ 237729.10436018864857, 1691046.185412936843932 ], [ 236632.89237429224886, 1691058.534365483094007 ], [ 236956.297469716635533, 1691962.687686418415979 ], [ 235860.096567866450641, 1691975.079820336773992 ], [ 236507.45240520365769, 1693783.407816724618897 ], [ 237603.616627732757479, 1693771.032645086757839 ], [ 237927.530684751225635, 1694675.224321364192292 ], [ 240119.800842046650359, 1694650.64621366141364 ], [ 239472.215707445488079, 1692842.241482025710866 ], [ 241664.530533283425029, 1692817.835896947653964 ], [ 241341.029027747252258, 1691913.635664189234376 ], [ 240244.856885241344571, 1691925.821196348872036 ], [ 239921.50671803689329, 1691021.642379089025781 ], [ 241017.697150396037614, 1691009.448294173227623 ] ], [ [ 237279.872221795783844, 1692866.853773198788986 ], [ 238376.047562193300109, 1692854.52178844739683 ], [ 238699.773634705430595, 1693758.709180581849068 ], [ 237603.616627732757479, 1693771.032645086757839 ], [ 237279.872221795783844, 1692866.853773198788986 ] ] ], [ [ [ 253075.328360165440245, 1690878.71982067450881 ], [ 254171.435296603274764, 1690867.145046731922776 ], [ 253848.491682492895052, 1689962.866071734111756 ], [ 249463.950342932803323, 1690009.510020702611655 ], [ 249786.966678664291976, 1690913.753747519571334 ], [ 247594.69119553710334, 1690937.367720141308382 ], [ 247271.638440622424241, 1690033.141455384436995 ], [ 246175.472075622325065, 1690045.03454384370707 ], [ 247145.193796505744103, 1692757.726179390912876 ], [ 249337.410215318115661, 1692734.043953254120424 ], [ 249014.036515138344839, 1691829.782925740815699 ], [ 251206.261789186712122, 1691806.289729043375701 ], [ 250883.094081391056534, 1690902.024169353069738 ], [ 251979.214631824928802, 1690890.346194311277941 ], [ 252302.364147270913236, 1691794.620576752582565 ], [ 253398.459692985197762, 1691783.003052874933928 ], [ 253075.328360165440245, 1690878.71982067450881 ] ] ], [ [ [ 248888.59807098301826, 1694554.402860133210197 ], [ 249984.666340136929648, 1694542.605182882864028 ], [ 249660.953491232241504, 1693638.318032490089536 ], [ 248564.866979260899825, 1693650.124524192651734 ], [ 248888.59807098301826, 1694554.402860133210197 ] ] ], [ [ [ 243732.144628062349511, 1695518.414640101604164 ], [ 243084.330110916198464, 1693709.932357726851478 ], [ 241988.201664231863106, 1693722.049011764815077 ], [ 242636.052791275695199, 1695530.51396494731307 ], [ 243732.144628062349511, 1695518.414640101604164 ] ] ], [ [ [ 228913.894745595811401, 1700226.130367560544983 ], [ 228263.83189700631192, 1698417.776065012672916 ], [ 227167.68617212632671, 1698430.626928135519847 ], [ 226842.890831758501008, 1697526.477118223905563 ], [ 225746.719121428148355, 1697539.388161689043045 ], [ 226396.516498613811564, 1699347.683755027363077 ], [ 227492.651227911119349, 1699334.789371642051265 ], [ 227817.785996290331241, 1700238.964468003017828 ], [ 228913.894745595811401, 1700226.130367560544983 ] ] ], [ [ [ 239549.645638498826884, 1699196.375444993376732 ], [ 240645.692495634488296, 1699184.103611737955362 ], [ 240320.948601075302577, 1698279.838957559783012 ], [ 238128.810968135570874, 1698304.45179807045497 ], [ 238778.54192258240073, 1700112.959392746677622 ], [ 239874.577543483639602, 1700100.644353741314262 ], [ 239549.645638498826884, 1699196.375444993376732 ] ] ], [ [ [ 232527.406965972855687, 1701092.16114759654738 ], [ 232202.176422565302346, 1700187.939545827917755 ], [ 233298.255558478005696, 1700175.313092202180997 ], [ 232973.213148314098362, 1699271.095758547540754 ], [ 230781.010604663169943, 1699296.417550542857498 ], [ 231106.089928561472334, 1700200.617908350890502 ], [ 228913.894745595811401, 1700226.130367560544983 ], [ 229239.180725275247823, 1701130.326553910039365 ], [ 232527.406965972855687, 1701092.16114759654738 ] ] ], [ [ [ 236911.605885581229813, 1701042.001032853499055 ], [ 237236.932301882829051, 1701946.269785878248513 ], [ 238332.945460601244122, 1701933.868241067044437 ], [ 238007.637471108726459, 1701029.590829993830994 ], [ 239103.661859211162664, 1701017.232553799636662 ], [ 238778.54192258240073, 1700112.959392746677622 ], [ 237682.49912459612824, 1700125.326329612638801 ], [ 237032.731371674104594, 1698316.835983250057325 ], [ 233744.449100231227931, 1698354.299620382487774 ], [ 234719.521001604851335, 1701066.977225884562358 ], [ 236911.605885581229813, 1701042.001032853499055 ] ] ], [ [ [ 247100.794509953440866, 1701836.526062303455546 ], [ 249292.686705587228062, 1701812.709946393966675 ], [ 248967.562444312003208, 1700908.34447043039836 ], [ 246775.633581452537328, 1700932.17841526446864 ], [ 247100.794509953440866, 1701836.526062303455546 ] ] ], [ [ [ 233948.849398562859278, 1701983.786160504911095 ], [ 233623.467642826610245, 1701079.543219731654972 ], [ 232527.406965972855687, 1701092.16114759654738 ], [ 232852.807187871134374, 1701996.395538246957585 ], [ 233948.849398562859278, 1701983.786160504911095 ] ] ], [ [ [ 247426.125022006395739, 1702740.886834488715976 ], [ 247100.794509953440866, 1701836.526062303455546 ], [ 246004.838007661601296, 1701848.512028368422762 ], [ 246330.186875083571067, 1702752.863902210723609 ], [ 247426.125022006395739, 1702740.886834488715976 ] ] ], [ [ [ 255868.198991627228679, 1701742.508002953603864 ], [ 254772.29721610218985, 1701754.078503156313673 ], [ 254447.264451733091846, 1700849.667982378974557 ], [ 252255.404095101170242, 1700872.982865008991212 ], [ 252580.473428914760007, 1701777.375286853406578 ], [ 253676.388705245597521, 1701765.700930552789941 ], [ 254001.609290644206339, 1702670.115659762406722 ], [ 252905.712310969975078, 1702681.780955722089857 ], [ 253231.120738523750333, 1703586.199891260825098 ], [ 254326.999414490594063, 1703574.543680031085387 ], [ 254978.288266549992841, 1705383.439672499196604 ], [ 256074.123587586625945, 1705371.853740876307711 ], [ 255748.412703094363678, 1704467.389918863773346 ], [ 256844.259626124519855, 1704455.846834897296503 ], [ 256518.736558756645536, 1703551.387204603059217 ], [ 255422.871344520914136, 1703562.939451714977622 ], [ 255097.49951461161254, 1702658.502319710562006 ], [ 256193.383013013022719, 1702646.940933858975768 ], [ 255868.198991627228679, 1701742.508002953603864 ] ] ], [ [ [ 251039.343028235103702, 1703609.668269326677546 ], [ 252135.235286482726224, 1703597.908087119227275 ], [ 251809.808545447012875, 1702693.498209306737408 ], [ 250713.897963930183323, 1702705.267422240227461 ], [ 251039.343028235103702, 1703609.668269326677546 ] ] ], [ [ [ 249943.443933638976887, 1703621.48043961613439 ], [ 249617.980536281684181, 1702717.088596254121512 ], [ 248522.056232354429085, 1702728.961733087897301 ], [ 248847.537972554768203, 1703633.344599723583087 ], [ 249943.443933638976887, 1703621.48043961613439 ] ] ], [ [ [ 253556.698708826792426, 1704490.632113138446584 ], [ 253231.120738523750333, 1703586.199891260825098 ], [ 252135.235286482726224, 1703597.908087119227275 ], [ 252460.831577321572695, 1704502.331226865760982 ], [ 253556.698708826792426, 1704490.632113138446584 ] ] ], [ [ [ 252016.695551234501181, 1706322.950314447283745 ], [ 251039.343028235103702, 1703609.668269326677546 ], [ 249943.443933638976887, 1703621.48043961613439 ], [ 250920.851498112664558, 1706334.735327085712925 ], [ 252016.695551234501181, 1706322.950314447283745 ] ] ], [ [ [ 247307.250993401568849, 1705465.998324095504358 ], [ 248403.134031824592967, 1705454.048097794875503 ], [ 248077.294785705249524, 1704549.647832624148577 ], [ 246981.393370722129475, 1704561.607030478073284 ], [ 247307.250993401568849, 1705465.998324095504358 ] ] ], [ [ [ 247633.278195635124575, 1706370.402796867769212 ], [ 247307.250993401568849, 1705465.998324095504358 ], [ 246211.361017684976105, 1705478.000599464634433 ], [ 246537.406613345752703, 1706382.396103246835992 ], [ 247633.278195635124575, 1706370.402796867769212 ] ] ], [ [ [ 238866.109036771027604, 1706467.807526844087988 ], [ 238539.934411983151222, 1705563.474050252931193 ], [ 237443.987852995982394, 1705575.892782382201403 ], [ 237770.180949868285097, 1706480.217505891108885 ], [ 238866.109036771027604, 1706467.807526844087988 ] ] ], [ [ [ 252342.818826417293167, 1707227.404229719657451 ], [ 253438.637721113918815, 1707215.680414585396647 ], [ 253112.532797386316815, 1706311.217370890779421 ], [ 252016.695551234501181, 1706322.950314447283745 ], [ 252342.818826417293167, 1707227.404229719657451 ] ] ], [ [ [ 249055.321238787786569, 1707262.888258553808555 ], [ 248729.142850440752227, 1706358.461566550424322 ], [ 247633.278195635124575, 1706370.402796867769212 ], [ 247959.474974654527614, 1707274.820468442048877 ], [ 249055.321238787786569, 1707262.888258553808555 ] ] ], [ [ [ 252669.111647438432556, 1708131.87146129948087 ], [ 252342.818826417293167, 1707227.404229719657451 ], [ 250151.160615376837086, 1707251.008149967994541 ], [ 250477.49018278773292, 1708155.457156786229461 ], [ 252669.111647438432556, 1708131.87146129948087 ] ] ], [ [ [ 239192.453294873936102, 1707372.154006680008024 ], [ 238096.543687139026588, 1707384.55520819989033 ], [ 238749.778071695414837, 1709193.26962742372416 ], [ 239845.650699873192934, 1709180.886054346337914 ], [ 239192.453294873936102, 1707372.154006680008024 ] ] ], [ [ [ 246520.771009576274082, 1724545.056747769005597 ], [ 246191.222851724684006, 1723640.450193824945018 ], [ 245095.654056762024993, 1723652.636600979138166 ], [ 244437.029278498492204, 1721843.482151987031102 ], [ 247723.826337310252711, 1721807.025163503363729 ], [ 247394.824042250023922, 1720902.440283522941172 ], [ 249586.024573767790571, 1720878.379762363154441 ], [ 249914.989773834560765, 1721782.983226262964308 ], [ 251010.561201467557112, 1721771.041068855440244 ], [ 250024.229841811407823, 1719057.243060183245689 ], [ 248928.602837164304219, 1719069.213140943553299 ], [ 249257.228927286661929, 1719973.789740573847666 ], [ 248161.613571150723146, 1719985.803024445427582 ], [ 247504.493900002504233, 1718176.68171504791826 ], [ 246408.834573875297792, 1718188.765920579666272 ], [ 245424.371289060800336, 1715475.211555411573499 ], [ 246520.086167155444855, 1715463.099884045310318 ], [ 246192.289407011383446, 1714558.599229775834829 ], [ 249479.447914989694254, 1714522.550846718251705 ], [ 249807.189224498550175, 1715427.07898121024482 ], [ 248711.495104786619777, 1715439.033598714275286 ], [ 249039.424451181403128, 1716343.565893448656425 ], [ 247943.741932669625385, 1716355.563675815472379 ], [ 248600.146306173555786, 1718164.649943541968241 ], [ 250791.430478945549112, 1718140.743695540120825 ], [ 250135.100090171647025, 1716331.620487593580037 ], [ 252326.430849915690487, 1716307.886798399267718 ], [ 252654.474323050671956, 1717212.460250019328669 ], [ 255941.364273181447061, 1717177.280529093230143 ], [ 254957.908446802990511, 1714463.516600472386926 ], [ 256053.580276744731236, 1714451.866694390540943 ], [ 255398.827482017048169, 1712642.739525247598067 ], [ 256494.529412054049317, 1712631.123251132899895 ], [ 255513.726774548296817, 1709917.505561638157815 ], [ 256609.477127458521863, 1709905.91362759238109 ], [ 256282.900311303237686, 1709001.392017605016008 ], [ 258474.417691448092228, 1708978.346070948056877 ], [ 258148.047057042858796, 1708073.819346512202173 ], [ 257052.273369172966341, 1708085.325533588882536 ], [ 256400.00399525676039, 1706276.330937491497025 ], [ 254208.363266691303579, 1706299.53649468999356 ], [ 254534.449848759453744, 1707204.008693808456883 ], [ 255630.25523946917383, 1707192.389065673109144 ], [ 255956.493014394480269, 1708096.883836901979521 ], [ 253764.912183641688898, 1708120.156799045624211 ], [ 254091.356182214949513, 1709024.646544034592807 ], [ 251899.785063291812548, 1709048.109663918614388 ], [ 252226.435350094281603, 1709952.594412540551275 ], [ 254417.969714088598266, 1709929.149669334990904 ], [ 255071.705366737674922, 1711738.19614010443911 ], [ 253975.978334828745574, 1711749.873945971019566 ], [ 254303.118843743402977, 1712654.408055732492357 ], [ 253207.40346714379848, 1712666.128844302380458 ], [ 253534.731915858981665, 1713570.6671162545681 ], [ 252439.028191132238135, 1713582.430918711237609 ], [ 251784.503996474290034, 1711773.386252684285864 ], [ 252880.244554773438722, 1711761.603982922621071 ], [ 252553.255181505723158, 1710857.092512275557965 ], [ 250361.730434258381138, 1710880.727653053123504 ], [ 251015.952378571615554, 1712689.727202602894977 ], [ 248824.473975524510024, 1712713.534614029573277 ], [ 249151.876164406421594, 1713618.03606426762417 ], [ 248056.145104340364924, 1713630.009031334193423 ], [ 247728.724455828341888, 1712725.516719037201256 ], [ 244441.434262838272844, 1712761.776652404805645 ], [ 243786.990870531735709, 1710952.886154555249959 ], [ 245978.598519634309923, 1710928.62446010299027 ], [ 245324.907358408730943, 1709119.750722954748198 ], [ 246420.737604490772355, 1709107.680150885367766 ], [ 246094.164841197169153, 1708203.254080408485606 ], [ 247190.0065534307505, 1708191.226653542136773 ], [ 247516.560892311827047, 1709095.661739390343428 ], [ 248612.377251986938063, 1709083.695486702257767 ], [ 247959.474974654527614, 1707274.820468442048877 ], [ 246863.621792852674844, 1707286.80478138756007 ], [ 246537.406613345752703, 1706382.396103246835992 ], [ 244345.642545797833009, 1706406.53895126003772 ], [ 244998.316160867660074, 1708215.333640858530998 ], [ 243902.460482324822806, 1708227.46533666877076 ], [ 244555.849362260545604, 1710036.294738017953932 ], [ 243460.023570269549964, 1710048.460677686147392 ], [ 242480.139286435412942, 1707335.263099120697007 ], [ 243576.020440174150281, 1707323.070356237934902 ], [ 242597.717938342539128, 1704609.964060338679701 ], [ 243693.647322583303321, 1704597.796763556776568 ], [ 243367.904114863427822, 1703693.445308909518644 ], [ 242271.956321870209649, 1703705.621444856747985 ], [ 241946.364318766049109, 1702801.291871679481119 ], [ 243042.330513437424088, 1702789.106920969905332 ], [ 242391.692140572704375, 1700980.469267062144354 ], [ 243487.688040575245395, 1700968.318679419346154 ], [ 243812.904043379065115, 1701872.639785538893193 ], [ 246004.838007661601296, 1701848.512028368422762 ], [ 245679.658730859926436, 1700944.173255297122523 ], [ 244583.676893952942919, 1700956.220009424025193 ], [ 244258.648859515349614, 1700051.903140188194811 ], [ 243162.641645316121867, 1700064.010605801362544 ], [ 242837.764860374707496, 1699159.715545190963894 ], [ 243933.790428313513985, 1699147.599308308912441 ], [ 243609.101603113958845, 1698243.308494300348684 ], [ 245801.168324890866643, 1698219.214029553579167 ], [ 245476.685758234903915, 1697314.918687739176676 ], [ 247668.761148557940032, 1697291.013914172537625 ], [ 248317.822641047241632, 1699099.652961876010522 ], [ 249413.81333029535017, 1699087.796016719890758 ], [ 249738.580139657948166, 1699992.144109872169793 ], [ 256314.271116801013704, 1699922.145297617884353 ], [ 255665.126273733214475, 1698113.354387761559337 ], [ 254569.158204420295078, 1698124.909284284571186 ], [ 254893.66410099278437, 1699029.289052500855178 ], [ 253797.707536393543705, 1699040.886749556288123 ], [ 253473.183390904043335, 1698136.515998270129785 ], [ 252377.201803025032859, 1698148.174531425116584 ], [ 251404.591914566815831, 1695435.168326957151294 ], [ 249212.498740020440891, 1695458.694262423086911 ], [ 248888.59807098301826, 1694554.402860133210197 ], [ 247792.522897930757608, 1694566.252253718208522 ], [ 247468.773553638486192, 1693661.982705227797851 ], [ 246372.673184183251578, 1693673.892577341990545 ], [ 246049.075171812321059, 1692769.64478770410642 ], [ 242760.677274268411566, 1692805.710614697774872 ], [ 243084.330110916198464, 1693709.932357726851478 ], [ 245276.565840701921843, 1693685.854142287746072 ], [ 245600.351719412341481, 1694590.106196876848117 ], [ 244504.255653575673932, 1694602.110749960877001 ], [ 244828.229419811395928, 1695506.3670673831366 ], [ 243732.144628062349511, 1695518.414640101604164 ], [ 244380.637585203716299, 1697326.948780159465969 ], [ 242188.520132534991717, 1697351.164385126903653 ], [ 241215.92518752880278, 1694638.43475646735169 ], [ 240119.800842046650359, 1694650.64621366141364 ], [ 240768.064512941637076, 1696459.102434219559655 ], [ 238575.867740874615265, 1696483.646164329489693 ], [ 238900.290734408859862, 1697387.876369686797261 ], [ 239996.374336568638682, 1697375.587228824617341 ], [ 240320.948601075302577, 1698279.838957559783012 ], [ 241417.006697896984406, 1698267.610298606334254 ], [ 241741.732226204010658, 1699171.883645736379549 ], [ 240645.692495634488296, 1699184.103611737955362 ], [ 240970.606017461599549, 1700088.38121078396216 ], [ 239874.577543483639602, 1700100.644353741314262 ], [ 240199.679080049681943, 1701004.926202453207225 ], [ 239103.661859211162664, 1701017.232553799636662 ], [ 239428.951431725727161, 1701921.518649907317013 ], [ 238332.945460601244122, 1701933.868241067044437 ], [ 238658.423090286029037, 1702838.158582280622795 ], [ 240850.391036784334574, 1702813.528797599254176 ], [ 242153.85040674591437, 1706430.890124797588214 ], [ 238866.109036771027604, 1706467.807526844087988 ], [ 239192.453294873936102, 1707372.154006680008024 ], [ 241384.251064392738044, 1707347.507953952765092 ], [ 241710.728010096383514, 1708251.885141515638679 ], [ 240614.851156158692902, 1708264.173254145076498 ], [ 241268.350839849532349, 1710072.949137558229268 ], [ 240172.503841184457997, 1710085.271661363309249 ], [ 240499.52660464856308, 1710989.670349993510172 ], [ 239403.690984308574116, 1711002.036196682834998 ], [ 239076.649713393126149, 1710097.646383497165516 ], [ 235789.044254073116463, 1710135.083758103661239 ], [ 236116.141106564376969, 1711039.447106844745576 ], [ 233924.405039625999052, 1711064.64887372800149 ], [ 234251.708657673210837, 1711969.007668574107811 ], [ 236443.407606684311759, 1711943.823458790080622 ], [ 236770.843751633772627, 1712848.212833553086966 ], [ 237866.66381511252257, 1712835.70796254533343 ], [ 238194.251043814932927, 1713740.119247842347249 ], [ 237098.449538607324939, 1713752.61525076511316 ], [ 237426.224964806286152, 1714657.03073008172214 ], [ 238522.007904680125648, 1714644.543619798962027 ], [ 239178.030511681718053, 1716453.431702474365011 ], [ 238082.284723647666397, 1716465.90095375594683 ], [ 238410.569050692545716, 1717370.355737531092018 ], [ 236219.093106073618401, 1717395.433573592221364 ], [ 236547.584277937188745, 1718299.883597238920629 ], [ 237643.307237174944021, 1718287.327404593816027 ], [ 238300.761248161288677, 1720096.28475397801958 ], [ 239396.439788688323461, 1720083.799013557611033 ], [ 238739.023005748545984, 1718274.823662243550643 ], [ 239834.731613734591519, 1718262.372368350625038 ], [ 240492.111188444920117, 1720071.365775549551472 ], [ 241587.775477500923444, 1720058.985038124956191 ], [ 241916.701080338738393, 1720963.510661120759323 ], [ 240821.055396050069248, 1720975.882306652376428 ], [ 241479.452637778333155, 1722784.955123069463298 ], [ 239288.214457499270793, 1722809.819644925184548 ], [ 239617.704767495393753, 1723714.357719057472423 ], [ 238522.093636370351305, 1723726.859771836316213 ], [ 238851.77222444981453, 1724631.40199128142558 ], [ 239947.364692924864357, 1724618.909048208734021 ], [ 240277.194230985158356, 1725523.473652280401438 ], [ 247946.013388559571467, 1725437.561540960334241 ], [ 247616.314260444254614, 1724532.932240476133302 ], [ 246520.771009576274082, 1724545.056747769005597 ] ], [ [ 245425.220817766792607, 1724557.23388333641924 ], [ 244329.663654968841001, 1724569.46364896860905 ], [ 244000.078280908608576, 1723664.875611214200035 ], [ 245095.654056762024993, 1723652.636600979138166 ], [ 245425.220817766792607, 1724557.23388333641924 ] ], [ [ 244107.971266811713576, 1720938.924945479491726 ], [ 243779.082843810494523, 1720034.381057753926143 ], [ 244874.725981199822854, 1720022.157811190700158 ], [ 244217.495041448390111, 1718213.091640835162252 ], [ 245313.168297716096276, 1718200.902561913942918 ], [ 245970.362128175998805, 1720009.987057976191863 ], [ 247065.991314804618014, 1719997.868796321097761 ], [ 247394.824042250023922, 1720902.440283522941172 ], [ 244107.971266811713576, 1720938.924945479491726 ] ], [ [ 252766.544600761495531, 1714486.973350617801771 ], [ 251670.852524489513598, 1714498.780198130756617 ], [ 251998.556916142144473, 1715403.326787736732513 ], [ 250902.876484919921495, 1715415.176711467560381 ], [ 250247.600345499376999, 1713606.115390975959599 ], [ 252439.028191132238135, 1713582.430918711237609 ], [ 252766.544600761495531, 1714486.973350617801771 ] ], [ [ 246696.440790802473202, 1694578.153365382226184 ], [ 247020.377988911932334, 1695482.42717124032788 ], [ 245924.307196699199267, 1695494.371245017740875 ], [ 245600.351719412341481, 1694590.106196876848117 ], [ 246696.440790802473202, 1694578.153365382226184 ] ], [ [ 237539.246221368608531, 1711931.309744238620624 ], [ 238635.077636318659643, 1711918.848287458298728 ], [ 238962.476688738039229, 1712823.255376286804676 ], [ 237866.66381511252257, 1712835.70796254533343 ], [ 237539.246221368608531, 1711931.309744238620624 ] ], [ [ 242575.06109143566573, 1722772.60173533577472 ], [ 242904.495494106668048, 1723677.167226328514516 ], [ 241808.905666308302898, 1723689.511448129778728 ], [ 241479.452637778333155, 1722784.955123069463298 ], [ 242575.06109143566573, 1722772.60173533577472 ] ], [ [ 240602.016313360480126, 1717345.487587391166016 ], [ 241697.729264175606659, 1717333.132139965659007 ], [ 242026.127468274935381, 1718237.627118615666404 ], [ 240930.433091214654269, 1718249.973521081963554 ], [ 240602.016313360480126, 1717345.487587391166016 ] ], [ [ 253094.230548244551755, 1715391.529208274092525 ], [ 254189.897411316866055, 1715379.783971346449107 ], [ 254517.734452548960689, 1716284.362594274571165 ], [ 253422.086030831182143, 1716296.098511570831761 ], [ 253094.230548244551755, 1715391.529208274092525 ] ], [ [ 251281.213410615106113, 1698159.88488546712324 ], [ 251605.774083205586066, 1699064.237683909013867 ], [ 250509.797134293621639, 1699075.990924643352628 ], [ 250185.218183513410622, 1698171.647062117932364 ], [ 251281.213410615106113, 1698159.88488546712324 ] ], [ [ 249089.216091555426829, 1698183.461063109571114 ], [ 248764.788426193088526, 1697279.139229507185519 ], [ 249860.808799038117286, 1697267.316343920305371 ], [ 250185.218183513410622, 1698171.647062117932364 ], [ 249089.216091555426829, 1698183.461063109571114 ] ] ], [ [ [ 249265.957803277327912, 1710892.623536501312628 ], [ 250361.730434258381138, 1710880.727653053123504 ], [ 249708.186713629693259, 1709071.78139106137678 ], [ 248612.377251986938063, 1709083.695486702257767 ], [ 249265.957803277327912, 1710892.623536501312628 ] ] ], [ [ [ 248497.241351105447393, 1711809.04647619696334 ], [ 249593.002424745209282, 1711797.107497577089816 ], [ 249265.957803277327912, 1710892.623536501312628 ], [ 248170.178293920005672, 1710904.571630986407399 ], [ 248497.241351105447393, 1711809.04647619696334 ] ] ], [ [ [ 247401.473378815746401, 1711821.03769460413605 ], [ 247074.391876076115295, 1710916.571938265115023 ], [ 245978.598519634309923, 1710928.62446010299027 ], [ 246305.698477766563883, 1711833.081154562300071 ], [ 247401.473378815746401, 1711821.03769460413605 ] ] ], [ [ [ 236330.434824753610883, 1714669.570180909475312 ], [ 236658.398469650011975, 1715573.989851776743308 ], [ 235562.619691505504306, 1715586.57278173789382 ], [ 235890.771576325874776, 1716490.99664166290313 ], [ 238082.284723647666397, 1716465.90095375594683 ], [ 237426.224964806286152, 1714657.03073008172214 ], [ 236330.434824753610883, 1714669.570180909475312 ] ] ], [ [ [ 253311.06987635436235, 1719021.647555831121281 ], [ 254406.669661624851869, 1719009.887294542277232 ], [ 254078.305590277479496, 1718105.27753475937061 ], [ 252982.68733278059517, 1718117.047162515111268 ], [ 253311.06987635436235, 1719021.647555831121281 ] ] ], [ [ [ 252215.463331339356955, 1719033.460269375471398 ], [ 251887.062305693805683, 1718128.869215529877692 ], [ 250791.430478945549112, 1718140.743695540120825 ], [ 251119.849996512522921, 1719045.325436911778525 ], [ 252215.463331339356955, 1719033.460269375471398 ] ] ], [ [ [ 258789.00180662094499, 1718963.370737476274371 ], [ 259774.889614687563153, 1721677.395048505393788 ], [ 260870.400741151912371, 1721665.925675018224865 ], [ 260541.620424297405407, 1720761.227671829983592 ], [ 262732.659916194330435, 1720738.427260344848037 ], [ 261747.446370097226463, 1718024.357903338037431 ], [ 260651.874657787848264, 1718035.760602299589664 ], [ 259995.876225907035405, 1716226.468490654835477 ], [ 258900.261149012250826, 1716237.942586017772555 ], [ 259884.568244166817749, 1718951.872711685486138 ], [ 258789.00180662094499, 1718963.370737476274371 ] ] ], [ [ [ 251777.197664182778681, 1720854.529294128995389 ], [ 255063.906373793899547, 1720819.147410369478166 ], [ 254735.203257051034598, 1719914.510579745518044 ], [ 253639.621951005799929, 1719926.261449929792434 ], [ 253311.06987635436235, 1719021.647555831121281 ], [ 252215.463331339356955, 1719033.460269375471398 ], [ 252544.033895072381711, 1719938.064799365587533 ], [ 251448.439059182506753, 1719949.920629788888618 ], [ 251777.197664182778681, 1720854.529294128995389 ] ] ], [ [ [ 240821.055396050069248, 1720975.882306652376428 ], [ 240492.111188444920117, 1720071.365775549551472 ], [ 239396.439788688323461, 1720083.799013557611033 ], [ 239725.40261096766335, 1720988.306479746475816 ], [ 240821.055396050069248, 1720975.882306652376428 ] ] ], [ [ [ 237534.075618162227329, 1721013.312415938591585 ], [ 237205.075536790420301, 1720108.822998645249754 ], [ 236109.382624501420651, 1720121.413749404251575 ], [ 236438.401350294763688, 1721025.894182713003829 ], [ 237534.075618162227329, 1721013.312415938591585 ] ] ], [ [ [ 235671.926886482106056, 1721943.013082154793665 ], [ 236767.589714021130931, 1721930.387762141413987 ], [ 236438.401350294763688, 1721025.894182713003829 ], [ 235342.719861361838412, 1721038.528484402457252 ], [ 235671.926886482106056, 1721943.013082154793665 ] ] ], [ [ [ 228002.082656032172963, 1722032.86221204791218 ], [ 230193.5035292992834, 1722006.928175800247118 ], [ 229864.203048136492725, 1721102.488081878516823 ], [ 227672.744722798932344, 1721128.43973089219071 ], [ 228002.082656032172963, 1722032.86221204791218 ] ] ], [ [ [ 235671.926886482106056, 1721943.013082154793665 ], [ 234576.2568177380017, 1721955.690965913468972 ], [ 233917.975076870759949, 1720146.752776607871056 ], [ 236109.382624501420651, 1720121.413749404251575 ], [ 235451.854097949282732, 1718312.492242024512962 ], [ 234356.116667127353139, 1718325.153340805089101 ], [ 234684.814748870325275, 1719229.598633489571512 ], [ 232493.355324645934161, 1719255.060465965187177 ], [ 233151.335100003809202, 1721063.954699968220666 ], [ 232055.631767430575565, 1721076.746617582859471 ], [ 232384.894836345629301, 1721981.204432131722569 ], [ 230193.5035292992834, 1722006.928175800247118 ], [ 230852.613521083490923, 1723815.847436932846904 ], [ 229756.944258552161045, 1723828.770453750621527 ], [ 230416.770428911608178, 1725637.72413173597306 ], [ 231512.402199940057471, 1725624.81892753043212 ], [ 231182.423026042524725, 1724720.326643657172099 ], [ 232278.066184672468808, 1724707.465174822835252 ], [ 231618.654304002411664, 1722898.502001621294767 ], [ 234905.652163397695404, 1722860.179725527297705 ], [ 235564.9517910843133, 1724669.196673681028187 ], [ 236660.565803582721855, 1724656.54580216971226 ], [ 235671.926886482106056, 1721943.013082154793665 ] ] ], [ [ [ 238522.093636370351305, 1723726.859771836316213 ], [ 237863.245330419420497, 1721917.815004017669708 ], [ 236767.589714021130931, 1721930.387762141413987 ], [ 237426.475344025529921, 1723739.414438606007025 ], [ 238522.093636370351305, 1723726.859771836316213 ] ] ], [ [ [ 250244.12452472228324, 1722687.600152246886864 ], [ 249914.989773834560765, 1721782.983226262964308 ], [ 247723.826337310252711, 1721807.025163503363729 ], [ 248052.998197210399667, 1722711.623456207336858 ], [ 249148.564796254766406, 1722699.585519740590826 ], [ 249477.887651756958803, 1723604.20657297433354 ], [ 250573.428823652444407, 1723592.230560308787972 ], [ 250902.902667858084897, 1724496.874470464652404 ], [ 249807.380059540068032, 1724508.841103594284505 ], [ 250137.042016825347673, 1725413.489131625974551 ], [ 252328.043281433056109, 1725389.627322065643966 ], [ 251998.418455414706841, 1724484.960458528716117 ], [ 253093.927452253177762, 1724473.099066034192219 ], [ 253423.53372746342211, 1725377.775387813104317 ], [ 254519.01742269191891, 1725365.976098253158852 ], [ 253860.011475661100121, 1723556.618080523563549 ], [ 252764.490705556032481, 1723568.43631583172828 ], [ 252435.223490137344925, 1722663.787117139436305 ], [ 250244.12452472228324, 1722687.600152246886864 ] ] ], [ [ [ 247616.314260444254614, 1724532.932240476133302 ], [ 249807.380059540068032, 1724508.841103594284505 ], [ 249477.887651756958803, 1723604.20657297433354 ], [ 247286.784695842594374, 1723628.316387960454449 ], [ 247616.314260444254614, 1724532.932240476133302 ] ] ], [ [ [ 229756.944258552161045, 1723828.770453750621527 ], [ 229427.285690189164598, 1722924.313173626083881 ], [ 227235.887429710477591, 1722950.33475367561914 ], [ 228225.48471151344711, 1725663.692590751685202 ], [ 229321.131276122119743, 1725650.682018841383979 ], [ 228661.267594319186173, 1723841.74609954142943 ], [ 229756.944258552161045, 1723828.770453750621527 ] ] ], [ [ [ 239181.620432188647101, 1725535.957460925914347 ], [ 238851.77222444981453, 1724631.40199128142558 ], [ 236660.565803582721855, 1724656.54580216971226 ], [ 236990.451380484038964, 1725561.083083883160725 ], [ 239181.620432188647101, 1725535.957460925914347 ] ] ], [ [ [ 237169.730077873566188, 1597624.01701622735709 ], [ 238267.557336097263033, 1597612.387152844341472 ], [ 237657.315961662912741, 1595806.146219240268692 ], [ 236559.454153304453939, 1595817.789735298603773 ], [ 237169.730077873566188, 1597624.01701622735709 ] ] ], [ [ [ 234181.64874116826104, 1598562.309910004260018 ], [ 233265.824588576157112, 1595853.012711743358523 ], [ 231070.034456082619727, 1595876.738403658149764 ], [ 231375.174051490612328, 1596779.812604046892375 ], [ 232473.055529004719574, 1596767.93206596118398 ], [ 233083.809352637792472, 1598574.12819518474862 ], [ 234181.64874116826104, 1598562.309910004260018 ] ] ], [ [ [ 230401.783431229705457, 1600416.077682824805379 ], [ 230095.930070337664802, 1599512.971127861877903 ], [ 233389.440893513499759, 1599477.243479197146371 ], [ 233083.809352637792472, 1598574.12819518474862 ], [ 231985.962533456273377, 1598585.995305300224572 ], [ 231375.174051490612328, 1596779.812604046892375 ], [ 230277.285093991318718, 1596791.741914772428572 ], [ 229972.128171140735503, 1595888.674367156345397 ], [ 227776.293010694964323, 1595912.692538067465648 ], [ 228081.484616508241743, 1596815.746861211257055 ], [ 226983.57303526630858, 1596827.822500476613641 ], [ 227288.951790806604549, 1597730.881588443182409 ], [ 228386.846009123953991, 1597718.812543665291741 ], [ 229303.948880434501916, 1600428.077921233838424 ], [ 230401.783431229705457, 1600416.077682824805379 ] ] ], [ [ [ 236377.305348754103761, 1598538.819807462394238 ], [ 236071.895502130151726, 1597635.695670563029125 ], [ 234974.053578243590891, 1597647.42311758059077 ], [ 235279.480729669565335, 1598550.540448010666296 ], [ 236377.305348754103761, 1598538.819807462394238 ] ] ], [ [ [ 223995.223454524879344, 1597767.381570552708581 ], [ 224300.824168767896481, 1598670.43232271168381 ], [ 226496.615906053863, 1598646.063291620230302 ], [ 226802.351628877338953, 1599549.138491804944351 ], [ 227900.218673537368886, 1599537.033843609504402 ], [ 227288.951790806604549, 1597730.881588443182409 ], [ 223995.223454524879344, 1597767.381570552708581 ] ] ], [ [ [ 238267.557336097263033, 1597612.387152844341472 ], [ 238572.932601149397669, 1598515.524983771145344 ], [ 236377.305348754103761, 1598538.819807462394238 ], [ 236682.884925061429385, 1599441.955498233204708 ], [ 235585.077618146257009, 1599453.669309500604868 ], [ 235890.844240962527692, 1600356.809719594661146 ], [ 240281.960392311710166, 1600310.275118690682575 ], [ 240893.864297713385895, 1602116.646070339018479 ], [ 241991.590601972304285, 1602105.148584944196045 ], [ 241685.571096380386734, 1601201.950265608960763 ], [ 242783.307509158999892, 1601190.494668236700818 ], [ 242171.812130120204529, 1599384.119108603335917 ], [ 241074.041164341091644, 1599395.588703351793811 ], [ 240768.530743284180062, 1598492.425425144610927 ], [ 239670.735295692022191, 1598503.95079718157649 ], [ 239365.377307423244929, 1597600.806078693596646 ], [ 238267.557336097263033, 1597612.387152844341472 ] ] ], [ [ [ 234001.213219786062837, 1601283.508573611732572 ], [ 235099.00059357349528, 1601271.710682600503787 ], [ 234487.262951168406289, 1599465.431969241471961 ], [ 233389.440893513499759, 1599477.243479197146371 ], [ 234001.213219786062837, 1601283.508573611732572 ] ] ], [ [ [ 243395.481627428845968, 1602996.917111390735954 ], [ 243089.309727235435275, 1602093.700020533520728 ], [ 241991.590601972304285, 1602105.148584944196045 ], [ 242297.779797020921251, 1603008.3586199732963 ], [ 243395.481627428845968, 1602996.917111390735954 ] ] ], [ [ [ 243524.233417848387035, 1606621.31627116468735 ], [ 242297.779797020921251, 1603008.3586199732963 ], [ 241200.070796963322209, 1603019.849076572805643 ], [ 241812.992875058320351, 1604826.290238256799057 ], [ 239617.622560565796448, 1604849.38991202134639 ], [ 241153.070809986180393, 1609365.62765260762535 ], [ 242250.672775313578313, 1609354.088759399950504 ], [ 241943.261109156679595, 1608450.810569491004571 ], [ 243040.873274081910495, 1608439.313654715195298 ], [ 242426.593707959051244, 1606632.778383644297719 ], [ 243524.233417848387035, 1606621.31627116468735 ] ] ], [ [ [ 238650.381444137485232, 1608485.596002333564684 ], [ 237552.740397144807503, 1608497.289381834212691 ], [ 238167.872547934850445, 1610303.800724477041513 ], [ 239265.478782785445219, 1610292.121476142201573 ], [ 239573.282006165478379, 1611195.401845181593671 ], [ 237378.097101839142852, 1611218.795343295205384 ], [ 237686.104882503801491, 1612122.073271718341857 ], [ 236588.51893983228365, 1612133.83675584429875 ], [ 236896.713882059440948, 1613037.119342509657145 ], [ 239091.843585823487956, 1613013.655815668171272 ], [ 239708.672787224029889, 1614820.28480237419717 ], [ 240806.191863490646938, 1614808.641284517012537 ], [ 240497.70986000855919, 1613905.313694523647428 ], [ 241595.239172627421794, 1613893.71226543141529 ], [ 240978.819093214522582, 1612087.078194365603849 ], [ 242076.37605953720049, 1612075.511621173936874 ], [ 241153.070809986180393, 1609365.62765260762535 ], [ 238957.845261204551207, 1609388.852867786539719 ], [ 238650.381444137485232, 1608485.596002333564684 ] ] ], [ [ [ 238440.234273406327702, 1617553.708808396942914 ], [ 238749.447468675265554, 1618457.062133110128343 ], [ 237651.976578956237063, 1618468.824910123599693 ], [ 238270.947094423812814, 1620275.552658181171864 ], [ 239368.382954461703775, 1620263.804357316112146 ], [ 239678.105239534197608, 1621167.193292709533125 ], [ 240775.516347557801055, 1621155.501766921253875 ], [ 239846.911103867401835, 1618445.348777327220887 ], [ 240944.367515064019244, 1618433.684841042384505 ], [ 239708.672787224029889, 1614820.28480237419717 ], [ 237513.61291071632877, 1614843.719768829876557 ], [ 238131.190780173841631, 1616650.367318042553961 ], [ 237033.6848900137702, 1616662.14447875181213 ], [ 237342.745879809663165, 1617565.478788807755336 ], [ 238440.234273406327702, 1617553.708808396942914 ] ] ], [ [ [ 233072.345798074966297, 1627586.157485886942595 ], [ 232761.294851934362669, 1626682.743553247302771 ], [ 231663.923371922282968, 1626694.837836300255731 ], [ 231974.991970758826938, 1627598.244549940340221 ], [ 233072.345798074966297, 1627586.157485886942595 ] ] ], [ [ [ 232116.427045761956833, 1637572.82110029971227 ], [ 232429.585593895928469, 1638476.348552962066606 ], [ 231332.414704222173896, 1638488.547307947650552 ], [ 231645.760764536331408, 1639392.07931697438471 ], [ 228354.256735945993569, 1639428.953739796066657 ], [ 228667.825963337905705, 1640332.475563173182309 ], [ 227570.660778016317636, 1640344.85984737589024 ], [ 226943.656421213760041, 1638537.842731717741117 ], [ 225846.44801713648485, 1638550.291697717038915 ], [ 227101.207138032186776, 1642164.344230968970805 ], [ 226004.06255547166802, 1642176.814095004694536 ], [ 226946.968015825143084, 1644887.456302484264597 ], [ 225849.869514024874661, 1644899.954296428710222 ], [ 226479.357764118642081, 1646707.093938590027392 ], [ 228673.475600510486402, 1646682.177848448976874 ], [ 228358.682406248233747, 1645778.58720984775573 ], [ 229455.74793903628597, 1645766.197134663583711 ], [ 229141.14237726299325, 1644862.611028341110796 ], [ 230238.218297747953329, 1644850.26374447462149 ], [ 229923.800347098440398, 1643946.682172173401341 ], [ 228826.706559102341998, 1643959.036903072847053 ], [ 228512.440487323619891, 1643055.474740583915263 ], [ 229609.55213556525996, 1643043.11258614808321 ], [ 229295.473665917059407, 1642139.554968133801594 ], [ 231489.710213702754118, 1642114.966313424985856 ], [ 231175.837151353945956, 1641211.405810996890068 ], [ 232272.962075758259743, 1641199.179249551845714 ], [ 232586.817321142123546, 1642102.747209575027227 ], [ 233683.917024853348266, 1642090.578252320876345 ], [ 233056.411867202899884, 1640283.439388430677354 ], [ 234153.539786014822312, 1640271.305576211772859 ], [ 233840.0595707395114, 1639367.746699333656579 ], [ 234937.19790130952606, 1639355.655484385089949 ], [ 234623.905169086414389, 1638452.101151502225548 ], [ 236818.195341701270081, 1638428.053882803302258 ], [ 236192.189981202420313, 1636620.951356438687071 ], [ 237289.359571573033463, 1636608.987739003496245 ], [ 236351.677436591300648, 1633898.401745273033157 ], [ 237448.892846385715529, 1633886.465653365245089 ], [ 236824.655300454236567, 1632079.453488644212484 ], [ 237921.898776924441336, 1632067.552384951384738 ], [ 237610.052216487878468, 1631164.056870615342632 ], [ 235415.522637241345365, 1631187.923720855033025 ], [ 234792.26799400994787, 1629380.998112180270255 ], [ 236986.868191188084893, 1629357.101790053071454 ], [ 236675.530731797160115, 1628453.642187580931932 ], [ 235578.216656399599742, 1628465.572817220119759 ], [ 235267.031271314481273, 1627562.132472450844944 ], [ 238559.00448508260888, 1627526.467712404672056 ], [ 237937.248531723453198, 1625719.578791425330564 ], [ 239034.593576919956831, 1625707.775194778107107 ], [ 238413.551576389581896, 1623900.919334531994537 ], [ 239510.924517805484356, 1623889.150678652105853 ], [ 238890.596414632193046, 1622082.327866419916973 ], [ 239987.997215769224567, 1622070.594134262762964 ], [ 239678.105239534197608, 1621167.193292709533125 ], [ 238580.686905296723126, 1621178.934320797445253 ], [ 238270.947094423812814, 1620275.552658181171864 ], [ 237173.503968212986365, 1620287.350436060223728 ], [ 237483.261314331262838, 1621190.724852920742705 ], [ 236385.828436117735691, 1621202.56489082169719 ], [ 235766.448370295343921, 1619395.842313328525051 ], [ 234668.973073332104832, 1619407.746219045249745 ], [ 234050.236809933499899, 1617601.085112713743001 ], [ 232952.71905516210245, 1617613.052687421208248 ], [ 233262.019864212546963, 1618516.370265358593315 ], [ 227774.407080164295621, 1618576.914147884817794 ], [ 227465.018421030661557, 1617673.631641278741881 ], [ 226367.455708370602224, 1617685.895660652080551 ], [ 226676.861965924676042, 1618589.171234032372013 ], [ 222286.605299596500117, 1618638.694004436256364 ], [ 222596.251854967791587, 1619541.953620591200888 ], [ 226986.438003398885485, 1619492.458405445562676 ], [ 227296.183818030520342, 1620395.757192682242021 ], [ 228393.693713407556061, 1620383.51404233998619 ], [ 228083.965511877380777, 1619480.208275637123734 ], [ 229181.485469970619306, 1619468.007611786946654 ], [ 229491.196067878801841, 1620371.320384968537837 ], [ 230588.690911978716031, 1620359.176218764856458 ], [ 230278.997908217017539, 1619455.856412091758102 ], [ 232474.000347286404576, 1619431.702397988410667 ], [ 232783.658191161521245, 1620335.036352688446641 ], [ 233881.130687303142622, 1620323.040649247355759 ], [ 234190.940695866651367, 1621226.393490963848308 ], [ 235288.388240135100204, 1621214.454436250729486 ], [ 235598.350405477569439, 1622117.826256207423285 ], [ 233403.48308944166638, 1622141.739528000820428 ], [ 233713.650138367316686, 1623045.108784429961815 ], [ 231518.788426715764217, 1623069.205928627867252 ], [ 231829.160423627181444, 1623972.572654833784327 ], [ 230731.736029385356233, 1623984.688455526018515 ], [ 231353.02451358071994, 1625791.442928000120446 ], [ 234645.169651425618213, 1625755.28744413331151 ], [ 234956.015602077415679, 1626658.704020768404007 ], [ 233858.658918487781193, 1626670.698948662960902 ], [ 234169.692221429024357, 1627574.120127316564322 ], [ 233072.345798074966297, 1627586.157485886942595 ], [ 234630.14643058279762, 1632103.405208826996386 ], [ 233532.880976232176181, 1632115.455828854814172 ], [ 233844.967960352543741, 1633018.933753189165145 ], [ 232747.712825089169201, 1633031.026883852668107 ], [ 233059.987243751413189, 1633934.50938490848057 ], [ 234157.224665739922784, 1633922.423609270947054 ], [ 234782.24722931283759, 1635729.439189248951152 ], [ 233685.045255728706252, 1635741.510184785583988 ], [ 233372.431388214521576, 1634838.003812504466623 ], [ 232275.204297992808279, 1634850.132134919287637 ], [ 232900.637235354981385, 1636657.142069521360099 ], [ 229609.017887879221234, 1636693.782611260656267 ], [ 229296.163264175469521, 1635790.293706449214369 ], [ 228198.924089685955551, 1635802.614480749703944 ], [ 229138.050568477017805, 1638513.094935438828543 ], [ 230235.236372563405894, 1638500.796101503772661 ], [ 229922.042258261411916, 1637597.283403561450541 ], [ 232116.427045761956833, 1637572.82110029971227 ] ] ], [ [ [ 229455.902850291866343, 1633067.605509783839807 ], [ 229768.230465964530595, 1633971.066107822349295 ], [ 230865.490174332167953, 1633958.830632387893274 ], [ 231177.969788509246428, 1634862.310384272132069 ], [ 232275.204297992808279, 1634850.132134919287637 ], [ 231650.450281971541699, 1633043.169885642360896 ], [ 229455.902850291866343, 1633067.605509783839807 ] ] ], [ [ [ 267222.712189529440366, 1637208.620095634832978 ], [ 266910.287025143858045, 1636304.854569909628481 ], [ 264716.313018349814229, 1636326.134339366806671 ], [ 265341.402748653199524, 1638133.645170080009848 ], [ 266438.358034345554188, 1638122.99675403512083 ], [ 266125.745897176617291, 1637219.226782793179154 ], [ 267222.712189529440366, 1637208.620095634832978 ] ] ], [ [ [ 249549.591093359689694, 1659154.899873175658286 ], [ 250646.280535734869773, 1659143.384098717710003 ], [ 250012.684844003117178, 1657335.620238078758121 ], [ 248915.959711163915927, 1657347.152394757373258 ], [ 249549.591093359689694, 1659154.899873175658286 ] ] ], [ [ [ 249087.240247915440705, 1660974.247778878547251 ], [ 250183.900869850622257, 1660962.697785217547789 ], [ 249866.66118368061143, 1660058.79251558938995 ], [ 248769.98268899411778, 1660070.350732671795413 ], [ 249087.240247915440705, 1660974.247778878547251 ] ] ], [ [ [ 268046.677722108317539, 1661688.844999255146831 ], [ 270239.730850473628379, 1661667.536345294676721 ], [ 269605.722160925448406, 1659859.407446626806632 ], [ 267412.598196182167158, 1659880.75093378406018 ], [ 268046.677722108317539, 1661688.844999255146831 ] ] ], [ [ [ 268856.553998650866561, 1667124.118687313748524 ], [ 267760.117977582500316, 1667134.847342817112803 ], [ 268078.464320048922673, 1668038.974941324209794 ], [ 269174.882554878015071, 1668028.255105081247166 ], [ 268856.553998650866561, 1667124.118687313748524 ] ] ], [ [ [ 269493.380575685645454, 1668932.40467830048874 ], [ 270589.774659235728905, 1668921.744600214762613 ], [ 270271.294422208680771, 1668017.586156830890104 ], [ 269174.882554878015071, 1668028.255105081247166 ], [ 269493.380575685645454, 1668932.40467830048874 ] ] ], [ [ [ 269812.048058399173897, 1669836.567426200956106 ], [ 269493.380575685645454, 1668932.40467830048874 ], [ 268396.980134190293029, 1668943.11567141697742 ], [ 268715.665417335112579, 1669847.269552310463041 ], [ 269812.048058399173897, 1669836.567426200956106 ] ] ], [ [ [ 272004.794325637514703, 1669815.315998617559671 ], [ 271686.162415119470097, 1668911.135435588192195 ], [ 270589.774659235728905, 1668921.744600214762613 ], [ 270908.424351074150763, 1669825.916242160368711 ], [ 272004.794325637514703, 1669815.315998617559671 ] ] ], [ [ [ 269812.048058399173897, 1669836.567426200956106 ], [ 270449.891398848034441, 1671644.93252305034548 ], [ 271546.23208851669915, 1671634.299198794644326 ], [ 270908.424351074150763, 1669825.916242160368711 ], [ 269812.048058399173897, 1669836.567426200956106 ] ] ], [ [ [ 268576.402506789425388, 1672570.536698652198538 ], [ 270769.067251239204779, 1672549.134910556254908 ], [ 270449.891398848034441, 1671644.93252305034548 ], [ 268257.191001440922264, 1671666.352161570219323 ], [ 268576.402506789425388, 1672570.536698652198538 ] ] ], [ [ [ 276889.301066721091047, 1674305.058426085626706 ], [ 275793.038734374451451, 1674315.460487727075815 ], [ 276112.651656380156055, 1675219.739001336973161 ], [ 277208.896193626685999, 1675209.346085478318855 ], [ 276889.301066721091047, 1674305.058426085626706 ] ] ], [ [ [ 279081.807313799741678, 1674284.407509844051674 ], [ 277985.557249779463746, 1674294.707433965755627 ], [ 278305.134591137757525, 1675199.004266188247129 ], [ 277208.896193626685999, 1675209.346085478318855 ], [ 277528.660728415474296, 1676113.647174605168402 ], [ 279721.095838290057145, 1676093.033051728736609 ], [ 279081.807313799741678, 1674284.407509844051674 ] ] ], [ [ [ 276752.385742555256002, 1677028.336265272460878 ], [ 277848.594668431207538, 1677017.961712926626205 ], [ 277528.660728415474296, 1676113.647174605168402 ], [ 275336.201097809942439, 1676134.465791943250224 ], [ 275976.309650497161783, 1677943.071568339131773 ], [ 277072.506901406450197, 1677932.655054518487304 ], [ 276752.385742555256002, 1677028.336265272460878 ] ] ], [ [ [ 256564.305530360812554, 1679043.484047802165151 ], [ 256243.674498675158247, 1678139.322251293575391 ], [ 255147.354817278741393, 1678150.711470623966306 ], [ 255468.003864464320941, 1679054.864565977128223 ], [ 256564.305530360812554, 1679043.484047802165151 ] ] ], [ [ [ 260949.44543367283768, 1678998.474325362825766 ], [ 260628.886367531609721, 1678094.277454043272883 ], [ 259532.59336832727422, 1678105.461844670819119 ], [ 259853.170411395461997, 1679009.649906756589189 ], [ 260949.44543367283768, 1678998.474325362825766 ] ] ], [ [ [ 266356.529007752658799, 1688019.150179408024997 ], [ 267452.604495444858912, 1688008.218510378384963 ], [ 266164.82144477230031, 1684390.873501782072708 ], [ 265068.673924513917882, 1684401.84155090758577 ], [ 266356.529007752658799, 1688019.150179408024997 ] ] ], [ [ [ 252880.678142383199884, 1687250.107756252633408 ], [ 252558.412738870829344, 1686345.881122936028987 ], [ 251462.215044182259589, 1686357.499917834298685 ], [ 251784.498585165565601, 1687261.717795297270641 ], [ 252880.678142383199884, 1687250.107756252633408 ] ] ], [ [ [ 273706.8320634974516, 1687039.298201503930613 ], [ 273384.909433324239217, 1686134.900073543190956 ], [ 272288.835967154882383, 1686145.541356486501172 ], [ 272610.776551183778793, 1687049.930215170141309 ], [ 273706.8320634974516, 1687039.298201503930613 ] ] ], [ [ [ 253525.717616929206997, 1689058.600211263168603 ], [ 255717.983825740026077, 1689035.569931754143909 ], [ 255073.016885392309632, 1687227.042146311607212 ], [ 252880.678142383199884, 1687250.107756252633408 ], [ 253525.717616929206997, 1689058.600211263168603 ] ] ], [ [ [ 283119.121326008462347, 1688765.082139722304419 ], [ 282797.00325062504271, 1687860.581447274889797 ], [ 281701.01459008094389, 1687870.792323066387326 ], [ 282023.150556499720551, 1688775.283481576479971 ], [ 283119.121326008462347, 1688765.082139722304419 ] ] ], [ [ [ 276673.09253499127226, 1686103.284809736302122 ], [ 276994.961361302412115, 1687007.710907753091305 ], [ 275898.924438358400948, 1687018.188549349550158 ], [ 275577.037687041098252, 1686113.7718017231673 ], [ 274480.976663219043985, 1686124.310222474858165 ], [ 275447.198964916809928, 1688837.573133286321536 ], [ 274351.185588825726882, 1688848.135022931033745 ], [ 275318.986499166465364, 1691561.491963745327666 ], [ 276414.945958203054033, 1691550.958253177814186 ], [ 276092.194221382262185, 1690646.48293493478559 ], [ 278284.130654499051161, 1690625.551374312490225 ], [ 277961.584238336829003, 1689721.070807095151395 ], [ 276865.601132570300251, 1689731.520252524409443 ], [ 276220.980598167516291, 1687922.618860575836152 ], [ 278413.012453530333005, 1687901.733807782409713 ], [ 277769.14123727241531, 1686092.849244970362633 ], [ 276673.09253499127226, 1686103.284809736302122 ] ] ], [ [ [ 256363.62891456176294, 1690844.150291117373854 ], [ 257459.715656468179077, 1690832.730306060984731 ], [ 256814.106833953002933, 1689024.132103714626282 ], [ 255717.983825740026077, 1689035.569931754143909 ], [ 256363.62891456176294, 1690844.150291117373854 ] ] ], [ [ [ 283119.121326008462347, 1688765.082139722304419 ], [ 283763.865557324141264, 1690574.124788595130667 ], [ 282667.930590902920812, 1690584.306990006007254 ], [ 282345.455890992074274, 1689679.788363964064047 ], [ 281249.497033028048463, 1689690.031677004881203 ], [ 282540.483699273143429, 1693308.150474791182205 ], [ 284732.252065915963612, 1693287.792219052556902 ], [ 284086.491707954322919, 1691478.666784626664594 ], [ 285182.402825204539113, 1691468.545771655859426 ], [ 284537.355677603336517, 1689659.456324309809133 ], [ 285633.296666608308442, 1689649.367594704264775 ], [ 284988.962675380869769, 1687840.314115332439542 ], [ 283892.985935662523843, 1687850.422045195708051 ], [ 284215.086129602976143, 1688754.932298629311845 ], [ 283119.121326008462347, 1688765.082139722304419 ] ] ], [ [ [ 255913.895000813994557, 1692664.237073918571696 ], [ 255590.630468073621159, 1691759.922883521765471 ], [ 253398.459692985197762, 1691783.003052874933928 ], [ 253721.760575963562587, 1692687.299414280802011 ], [ 255913.895000813994557, 1692664.237073918571696 ] ] ], [ [ [ 253272.830026038252981, 1694507.522431808756664 ], [ 254368.870981419546297, 1694495.931602604920045 ], [ 253721.760575963562587, 1692687.299414280802011 ], [ 252625.683219949190971, 1692698.908064177026972 ], [ 252302.364147270913236, 1691794.620576752582565 ], [ 251206.261789186712122, 1691806.289729043375701 ], [ 251853.105894976499258, 1693614.860110138775781 ], [ 252949.171847116871504, 1693603.208676036447287 ], [ 253272.830026038252981, 1694507.522431808756664 ] ] ], [ [ [ 257009.952130025310908, 1692652.783380058128387 ], [ 255913.895000813994557, 1692664.237073918571696 ], [ 256237.329066825361224, 1693568.56446146639064 ], [ 255141.283402858593035, 1693580.060853404458612 ], [ 255464.905183809285518, 1694484.392481128685176 ], [ 257656.953450310538756, 1694461.46935457107611 ], [ 257009.952130025310908, 1692652.783380058128387 ] ] ], [ [ [ 256112.657347592816222, 1696293.095391946379095 ], [ 252824.643738001323072, 1696327.814127998892218 ], [ 253148.828790527331876, 1697232.158464273205027 ], [ 255340.808147322328296, 1697208.978841538308188 ], [ 255665.126273733214475, 1698113.354387761559337 ], [ 256761.08762900417787, 1698101.851306999567896 ], [ 256112.657347592816222, 1696293.095391946379095 ] ] ], [ [ [ 265166.301860256353393, 1706185.591063034255058 ], [ 264515.002849546261132, 1704376.501335382461548 ], [ 265610.79720903118141, 1704365.37425662111491 ], [ 265285.420120067778043, 1703460.840348782250658 ], [ 264189.607547388819512, 1703471.976806788239628 ], [ 263539.325363052659668, 1701662.968320919433609 ], [ 262443.469890846055932, 1701674.17537800502032 ], [ 264070.537502675841097, 1706196.751358915586025 ], [ 265166.301860256353393, 1706185.591063034255058 ] ] ], [ [ [ 268105.535576624854002, 1714327.169840859482065 ], [ 267451.186379926395603, 1712517.834238344104961 ], [ 265259.906967089627869, 1712540.074084166903049 ], [ 265914.329369108774699, 1714349.371303489431739 ], [ 267009.935666759149171, 1714338.244425339857116 ], [ 267664.999243692902382, 1716147.615789885399863 ], [ 269856.119483626505826, 1716125.557600792264566 ], [ 269528.539591119159013, 1715220.845667408546433 ], [ 270624.108528266428038, 1715209.885365583235398 ], [ 270951.670126420154702, 1716114.607023745775223 ], [ 275333.810217975173146, 1716071.328128088265657 ], [ 275006.321699641179293, 1715166.56730057974346 ], [ 273910.777733236609492, 1715177.318348677363247 ], [ 273583.440361873828806, 1714272.581266775960103 ], [ 268105.535576624854002, 1714327.169840859482065 ] ] ], [ [ [ 267992.785195631266106, 1717052.32214009272866 ], [ 267664.999243692902382, 1716147.615789885399863 ], [ 265473.853530833963305, 1716169.88336979970336 ], [ 265801.676153861626517, 1717074.570410382002592 ], [ 267992.785195631266106, 1717052.32214009272866 ] ] ], [ [ [ 269744.373718384769745, 1718850.750169222941622 ], [ 269088.330163805454504, 1717041.276567844441161 ], [ 267992.785195631266106, 1717052.32214009272866 ], [ 268648.865412865765393, 1718861.776276946999133 ], [ 269744.373718384769745, 1718850.750169222941622 ] ] ], [ [ [ 271279.401145060779527, 1717019.342541023157537 ], [ 270951.670126420154702, 1716114.607023745775223 ], [ 269856.119483626505826, 1716125.557600792264566 ], [ 270511.787548312742729, 1717935.022991251898929 ], [ 271607.301581487699877, 1717924.091937570599839 ], [ 271935.371432996063959, 1718828.855233567301184 ], [ 273030.860902200452983, 1718817.986402417300269 ], [ 273687.472207807179075, 1720627.574498782865703 ], [ 274782.918846063141245, 1720616.777869206853211 ], [ 274454.546801519813016, 1719711.966936808545142 ], [ 275550.005570553126745, 1719701.212853034492582 ], [ 275221.821214674739167, 1718796.406005487311631 ], [ 274126.344152742356528, 1718807.169993587303907 ], [ 273798.310902427998371, 1717902.387019293382764 ], [ 272702.809356173384003, 1717913.213280783733353 ], [ 272374.927218266355339, 1717008.45408322615549 ], [ 271279.401145060779527, 1717019.342541023157537 ] ] ], [ [ [ 270072.649636476300657, 1719755.507765379501507 ], [ 271168.133301173220389, 1719744.543881024466828 ], [ 270839.875715075701009, 1718839.776488633826375 ], [ 269744.373718384769745, 1718850.750169222941622 ], [ 270072.649636476300657, 1719755.507765379501507 ] ] ], [ [ [ 296362.58816142269643, 1719506.848279122496024 ], [ 296034.74952072033193, 1718601.848112522857264 ], [ 293844.013528064242564, 1718621.437076506204903 ], [ 294499.932532583596185, 1720431.410224379505962 ], [ 295595.267095201532356, 1720421.610353141091764 ], [ 295267.241082120337524, 1719516.606147015467286 ], [ 296362.58816142269643, 1719506.848279122496024 ] ] ], [ [ [ 266676.716416501323693, 1722514.126737110549584 ], [ 266019.17048218625132, 1720704.620333913713694 ], [ 267114.661145227146335, 1720693.456336017232388 ], [ 266457.829755135753658, 1718883.985780288930982 ], [ 265362.302342805312946, 1718895.169179171789438 ], [ 264706.112020137254149, 1717085.773111693793908 ], [ 261419.380806791770738, 1717119.69550008024089 ], [ 261747.446370097226463, 1718024.357903338037431 ], [ 263938.570237649721093, 1718001.709738645935431 ], [ 264595.136226347705815, 1719811.114031961886212 ], [ 263499.614316620747559, 1719822.392665681429207 ], [ 263828.169897720043082, 1720727.105794425355271 ], [ 262732.659916194330435, 1720738.427260344848037 ], [ 263061.403374510118738, 1721643.144495411776006 ], [ 265252.380048761668149, 1721620.573394480859861 ], [ 265581.25614079774823, 1722525.323777069570497 ], [ 263390.31629974511452, 1722547.875488725258037 ], [ 263719.398689167690463, 1723452.620260446565226 ], [ 262623.937502038781531, 1723463.96525663905777 ], [ 262953.207798194896895, 1724368.71412342460826 ], [ 266239.516672898782417, 1724334.866045847069472 ], [ 265910.301683084340766, 1723430.087987454142421 ], [ 267005.743549950479064, 1723418.900707344757393 ], [ 267334.940123964217491, 1724323.688550295773894 ], [ 269525.767945533501916, 1724301.491344787878916 ], [ 269196.608173676300794, 1723396.683851679554209 ], [ 268101.179036803310737, 1723407.765995965106413 ], [ 267772.17030237801373, 1722502.982238868251443 ], [ 266676.716416501323693, 1722514.126737110549584 ] ] ], [ [ [ 274344.761113483342342, 1722437.218534290092066 ], [ 275440.171111662290059, 1722426.441782640758902 ], [ 276098.100927959545515, 1724236.161896310048178 ], [ 275002.727597625693306, 1724246.918671250808984 ], [ 275331.964924870990217, 1725151.789828594774008 ], [ 278618.01155237108469, 1725119.707408227026463 ], [ 277302.298479198012501, 1721500.186908988514915 ], [ 278397.708413105458021, 1721489.557706729043275 ], [ 278069.221866571926512, 1720584.702822856605053 ], [ 275878.359315246692859, 1720606.03371441247873 ], [ 276206.882446067873389, 1721510.868609907338396 ], [ 274016.031961986795068, 1721532.389514007605612 ], [ 274344.761113483342342, 1722437.218534290092066 ] ] ], [ [ [ 271387.447517633496318, 1723374.67725788266398 ], [ 270292.030990607338026, 1723385.654272858751938 ], [ 270621.172376102535054, 1724290.471631570253521 ], [ 269525.767945533501916, 1724301.491344787878916 ], [ 269855.097141329315491, 1725206.312780304113403 ], [ 273141.236472229007632, 1725173.441163661889732 ], [ 272811.9624269597698, 1724268.58997611142695 ], [ 273907.348107303259894, 1724257.728030655300245 ], [ 273249.344935747678392, 1722448.047816354548559 ], [ 272153.922548413742334, 1722458.929630425292999 ], [ 271496.560303900798317, 1720649.325188629329205 ], [ 270401.094978157314472, 1720660.279252097010612 ], [ 271387.447517633496318, 1723374.67725788266398 ] ] ], [ [ [ 295485.08054635534063, 1723146.478398798266426 ], [ 296580.360693393449765, 1723136.709922750247642 ], [ 296251.826903474633582, 1722231.662220441736281 ], [ 295156.528611021232791, 1722241.441186247393489 ], [ 295485.08054635534063, 1723146.478398798266426 ] ] ], [ [ [ 289679.952413162682205, 1722291.123569049173966 ], [ 290008.595221158815548, 1723196.108738594222814 ], [ 288913.281027976074256, 1723206.192408672068268 ], [ 289571.110954455914907, 1725016.185214117867872 ], [ 291761.660754740936682, 1724996.11192217329517 ], [ 290775.279050892801024, 1722281.082080466207117 ], [ 289679.952413162682205, 1722291.123569049173966 ] ] ], [ [ [ 247789.757312399568036, 1533199.534958373755217 ], [ 247497.073881013609935, 1532297.029250322841108 ], [ 246398.232507915003225, 1532307.783058613073081 ], [ 246690.932433714333456, 1533210.282755506690592 ], [ 247789.757312399568036, 1533199.534958373755217 ] ] ], [ [ [ 244055.721860616322374, 1538668.826929079601541 ], [ 245154.476012812723638, 1538657.927703054621816 ], [ 245742.520735065452754, 1540463.055789340753108 ], [ 246841.234586388949538, 1540452.215742531465366 ], [ 245959.47179219147074, 1537744.521883641835302 ], [ 244860.708219235966681, 1537755.380179718602449 ], [ 244567.110140865144785, 1536852.843647416448221 ], [ 245665.890272715390893, 1536841.979312073206529 ], [ 245372.478463571227621, 1535939.447736823232844 ], [ 249767.594087283068802, 1535896.435393023071811 ], [ 249474.418076696747448, 1534993.890544818015769 ], [ 248375.633267510944279, 1535004.579377674032003 ], [ 248082.610442103730747, 1534102.051661962643266 ], [ 246983.80206532831653, 1534112.793426103424281 ], [ 247276.841400143923238, 1535015.315086974995211 ], [ 245079.236367380333832, 1535036.927141291555017 ], [ 243907.965164640161674, 1531426.954225030960515 ], [ 245006.837305541499518, 1531416.100886265281588 ], [ 244422.253037314134417, 1529611.168071254622191 ], [ 243323.347909196047112, 1529622.033215013798326 ], [ 243615.571672570309602, 1530524.488279763842002 ], [ 241417.772777833364671, 1530546.347023450303823 ], [ 242588.497268998733489, 1534156.22900842060335 ], [ 243687.334223226411268, 1534145.299830762669444 ], [ 243980.423140232975129, 1535047.803489514859393 ], [ 241782.775110021175351, 1535069.696836160495877 ], [ 242369.528355307498714, 1536874.713130687363446 ], [ 243468.322845350485295, 1536863.754919748287648 ], [ 243761.937491632852471, 1537766.285439848201349 ], [ 242663.159578516846523, 1537777.237665648572147 ], [ 242956.960531928518321, 1538679.773147838423029 ], [ 241858.191995883942582, 1538690.766360955312848 ], [ 242740.663036337500671, 1541398.420585463987663 ], [ 243839.381747028470272, 1541387.445443836739287 ], [ 244428.51115983305499, 1543192.615348743507639 ], [ 245527.189453989209142, 1543181.699494204018265 ], [ 244643.799756157910451, 1540473.942881394876167 ], [ 243545.071618815272814, 1540484.877020308747888 ], [ 243250.931212902854895, 1539582.319593853317201 ], [ 244349.675949664291693, 1539571.37940405192785 ], [ 244055.721860616322374, 1538668.826929079601541 ] ] ], [ [ [ 243035.159507656731876, 1542300.993954993784428 ], [ 242740.663036337500671, 1541398.420585463987663 ], [ 241641.937114535656292, 1541409.442804263904691 ], [ 241936.450218334968667, 1542312.010133128846064 ], [ 243035.159507656731876, 1542300.993954993784428 ] ] ], [ [ [ 250216.567848607635824, 1544041.139819518197328 ], [ 249921.831625714199618, 1543138.507340439362451 ], [ 248823.181671838392504, 1543149.234692431986332 ], [ 249117.934487948310561, 1544051.860924514010549 ], [ 250216.567848607635824, 1544041.139819518197328 ] ] ], [ [ [ 244214.842611825326458, 1545911.397684246534482 ], [ 245313.47813048856915, 1545900.453101082472131 ], [ 244428.51115983305499, 1543192.615348743507639 ], [ 242231.133054150734097, 1543214.588448450900614 ], [ 242525.985619344981387, 1544117.177766893291846 ], [ 241427.302402645291295, 1544128.228957761311904 ], [ 241722.341358574747574, 1545030.823216448538005 ], [ 243919.66725822162698, 1545008.780180871486664 ], [ 244214.842611825326458, 1545911.397684246534482 ] ] ], [ [ [ 251397.209458156023175, 1547651.781641697743908 ], [ 250806.549315022246446, 1545846.43831581575796 ], [ 249707.949163187644444, 1545857.146860814886168 ], [ 249117.934487948310561, 1544051.860924514010549 ], [ 248019.294097510079155, 1544062.629179807845503 ], [ 248904.620478177734185, 1546770.556062081130221 ], [ 250003.211017075489508, 1546759.806598615832627 ], [ 250298.642544983449625, 1547662.477538604522124 ], [ 251397.209458156023175, 1547651.781641697743908 ] ] ], [ [ [ 244510.187679409224074, 1546814.026262868195772 ], [ 244214.842611825326458, 1545911.397684246534482 ], [ 243116.199927304434823, 1545922.389479885343462 ], [ 243411.561664789915085, 1546825.011907855281606 ], [ 244510.187679409224074, 1546814.026262868195772 ] ] ], [ [ [ 251988.548257077054586, 1549457.169931906973943 ], [ 253087.074957069766242, 1549446.534082400379702 ], [ 252495.769408523483435, 1547641.133001763839275 ], [ 251397.209458156023175, 1547651.781641697743908 ], [ 251988.548257077054586, 1549457.169931906973943 ] ] ], [ [ [ 246495.809970151516609, 1549511.058877796866 ], [ 247594.371701839292655, 1549500.186456855619326 ], [ 247298.550865563505795, 1548597.512037111446261 ], [ 246199.972459691547556, 1548608.390728978905827 ], [ 246495.809970151516609, 1549511.058877796866 ] ] ], [ [ [ 246495.809970151516609, 1549511.058877796866 ], [ 244298.665179614530643, 1549532.94567858427763 ], [ 243707.093121096433606, 1547727.645405786810443 ], [ 242608.476605301548261, 1547738.672146308002993 ], [ 243496.139364931295859, 1550446.62065828894265 ], [ 246791.817176582553657, 1550413.738191062351689 ], [ 246495.809970151516609, 1549511.058877796866 ] ] ], [ [ [ 252284.472145915671717, 1550359.880980823654681 ], [ 251988.548257077054586, 1549457.169931906973943 ], [ 250890.014612369122915, 1549467.853092518402264 ], [ 251185.955146609281655, 1550370.557740177027881 ], [ 252284.472145915671717, 1550359.880980823654681 ] ] ], [ [ [ 243792.366386457375484, 1551349.292369913775474 ], [ 243496.139364931295859, 1550446.62065828894265 ], [ 242397.565771170397056, 1550457.67618058831431 ], [ 242693.809518111607758, 1551360.341685353079811 ], [ 243792.366386457375484, 1551349.292369913775474 ] ] ], [ [ [ 247087.994076356408186, 1551316.428685616934672 ], [ 248186.522437302250182, 1551305.568872777046636 ], [ 247890.362226628960343, 1550402.872063125716522 ], [ 246791.817176582553657, 1550413.738191062351689 ], [ 247087.994076356408186, 1551316.428685616934672 ] ] ], [ [ [ 247472.972044219262898, 1555840.92488252860494 ], [ 249669.868686891451944, 1555819.221562995808199 ], [ 249372.860086244443664, 1554916.468482952797785 ], [ 251569.76213659386849, 1554894.942258379654959 ], [ 251866.737311832519481, 1555797.708271124400198 ], [ 252965.161194618121954, 1555787.022881570272148 ], [ 253262.289318588067545, 1556689.806772687006742 ], [ 255459.082992910669418, 1556668.591637852601707 ], [ 255161.988254734722432, 1555765.794607306830585 ], [ 254063.578165325365262, 1555776.38499415689148 ], [ 253766.636379177187337, 1554873.605940457899123 ], [ 252668.202718461805489, 1554884.250361880520359 ], [ 252074.794720073288772, 1553078.739368764683604 ], [ 250976.32076233101543, 1553089.444212689530104 ], [ 251272.956619217933621, 1553992.187577893957496 ], [ 247977.542909383832011, 1554024.56742571410723 ], [ 247087.994076356408186, 1551316.428685616934672 ], [ 245989.458634770940989, 1551327.335871673421934 ], [ 246285.821930877747945, 1552230.031254236120731 ], [ 245187.296092556440271, 1552240.979532045312226 ], [ 246077.454332349792821, 1554949.113922737073153 ], [ 243880.481684935395606, 1554971.114970031194389 ], [ 243583.559071660740301, 1554068.404925330774859 ], [ 244682.065718975209165, 1554057.374363159993663 ], [ 244385.329566121217795, 1553154.669205501209944 ], [ 242188.275590200879378, 1553176.79031011951156 ], [ 243376.372530303808162, 1556787.627759410301223 ], [ 242277.901841816230444, 1556798.734454766614363 ], [ 242575.367159628745867, 1557701.465439013903961 ], [ 241476.906065263872733, 1557712.613399001769722 ], [ 241774.557912422926165, 1558615.349263829411939 ], [ 242873.002194370521465, 1558604.207606761949137 ], [ 243170.806943388684886, 1559506.960974943358451 ], [ 246466.046351920318557, 1559473.840731655014679 ], [ 245870.707355542195728, 1557668.306986907497048 ], [ 246969.139827727805823, 1557657.349306696560234 ], [ 247862.352507426141528, 1560365.686141501180828 ], [ 248960.727578213147353, 1560354.79540840908885 ], [ 248662.837117268441943, 1559451.998680208111182 ], [ 250859.599764229875291, 1559430.347102233441547 ], [ 251157.456689098937204, 1560333.156876891851425 ], [ 253354.157964175072266, 1560311.708914253395051 ], [ 253056.334538967290428, 1559408.885984894353896 ], [ 251957.970620242704172, 1559419.592736782273278 ], [ 251660.300101915345294, 1558516.787793506868184 ], [ 248365.116330761491554, 1558549.213280528318137 ], [ 247472.972044219262898, 1555840.92488252860494 ] ], [ [ 245276.047137513378402, 1555862.818242591340095 ], [ 246374.51313926288276, 1555851.847806684672832 ], [ 246671.74163860216504, 1556754.592929022153839 ], [ 245573.292397910205182, 1556765.556998174171895 ], [ 245276.047137513378402, 1555862.818242591340095 ] ] ], [ [ [ 249258.787710958800744, 1561257.603482167003676 ], [ 250357.138981244846946, 1561246.766926439246163 ], [ 250059.095628516719444, 1560343.95232074148953 ], [ 248960.727578213147353, 1560354.79540840908885 ], [ 249258.787710958800744, 1561257.603482167003676 ] ] ], [ [ [ 258140.568688818253577, 1564794.281443011714146 ], [ 257841.947371549584204, 1563891.380900718038902 ], [ 256743.6877441269462, 1563901.911238505737856 ], [ 257042.325816393451532, 1564804.804997389437631 ], [ 258140.568688818253577, 1564794.281443011714146 ] ] ], [ [ [ 258140.568688818253577, 1564794.281443011714146 ], [ 258439.35961291284184, 1565697.193572494201362 ], [ 257341.133502878714353, 1565707.710321154212579 ], [ 257640.110800962080248, 1566610.627227033255622 ], [ 259836.522740026091924, 1566589.655209578340873 ], [ 259238.804801572463475, 1564783.805658287601545 ], [ 258140.568688818253577, 1564794.281443011714146 ] ] ], [ [ [ 254345.442024078132818, 1566642.443947206949815 ], [ 254644.6393173042743, 1567545.352063708705828 ], [ 255742.852261841471773, 1567534.705431549111381 ], [ 256042.202371694787871, 1568437.63188917725347 ], [ 257140.391688919014996, 1568427.039931153180078 ], [ 256841.058381838985952, 1567524.106654928764328 ], [ 257939.257708023214946, 1567513.5557322781533 ], [ 257640.110800962080248, 1566610.627227033255622 ], [ 254345.442024078132818, 1566642.443947206949815 ] ] ], [ [ [ 255243.542786699079443, 1569351.202962738694623 ], [ 256341.722100056882482, 1569340.569936009822413 ], [ 256042.202371694787871, 1568437.63188917725347 ], [ 254944.00623905294924, 1568448.271729802945629 ], [ 255243.542786699079443, 1569351.202962738694623 ] ] ], [ [ [ 261650.743162633443717, 1581972.442183858249336 ], [ 261047.15833946983912, 1580166.235489994753152 ], [ 259949.18812896750751, 1580176.736766339046881 ], [ 260552.806771155970637, 1581982.929171836236492 ], [ 261650.743162633443717, 1581972.442183858249336 ] ] ], [ [ [ 263846.596033808367793, 1581951.613067282596603 ], [ 263544.752633863361552, 1581048.489400502759963 ], [ 262446.81261184066534, 1581058.887025661533698 ], [ 262748.672906628868077, 1581962.003482855390757 ], [ 263846.596033808367793, 1581951.613067282596603 ] ] ], [ [ [ 290293.037594940687995, 1662389.128251404734328 ], [ 291389.428096827468835, 1662379.471470401389524 ], [ 291072.504338969825767, 1661475.215860075317323 ], [ 289976.096302224497776, 1661484.881912578595802 ], [ 290293.037594940687995, 1662389.128251404734328 ] ] ], [ [ [ 284031.788042011088692, 1663352.338240367360413 ], [ 281838.953953813645057, 1663372.394100754521787 ], [ 282791.724158535420429, 1666085.033864572411403 ], [ 286080.807734359288588, 1666055.10855073411949 ], [ 285763.101172716938891, 1665150.854363089893013 ], [ 287955.829207509057596, 1665131.139714535558596 ], [ 287638.327202293789014, 1664226.880563789978623 ], [ 284349.17348816152662, 1664256.556332454318181 ], [ 284031.788042011088692, 1663352.338240367360413 ] ], [ [ 284666.728303290670738, 1665160.787860474083573 ], [ 283570.349492127657868, 1665170.772141879191622 ], [ 283252.777054745471105, 1664266.549767315154895 ], [ 284349.17348816152662, 1664256.556332454318181 ], [ 284666.728303290670738, 1665160.787860474083573 ] ] ], [ [ [ 291244.877453842316754, 1665101.948585509322584 ], [ 290927.428173358086497, 1664197.661568469135091 ], [ 288734.700012601679191, 1664217.090148015180603 ], [ 289052.184433448477648, 1665121.35856046108529 ], [ 291244.877453842316754, 1665101.948585509322584 ] ] ], [ [ [ 292516.367790093238, 1668719.232830737251788 ], [ 293612.635350729920901, 1668709.641616998473182 ], [ 293294.526373880158644, 1667805.290651894640177 ], [ 292198.241229096602183, 1667814.891303922515363 ], [ 292516.367790093238, 1668719.232830737251788 ] ] ], [ [ [ 289086.847039922024123, 1671471.100231004878879 ], [ 289405.72138350259047, 1672375.45871492405422 ], [ 290501.941455981403124, 1672365.701517205219716 ], [ 290820.967473639640957, 1673270.083109404891729 ], [ 291917.164123354770709, 1673260.386384482728317 ], [ 290960.646967804757878, 1670547.254278147127479 ], [ 293153.128850310225971, 1670527.95693245367147 ], [ 292516.367790093238, 1668719.232830737251788 ], [ 290323.815472006273922, 1668738.567910498939455 ], [ 290642.146557373751421, 1669642.904270358849317 ], [ 289545.879358977545053, 1669652.638758260058239 ], [ 290183.084762573358603, 1671461.333607650361955 ], [ 289086.847039922024123, 1671471.100231004878879 ] ] ], [ [ [ 289724.765058364253491, 1673279.830857551423833 ], [ 290682.912044445169158, 1675993.029433433897793 ], [ 291779.061445969040506, 1675983.310177764622495 ], [ 290820.967473639640957, 1673270.083109404891729 ], [ 289724.765058364253491, 1673279.830857551423833 ] ] ], [ [ [ 285521.887465446954593, 1676946.771980350837111 ], [ 284425.720748935476877, 1676956.788509746547788 ], [ 284745.71739458036609, 1677861.172391298459843 ], [ 283649.562497832113877, 1677871.23068229178898 ], [ 283009.703055986494292, 1676062.49526799749583 ], [ 284105.893463621090632, 1676052.418240904575214 ], [ 283466.746984517667443, 1674243.718463103985414 ], [ 282370.521094142342918, 1674253.814130331156775 ], [ 281732.016633430379443, 1672445.187113126274198 ], [ 279539.475862013467122, 1672465.568561243126169 ], [ 279858.678879512357526, 1673369.856875363504514 ], [ 278762.417144873703364, 1673380.114935965975747 ], [ 279081.807313799741678, 1674284.407509844051674 ], [ 280178.051289033086505, 1674274.158652202924713 ], [ 280497.593087934539653, 1675178.473911226028576 ], [ 281593.813247714017052, 1675168.28537252987735 ], [ 282233.369468085700646, 1676976.974994970252737 ], [ 281137.184843271912541, 1676987.144953770795837 ], [ 281457.234794418909587, 1677891.500776322558522 ], [ 280361.061927288537845, 1677901.712582346517593 ], [ 280040.994188550452236, 1676997.366058692801744 ], [ 278944.797473683138378, 1677007.638311240589246 ], [ 280546.91905532637611, 1681529.459887780947611 ], [ 281643.026714075240307, 1681519.234234805451706 ], [ 282285.025369487295393, 1683328.076669999398291 ], [ 283381.091363348532468, 1683317.921162243466824 ], [ 283060.025179126532748, 1682413.483684329548851 ], [ 284156.103030197322369, 1682403.370041777612641 ], [ 283835.224024737894069, 1681498.936775967245921 ], [ 282739.128360474365763, 1681509.059864700073376 ], [ 282418.400910032680258, 1680604.649683704134077 ], [ 284610.621889422822278, 1680584.435914854519069 ], [ 284290.099398568156175, 1679680.020529718138278 ], [ 282097.842830443463754, 1679700.253121712477878 ], [ 281777.454124359530397, 1678795.870159114478156 ], [ 287258.13992929388769, 1678745.62571710976772 ], [ 287578.439770267577842, 1679650.055820239009336 ], [ 289770.637383676948957, 1679630.335449101869017 ], [ 289450.373021984123625, 1678725.886300367303193 ], [ 288354.259390361839905, 1678735.730413055978715 ], [ 288034.146627777605318, 1677831.304524658014998 ], [ 286938.009429323894437, 1677841.209313951898366 ], [ 286618.048272995569278, 1676936.806591128930449 ], [ 288810.35228214180097, 1676917.029227348044515 ], [ 289130.277987262466922, 1677821.450899670599028 ], [ 290226.403538001934066, 1677811.648437537951395 ], [ 289267.187534851254895, 1675098.396053130505607 ], [ 288171.008871199854184, 1675108.226989278336987 ], [ 287851.591170620406047, 1674203.846384308068082 ], [ 288947.78752453107154, 1674194.006004796596244 ], [ 288309.495505722472444, 1672385.266910240752622 ], [ 286117.026213232427835, 1672405.036299454048276 ], [ 285479.340866088576149, 1670596.389128082664683 ], [ 287671.880840157158673, 1670576.58235478727147 ], [ 287353.327521397382952, 1669672.260480409488082 ], [ 286257.042821682407521, 1669682.147717549232766 ], [ 285938.641201056656428, 1668777.848719196626917 ], [ 288131.240023044811096, 1668758.106536147650331 ], [ 287177.157081976532936, 1666045.235067308414727 ], [ 286080.807734359288588, 1666055.10855073411949 ], [ 286398.683652673964389, 1666959.376236872281879 ], [ 283109.652985980908852, 1666989.273947342764586 ], [ 282791.724158535420429, 1666085.033864572411403 ], [ 280598.971860998542979, 1666105.238141484092921 ], [ 280916.936008648597635, 1667009.459957290906459 ], [ 279820.56846928037703, 1667019.629227605881169 ], [ 280138.719687690376304, 1667923.855325290234759 ], [ 281235.069545640493743, 1667913.695171729428694 ], [ 281553.372469335328788, 1668817.943804155103862 ], [ 282649.698613912449218, 1668807.843689379980788 ], [ 282968.15323563455604, 1669712.114950729068369 ], [ 284064.455709067289717, 1669702.074951241025701 ], [ 284383.062021576566622, 1670606.368935756618157 ], [ 283286.77723172516562, 1670616.399692738894373 ], [ 283605.570599553873762, 1671520.697934841504321 ], [ 282509.297534250305034, 1671530.770403250586241 ], [ 283147.427796006377321, 1673339.388915077550337 ], [ 284243.665439877891913, 1673329.334997169207782 ], [ 284562.966907105525024, 1674233.673856363166124 ], [ 285659.180892153875902, 1674223.680308630689979 ], [ 285978.6340017830953, 1675128.042108052875847 ], [ 284882.437735533632804, 1675138.026293597184122 ], [ 285521.887465446954593, 1676946.771980350837111 ] ], [ [ 286755.388969909981824, 1674213.737818433670327 ], [ 286436.122916694614105, 1673309.380255734547973 ], [ 287532.342810142203234, 1673299.479429269209504 ], [ 287851.591170620406047, 1674203.846384308068082 ], [ 286755.388969909981824, 1674213.737818433670327 ] ], [ [ 284701.837698770221323, 1671510.676444274140522 ], [ 285020.782738017034717, 1672414.997496262425557 ], [ 283924.533336483873427, 1672425.009696492925286 ], [ 283605.570599553873762, 1671520.697934841504321 ], [ 284701.837698770221323, 1671510.676444274140522 ] ], [ [ 283746.018763878382742, 1668797.794471280882135 ], [ 283427.751188637106679, 1667893.527476450428367 ], [ 284524.083034241339192, 1667883.519931761315092 ], [ 284842.332949500530958, 1668787.796148377936333 ], [ 283746.018763878382742, 1668797.794471280882135 ] ] ], [ [ [ 297123.007757633342408, 1678658.410748951369897 ], [ 296803.03655157762114, 1677753.908004386350513 ], [ 295706.945218524720985, 1677763.403519438812509 ], [ 296026.934085881744977, 1678667.896562250796705 ], [ 297123.007757633342408, 1678658.410748951369897 ] ] ], [ [ [ 293834.769858493818901, 1678687.021734383190051 ], [ 294154.963375881314278, 1679591.509299068013206 ], [ 296347.092238179175183, 1679572.403497303836048 ], [ 296026.934085881744977, 1678667.896562250796705 ], [ 294930.854796242201701, 1678677.433556926669553 ], [ 294610.848258090321906, 1677772.950188798829913 ], [ 292418.637334167025983, 1677792.196996069978923 ], [ 292098.764734480413608, 1676887.746696542017162 ], [ 291002.633018242078833, 1676897.456406753044575 ], [ 291322.523310226679314, 1677801.897136816522107 ], [ 290226.403538001934066, 1677811.648437537951395 ], [ 290546.480854385183193, 1678716.093377594137564 ], [ 293834.769858493818901, 1678687.021734383190051 ] ] ], [ [ [ 284931.31373708153842, 1681488.86496711615473 ], [ 286027.397527717752382, 1681478.844436663202941 ], [ 286348.240935461246409, 1682383.296675993362442 ], [ 287444.301050078356639, 1682373.336949805496261 ], [ 286802.819143784348853, 1680564.427151393145323 ], [ 287898.908949628239498, 1680554.499642995884642 ], [ 287578.439770267577842, 1679650.055820239009336 ], [ 285386.218756308313459, 1679669.981070901732892 ], [ 285706.723467121017165, 1680574.405908189713955 ], [ 284610.621889422822278, 1680584.435914854519069 ], [ 284931.31373708153842, 1681488.86496711615473 ] ] ], [ [ [ 288540.355312967672944, 1682363.428526129573584 ], [ 290732.446404384681955, 1682343.765580486506224 ], [ 290411.674077503790613, 1681439.275069445371628 ], [ 288219.54746473627165, 1681458.957205060170963 ], [ 288540.355312967672944, 1682363.428526129573584 ] ] ], [ [ [ 288540.355312967672944, 1682363.428526129573584 ], [ 287444.301050078356639, 1682373.336949805496261 ], [ 288086.460306379303802, 1684182.301766786258668 ], [ 286990.435781853448134, 1684192.242366011720151 ], [ 287311.787215230986476, 1685096.735856149811298 ], [ 289503.794830096769147, 1685076.925240677548572 ], [ 288540.355312967672944, 1682363.428526129573584 ] ] ], [ [ [ 284798.369114110828377, 1684212.277640199987218 ], [ 284477.151394203072414, 1683307.8169899599161 ], [ 283381.091363348532468, 1683317.921162243466824 ], [ 283702.326910487608984, 1684222.372318112524226 ], [ 284798.369114110828377, 1684212.277640199987218 ] ] ], [ [ [ 286537.313235098263249, 1686011.215924038086087 ], [ 286215.774642990436405, 1685106.718240871326998 ], [ 285119.756187280931044, 1685116.75201220670715 ], [ 285441.312611075234599, 1686021.240125704789534 ], [ 286537.313235098263249, 1686011.215924038086087 ] ] ], [ [ [ 284667.049702994409017, 1686935.80805049627088 ], [ 284988.962675380869769, 1687840.314115332439542 ], [ 287180.898439602344297, 1687820.252666313899681 ], [ 286859.021168181381654, 1686915.727392591303214 ], [ 285763.038382849423215, 1686925.742000446189195 ], [ 285441.312611075234599, 1686021.240125704789534 ], [ 284345.306082955677994, 1686031.315742514561862 ], [ 283702.326910487608984, 1684222.372318112524226 ], [ 282606.278753426740877, 1684232.518358549335971 ], [ 283571.055098426062614, 1686945.925544225145131 ], [ 284667.049702994409017, 1686935.80805049627088 ] ] ], [ [ [ 288598.886288479436189, 1688714.847912097815424 ], [ 288276.857524476654362, 1687810.299144204473123 ], [ 287180.898439602344297, 1687820.252666313899681 ], [ 287502.94504672306357, 1688724.791765011614189 ], [ 288598.886288479436189, 1688714.847912097815424 ] ] ], [ [ [ 288147.546257524343673, 1690533.911516659427434 ], [ 287825.160986909468193, 1689629.344708511605859 ], [ 285633.296666608308442, 1689649.367594704264775 ], [ 285955.717680170608219, 1690553.915048856288195 ], [ 288147.546257524343673, 1690533.911516659427434 ] ] ], [ [ [ 289243.451792070874944, 1690523.987074704840779 ], [ 290339.351530760352034, 1690514.114180229371414 ], [ 290017.001964770723134, 1689609.527909866999835 ], [ 288921.084378556755837, 1689619.410548978252336 ], [ 289243.451792070874944, 1690523.987074704840779 ] ] ], [ [ [ 289243.451792070874944, 1690523.987074704840779 ], [ 288147.546257524343673, 1690533.911516659427434 ], [ 288470.100855929078534, 1691438.492209325311705 ], [ 289565.988526388653554, 1691428.577509163413197 ], [ 289243.451792070874944, 1690523.987074704840779 ] ] ], [ [ [ 289888.694578876020387, 1692333.181872256333008 ], [ 290984.558601571829058, 1692323.328539705136791 ], [ 290661.870410570525564, 1691418.714383536484092 ], [ 289565.988526388653554, 1691428.577509163413197 ], [ 289888.694578876020387, 1692333.181872256333008 ] ] ], [ [ [ 290609.244922115816735, 1700494.934964826796204 ], [ 292800.667934584780596, 1700475.251223306870088 ], [ 292476.438137018471025, 1699570.520603321492672 ], [ 290284.979247370851226, 1699590.224287151591852 ], [ 290609.244922115816735, 1700494.934964826796204 ] ] ], [ [ [ 299320.811677057179622, 1718572.857592187356204 ], [ 298993.19654205115512, 1717667.840544623788446 ], [ 297897.829955332330428, 1717677.462137851398438 ], [ 298225.463162582949735, 1718582.46871078107506 ], [ 299320.811677057179622, 1718572.857592187356204 ] ] ], [ [ [ 296362.58816142269643, 1719506.848279122496024 ], [ 296690.596059449133463, 1720411.862928006798029 ], [ 298881.237312965618912, 1720392.525410330621526 ], [ 298225.463162582949735, 1718582.46871078107506 ], [ 297130.10912048316095, 1718592.132217086618766 ], [ 297457.929662705748342, 1719497.142828844720498 ], [ 296362.58816142269643, 1719506.848279122496024 ] ] ], [ [ [ 309723.296637614083011, 1723023.584934670245275 ], [ 310818.506725032697432, 1723014.49920403631404 ], [ 310162.078331731725484, 1721204.14098077476956 ], [ 311257.319253353169188, 1721195.086046787444502 ], [ 310601.603524350328371, 1719384.765488181030378 ], [ 309506.32661682338221, 1719393.842036091722548 ], [ 309834.117888178559951, 1720298.984108982607722 ], [ 308738.853762154874858, 1720308.102290358161554 ], [ 309723.296637614083011, 1723023.584934670245275 ] ] ], [ [ [ 297347.119616942247376, 1722221.935754851903766 ], [ 296690.596059449133463, 1720411.862928006798029 ], [ 295595.267095201532356, 1720421.610353141091764 ], [ 296251.826903474633582, 1722231.662220441736281 ], [ 297347.119616942247376, 1722221.935754851903766 ] ] ], [ [ [ 306109.26408365071984, 1722146.013868044363335 ], [ 305781.062361162039451, 1721240.885281805880368 ], [ 304685.795147401746362, 1721250.202505080262199 ], [ 305014.014921345748007, 1722155.320382700767368 ], [ 306109.26408365071984, 1722146.013868044363335 ] ] ], [ [ [ 306437.6350005667191, 1723051.157195877982304 ], [ 307532.860805391799659, 1723041.91392924473621 ], [ 307204.50793713866733, 1722136.759841022081673 ], [ 306109.26408365071984, 1722146.013868044363335 ], [ 306437.6350005667191, 1723051.157195877982304 ] ] ], [ [ [ 298770.904309611360077, 1723117.330551040824503 ], [ 298442.406781445664819, 1722212.261788048315793 ], [ 297347.119616942247376, 1722221.935754851903766 ], [ 297675.635271137929522, 1723126.993973973672837 ], [ 298770.904309611360077, 1723117.330551040824503 ] ] ], [ [ [ 310051.78260874026455, 1723928.775461354292929 ], [ 309723.296637614083011, 1723023.584934670245275 ], [ 308628.081341072451323, 1723032.723175958963111 ], [ 308956.585348416119814, 1723937.902863392606378 ], [ 310051.78260874026455, 1723928.775461354292929 ] ] ], [ [ [ 305670.962070497102104, 1723965.600309336325154 ], [ 306766.175109304138459, 1723956.315286031691357 ], [ 306437.6350005667191, 1723051.157195877982304 ], [ 304247.167463425779715, 1723069.801274623489007 ], [ 304904.48916387691861, 1724880.089210549136624 ], [ 305999.689440486254171, 1724870.762399796629325 ], [ 305670.962070497102104, 1723965.600309336325154 ] ] ], [ [ [ 298333.174317262019031, 1724937.15412668697536 ], [ 297675.635271137929522, 1723126.993973973672837 ], [ 296580.360693393449765, 1723136.709922750247642 ], [ 297237.936031607154291, 1724946.848967685131356 ], [ 298333.174317262019031, 1724937.15412668697536 ] ] ], [ [ [ 309285.258531265251804, 1724843.097383351298049 ], [ 308956.585348416119814, 1723937.902863392606378 ], [ 307861.382858605356887, 1723947.082804502453655 ], [ 308190.07409417454619, 1724852.266487556276843 ], [ 309285.258531265251804, 1724843.097383351298049 ] ] ], [ [ [ 245969.542173015681328, 1524164.209573283791542 ], [ 248167.48543734595296, 1524142.828468219842762 ], [ 247876.548336938663851, 1523240.4142644808162 ], [ 245678.572278827836271, 1523261.80709200585261 ], [ 245969.542173015681328, 1524164.209573283791542 ] ] ], [ [ [ 244937.278557733952766, 1527795.44860105542466 ], [ 243838.347664272412658, 1527806.278799582039937 ], [ 244422.253037314134417, 1529611.168071254622191 ], [ 245521.150991580245318, 1529600.349644733127207 ], [ 245229.129915209487081, 1528697.893677327316254 ], [ 248525.830410134076374, 1528665.700832091039047 ], [ 247942.396081608952954, 1526860.786043943138793 ], [ 246843.470146672887495, 1526871.482197353849187 ], [ 245969.542173015681328, 1524164.209573283791542 ], [ 244870.559853982238565, 1524174.969950047321618 ], [ 245161.715882924821926, 1525077.377441430930048 ], [ 244062.74282485950971, 1525088.178554556332529 ], [ 244354.085009944246849, 1525990.591056100092828 ], [ 243255.121207371819764, 1526001.432939616497606 ], [ 243546.649569995061029, 1526903.85045135114342 ], [ 244645.596921775024384, 1526893.014399459585547 ], [ 244937.278557733952766, 1527795.44860105542466 ] ], [ [ 247135.11889288702514, 1527773.928186886012554 ], [ 246036.20229030540213, 1527784.665064023807645 ], [ 245744.537103697861312, 1526882.224981994135305 ], [ 246843.470146672887495, 1526871.482197353849187 ], [ 247135.11889288702514, 1527773.928186886012554 ] ] ], [ [ [ 250793.555613050964894, 1532265.04859053902328 ], [ 251892.368830926134251, 1532254.481953700073063 ], [ 251599.92095837672241, 1531351.962996578309685 ], [ 250501.09128948036232, 1531362.535731034586206 ], [ 250793.555613050964894, 1532265.04859053902328 ] ] ], [ [ [ 251086.189615070732543, 1533167.57249447866343 ], [ 250793.555613050964894, 1532265.04859053902328 ], [ 248595.908168977126479, 1532286.322237272048369 ], [ 248888.575114933511941, 1533188.833983548684046 ], [ 251086.189615070732543, 1533167.57249447866343 ] ] ], [ [ [ 247789.757312399568036, 1533199.534958373755217 ], [ 248082.610442103730747, 1534102.051661962643266 ], [ 249181.411751707026269, 1534091.356747198617086 ], [ 248888.575114933511941, 1533188.833983548684046 ], [ 247789.757312399568036, 1533199.534958373755217 ] ] ], [ [ [ 249474.418076696747448, 1534993.890544818015769 ], [ 250573.19585857714992, 1534983.248586821602657 ], [ 250280.206025023682741, 1534080.708680223906413 ], [ 249181.411751707026269, 1534091.356747198617086 ], [ 249474.418076696747448, 1534993.890544818015769 ] ] ], [ [ [ 269186.91436356207123, 1544768.84788421751 ], [ 268597.833783622831106, 1542963.350696454755962 ], [ 267499.298771812464111, 1542973.277191224973649 ], [ 268088.412239783909172, 1544778.760942460270599 ], [ 269186.91436356207123, 1544768.84788421751 ] ] ], [ [ [ 273875.587386276922189, 1545632.460343383485451 ], [ 273580.858507695607841, 1544729.667134972754866 ], [ 272482.382062679505907, 1544739.39160263678059 ], [ 272777.127360546961427, 1545642.177951434627175 ], [ 273875.587386276922189, 1545632.460343383485451 ] ] ], [ [ [ 271678.660970302647911, 1545651.942732037277892 ], [ 271383.899244195432402, 1544749.163215765263885 ], [ 270285.410021429008339, 1544758.981975806877017 ], [ 270580.188184733444359, 1545661.754686639178544 ], [ 271678.660970302647911, 1545651.942732037277892 ] ] ], [ [ [ 266989.903619274962693, 1544788.721152004785836 ], [ 267284.731147955637425, 1545691.473609024193138 ], [ 265087.727248584502377, 1545711.522120802663267 ], [ 265382.757304904283956, 1546614.272704383824021 ], [ 268678.203919266816229, 1546584.290864635491744 ], [ 268088.412239783909172, 1544778.760942460270599 ], [ 266989.903619274962693, 1544788.721152004785836 ] ] ], [ [ [ 273072.042179140960798, 1546544.975948083214462 ], [ 272777.127360546961427, 1545642.177951434627175 ], [ 271678.660970302647911, 1545651.942732037277892 ], [ 271973.592224526917562, 1546554.73387413774617 ], [ 273072.042179140960798, 1546544.975948083214462 ] ] ], [ [ [ 269776.6731253961334, 1546574.391330956714228 ], [ 268678.203919266816229, 1546584.290864635491744 ], [ 268973.354081904632039, 1547487.073182414285839 ], [ 267874.894875882484484, 1547497.013153314357623 ], [ 268170.231069995439611, 1548399.800274677341804 ], [ 270367.110048610717058, 1548379.981173102743924 ], [ 269776.6731253961334, 1546574.391330956714228 ] ] ], [ [ [ 260480.948541140271118, 1548470.65593321970664 ], [ 260185.496691197244218, 1547567.915585701819509 ], [ 259086.984617599053308, 1547578.233470648527145 ], [ 259382.453025817580055, 1548480.96724449377507 ], [ 260480.948541140271118, 1548470.65593321970664 ] ] ], [ [ [ 257185.441750122321537, 1548501.731687997234985 ], [ 256889.94019830293837, 1547599.010980278253555 ], [ 255791.407790977915283, 1547609.470608041854575 ], [ 256086.925928130425746, 1548512.184823305346072 ], [ 257185.441750122321537, 1548501.731687997234985 ] ] ], [ [ [ 270958.225112689484376, 1550185.61754739144817 ], [ 272056.621982706885319, 1550175.792639717226848 ], [ 271760.996167453471571, 1549272.961738894460723 ], [ 272859.403130327060353, 1549263.1772264118772 ], [ 271973.592224526917562, 1546554.73387413774617 ], [ 270875.135883548646234, 1546564.539001277415082 ], [ 271465.539877468603663, 1548370.14251030003652 ], [ 270367.110048610717058, 1548379.981173102743924 ], [ 270958.225112689484376, 1550185.61754739144817 ] ] ], [ [ [ 259678.091043318854645, 1549383.712430734420195 ], [ 259382.453025817580055, 1548480.96724449377507 ], [ 257185.441750122321537, 1548501.731687997234985 ], [ 257481.112926078669261, 1549404.463763984385878 ], [ 259678.091043318854645, 1549383.712430734420195 ] ] ], [ [ [ 277252.967695146799088, 1549224.511985515942797 ], [ 276957.593649265705608, 1548321.658017995301634 ], [ 275859.195508579374291, 1548331.260411698371172 ], [ 276154.585985355777666, 1549234.107377257198095 ], [ 277252.967695146799088, 1549224.511985515942797 ] ] ], [ [ [ 275351.774428245029412, 1550146.601776177529246 ], [ 276450.145957891596481, 1550136.966103351209313 ], [ 276154.585985355777666, 1549234.107377257198095 ], [ 275056.198008482519072, 1549243.750047032721341 ], [ 275351.774428245029412, 1550146.601776177529246 ] ] ], [ [ [ 258369.144172749598511, 1552112.728371229022741 ], [ 257776.95372356713051, 1550307.207225197926164 ], [ 255579.981653058639495, 1550328.134725488722324 ], [ 254397.503454216610407, 1546717.281043856637552 ], [ 253298.940741055208491, 1546727.841590841533616 ], [ 254481.485368333000224, 1550338.66947505204007 ], [ 253382.982209553854773, 1550349.251559640746564 ], [ 253679.059110694186529, 1551251.980350719299167 ], [ 251482.065344388509402, 1551273.273657491896302 ], [ 251185.955146609281655, 1550370.557740177027881 ], [ 250087.43118083284935, 1550381.28183928434737 ], [ 250679.854568554699654, 1552186.712145809084177 ], [ 251778.345203083299566, 1552176.00086137605831 ], [ 252074.794720073288772, 1553078.739368764683604 ], [ 253173.26173852768261, 1553068.08194578718394 ], [ 253766.636379177187337, 1554873.605940457899123 ], [ 254865.063149530091323, 1554863.00899253343232 ], [ 254271.721848486660747, 1553057.471942177275196 ], [ 255370.175080741842976, 1553046.90935636148788 ], [ 255073.775539737020154, 1552144.151365057332441 ], [ 256172.238565638806904, 1552133.629646697547287 ], [ 255876.025293757178588, 1551230.876498598838225 ], [ 256974.498118578427238, 1551220.395614117151126 ], [ 257270.694766377651831, 1552123.155315939104185 ], [ 258369.144172749598511, 1552112.728371229022741 ] ] ], [ [ [ 279534.468449273728766, 1552826.526075993431732 ], [ 278646.870273621869273, 1550117.8366716473829 ], [ 279745.22312128165504, 1550108.342909935163334 ], [ 278859.199490962782875, 1547399.738734557526186 ], [ 276662.389094322337769, 1547418.81581588415429 ], [ 276957.593649265705608, 1548321.658017995301634 ], [ 278055.985544712690171, 1548312.102873814292252 ], [ 278351.343168653547764, 1549214.963870387058705 ], [ 277252.967695146799088, 1549224.511985515942797 ], [ 278140.106752965017222, 1551933.144652646966279 ], [ 275943.435766960377805, 1551952.340518633602187 ], [ 276535.775087586953305, 1553758.126421491615474 ], [ 275437.46316748787649, 1553767.781300388975069 ], [ 274845.09088290319778, 1551962.009492006385699 ], [ 273746.739697103155777, 1551971.725827540270984 ], [ 274932.228250503656454, 1555583.288485027849674 ], [ 276030.513443007133901, 1555573.600318674696609 ], [ 276624.24168901622761, 1557379.466685141669586 ], [ 279918.96078027546173, 1557350.72998118121177 ], [ 279622.061430502100848, 1556447.769348617177457 ], [ 278523.811432867078111, 1556457.307928766822442 ], [ 278227.065061369445175, 1555554.366396067431197 ], [ 277128.792369706148747, 1555563.959622831083834 ], [ 276832.198984735761769, 1554661.037101208698004 ], [ 279028.771137587551493, 1554641.883828864432871 ], [ 278436.158737144200131, 1552836.04585401294753 ], [ 279534.468449273728766, 1552826.526075993431732 ] ] ], [ [ [ 255666.744255132391118, 1553949.678734516957775 ], [ 256765.173992504307535, 1553939.170135834021494 ], [ 256468.621466089447495, 1553036.394186774501577 ], [ 255370.175080741842976, 1553046.90935636148788 ], [ 255666.744255132391118, 1553949.678734516957775 ] ] ], [ [ [ 282709.650460410164669, 1559137.795980723574758 ], [ 282412.445178806083277, 1558234.796881827758625 ], [ 280216.029595525469631, 1558253.702552027301863 ], [ 280513.267873714445159, 1559156.68707854882814 ], [ 282709.650460410164669, 1559137.795980723574758 ] ] ], [ [ [ 261340.272826195257949, 1561141.023005944676697 ], [ 261042.396773215004941, 1560238.141592397354543 ], [ 259944.097235704946797, 1560248.5083130330313 ], [ 260241.989977780642221, 1561151.38292399700731 ], [ 261340.272826195257949, 1561141.023005944676697 ] ] ], [ [ [ 276010.080196079041343, 1565535.424909999826923 ], [ 277108.195726235164329, 1565525.720499464776367 ], [ 276809.688373287383001, 1564622.688530837418512 ], [ 275711.556234944378957, 1564632.400207355851308 ], [ 276010.080196079041343, 1565535.424909999826923 ] ] ], [ [ [ 265126.914161183987744, 1569257.230339256348088 ], [ 266225.033323921845295, 1569247.028443651972339 ], [ 265925.664558829448652, 1568344.027853823732585 ], [ 264827.528658815892413, 1568354.236806923523545 ], [ 265126.914161183987744, 1569257.230339256348088 ] ] ], [ [ [ 259336.750000022177119, 1568405.999656640458852 ], [ 259636.219325285259401, 1569308.958307539578527 ], [ 260734.371597821707837, 1569298.516910085920244 ], [ 261033.99372667534044, 1570201.494179128669202 ], [ 263230.244699287461117, 1570180.76906324038282 ], [ 263530.002844205708243, 1571083.772060666000471 ], [ 264628.10162568744272, 1571073.488442754140124 ], [ 263729.386189186363481, 1568364.493630271637812 ], [ 264827.528658815892413, 1568354.236806923523545 ], [ 264229.266335300868377, 1566548.285029194317758 ], [ 263131.090395009145141, 1566558.555846318136901 ], [ 263430.153507344890386, 1567461.518874103436247 ], [ 262331.987689265864901, 1567471.83055021148175 ], [ 262631.237119213561527, 1568374.798325387528166 ], [ 259336.750000022177119, 1568405.999656640458852 ] ] ], [ [ [ 266026.087999531882815, 1571966.281718889018521 ], [ 265726.19383413833566, 1571063.252777819288895 ], [ 264628.10162568744272, 1571073.488442754140124 ], [ 264928.012559510534629, 1571976.510286231758073 ], [ 266026.087999531882815, 1571966.281718889018521 ] ] ], [ [ [ 277306.384596062358469, 1572769.748086335835978 ], [ 277006.488138972315937, 1571866.634618311887607 ], [ 275908.476649470627308, 1571876.38346732314676 ], [ 276208.389791428751778, 1572779.489544579293579 ], [ 277306.384596062358469, 1572769.748086335835978 ] ] ], [ [ [ 275710.756871938880067, 1574595.512543943012133 ], [ 276808.724514575093053, 1574585.737888074945658 ], [ 276208.389791428751778, 1572779.489544579293579 ], [ 275110.388738972600549, 1572789.278995123691857 ], [ 275710.756871938880067, 1574595.512543943012133 ] ] ], [ [ [ 266926.787780183600262, 1574675.439638710347936 ], [ 266626.384975153428968, 1573772.375131856184453 ], [ 265528.343094031966757, 1573782.589436751790345 ], [ 265828.762689526658505, 1574685.646778723690659 ], [ 266926.787780183600262, 1574675.439638710347936 ] ] ], [ [ [ 272416.816259148472454, 1574625.12480483087711 ], [ 272116.497269775951281, 1573722.024067481281236 ], [ 271018.487656661658548, 1573731.998223991366103 ], [ 271318.823390958015807, 1574635.091661093756557 ], [ 272416.816259148472454, 1574625.12480483087711 ] ] ], [ [ [ 277109.146090617636219, 1575488.880189556162804 ], [ 279305.029313054750673, 1575469.489959050202742 ], [ 279004.641141518135555, 1574566.332714289892465 ], [ 276808.724514575093053, 1574585.737888074945658 ], [ 277109.146090617636219, 1575488.880189556162804 ] ] ], [ [ [ 268325.361922662763391, 1575568.364169956883416 ], [ 268024.806364965159446, 1574665.280558441299945 ], [ 266926.787780183600262, 1574675.439638710347936 ], [ 267227.360126566025428, 1575578.516035815700889 ], [ 268325.361922662763391, 1575568.364169956883416 ] ] ], [ [ [ 274612.782968948886264, 1574605.335247720591724 ], [ 275213.862490214349236, 1576411.602245846297592 ], [ 274115.915771595085971, 1576421.458222800400108 ], [ 274717.706737207714468, 1578227.758685679640621 ], [ 276913.526910477259662, 1578208.124621701892465 ], [ 275710.756871938880067, 1574595.512543943012133 ], [ 274612.782968948886264, 1574605.335247720591724 ] ] ], [ [ [ 264039.541691991384141, 1579231.913977134274319 ], [ 265137.502285130671225, 1579221.598404308548197 ], [ 264836.201290569908451, 1578318.496021442580968 ], [ 263738.223842889419757, 1578328.818790367804468 ], [ 264039.541691991384141, 1579231.913977134274319 ] ] ], [ [ [ 264039.541691991384141, 1579231.913977134274319 ], [ 262941.574515902204439, 1579242.277751122834161 ], [ 263544.752633863361552, 1581048.489400502759963 ], [ 264642.686060576350428, 1581038.140032171038911 ], [ 264039.541691991384141, 1579231.913977134274319 ] ] ], [ [ [ 264944.51257483480731, 1581941.27093560132198 ], [ 266042.422560377977788, 1581930.977086281403899 ], [ 265740.612922642729245, 1581027.838919134577736 ], [ 264642.686060576350428, 1581038.140032171038911 ], [ 264944.51257483480731, 1581941.27093560132198 ] ] ], [ [ [ 266456.188341388711706, 1586457.104916793294251 ], [ 266153.514104079687968, 1585553.914133158978075 ], [ 265055.66517901327461, 1585564.227092440240085 ], [ 265358.356338599813171, 1586467.410526456544176 ], [ 266456.188341388711706, 1586457.104916793294251 ] ] ], [ [ [ 303580.926448623009492, 1634165.562569507397711 ], [ 303269.597390670212917, 1633261.541419303743169 ], [ 302172.764679275103845, 1633270.486903196200728 ], [ 302795.626322846568655, 1635078.524454794125631 ], [ 306086.005399557179771, 1635051.892126104095951 ], [ 305774.54132188227959, 1634147.839243138441816 ], [ 303580.926448623009492, 1634165.562569507397711 ] ] ], [ [ [ 297935.262005362194031, 1636931.909468623809516 ], [ 297311.55154860613402, 1635123.90877281781286 ], [ 296214.71987310872646, 1635133.135213974863291 ], [ 296838.464733934379183, 1636941.117952880216762 ], [ 297935.262005362194031, 1636931.909468623809516 ] ] ], [ [ [ 299344.145654867053963, 1637826.780313207302243 ], [ 299032.053681281337049, 1636922.750899520004168 ], [ 297935.262005362194031, 1636931.909468623809516 ], [ 298247.371182328672148, 1637835.929841680685058 ], [ 299344.145654867053963, 1637826.780313207302243 ] ] ], [ [ [ 299653.696923347306438, 1645077.702462970744818 ], [ 299340.216183764743619, 1644173.58375318069011 ], [ 297146.880756046797615, 1644192.005593087989837 ], [ 297774.080664844950661, 1646000.219827958615497 ], [ 301063.971770957461558, 1645972.717384132090956 ], [ 300750.339025588240474, 1645068.575944723794237 ], [ 299653.696923347306438, 1645077.702462970744818 ] ] ], [ [ [ 289000.789375757449307, 1646075.76814232673496 ], [ 290097.470895440434106, 1646066.148913581389934 ], [ 289470.02838187047746, 1644258.061386123299599 ], [ 288373.312129493919201, 1644267.698499327525496 ], [ 289000.789375757449307, 1646075.76814232673496 ] ] ], [ [ [ 296837.361946817021817, 1649635.322574489517137 ], [ 296522.96550995670259, 1648731.173153586685658 ], [ 294329.758290591242258, 1648749.905097911134362 ], [ 294644.189439605281223, 1649654.036178685724735 ], [ 296837.361946817021817, 1649635.322574489517137 ] ] ], [ [ [ 295437.841403939411975, 1655088.482969427248463 ], [ 295122.37701084301807, 1654184.280114603461698 ], [ 294025.863551943039056, 1654193.716811075573787 ], [ 294341.345366952009499, 1655097.91042176191695 ], [ 295437.841403939411975, 1655088.482969427248463 ] ] ], [ [ [ 293244.843648104753811, 1655107.388343215920031 ], [ 293560.512211801717058, 1656011.58624083828181 ], [ 294656.996492282953113, 1656002.117560123559088 ], [ 294341.345366952009499, 1655097.91042176191695 ], [ 293244.843648104753811, 1655107.388343215920031 ] ] ], [ [ [ 289026.28844133997336, 1658772.223942532902583 ], [ 289659.324343981221318, 1660580.649094386724755 ], [ 290755.749908528872766, 1660570.97379415621981 ], [ 290439.164808110683225, 1659666.745253280736506 ], [ 292632.033649869146757, 1659647.528038021177053 ], [ 291999.441433579311706, 1657839.074538199463859 ], [ 295288.806663559866138, 1657810.572497125947848 ], [ 294972.816925349645317, 1656906.338245468679816 ], [ 292779.877561851637438, 1656925.30760270380415 ], [ 292148.336217070929706, 1655116.916735186940059 ], [ 293244.843648104753811, 1655107.388343215920031 ], [ 292929.344401791866403, 1654203.203949593007565 ], [ 290736.288906400674023, 1654222.329558366909623 ], [ 291367.526512157346588, 1656030.67509644292295 ], [ 290271.025032350036781, 1656040.295274146599695 ], [ 290902.974908131407574, 1657848.676325774518773 ], [ 289806.502607766480651, 1657858.328669311245903 ], [ 290122.749040322611108, 1658762.53021810692735 ], [ 289026.28844133997336, 1658772.223942532902583 ] ] ], [ [ [ 291072.504338969825767, 1661475.215860075317323 ], [ 292168.906608204473741, 1661465.600473229307681 ], [ 291852.16969613020774, 1660561.349132514093071 ], [ 290755.749908528872766, 1660570.97379415621981 ], [ 291072.504338969825767, 1661475.215860075317323 ] ] ], [ [ [ 296091.95583603560226, 1663245.657885481603444 ], [ 295774.93282661610283, 1662341.351259522838518 ], [ 294678.565175244933926, 1662350.805278087966144 ], [ 294995.605688828800339, 1663255.102500478737056 ], [ 296091.95583603560226, 1663245.657885481603444 ] ] ], [ [ [ 291706.52117950131651, 1663283.740644519682974 ], [ 292341.215308865939733, 1665092.319761772640049 ], [ 291244.877453842316754, 1665101.948585509322584 ], [ 291880.283984317968134, 1666910.563433771952987 ], [ 294072.883717284887098, 1666891.394128947518766 ], [ 293120.133256219851319, 1664178.435982063645497 ], [ 295312.815503492602147, 1664159.413377465447411 ], [ 294995.605688828800339, 1663255.102500478737056 ], [ 291706.52117950131651, 1663283.740644519682974 ] ] ], [ [ [ 297443.148241635877639, 1679562.92740979231894 ], [ 298539.198666916287038, 1679553.502529331482947 ], [ 298219.075841716490686, 1678648.976115632103756 ], [ 297123.007757633342408, 1678658.410748951369897 ], [ 297443.148241635877639, 1679562.92740979231894 ] ] ], [ [ [ 325993.282012989511713, 1701109.932168181519955 ], [ 326641.519890310824849, 1702920.092048764927313 ], [ 328832.501752510084771, 1702903.790406879968941 ], [ 328508.333581686369143, 1701998.68119422881864 ], [ 330699.331920496886596, 1701982.565159148070961 ], [ 330375.368071435950696, 1701077.449014842044562 ], [ 328184.334476654417813, 1701093.586931405588984 ], [ 327536.843474095338024, 1699283.443172846455127 ], [ 326441.284352111630142, 1699291.611602618359029 ], [ 327088.810618482064456, 1701101.733634169446304 ], [ 325993.282012989511713, 1701109.932168181519955 ] ] ], [ [ [ 319057.138062788522802, 1709331.364510014187545 ], [ 319382.853934046521317, 1710236.473234466742724 ], [ 321573.639020412811078, 1710219.409987521823496 ], [ 321899.488407706841826, 1711124.555352891096845 ], [ 322994.855809734668583, 1711116.112826006487012 ], [ 322343.361706485273317, 1709305.815179576398805 ], [ 323438.75980293052271, 1709297.402905203634873 ], [ 322787.977621067198925, 1707487.143148848088458 ], [ 321692.544004332215991, 1707495.577210589544848 ], [ 322017.868303990573622, 1708400.688745737075806 ], [ 320922.447562093613669, 1708409.163982667261735 ], [ 321247.958737688837573, 1709314.279537671245635 ], [ 319057.138062788522802, 1709331.364510014187545 ] ] ], [ [ [ 280188.199457363924012, 1496706.343940872466192 ], [ 281287.398930931231007, 1496697.246643149293959 ], [ 281002.161872947297525, 1495794.932948516216129 ], [ 283200.574007521965541, 1495776.862786530749872 ], [ 282915.538069297501352, 1494874.547737958841026 ], [ 278518.625839073909447, 1494910.895674802362919 ], [ 278803.725060174241662, 1495813.1857158546336 ], [ 279902.946566840400919, 1495804.036505840718746 ], [ 280188.199457363924012, 1496706.343940872466192 ] ] ], [ [ [ 290743.209183187922463, 1505667.767148285871372 ], [ 291317.390687655075453, 1507472.733800501795486 ], [ 288020.453872610232793, 1507499.105338375549763 ], [ 288307.84641213179566, 1508401.585957779316232 ], [ 292703.686856527114287, 1508366.542647107737139 ], [ 292416.357843401725404, 1507464.035281402058899 ], [ 294614.274666707089636, 1507446.776225729379803 ], [ 294901.571968860458583, 1508349.297127294819802 ], [ 296000.505855877650902, 1508340.743396769976243 ], [ 295426.112325591384433, 1506535.699609355302528 ], [ 293228.17541010316927, 1506552.880226861918345 ], [ 292941.201067192596383, 1505650.389270142884925 ], [ 290743.209183187922463, 1505667.767148285871372 ] ] ], [ [ [ 271822.580011831712909, 1508539.557911332696676 ], [ 271534.948004162113648, 1507637.173727255314589 ], [ 270435.864012094622012, 1507646.74639705568552 ], [ 270723.512054360937327, 1508549.124368944438174 ], [ 271822.580011831712909, 1508539.557911332696676 ] ] ], [ [ [ 275119.745493132504635, 1508511.134817347861826 ], [ 277317.824131022789516, 1508492.416306345723569 ], [ 277605.545610324130394, 1509394.843242627801374 ], [ 278704.559527787263505, 1509385.559444710146636 ], [ 278129.318053732975386, 1507580.704085826640949 ], [ 275931.220002746791579, 1507599.343237108550966 ], [ 275643.821568800718524, 1506696.945180041948333 ], [ 271247.485549448872916, 1506734.800704131601378 ], [ 271534.948004162113648, 1507637.173727255314589 ], [ 274832.161536622908898, 1507608.731834103353322 ], [ 275119.745493132504635, 1508511.134817347861826 ] ] ], [ [ [ 277893.436600189656019, 1510297.28148019942455 ], [ 277605.545610324130394, 1509394.843242627801374 ], [ 276506.52543726330623, 1509404.173108065035194 ], [ 276794.432432817178778, 1510306.60495499195531 ], [ 277893.436600189656019, 1510297.28148019942455 ] ] ], [ [ [ 268002.170493465440813, 1510382.852327377768233 ], [ 267714.135136486380361, 1509480.470629970543087 ], [ 265515.972838271583896, 1509500.005784226814285 ], [ 266092.277499036921654, 1511304.7557276354637 ], [ 267191.329736190731637, 1511294.977370472392067 ], [ 266903.108711675100494, 1510392.590716913109645 ], [ 268002.170493465440813, 1510382.852327377768233 ] ] ], [ [ [ 268813.206468780117575, 1509470.77217392087914 ], [ 269912.271297809958924, 1509461.119796667480841 ], [ 270200.274511730181985, 1510363.513868862763047 ], [ 269101.22574983316008, 1510373.160045173717663 ], [ 269389.414598714676686, 1511275.559062319109216 ], [ 267191.329736190731637, 1511294.977370472392067 ], [ 267479.720340979518369, 1512197.375143377576023 ], [ 270776.789618086651899, 1512168.335531898541376 ], [ 270488.44728599593509, 1511265.919108445290476 ], [ 277082.508943890570663, 1511209.048098274273798 ], [ 276794.432432817178778, 1510306.60495499195531 ], [ 271299.316810116404667, 1510353.913797011366114 ], [ 270723.512054360937327, 1508549.124368944438174 ], [ 268525.356758085545152, 1508568.395432107616216 ], [ 268813.206468780117575, 1509470.77217392087914 ] ] ], [ [ [ 268057.010281226946972, 1514002.204113088548183 ], [ 267479.720340979518369, 1512197.375143377576023 ], [ 265281.641513967653736, 1512216.965696801897138 ], [ 265858.995950812008232, 1514021.76994090154767 ], [ 268057.010281226946972, 1514002.204113088548183 ] ] ], [ [ [ 294431.218436291324906, 1513781.830718651879579 ], [ 294142.873006627371069, 1512879.253589878091589 ], [ 293044.001173302065581, 1512887.911423193057999 ], [ 293332.362515961634926, 1513790.481695709284395 ], [ 294431.218436291324906, 1513781.830718651879579 ] ] ], [ [ [ 296340.599341851077043, 1512862.076393921626732 ], [ 295241.73905250011012, 1512870.641913880361244 ], [ 295530.068577893194743, 1513773.225926030194387 ], [ 294431.218436291324906, 1513781.830718651879579 ], [ 294719.733260090404656, 1514684.419533374952152 ], [ 296917.395980867790058, 1514667.269968258915469 ], [ 296340.599341851077043, 1512862.076393921626732 ] ] ], [ [ [ 270832.902272053586785, 1515787.72191353305243 ], [ 271931.854474096093327, 1515778.113394739106297 ], [ 271642.833936000242829, 1514875.652070596814156 ], [ 273840.751336467568763, 1514856.561091197654605 ], [ 273551.932528707082383, 1513954.098318650154397 ], [ 270254.998527059564367, 1513982.823153903242201 ], [ 270832.902272053586785, 1515787.72191353305243 ] ] ], [ [ [ 274129.739677007484715, 1515759.035156859317794 ], [ 275228.672739741334226, 1515749.565434940857813 ], [ 274939.700484769535251, 1514847.084957871818915 ], [ 273840.751336467568763, 1514856.561091197654605 ], [ 274129.739677007484715, 1515759.035156859317794 ] ] ], [ [ [ 299115.035868986044079, 1514650.305239187786356 ], [ 296917.395980867790058, 1514667.269968258915469 ], [ 297206.048366936738603, 1515569.884365864796564 ], [ 298304.85524800082203, 1515561.385878182947636 ], [ 298593.661099498625845, 1516464.019040893064812 ], [ 299692.446411758428439, 1516455.57381750526838 ], [ 299115.035868986044079, 1514650.305239187786356 ] ] ], [ [ [ 298882.636315587093122, 1517366.664004898630083 ], [ 298593.661099498625845, 1516464.019040893064812 ], [ 297494.870127434027381, 1516472.510526272235438 ], [ 297783.861259902652819, 1517375.148466386366636 ], [ 298882.636315587093122, 1517366.664004898630083 ] ] ], [ [ [ 296685.080522227101028, 1517383.679218247067183 ], [ 296396.073464650660753, 1516481.048274902859703 ], [ 295297.271080235950649, 1516489.632288053166121 ], [ 295586.294071652228013, 1517392.256261746166274 ], [ 296685.080522227101028, 1517383.679218247067183 ] ] ], [ [ [ 271181.75083389133215, 1520309.788838692940772 ], [ 272280.628761583939195, 1520300.165890426374972 ], [ 270832.902272053586785, 1515787.72191353305243 ], [ 269733.943628372624516, 1515797.376700796186924 ], [ 271181.75083389133215, 1520309.788838692940772 ] ] ], [ [ [ 296515.517243621696252, 1523719.528255151119083 ], [ 297614.197633298288565, 1523710.954122084891424 ], [ 297323.989003701251931, 1522808.247518537333235 ], [ 296225.292619798274245, 1522816.828745635924861 ], [ 296515.517243621696252, 1523719.528255151119083 ] ] ], [ [ [ 277028.946830758650322, 1524784.400596593972296 ], [ 278127.718628264265135, 1524774.996177642606199 ], [ 277837.051258569175843, 1523872.401636844035238 ], [ 276738.263301079743542, 1523881.812683567637578 ], [ 277028.946830758650322, 1524784.400596593972296 ] ] ], [ [ [ 274023.495340906840283, 1525715.472674183780327 ], [ 274314.56645570503315, 1526618.06370651605539 ], [ 273215.801843346562237, 1526627.641170787159353 ], [ 273507.058698070759419, 1527530.237063747830689 ], [ 275704.549160728463903, 1527511.141925032949075 ], [ 275413.324732460314408, 1526608.532835861900821 ], [ 279808.295101202325895, 1526570.875261233653873 ], [ 279517.304904780408833, 1525668.251008352497593 ], [ 276221.037983592716046, 1525696.444318152498454 ], [ 275639.469074128312059, 1523891.27023839042522 ], [ 274540.668546817440074, 1523900.774302715901285 ], [ 275122.269819030771032, 1525705.935213615186512 ], [ 274023.495340906840283, 1525715.472674183780327 ] ] ], [ [ [ 278193.375974656722974, 1528394.867184532806277 ], [ 277902.014439949416555, 1527492.233263521455228 ], [ 276803.284932828741148, 1527501.66428533103317 ], [ 277094.662666044547223, 1528404.291518744314089 ], [ 278193.375974656722974, 1528394.867184532806277 ] ] ], [ [ [ 276287.506551678699907, 1529316.394571435870603 ], [ 277386.209901627618819, 1529306.930274499813095 ], [ 277094.662666044547223, 1528404.291518744314089 ], [ 275995.943101312150247, 1528413.762497945688665 ], [ 276287.506551678699907, 1529316.394571435870603 ] ] ], [ [ [ 305357.072210691112559, 1540847.925410611787811 ], [ 305063.678270088741556, 1539944.975203286157921 ], [ 303965.298051001504064, 1539953.323979863664135 ], [ 304258.708107634156477, 1540856.266624350566417 ], [ 305357.072210691112559, 1540847.925410611787811 ] ] ], [ [ [ 291077.902253362233751, 1540960.027298030909151 ], [ 290784.298115386627614, 1540057.173292502528057 ], [ 289685.844077124143951, 1540066.132773617049679 ], [ 289979.464446078578476, 1540968.979568789713085 ], [ 291077.902253362233751, 1540960.027298030909151 ] ] ], [ [ [ 297318.051074048678856, 1549962.874706997070462 ], [ 298416.303290290408768, 1549954.184874623082578 ], [ 298121.070385428378358, 1549051.180519306799397 ], [ 297022.801900455961004, 1549059.877890629693866 ], [ 297318.051074048678856, 1549962.874706997070462 ] ] ], [ [ [ 299303.018074155086651, 1552663.271327865077183 ], [ 299007.277137142315041, 1551760.230261394986883 ], [ 297909.057480263290927, 1551768.904949585208669 ], [ 298204.8147079051123, 1552671.938410794129595 ], [ 299303.018074155086651, 1552663.271327865077183 ] ] ], [ [ [ 313159.819537571573164, 1557990.081387571059167 ], [ 312863.241693816846237, 1557086.879514323314652 ], [ 311765.179483702697325, 1557094.985863185487688 ], [ 312061.773563977098092, 1557998.179699874483049 ], [ 313159.819537571573164, 1557990.081387571059167 ] ] ], [ [ [ 306067.277545357414056, 1559854.097110359929502 ], [ 308263.362881313194521, 1559837.409531934885308 ], [ 307966.365207537426613, 1558934.222530508646742 ], [ 309064.416106405667961, 1558925.942122563021258 ], [ 308767.603990010451525, 1558022.759699600748718 ], [ 306571.464255723694805, 1558039.383930585579947 ], [ 306868.308939584472682, 1558942.550480106379837 ], [ 305770.247271818632726, 1558950.925972589757293 ], [ 306067.277545357414056, 1559854.097110359929502 ] ] ], [ [ [ 284402.718530545127578, 1560934.470778425922617 ], [ 283807.83262428524904, 1559128.421790219377726 ], [ 282709.650460410164669, 1559137.795980723574758 ], [ 283304.569358271779492, 1560943.830248587531969 ], [ 284402.718530545127578, 1560934.470778425922617 ] ] ], [ [ [ 297877.546977978548966, 1561729.004899927182123 ], [ 297580.047254888399038, 1560825.871466296492144 ], [ 296481.9683823051746, 1560834.659530671313405 ], [ 296779.484504560939968, 1561737.78524555452168 ], [ 297877.546977978548966, 1561729.004899927182123 ] ] ], [ [ [ 311648.979801598121412, 1563433.850211094133556 ], [ 312746.938638341729529, 1563425.705239083617926 ], [ 312151.856201555114239, 1561619.19478521682322 ], [ 311053.864776646252722, 1561627.355966539354995 ], [ 311648.979801598121412, 1563433.850211094133556 ] ] ], [ [ [ 294378.975224067689851, 1564473.793965867953375 ], [ 293782.997625260031782, 1562667.527100890642032 ], [ 292684.928688421379775, 1562676.490369509905577 ], [ 293280.939193613012321, 1564482.741902443114668 ], [ 294378.975224067689851, 1564473.793965867953375 ] ] ], [ [ [ 309953.798417359474115, 1581558.797959562856704 ], [ 310556.590251258458011, 1583365.738422619877383 ], [ 311654.22482399479486, 1583357.439737065928057 ], [ 311352.760801060823724, 1582453.954643857199699 ], [ 312450.406633438309655, 1582445.695790352998301 ], [ 312149.12835582124535, 1581542.215179749531671 ], [ 311051.46602071588859, 1581550.48245739005506 ], [ 310750.340485446213279, 1580647.023159463191405 ], [ 308554.966961794008967, 1580663.719111358048394 ], [ 308856.125515112653375, 1581567.161687498679385 ], [ 309953.798417359474115, 1581558.797959562856704 ] ] ], [ [ [ 309760.616721855476499, 1584277.56654906552285 ], [ 309157.453327890078072, 1582470.617107044439763 ], [ 308059.791625833546277, 1582479.020719192689285 ], [ 308662.988100807182491, 1584285.953407880384475 ], [ 309760.616721855476499, 1584277.56654906552285 ] ] ], [ [ [ 321834.188324170012493, 1584188.499185047810897 ], [ 321532.703391505521722, 1583284.923966665752232 ], [ 320435.114968713547569, 1583292.788186647230759 ], [ 320736.616346627648454, 1584196.354718727758154 ], [ 321834.188324170012493, 1584188.499185047810897 ] ] ], [ [ [ 311160.05907432641834, 1585172.730495164636523 ], [ 310858.240040387783665, 1584269.227998595684767 ], [ 309760.616721855476499, 1584277.56654906552285 ], [ 310062.452298072050326, 1585181.060607946943492 ], [ 311160.05907432641834, 1585172.730495164636523 ] ] ], [ [ [ 320544.607983984402381, 1586915.010849706595764 ], [ 319447.075415700790472, 1586922.936945367604494 ], [ 318239.923076660954393, 1583308.661435393383726 ], [ 320435.114968713547569, 1583292.788186647230759 ], [ 319531.625941272126511, 1580582.167151473928243 ], [ 316238.682478981907479, 1580606.126713192090392 ], [ 317443.870313639286906, 1584220.211102445842698 ], [ 316346.278167133685201, 1584228.259828498587012 ], [ 316648.014624685631134, 1585131.804920279653743 ], [ 317745.590282885415945, 1585123.764794633258134 ], [ 319559.463197290897369, 1590545.362156716641039 ], [ 320656.934750119340606, 1590537.422598807141185 ], [ 320354.216144321719185, 1589633.781420077895746 ], [ 321451.699215744272806, 1589625.881560126785189 ], [ 321149.166295867413282, 1588722.24480268987827 ], [ 320051.66671834513545, 1588730.153430551290512 ], [ 319749.286474646942224, 1587826.538611788069829 ], [ 320846.802551123779267, 1587818.621238694759086 ], [ 320544.607983984402381, 1586915.010849706595764 ] ], [ [ 317938.557978406432085, 1582405.125255069462582 ], [ 317637.362079685612116, 1581501.602116978028789 ], [ 318734.99344854732044, 1581493.62416109861806 ], [ 319036.172898410120979, 1582397.155886058462784 ], [ 317938.557978406432085, 1582405.125255069462582 ] ] ], [ [ [ 310968.974513788241893, 1587891.62035491829738 ], [ 310364.457123791100457, 1586084.567583044525236 ], [ 309266.861612501787022, 1586092.93759809108451 ], [ 309871.412140984088182, 1587899.973435653373599 ], [ 310968.974513788241893, 1587891.62035491829738 ] ] ], [ [ [ 310779.507296603871509, 1590610.624350549886003 ], [ 310476.639666330185719, 1589707.061066708061844 ], [ 309379.105181707243901, 1589715.445594748482108 ], [ 309681.989415360265411, 1590619.000359192723408 ], [ 310779.507296603871509, 1590610.624350549886003 ] ] ], [ [ [ 308169.260786102968268, 1586101.355976951541379 ], [ 309266.861612501787022, 1586092.93759809108451 ], [ 308662.988100807182491, 1584285.953407880384475 ], [ 307565.354146622237749, 1584294.388576280325651 ], [ 307867.222834424173925, 1585197.865841129794717 ], [ 306769.600085796788335, 1585206.340964016737416 ], [ 307978.833799986052327, 1588820.345263738650829 ], [ 306881.272051264066249, 1588828.835182528011501 ], [ 308396.705692736722995, 1593346.58898507617414 ], [ 307299.221752566634677, 1593355.085048869485036 ], [ 307602.832917355466634, 1594258.666177692590281 ], [ 306505.360280251479708, 1594267.202325346181169 ], [ 306809.15738090488594, 1595170.787915385095403 ], [ 307906.613342573517002, 1595162.260292340768501 ], [ 308210.563025718205608, 1596065.867411195999011 ], [ 309307.996966779930517, 1596057.397002571728081 ], [ 308700.30019832146354, 1594250.178642858751118 ], [ 309797.762153733638115, 1594241.739719590405002 ], [ 308281.565387475653552, 1589723.878596298629418 ], [ 309379.105181707243901, 1589715.445594748482108 ], [ 308169.260786102968268, 1586101.355976951541379 ] ] ], [ [ [ 306809.15738090488594, 1595170.787915385095403 ], [ 305711.696041584247723, 1595179.364179620984942 ], [ 306624.153020617901348, 1597890.173282723641023 ], [ 307721.564263416919857, 1597881.622647676616907 ], [ 307417.25937499513384, 1596977.998058154946193 ], [ 308514.681964292889461, 1596969.487552657956257 ], [ 308210.563025718205608, 1596065.867411195999011 ], [ 307113.123746652621776, 1596074.386486859759316 ], [ 306809.15738090488594, 1595170.787915385095403 ] ] ], [ [ [ 323329.021551399957389, 1605013.131727567873895 ], [ 323023.563122226041742, 1604109.295227306429297 ], [ 321926.330448041378986, 1604117.198395166080445 ], [ 322231.805531465215608, 1605021.025821272516623 ], [ 323329.021551399957389, 1605013.131727567873895 ] ] ], [ [ [ 324731.843589006341062, 1605909.145643109222874 ], [ 324426.232659997069277, 1605005.286558779887855 ], [ 323329.021551399957389, 1605013.131727567873895 ], [ 323634.649132700404152, 1605916.981687690131366 ], [ 324731.843589006341062, 1605909.145643109222874 ] ] ], [ [ [ 323455.397432728321292, 1608636.470082717482001 ], [ 323761.718287575349677, 1609540.364881261251867 ], [ 324858.850929808802903, 1609532.516502477461472 ], [ 324552.546764685888775, 1608628.612515017623082 ], [ 325649.691221558197867, 1608620.803980741184205 ], [ 325343.57287225255277, 1607716.90433527668938 ], [ 324246.411741813179106, 1607724.722062616143376 ], [ 323940.445863663218915, 1606820.845126443076879 ], [ 321746.075559661607258, 1606836.645859990036115 ], [ 322358.243195174611174, 1608644.37668500165455 ], [ 323455.397432728321292, 1608636.470082717482001 ] ] ], [ [ [ 325955.978706028952729, 1609524.717184243956581 ], [ 329247.333143647119869, 1609501.613581363344565 ], [ 328941.095646759611554, 1608597.67256695474498 ], [ 325649.691221558197867, 1608620.803980741184205 ], [ 325955.978706028952729, 1609524.717184243956581 ] ] ], [ [ [ 309322.015144614153542, 1612366.780537141254172 ], [ 308224.856372538488358, 1612375.338482835097238 ], [ 308532.105663272901438, 1613279.151558045530692 ], [ 309629.247580591822043, 1613270.602486574789509 ], [ 309322.015144614153542, 1612366.780537141254172 ] ] ], [ [ [ 309936.649252899573185, 1614174.437719805166125 ], [ 311033.769030360039324, 1614165.946759841637686 ], [ 310726.384210784221068, 1613262.102602234110236 ], [ 309629.247580591822043, 1613270.602486574789509 ], [ 309936.649252899573185, 1614174.437719805166125 ] ] ], [ [ [ 283329.849809432111215, 1716902.449499990325421 ], [ 284425.308915745525155, 1716892.137006864184514 ], [ 284752.990413507097401, 1717797.005799427628517 ], [ 285848.425430638715625, 1717786.755782873602584 ], [ 284538.788141583325341, 1714167.325225145090371 ], [ 285634.289936975692399, 1714157.087123184232041 ], [ 286943.854579982289579, 1717776.558143030153587 ], [ 288039.277891586651094, 1717766.412878399249166 ], [ 288367.074184594559483, 1718671.326397127006203 ], [ 290557.867105644370895, 1718651.213476901408285 ], [ 290230.107121755660046, 1717746.279468820663169 ], [ 291325.513100417330861, 1717736.291320913936943 ], [ 291653.254944296553731, 1718641.235614243429154 ], [ 292748.637075089500286, 1718631.310147931100801 ], [ 291765.973786971182562, 1715916.489412702620029 ], [ 290670.537285968777724, 1715926.445742040174082 ], [ 290343.303320692502894, 1715021.544415660435334 ], [ 289247.842963493894786, 1715031.563271598424762 ], [ 288920.76018404669594, 1714126.686413555871695 ], [ 290016.238653586246073, 1714116.657370799453929 ], [ 289689.343287289142609, 1713211.784587093628943 ], [ 290784.834096257574856, 1713201.797616138821468 ], [ 291111.711366820614785, 1714106.680589139694348 ], [ 292207.178353818133473, 1714096.75606711069122 ], [ 291227.108671792666428, 1711382.119348514592275 ], [ 290131.587447394500487, 1711392.074445917736739 ], [ 290458.126122233923525, 1712296.928908509667963 ], [ 289362.617224458022974, 1712306.926044199615717 ], [ 288709.673019783687778, 1710497.251599594485015 ], [ 287614.122170175192878, 1710507.321144036250189 ], [ 287940.527702747669537, 1711412.141177630517632 ], [ 286844.98912234645104, 1711422.252814889419824 ], [ 287171.582071850192733, 1712327.07693805359304 ], [ 288267.102551021729596, 1712316.975386889185756 ], [ 288593.846712337923236, 1713221.823792095296085 ], [ 287498.344341333257034, 1713231.915232621133327 ], [ 287825.27592814079253, 1714136.767718882998452 ], [ 286729.785855807363987, 1714146.901288263034075 ], [ 286076.055756875546649, 1712337.230699178297073 ], [ 284980.523576018982567, 1712347.436671755975112 ], [ 284653.894394996052142, 1711442.632639645365998 ], [ 282462.776045061531477, 1711463.221208050614223 ], [ 281809.953196347225457, 1709653.695248431991786 ], [ 282905.55159831000492, 1709643.354988255770877 ], [ 283231.860220035305247, 1710548.1208805302158 ], [ 284327.43455049151089, 1710537.842709606746212 ], [ 283675.022881682496518, 1708728.305074877338484 ], [ 282579.412325380719267, 1708738.603133127326146 ], [ 282253.442403913242742, 1707833.865294982213527 ], [ 281157.807770635117777, 1707844.225339412223548 ], [ 281483.795804280962329, 1708748.953297674655914 ], [ 280388.173288287536707, 1708759.355570041341707 ], [ 279085.164885246893391, 1705140.566755352541804 ], [ 280180.859846909996122, 1705130.125218405388296 ], [ 278880.63379513414111, 1701511.519733265740797 ], [ 279976.395018562790938, 1701501.091214175336063 ], [ 279327.334366493392736, 1699691.852199383545667 ], [ 280423.125634212861769, 1699681.456171607831493 ], [ 280747.553232760867104, 1700586.078447919106111 ], [ 284034.836906797485426, 1700555.230588412377983 ], [ 284359.379791550221853, 1701459.896022343775257 ], [ 286550.83652736665681, 1701439.609735966427252 ], [ 285577.823896433808841, 1698725.596362836891785 ], [ 287769.365048882202245, 1698705.458422514842823 ], [ 287445.402105781831779, 1697800.795581533573568 ], [ 288541.181870524131227, 1697790.794452517526224 ], [ 288865.126864923746325, 1698695.467148330062628 ], [ 292152.377633933618199, 1698665.804092061938718 ], [ 292476.438137018471025, 1699570.520603321492672 ], [ 293572.159016870253254, 1699560.746489203069359 ], [ 294220.752048556809314, 1701370.241905864328146 ], [ 295316.431422513152938, 1701360.53971032355912 ], [ 294343.849548676342238, 1698646.287678598426282 ], [ 293248.116431009781081, 1698656.019990553846583 ], [ 292924.243135303375311, 1697751.307604874717072 ], [ 294019.994153639010619, 1697741.565302808303386 ], [ 293696.308044430217706, 1696836.85704422253184 ], [ 292600.539132383128162, 1696846.609312075423077 ], [ 292277.004424874554388, 1695941.925092091085389 ], [ 288989.609658727888018, 1695971.521976114949211 ], [ 289313.198084062954877, 1696876.176534017082304 ], [ 287121.608490289421752, 1696896.146711814915761 ], [ 286797.984205051441677, 1695991.511793361511081 ], [ 285702.162704896880314, 1696001.584274753928185 ], [ 286025.804934505955316, 1696906.209414059761912 ], [ 284929.99549926596228, 1696916.323860507691279 ], [ 285253.825027069891803, 1697820.953150364104658 ], [ 284158.027652822842356, 1697831.109593143919483 ], [ 284482.044499755371362, 1698735.743031935067847 ], [ 283386.259182592271827, 1698745.941502312896773 ], [ 281444.590563676843885, 1693318.407060409663245 ], [ 280348.691419684095308, 1693328.715286538703367 ], [ 280025.654803626530338, 1692424.184113363269717 ], [ 281121.571902505296748, 1692413.866313373902813 ], [ 280153.532158385321964, 1689700.326520862057805 ], [ 281249.497033028048463, 1689690.031677004881203 ], [ 280605.019923845422454, 1687881.054674073820934 ], [ 281701.01459008094389, 1687870.792323066387326 ], [ 280735.622925780015066, 1685157.400993338320404 ], [ 281831.665217352448963, 1685147.161660702433437 ], [ 280546.91905532637611, 1681529.459887780947611 ], [ 279450.80535400507506, 1681539.736825132276863 ], [ 280092.875371909816749, 1683348.541697922162712 ], [ 278996.791307780775242, 1683358.851221100892872 ], [ 279961.220325611007866, 1686072.132390963844955 ], [ 278865.183824078529142, 1686082.465105889132246 ], [ 279509.019221724127419, 1687891.368501805933192 ], [ 278413.012453530333005, 1687901.733807782409713 ], [ 279702.787566030980088, 1691519.666670586215332 ], [ 278606.846461459412239, 1691530.045608137501404 ], [ 278929.731656557880342, 1692434.553528335643932 ], [ 274545.977983028511517, 1692476.547368694329634 ], [ 274223.020861623459496, 1691572.077268408611417 ], [ 273127.049015394877642, 1691582.714168726000935 ], [ 271192.756234508939087, 1686156.234072871971875 ], [ 272288.835967154882383, 1686145.541356486501172 ], [ 271967.064815396035556, 1685241.165969332214445 ], [ 270870.967126311850734, 1685251.86790381767787 ], [ 270227.897238577599637, 1683443.175829610554501 ], [ 269131.757332206936553, 1683453.9474818399176 ], [ 269774.863130918645766, 1685262.621246285736561 ], [ 268678.752799013745971, 1685273.425998319406062 ], [ 268035.611070069251582, 1683464.770489571383223 ], [ 266939.45842194679426, 1683475.644854397512972 ], [ 266618.123784175957553, 1682571.346185244619846 ], [ 267714.294396456913091, 1682560.462755757616833 ], [ 267393.147187006426975, 1681656.168343006167561 ], [ 265200.76361280324636, 1681678.004587765550241 ], [ 263917.725916567200329, 1678061.031493833987042 ], [ 265013.992717542103492, 1678050.051905547501519 ], [ 264693.674947506166063, 1677145.832727009896189 ], [ 265789.953196262649726, 1677134.895414899103343 ], [ 266110.25304457731545, 1678039.123513784026727 ], [ 267206.506927911308594, 1678028.246316934237257 ], [ 266246.169541646027938, 1675315.574844710761681 ], [ 265149.861943214200437, 1675326.478811693610623 ], [ 264830.070543857116718, 1674422.290268729906529 ], [ 265926.39603315317072, 1674411.377426340943202 ], [ 265287.357462690211833, 1672603.022082306211814 ], [ 266383.712241403351072, 1672592.142592100659385 ], [ 265745.387330448138528, 1670783.822139296680689 ], [ 266841.771362127445173, 1670772.975987284677103 ], [ 267160.831233162607532, 1671677.138478989480063 ], [ 268257.191001440922264, 1671666.352161570219323 ], [ 267300.573304470162839, 1668953.877581142354757 ], [ 266204.16005623905221, 1668964.690409062197432 ], [ 265885.608626747620292, 1668060.567284113029018 ], [ 263692.727100001764484, 1668082.363197928061709 ], [ 264968.092406095238402, 1671698.864118096185848 ], [ 263871.713286761543714, 1671709.80344298412092 ], [ 264510.448632869403809, 1673518.114872467471287 ], [ 263414.098768087802455, 1673529.087626063963398 ], [ 263733.738572445698082, 1674433.254197912523523 ], [ 262637.400088657741435, 1674444.269215503474697 ], [ 261678.935485132737085, 1671731.835111488820985 ], [ 262775.327656531182583, 1671720.793773575453088 ], [ 262137.234559148666449, 1669912.552181244129315 ], [ 263233.655926414881833, 1669901.544369343668222 ], [ 262914.881497631489765, 1668997.434417961863801 ], [ 261818.44227250671247, 1669008.450934670167044 ], [ 261499.819497496297117, 1668104.36269561573863 ], [ 262596.27657336415723, 1668093.337497979635373 ], [ 261959.575249141897075, 1666285.18267565779388 ], [ 263056.061436771182343, 1666274.191031276248395 ], [ 263374.309516995796002, 1667178.270606109406799 ], [ 267760.117977582500316, 1667134.847342817112803 ], [ 267441.941109467472415, 1666230.732856704620644 ], [ 266345.48089237138629, 1666241.521143114659935 ], [ 266027.45571970398305, 1665337.428494757972658 ], [ 267123.933718382380903, 1665326.631463816389441 ], [ 266488.427377999410965, 1663518.467881130985916 ], [ 265391.913837492524181, 1663529.282329675741494 ], [ 265709.60003385017626, 1664433.348896650830284 ], [ 264613.097794410597999, 1664444.205431318376213 ], [ 265249.01422808796633, 1666252.36026661330834 ], [ 264152.541086320532486, 1666263.250228798482567 ], [ 262881.315045344992541, 1662647.027206473052502 ], [ 261784.764197507000063, 1662658.00251977937296 ], [ 261467.363671549072023, 1661753.98774354532361 ], [ 262563.932301143999211, 1661743.003862024983391 ], [ 261612.801150029787095, 1659031.011310895672068 ], [ 262709.416497910977341, 1659020.052491332869977 ], [ 263343.298907849937677, 1660828.051696080015972 ], [ 264439.872212186804973, 1660817.160624698968604 ], [ 265074.397133304912131, 1662625.22877473779954 ], [ 268363.971700671012513, 1662592.911590282572433 ], [ 268046.677722108317539, 1661688.844999255146831 ], [ 265853.598977851914242, 1661710.356441807001829 ], [ 264585.976083943445701, 1658094.289383084513247 ], [ 262392.729560669744387, 1658116.072238163789734 ], [ 262076.212138825445436, 1657212.1048591833096 ], [ 265366.125306927831843, 1657179.480873816413805 ], [ 265049.830534193431959, 1656275.500829382566735 ], [ 267243.108892612392083, 1656253.987177192466334 ], [ 267559.368292246712372, 1657157.984370613237843 ], [ 266462.750025369459763, 1657168.707341239554808 ], [ 267095.812654162815306, 1658976.723421214148402 ], [ 269288.972015744715463, 1658955.362588700372726 ], [ 269605.722160925448406, 1659859.407446626806632 ], [ 272895.360466051439289, 1659827.772011414635926 ], [ 274799.101465530926362, 1665252.474796005291864 ], [ 276991.950152473058552, 1665231.744377666851506 ], [ 277309.797938494361006, 1666135.92568815103732 ], [ 279502.586647279560566, 1666115.416504699736834 ], [ 278867.131203069700859, 1664307.031105948844925 ], [ 281059.966213095933199, 1664286.688913822639734 ], [ 280742.527892938582227, 1663382.498129496583715 ], [ 281838.953953813645057, 1663372.394100754521787 ], [ 281521.702653549960814, 1662468.207609903998673 ], [ 282618.140310738235712, 1662458.145235233940184 ], [ 281984.181091946084052, 1660649.794197215000167 ], [ 283080.647943692456465, 1660639.764386515831575 ], [ 284031.788042011088692, 1663352.338240367360413 ], [ 288417.384932501532603, 1663312.835266752634197 ], [ 287783.262804999365471, 1661504.366020262241364 ], [ 289976.096302224497776, 1661484.881912578595802 ], [ 289659.324343981221318, 1660580.649094386724755 ], [ 287466.45576282334514, 1660600.151616326300427 ], [ 287149.818071849120315, 1659695.950666161021218 ], [ 286053.357445559115149, 1659705.787033517379314 ], [ 286370.012685601832345, 1660609.97884090943262 ], [ 284177.108806346892379, 1660629.785224544350058 ], [ 283227.545834460179321, 1657917.304485925706103 ], [ 282131.032260744832456, 1657927.310761450789869 ], [ 281814.83247099496657, 1657023.186180837685242 ], [ 279621.752100079029333, 1657043.368335659848526 ], [ 279305.686573765822686, 1656139.274889149703085 ], [ 281498.802071240963414, 1656119.07488210266456 ], [ 281182.941064111946616, 1655214.976846083533019 ], [ 283376.067490655346774, 1655194.96097971405834 ], [ 283691.893423206696752, 1656099.076928812544793 ], [ 286981.485709083732218, 1656069.458823906024918 ], [ 286350.108285968890414, 1654261.18614250048995 ], [ 287446.662220616126433, 1654251.396322077140212 ], [ 288393.929907894460484, 1656963.852641293779016 ], [ 289490.425513054127805, 1656954.140587594127283 ], [ 288543.210282016778365, 1654241.656952203484252 ], [ 289639.752500499482267, 1654231.968031442258507 ], [ 289324.370245055644773, 1653327.824540317291394 ], [ 291517.472170086344704, 1653308.579788987059146 ], [ 291202.294139763456769, 1652404.431488242233172 ], [ 290105.728637110965792, 1652414.037769919959828 ], [ 289790.702510145260021, 1651509.911983754718676 ], [ 291983.86259311606409, 1651490.731600085971877 ], [ 292614.01447546237614, 1653299.033040696522221 ], [ 293710.551049855304882, 1653289.536708776839077 ], [ 292765.629446993116289, 1650577.077259638579562 ], [ 293862.212522893678397, 1650567.603823096025735 ], [ 293233.146165816811845, 1648759.346484591485932 ], [ 294329.758290591242258, 1648749.905097911134362 ], [ 293701.403938080882654, 1646941.683237951714545 ], [ 294798.04507630399894, 1646932.273885754402727 ], [ 294484.139217508840375, 1646028.173982420936227 ], [ 295580.792010699631646, 1646018.805738585069776 ], [ 294953.522879752679728, 1644210.627976609161124 ], [ 297146.880756046797615, 1644192.005593087989837 ], [ 296833.534748714591842, 1643287.918643195880577 ], [ 295736.841341576655395, 1643297.213862811448053 ], [ 295423.647352559724823, 1642393.149405436590314 ], [ 298713.76256142614875, 1642365.386771459598094 ], [ 298087.98609864374157, 1640557.24357931339182 ], [ 299184.714476810360793, 1640548.071289785206318 ], [ 298872.097420618461911, 1639644.01073320931755 ], [ 297775.351808508043177, 1639653.192106569651514 ], [ 297462.886815963720437, 1638749.154023944865912 ], [ 298559.649654938140884, 1638739.963590194936842 ], [ 298247.371182328672148, 1637835.929841680685058 ], [ 297150.591123583435547, 1637845.129312391392887 ], [ 296838.464733934379183, 1636941.117952880216762 ], [ 295741.661836596205831, 1636950.376353647792712 ], [ 295429.687537365593016, 1636046.387290232116356 ], [ 293236.030285637243651, 1636065.071691648103297 ], [ 292924.190857897163369, 1635161.113716992316768 ], [ 294021.039558170596138, 1635151.737684688996524 ], [ 293709.386681475676596, 1634247.784072858048603 ], [ 296999.950273956696037, 1634219.928412085864693 ], [ 296377.255644927034155, 1632412.007570161251351 ], [ 295280.372416591504589, 1632421.260771400760859 ], [ 294969.261897287797183, 1631517.329125691903755 ], [ 293872.355817222734913, 1631526.640954286092892 ], [ 292629.53832668508403, 1627911.08152903849259 ], [ 294823.482060419861227, 1627892.43721354031004 ], [ 295133.898139847558923, 1628796.324874853715301 ], [ 296230.84432667051442, 1628787.085991486208513 ], [ 296541.412587963510305, 1629690.995669470401481 ], [ 297638.335995988105424, 1629681.815313728759065 ], [ 297949.056431613862514, 1630585.747100887820125 ], [ 296852.150160873192362, 1630594.918575739720836 ], [ 297163.057042840868235, 1631498.854729168349877 ], [ 298259.946169183938764, 1631489.692158512305468 ], [ 298571.005206141795497, 1632393.650505508761853 ], [ 297474.133231302257627, 1632402.804148650262505 ], [ 298096.79351744952146, 1634210.742861443432048 ], [ 299193.631167969724629, 1634201.607143343193457 ], [ 298882.233539925422519, 1633297.622160803060979 ], [ 302172.764679275103845, 1633270.486903196200728 ], [ 301861.587765678181313, 1632366.488232830772176 ], [ 302958.43759860395221, 1632357.533689732430503 ], [ 303269.597390670212917, 1633261.541419303743169 ], [ 304366.424651900539175, 1633252.64573419210501 ], [ 303744.308553655049764, 1631444.625527419149876 ], [ 300453.707681144529488, 1631471.51626565027982 ], [ 300142.852204559196252, 1630567.553318372694775 ], [ 302336.625822328962386, 1630549.55841650092043 ], [ 301715.491140189347789, 1628741.63659803615883 ], [ 300618.57289209915325, 1628750.627144759288058 ], [ 300308.242381661431864, 1627846.695176400942728 ], [ 301405.177715787140187, 1627837.695687001105398 ], [ 299856.149862449790817, 1623318.190358352381736 ], [ 300953.164968231867533, 1623309.196005027741194 ], [ 300643.884303258615546, 1622405.325822334736586 ], [ 301740.910912550287321, 1622396.37211096752435 ], [ 301122.891481628641486, 1620588.653732751263306 ], [ 300025.830843904404901, 1620597.625089547364041 ], [ 299717.058054618421011, 1619693.794501926517114 ], [ 300814.135695868637413, 1619684.814357155468315 ], [ 300505.549199972301722, 1618780.988165565067902 ], [ 303796.80001293955138, 1618754.317607353674248 ], [ 303488.433722047426272, 1617850.478193352930248 ], [ 307876.759798782295547, 1617815.572902039624751 ], [ 307568.630507815454621, 1616911.711233446840197 ], [ 306471.54014621936949, 1616920.372471667593345 ], [ 306163.563192151370458, 1616016.532977840164676 ], [ 307260.67046445334563, 1616007.862854442093521 ], [ 306645.25813065469265, 1614200.205890165874735 ], [ 307742.393833544047084, 1614191.567283702781424 ], [ 307127.692273687454872, 1612383.945589816430584 ], [ 308224.856372538488358, 1612375.338482835097238 ], [ 307917.776327770436183, 1611471.538649666588753 ], [ 309014.951947484747507, 1611462.97185278031975 ], [ 309322.015144614153542, 1612366.780537141254172 ], [ 314807.730171011644416, 1612324.728183977305889 ], [ 314193.941184860828798, 1610517.034851547796279 ], [ 315291.102215465274639, 1610508.753842594800517 ], [ 315597.895319902221672, 1611412.602818910032511 ], [ 316695.034442379139364, 1611404.379926265683025 ], [ 316081.650980847538449, 1609596.677326464327052 ], [ 314984.478312195977196, 1609604.918231998570263 ], [ 314678.023612590972334, 1608701.095968375913799 ], [ 313580.829031811328605, 1608709.394889991497621 ], [ 313274.526773951540235, 1607805.594876472838223 ], [ 314371.738119141082279, 1607797.287033000495285 ], [ 314065.621834345511161, 1606893.491407166002318 ], [ 315162.844768924056552, 1606885.223654703935608 ], [ 314856.914436353137717, 1605981.432416670024395 ], [ 315954.148965534055606, 1605973.204722718102857 ], [ 315648.404564350727014, 1605069.417872577672824 ], [ 316745.650693360134028, 1605061.230204624822363 ], [ 317051.378378764842637, 1605965.025989116169512 ], [ 318148.602706574951299, 1605956.896214655600488 ], [ 318760.532217035302892, 1607764.545817114645615 ], [ 319857.718073386000469, 1607756.48304659826681 ], [ 320163.919881233596243, 1608660.336998002137989 ], [ 321261.084021513583139, 1608652.332323038252071 ], [ 320343.036228038021363, 1605940.783538362011313 ], [ 319245.821979489992373, 1605948.815398135455325 ], [ 318634.602597864461131, 1604141.201297202846035 ], [ 321926.330448041378986, 1604117.198395166080445 ], [ 321621.024526317603886, 1603213.384387260070071 ], [ 320523.770245015039109, 1603221.345478197559714 ], [ 320218.616838372312486, 1602317.553870998322964 ], [ 321315.887768769054674, 1602309.583778837695718 ], [ 320706.121756075299345, 1600502.022685685195029 ], [ 322900.715239748475142, 1600486.193003955995664 ], [ 322291.692355928593315, 1598678.649437131127343 ], [ 321194.36488016275689, 1598686.557834235718474 ], [ 320890.090585027704947, 1597782.815029128920287 ], [ 321987.434656228753738, 1597774.897690832149237 ], [ 321379.426753581501544, 1595967.434179341187701 ], [ 322476.799023118161131, 1595959.54767958028242 ], [ 322173.065390150179155, 1595055.826977285323665 ], [ 323270.449275111430325, 1595047.980201806174591 ], [ 322966.901356080896221, 1594144.263895502313972 ], [ 321869.500922216044273, 1594152.119575249496847 ], [ 320959.822533267200924, 1591441.076985199702904 ], [ 319862.367509820032865, 1591449.007756927749142 ], [ 321075.676555571262725, 1595063.722376960096881 ], [ 319978.282740812923294, 1595071.666401997441426 ], [ 320282.049512881552801, 1595975.369331590598449 ], [ 319184.667270449048374, 1595983.353137501282617 ], [ 319792.741530149360187, 1597790.781075336970389 ], [ 318695.387461034581065, 1597798.795830633258447 ], [ 318999.694974135432858, 1598702.520834730938077 ], [ 317902.352482765796594, 1598710.57544048060663 ], [ 318511.508323928806931, 1600518.047529263421893 ], [ 316316.874698922620155, 1600534.267544164555147 ], [ 316926.773927645990625, 1602341.757227547001094 ], [ 315829.482815755065531, 1602349.922710393322632 ], [ 315524.431924378499389, 1601446.180103239836171 ], [ 314427.119003473373596, 1601454.403279494959861 ], [ 314732.186582136258949, 1602358.137043910101056 ], [ 313634.885196244344115, 1602366.400229311082512 ], [ 314551.153310308523942, 1605077.654473764123395 ], [ 313453.896900702500716, 1605085.940009400015697 ], [ 313759.674760700610932, 1605989.709072187775746 ], [ 311565.179847858264111, 1606006.409272820455953 ], [ 310953.726367880473845, 1604198.91971273557283 ], [ 309856.437554278760217, 1604207.360834955703467 ], [ 309550.947915417840704, 1603303.644600809551775 ], [ 310648.253475995501503, 1603295.194725640583783 ], [ 309428.054287533392198, 1599680.426296980585903 ], [ 308330.681810495676473, 1599688.910955123603344 ], [ 308026.038409418542869, 1598785.260273851221427 ], [ 306928.643879787065089, 1598793.802320226794109 ], [ 306624.153020617901348, 1597890.173282723641023 ], [ 304429.314361463824753, 1597907.420725430129096 ], [ 304733.838674229336902, 1598811.032666912535205 ], [ 303636.427937175845727, 1598819.720969769638032 ], [ 304551.066789058852009, 1601530.609128568554297 ], [ 303453.700880011951085, 1601539.320608384441584 ], [ 303758.935831210575998, 1602442.96743658464402 ], [ 302661.581242630723864, 1602451.719209184404463 ], [ 302967.002269114134833, 1603355.370484641520306 ], [ 301869.658995845005848, 1603364.162582641001791 ], [ 302175.266118540661409, 1604267.818305142456666 ], [ 301077.934155450086109, 1604276.650761148892343 ], [ 301383.72739527723752, 1605180.310930459527299 ], [ 300286.406737245211843, 1605189.18377706897445 ], [ 299980.596661234158091, 1604285.532139676855877 ], [ 298883.253605354751926, 1604294.462442037649453 ], [ 299495.076757067523431, 1606101.761662730481476 ], [ 298397.761825074790977, 1606110.723911874461919 ], [ 298703.944230771565344, 1607014.384450431680307 ], [ 296509.331287935900036, 1607032.438926184317097 ], [ 296203.115117179288063, 1606128.795353506458923 ], [ 294008.44574714708142, 1606147.062728512333706 ], [ 293702.365117053093854, 1605243.448872684966773 ], [ 294799.719548363937065, 1605234.282300564460456 ], [ 294493.825154273188673, 1604330.672916326671839 ], [ 292299.07676455064211, 1604349.071731133153662 ], [ 290162.321540224016644, 1598024.280387129401788 ], [ 291259.816707836114801, 1598014.998758609639481 ], [ 290042.60718956135679, 1594401.078953929943964 ], [ 291140.163838986423798, 1594391.813458489021286 ], [ 290229.085526825510897, 1591681.481978690251708 ], [ 291326.686726285435725, 1591672.240816621109843 ], [ 291023.34947797912173, 1590768.814140020636842 ], [ 292120.96163051831536, 1590759.613446469418705 ], [ 291514.828758179966826, 1588952.781764534767717 ], [ 292612.468610197887756, 1588943.61344360653311 ], [ 292309.672960476309527, 1588040.208443059120327 ], [ 294504.968802516756114, 1588022.001035447930917 ], [ 294202.375943537335843, 1587118.592503954889253 ], [ 295300.031960315187462, 1587109.553355956217274 ], [ 294997.625146174337715, 1586206.149361116113141 ], [ 297192.953455447801389, 1586188.200052761938423 ], [ 296890.749332091538236, 1585284.792486768914387 ], [ 297988.421651413897052, 1585275.882265097694471 ], [ 297686.403514645120595, 1584372.479231467936188 ], [ 298784.086845217156224, 1584363.609219790901989 ], [ 298180.591829439857975, 1582556.824871178949252 ], [ 299278.302794688381255, 1582547.986915194895118 ], [ 298675.518309671664611, 1580741.236934625543654 ], [ 300870.989857041975483, 1580723.673305303789675 ], [ 300569.884769356984179, 1579820.301068743225187 ], [ 301667.628767569549382, 1579811.583432858809829 ], [ 301366.709556943678763, 1578908.215733168646693 ], [ 302464.464576898841187, 1578899.538138071773574 ], [ 302163.731222381815314, 1577996.174975178670138 ], [ 303261.497269486717414, 1577987.537387896561995 ], [ 302660.57153153559193, 1576180.832798346178606 ], [ 303758.365124671254307, 1576172.227059644181281 ], [ 303458.172715570661239, 1575268.885637350613251 ], [ 304555.977330511319451, 1575260.31983586307615 ], [ 304255.970709963003173, 1574356.982954485807568 ], [ 305353.786352178140078, 1574348.457057194318622 ], [ 303856.375003142922651, 1569831.921757244272158 ], [ 304954.26746518589789, 1569823.403394747292623 ], [ 304655.309511211409699, 1568920.126137957442552 ], [ 305753.212946753890719, 1568911.647594778798521 ], [ 306052.154480998695362, 1569814.932906766422093 ], [ 307150.036081267986447, 1569806.510292047634721 ], [ 306851.110957801691256, 1568903.21689774771221 ], [ 307949.003575044800527, 1568894.834045615745708 ], [ 308247.912296679802239, 1569798.135549344588071 ], [ 309345.783157919184305, 1569789.808677416527644 ], [ 309644.844749557203613, 1570693.131016175495461 ], [ 311840.537758859107271, 1570676.637278953334317 ], [ 311541.508940618718043, 1569773.298540964722633 ], [ 313737.213674835511483, 1569756.979872916825116 ], [ 314036.209755413234234, 1570660.335118619957939 ], [ 316231.86098464904353, 1570644.224525523139164 ], [ 315634.103447023080662, 1568837.493634526384994 ], [ 318927.63983951753471, 1568813.636724259937182 ], [ 319226.385034059581812, 1569717.020813934504986 ], [ 320324.204041121411137, 1569709.172583141596988 ], [ 320623.102122824289836, 1570612.578003 ], [ 319525.299426629440859, 1570620.417803612770513 ], [ 320123.635796046233736, 1572427.250555388629436 ], [ 322319.170911890105344, 1572411.652748345630243 ], [ 322618.560227912734263, 1573315.10556870396249 ], [ 321520.811488479201216, 1573322.871978155104443 ], [ 321820.386309057474136, 1574226.329268901841715 ], [ 322918.118717806588393, 1574218.571406465955079 ], [ 323217.846379128983244, 1575122.050279835239053 ], [ 322120.130308238964062, 1575129.799572795396671 ], [ 322420.043483581277542, 1576033.282908045686781 ], [ 321322.338803427875973, 1576041.071656587999314 ], [ 321922.705402203951962, 1577848.060296978568658 ], [ 323020.37735294806771, 1577840.288745544850826 ], [ 323320.798042081180029, 1578743.81128431041725 ], [ 324418.448689863900654, 1578736.096494124503806 ], [ 324719.02217168873176, 1579639.640819256892428 ], [ 326914.27608671336202, 1579624.373066477477551 ], [ 327515.865034189890139, 1581431.536196796456352 ], [ 329711.034229896438774, 1581416.496297784848139 ], [ 329410.187899594486225, 1580512.890484171221033 ], [ 330507.78170412388863, 1580505.433979524066672 ], [ 329906.629088472283911, 1578698.244437427259982 ], [ 331004.250814587052446, 1578690.818397094728425 ], [ 330703.944503767474089, 1577787.234672301914543 ], [ 331801.577820939710364, 1577779.847903639776632 ], [ 332702.955166214203928, 1580490.665498542832211 ], [ 331605.370782788377255, 1580498.025651346659288 ], [ 331906.184435320668854, 1581401.64921763096936 ], [ 333003.752493232896086, 1581394.297981875715777 ], [ 333304.718922179366928, 1582297.943805132992566 ], [ 332207.16719690640457, 1582305.286101268837228 ], [ 332508.319065121351741, 1583208.936320721171796 ], [ 333605.854450629441999, 1583201.602986788609996 ], [ 333907.15907615609467, 1584105.275545338867232 ], [ 335004.673485817445908, 1584097.999479070305824 ], [ 335909.552864075871184, 1586809.124772883253172 ], [ 337007.013645563216414, 1586801.92424140474759 ], [ 333996.830411956761964, 1577765.218643791973591 ], [ 335094.449747077887878, 1577757.976150442613289 ], [ 334794.37768954760395, 1576854.370198878692463 ], [ 331501.45692584849894, 1576876.26859565009363 ], [ 331201.505144801456481, 1575972.702535504940897 ], [ 332299.16633966867812, 1575965.346174106467515 ], [ 331101.11545663245488, 1572351.178943691076711 ], [ 330003.389209455461241, 1572358.570406516548246 ], [ 330901.722480213269591, 1575069.149704846786335 ], [ 329804.040293545927852, 1575076.562886725412682 ], [ 330103.839240821427666, 1575980.10693547106348 ], [ 329006.168597088311799, 1575987.559375100303441 ], [ 327807.922450483893044, 1572373.497123258421198 ], [ 326710.181877365917899, 1572381.032379383454099 ], [ 327308.999244616948999, 1574188.019866532413289 ], [ 326211.286417830327991, 1574195.585767311742529 ], [ 326810.812967766774818, 1576002.608377765864134 ], [ 325713.127920884056948, 1576010.204943028278649 ], [ 325413.263753880164586, 1575106.695750529645011 ], [ 324315.557517459150404, 1575114.349006125936285 ], [ 324015.846185078611597, 1574210.861536148237064 ], [ 325113.568741533439606, 1574203.19965680828318 ], [ 324814.042886280978564, 1573299.716643614228815 ], [ 323716.30401695787441, 1573307.387124237371609 ], [ 322818.692522566532716, 1570597.042054838500917 ], [ 321720.899811244511511, 1570604.786087126471102 ], [ 321123.305435415590182, 1568797.971277572214603 ], [ 322221.130725681199692, 1568790.210298786638305 ], [ 321624.245644405309577, 1566983.430338988313451 ], [ 322722.098502875887789, 1566975.700277121737599 ], [ 322423.925992122094613, 1566072.321253486676142 ], [ 320228.182773456326686, 1566087.845968176610768 ], [ 319930.146936383214779, 1565184.496634071692824 ], [ 318832.25154405948706, 1565192.338958215201274 ], [ 318236.654949575429782, 1563385.695459373062477 ], [ 316040.783876745554153, 1563401.55635994952172 ], [ 316338.530101047828794, 1564304.855181981110945 ], [ 317436.45192291715648, 1564296.909143859520555 ], [ 317734.351090590469539, 1565200.229004310443997 ], [ 316636.445545283844694, 1565208.166773525299504 ], [ 316934.530207004165277, 1566111.491152550792322 ], [ 318032.419468537322246, 1566103.56167456577532 ], [ 318330.657054305833299, 1567006.90717262448743 ], [ 319428.524950809427537, 1566999.033785585081205 ], [ 319726.915452666580677, 1567902.400492516811937 ], [ 316433.345404851366766, 1567926.138979193754494 ], [ 316134.906008445075713, 1567022.797280013794079 ], [ 315037.022797700425144, 1567030.814002715749666 ], [ 315335.478510094282683, 1567934.147420234745368 ], [ 313139.729218230582774, 1567950.307727641426027 ], [ 312542.921717455610633, 1566143.686590570257977 ], [ 314738.736312303168233, 1566127.493363972520456 ], [ 314440.619056351017207, 1565224.185486022615805 ], [ 315538.534877437981777, 1565216.152267035329714 ], [ 315240.603147745248862, 1564312.848917269380763 ], [ 314142.67103231191868, 1564320.89035090780817 ], [ 313844.892242640664335, 1563417.607940687332302 ], [ 312746.938638341729529, 1563425.705239083617926 ], [ 313044.733724038116634, 1564328.979484087554738 ], [ 310848.84340616222471, 1564345.300853867083788 ], [ 311146.840366660326254, 1565248.571507776156068 ], [ 310048.903625617153011, 1565256.795640636468306 ], [ 310347.086176894488744, 1566160.070841934299096 ], [ 309249.160475220065564, 1566168.334604930831119 ], [ 309547.528638171497732, 1567071.614353982498869 ], [ 302959.959762244427111, 1567122.151759196072817 ], [ 303258.595539353904314, 1568025.395868478575721 ], [ 302160.664732348639518, 1568033.978086320217699 ], [ 302459.486243882682174, 1568937.226767784450203 ], [ 301361.566350710461847, 1568945.848856964614242 ], [ 300465.560456071980298, 1566236.164167359936982 ], [ 302661.493291644728743, 1566218.920182842761278 ], [ 302363.196130044350866, 1565315.701121587306261 ], [ 301265.216075321892276, 1565324.307141093304381 ], [ 300967.071823814767413, 1564421.108466354198754 ], [ 299869.069806352898013, 1564429.770089466357604 ], [ 299571.078473003755789, 1563526.591711724642664 ], [ 300669.096893552108668, 1563517.922248804476112 ], [ 300371.291287022351753, 1562614.748470686841756 ], [ 301469.320524176233448, 1562606.118850412778556 ], [ 300874.250044276355766, 1560799.79291912028566 ], [ 301972.306467045389581, 1560791.195281086023897 ], [ 301675.041567931650206, 1559888.043132154736668 ], [ 302773.108802298549563, 1559879.485265458934009 ], [ 302476.029562325566076, 1558976.337719794362783 ], [ 303574.107613921631128, 1558967.819591182749718 ], [ 303277.214012127311435, 1558064.676648436114192 ], [ 305473.38629087980371, 1558047.767319110687822 ], [ 305176.69460502138827, 1557144.621132198954001 ], [ 306274.78885968180839, 1557136.229869844624773 ], [ 305978.282753931416664, 1556233.088280164636672 ], [ 307076.387864651740529, 1556224.736627711681649 ], [ 306780.067318072775379, 1555321.599634831771255 ], [ 308976.293889173539355, 1555305.022915089037269 ], [ 309272.5819295886904, 1556208.175702452426776 ], [ 310370.670945285935886, 1556199.966427192790434 ], [ 310667.112009675940499, 1557103.139694587094709 ], [ 311765.179483702697325, 1557094.985863185487688 ], [ 311468.754657460493036, 1556191.804608557140455 ], [ 315861.037085686810315, 1556159.631876174127683 ], [ 316453.926235415274277, 1557966.071496687363833 ], [ 315355.8958425601013, 1557974.027287166565657 ], [ 315059.350445235031657, 1557070.809259420493618 ], [ 313961.298670748481527, 1557078.820646799635142 ], [ 314554.591140063479543, 1558885.253164941444993 ], [ 315652.610469750361517, 1558877.257981401868165 ], [ 316246.547403929114807, 1560683.757440746529028 ], [ 317344.529123656044248, 1560675.8261374309659 ], [ 316750.624645455332939, 1558869.310331078013405 ], [ 318946.637657810933888, 1558853.55762537708506 ], [ 320134.993700135091785, 1562466.706099111121148 ], [ 322330.856831762182992, 1562451.209838005015627 ], [ 322033.546451100497507, 1561547.886882093502209 ], [ 323131.486755843041465, 1561540.201841213507578 ], [ 322834.361753703036811, 1560636.883392094401643 ], [ 323932.313301009358838, 1560629.237589202821255 ], [ 323042.001893521868624, 1557919.334316150750965 ], [ 321944.001832463836763, 1557927.005094604333863 ], [ 321647.553561881650239, 1557023.737952236784622 ], [ 323843.581041078432463, 1557008.427304699784145 ], [ 323547.334249871666543, 1556105.156399982981384 ], [ 325743.374280729563907, 1556090.018978561973199 ], [ 325447.328907184884883, 1555186.744273802265525 ], [ 326545.35770453029545, 1555179.238379251444712 ], [ 326249.497595870518126, 1554275.968186558457091 ], [ 322955.348200798674952, 1554298.652997702360153 ], [ 322659.608947776025161, 1553395.420464361319318 ], [ 323757.679767804220319, 1553387.80322755058296 ], [ 323462.125802136957645, 1552484.575224775820971 ], [ 325658.28486150939716, 1552469.466300435131416 ], [ 325067.748787213000469, 1550663.015627417014912 ], [ 322871.525411569862626, 1550678.157478405628353 ], [ 322576.478991515352391, 1549774.967699157772586 ], [ 321478.343802398769185, 1549782.617699805647135 ], [ 320888.72638368664775, 1547976.292489510029554 ], [ 321986.893713975790888, 1547968.626239552162588 ], [ 321397.985202674579341, 1546162.335460039321333 ], [ 320299.785760156577453, 1546170.017871047602966 ], [ 320005.569252647692338, 1545266.899489450268447 ], [ 321103.784740418253932, 1545259.209030980244279 ], [ 320809.7534769854974, 1544356.095218776725233 ], [ 323006.201504244585522, 1544340.839515772880986 ], [ 322712.371477253211197, 1543437.72221447294578 ], [ 323810.604044740903191, 1543430.15690827020444 ], [ 323516.959204120095819, 1542527.044169625500217 ], [ 325713.441533658129629, 1542512.038523359689862 ], [ 325419.997831019340083, 1541608.922251373762265 ], [ 327616.492551330476999, 1541594.088448422262445 ], [ 327909.904335340601392, 1542497.220992141170427 ], [ 330106.347855461877771, 1542482.591567186405882 ], [ 329812.967955102678388, 1541579.442643147194758 ], [ 332009.424288665410131, 1541564.984826866770163 ], [ 331716.245365919196047, 1540661.832201822893694 ], [ 332814.482362381764688, 1540654.665523658273742 ], [ 333107.645381087961141, 1541557.826411916641518 ], [ 334205.861798319034278, 1541550.714991010259837 ], [ 335086.317845757934265, 1544260.299589251400903 ], [ 333988.149157764622942, 1544267.386007172055542 ], [ 334575.997252155037131, 1546073.8233575404156 ], [ 335674.13408462179359, 1546066.753718314692378 ], [ 335968.295859071542509, 1546970.000155496876687 ], [ 337066.41216094349511, 1546962.98609459027648 ], [ 335304.073571151413489, 1541543.650563093367964 ], [ 336402.280730365950149, 1541536.633127119624987 ], [ 336695.565189307148103, 1542439.831843743799254 ], [ 337793.751889307051897, 1542432.869792479090393 ], [ 338087.189562332816422, 1543336.089818523265421 ], [ 336989.018745919573121, 1543343.043453996768221 ], [ 337282.641397827654146, 1544246.2679757270962 ], [ 338380.796323453250807, 1544239.322778044268489 ], [ 339262.631111651193351, 1546949.099436382297426 ], [ 340360.733822011912707, 1546942.226837023627013 ], [ 339772.706680755247362, 1545135.679049548925832 ], [ 343067.083416672132444, 1545115.292712274938822 ], [ 343360.964813338010572, 1546018.58579133450985 ], [ 344459.065701117040589, 1546011.89315347513184 ], [ 344165.200166057387833, 1545108.591456777881831 ], [ 347459.524357197573408, 1545088.770247173029929 ], [ 347753.342359637375921, 1545992.09795977990143 ], [ 348851.426013408869039, 1545985.59379858430475 ], [ 348557.62383778905496, 1545082.257359670009464 ], [ 349655.719078095862642, 1545075.791561736259609 ], [ 349949.505435582483187, 1545979.136754128383473 ], [ 351047.580656918988097, 1545972.726825455669314 ], [ 350460.208565280714538, 1544166.032090930500999 ], [ 352656.40969991334714, 1544153.318335555959493 ], [ 352949.979664953309111, 1545056.676695803878829 ], [ 355146.132752104196697, 1545044.168882318306714 ], [ 355439.840149092487991, 1545947.558249709894881 ], [ 357635.945489891106263, 1545935.256632179953158 ], [ 358223.804112187353894, 1547742.111191278323531 ], [ 359321.819269970699679, 1547736.049054821953177 ], [ 359027.821243408019654, 1546832.606070250272751 ], [ 363419.905773054750171, 1546808.792811218649149 ], [ 363713.840834005794022, 1547712.272127612959594 ], [ 367007.816847517213318, 1547694.934607201488689 ], [ 366713.928920009522699, 1546791.427756460616365 ], [ 364517.917270816746168, 1546802.957328744465485 ], [ 364224.166843826649711, 1545899.482373829232529 ], [ 359832.034888582653366, 1545923.14345178916119 ], [ 359538.390504023991525, 1545019.718255185522139 ], [ 361734.495660963235423, 1545007.775427050422877 ], [ 361441.051663749560248, 1544104.345584593247622 ], [ 355950.680534537241329, 1544134.600639707641676 ], [ 355657.326843362767249, 1543231.228981074644253 ], [ 354559.224887970951386, 1543237.43002845463343 ], [ 353972.992945845238864, 1541430.74422854068689 ], [ 355071.12638340779813, 1541424.525502179982141 ], [ 354778.279619284556247, 1540521.193645775550976 ], [ 355876.424719012109563, 1540515.013060005614534 ], [ 356169.255761421867646, 1541418.35375011106953 ], [ 357267.381110658112448, 1541412.228971418691799 ], [ 356681.919418028905056, 1539605.543144666124135 ], [ 355583.762649793294258, 1539611.685623159864917 ], [ 355291.269556086044759, 1538708.371421534335241 ], [ 356389.442023093462922, 1538702.220126068219543 ], [ 356097.133598848478869, 1537798.910346607677639 ], [ 351704.356461294635665, 1537823.831900247139856 ], [ 351120.120983586763032, 1536017.321757872356102 ], [ 347825.400259154499508, 1536036.556785654276609 ], [ 348702.148528063728008, 1538746.263955273898318 ], [ 347603.947031698422506, 1538752.743513121968135 ], [ 348189.322511490317993, 1540559.263082290999591 ], [ 347091.148287988209631, 1540565.772317467490211 ], [ 347384.105346344469581, 1541469.043098909314722 ], [ 346285.942630140518304, 1541475.590671499026939 ], [ 346579.08451479615178, 1542378.865910186432302 ], [ 344382.777756598545238, 1542392.08480686484836 ], [ 344676.120310913131107, 1543295.355898031732067 ], [ 343577.976240591146052, 1543302.027283595176414 ], [ 343871.503678427601699, 1544205.302839474054053 ], [ 341675.234067980141845, 1544218.769608987029642 ], [ 341381.674926943844184, 1543315.511173137230799 ], [ 342479.827789526316337, 1543308.7457082986366 ], [ 342186.453563771094196, 1542405.491747490828857 ], [ 339990.111690086196177, 1542419.086740009486675 ], [ 340283.517622068175115, 1543322.323679113760591 ], [ 339185.355844123405404, 1543329.183227236848325 ], [ 338598.681331098952796, 1541522.739226847654209 ], [ 337500.483306754264049, 1541529.662682048743591 ], [ 337207.383817047695629, 1540626.468469388550147 ], [ 338305.597701868857257, 1540619.536615194752812 ], [ 336842.71592341986252, 1536103.71672937925905 ], [ 339039.288392123999074, 1536089.910165911540389 ], [ 338747.250934947107453, 1535186.768082395894453 ], [ 336550.646857871441171, 1535200.591262235306203 ], [ 336258.746894574898761, 1534297.478590362006798 ], [ 335160.422188303549774, 1534304.468623435590416 ], [ 334285.689549010188784, 1531595.231808069860563 ], [ 333187.312808521674015, 1531602.293137872125953 ], [ 333478.737036126782186, 1532505.351197201292962 ], [ 332380.371422835160047, 1532512.451093478361145 ], [ 332671.980587152647786, 1533415.513703800039366 ], [ 331573.62609483639244, 1533422.652200078126043 ], [ 330990.545261351740919, 1531616.555875087389722 ], [ 327695.358312695170753, 1531638.300190848298371 ], [ 328278.534158158116043, 1533444.348184817703441 ], [ 329376.90291115862783, 1533437.069439518498257 ], [ 329668.728716670768335, 1534340.120398906990886 ], [ 326373.655572025920264, 1534362.072790450416505 ], [ 326665.698138091247529, 1535265.112229734659195 ], [ 327764.044800466974266, 1535257.756014541024342 ], [ 328348.605651436548214, 1537063.88882821239531 ], [ 329446.915721779107116, 1537056.595596859697253 ], [ 329739.433988876873627, 1537959.689099313691258 ], [ 324247.91476731246803, 1537996.58354766247794 ], [ 325126.7233006603783, 1540705.818635476520285 ], [ 324028.452654629130848, 1540713.314112003659829 ], [ 322564.537953949649818, 1536198.02529270760715 ], [ 321466.182616666774265, 1536205.607645923038945 ], [ 322344.071709258889314, 1538914.719336622394621 ], [ 321245.759228254551999, 1538922.324737365823239 ], [ 321831.896540995570831, 1540728.445992923108861 ], [ 320733.611011799890548, 1540736.082399558275938 ], [ 320147.441737887740601, 1538929.977061654208228 ], [ 317950.791605844628066, 1538945.422485408140346 ], [ 317365.235249207355082, 1537139.398706181207672 ], [ 316266.870561249321327, 1537147.207475047325715 ], [ 315681.959160607832018, 1535341.249021311989054 ], [ 314583.557349448441528, 1535349.12018926627934 ], [ 314291.339532329584472, 1534446.167270388454199 ], [ 313192.916538344346918, 1534454.092961758142337 ], [ 313485.150339838117361, 1535357.038177970331162 ], [ 311288.320601953426376, 1535373.014622332761064 ], [ 310412.031029670964926, 1532664.261752374470234 ], [ 309313.560229656693991, 1532672.343008647672832 ], [ 309021.786266542039812, 1531769.457444246625528 ], [ 311218.754518103087321, 1531753.326536011416465 ], [ 310927.181795371579938, 1530850.438077521743253 ], [ 312025.673926962306723, 1530842.435107698664069 ], [ 311443.068212085985579, 1529036.679743984946981 ], [ 310344.544174530950841, 1529044.697824746835977 ], [ 310635.778346701350529, 1529947.561846204567701 ], [ 309537.264945834758691, 1529955.619042711565271 ], [ 309828.684359888662584, 1530858.487734793918207 ], [ 308730.181589671352413, 1530866.584080709377304 ], [ 308438.746201485395432, 1529963.722900732187554 ], [ 307340.222082798078191, 1529971.873421468306333 ], [ 305304.802978601190262, 1523652.236637121066451 ], [ 306403.438772424531635, 1523644.034330977592617 ], [ 306113.357781606144272, 1522741.269998787203804 ], [ 303916.048870307626203, 1522757.735680014593527 ], [ 304496.443889337708242, 1524563.247156989760697 ], [ 301200.534874894074164, 1524588.250599984545261 ], [ 301491.034261799184605, 1525491.002540067536756 ], [ 303688.280528731353115, 1525474.301593017298728 ], [ 303978.917301905574277, 1526377.080067027825862 ], [ 305077.516190171299968, 1526368.806712123798206 ], [ 305368.306315146677662, 1527271.604561876039952 ], [ 299875.336488947505131, 1527313.400480460608378 ], [ 299584.466420940007083, 1526410.639077645959333 ], [ 296288.569301602314226, 1526436.297241107327864 ], [ 295997.820536923129112, 1525533.569260943448171 ], [ 294899.160735092009418, 1525542.222218623152003 ], [ 295771.963273377041332, 1528250.4204359985888 ], [ 296870.574951527407393, 1528241.788858334999532 ], [ 297453.258079072111286, 1530047.328132019843906 ], [ 296354.678520171437413, 1530055.94534753728658 ], [ 296646.290202526841313, 1530958.725684588775039 ], [ 295547.721009352826513, 1530967.382389861624688 ], [ 295256.093247544602491, 1530064.609239448327571 ], [ 293058.905437691719271, 1530082.077057598857209 ], [ 292767.414884461206384, 1529179.330060303676873 ], [ 294964.63486490631476, 1529161.847993803676218 ], [ 293509.883725965744816, 1524648.219739133724943 ], [ 296805.91124183346983, 1524622.239615192869678 ], [ 296515.517243621696252, 1523719.528255151119083 ], [ 294318.139293036190793, 1523736.815974614815786 ], [ 294027.882654474698938, 1522834.13057181192562 ], [ 296225.292619798274245, 1522816.828745635924861 ], [ 295935.237372834933922, 1521914.141069634351879 ], [ 300330.052778946701437, 1521880.066437823465094 ], [ 300040.230776738142595, 1520977.362212906125933 ], [ 302237.636592015624046, 1520960.589104945072904 ], [ 301948.015807652438525, 1520057.882464062655345 ], [ 303046.726287958503235, 1520049.558311620727181 ], [ 303336.331152652623132, 1520952.272144256392494 ], [ 304435.020189808798023, 1520944.00157744740136 ], [ 304145.431236057775095, 1520041.280525933019817 ], [ 306342.824659211037215, 1520024.86404991382733 ], [ 306053.436811814783141, 1519122.140478276181966 ], [ 300559.832398886384908, 1519163.565399040700868 ], [ 300849.299764242838137, 1520066.252984494203702 ], [ 299750.57812684046803, 1520074.669874157523736 ], [ 299461.094831714115571, 1519171.989404565887526 ], [ 298362.351630916935392, 1519180.459753449307755 ], [ 298073.021761882933788, 1518277.798203131416813 ], [ 296974.256956693599932, 1518286.321936618769541 ], [ 297263.602765594492666, 1519188.97644694824703 ], [ 292868.550041034235619, 1519223.506692477269098 ], [ 292579.140385246486403, 1518320.880070913815871 ], [ 295875.486447342787869, 1518294.891988865565509 ], [ 295586.294071652228013, 1517392.256261746166274 ], [ 293388.703908167255577, 1517409.549228761112317 ], [ 293099.649022860743571, 1516506.939113012515008 ], [ 294198.462943277321756, 1516498.262566995806992 ], [ 293909.593403418315575, 1515595.657250773860142 ], [ 295008.417475559108425, 1515587.020050888648257 ], [ 294719.733260090404656, 1514684.419533374952152 ], [ 293620.893260158365592, 1514693.063632627483457 ], [ 293332.362515961634926, 1513790.481695709284395 ], [ 291134.633215405803639, 1513807.922208277508616 ], [ 289694.361454105295707, 1509295.254879185697064 ], [ 287496.449380324746016, 1509312.947328066686168 ], [ 289225.474941922875587, 1514728.102170954691246 ], [ 288126.605628126650117, 1514736.977347367443144 ], [ 288415.385541410767473, 1515639.53687542444095 ], [ 289514.238883716345299, 1515630.668462800327688 ], [ 290670.988888154388405, 1519241.04991612304002 ], [ 288473.404211895074695, 1519258.77855420508422 ], [ 288763.047285723732784, 1520161.389356724219397 ], [ 287664.262075116857886, 1520170.316391886677593 ], [ 287954.090611009625718, 1521072.932007913244888 ], [ 286855.315477857366204, 1521081.898615641752258 ], [ 287145.329496905789711, 1521984.519045848632231 ], [ 286046.564435276202857, 1521993.525260036811233 ], [ 286336.76395858626347, 1522896.150505075929686 ], [ 285238.008962565625552, 1522905.196359607391059 ], [ 285528.394011238822713, 1523807.826420105062425 ], [ 281133.377823222894222, 1523844.447531335521489 ], [ 280842.928358369972557, 1522941.844491385156289 ], [ 279744.142897813697346, 1522951.122709540883079 ], [ 278583.975437261338811, 1519340.852214016253129 ], [ 277485.119325771229342, 1519350.203333399724215 ], [ 276906.020384522562381, 1517545.149882235331461 ], [ 275807.125815592124127, 1517554.560399594018236 ], [ 275517.814517520717345, 1516652.057243303162977 ], [ 274418.89754781575175, 1516661.520532238297164 ], [ 274708.224946362548508, 1517564.017233956605196 ], [ 273609.317745910782833, 1517573.520386727061123 ], [ 274768.387078705243766, 1521183.59486401011236 ], [ 273669.538063031213824, 1521193.118518933653831 ], [ 273379.500291759497486, 1520290.589346108026803 ], [ 272280.628761583939195, 1520300.165890426374972 ], [ 272860.90615505859023, 1522105.222661289153621 ], [ 275058.578224642551504, 1522086.141911770682782 ], [ 275639.469074128312059, 1523891.27023839042522 ], [ 276738.263301079743542, 1523881.812683567637578 ], [ 276447.749278965988196, 1522979.236230519367382 ], [ 277546.553389010485262, 1522969.818577720783651 ], [ 277256.225022103986703, 1522067.246983489021659 ], [ 278355.039021053933538, 1522057.86919880239293 ], [ 279226.484196039498784, 1524765.63829249329865 ], [ 280325.243564970092848, 1524756.326939757214859 ], [ 280616.048123975167982, 1525658.946359299821779 ], [ 281714.7851840473013, 1525649.688268380239606 ], [ 282005.743074991623871, 1526552.325999178458005 ], [ 279808.295101202325895, 1526570.875261233653873 ], [ 280099.454782784858253, 1527473.511067990446463 ], [ 279000.737712974543683, 1527482.848858205601573 ], [ 279292.083058018237352, 1528385.489493913482875 ], [ 280390.783947016461752, 1528376.158445494249463 ], [ 280682.282591373077594, 1529278.817410635296255 ], [ 277386.209901627618819, 1529306.930274499813095 ], [ 277677.926637048949488, 1530209.58056946657598 ], [ 276579.239509298582561, 1530219.038162358338013 ], [ 276871.141971649136394, 1531121.693287586793303 ], [ 275772.464813105587382, 1531131.190882327035069 ], [ 274897.217249578912742, 1528423.28012354276143 ], [ 272699.746561589592602, 1528442.455319578992203 ], [ 272991.358709492720664, 1529345.067508846055716 ], [ 274090.080986486689653, 1529335.463187194196507 ], [ 274673.781363287940621, 1531140.73520616046153 ], [ 273575.091591328382492, 1531150.326260503614321 ], [ 274451.96234108065255, 1533858.300573572283611 ], [ 273353.315055967716035, 1533867.918376587564126 ], [ 273938.775741162593476, 1535673.278808013303205 ], [ 272840.154713612864725, 1535682.930048468289897 ], [ 273133.155654731497634, 1536585.620856983121485 ], [ 270935.927121736924164, 1536605.05058855866082 ], [ 271229.130265446321573, 1537507.739535276778042 ], [ 270130.522732460405678, 1537517.518088661832735 ], [ 270423.911772548686713, 1538420.211868124781176 ], [ 269325.314163590199314, 1538430.030693441396579 ], [ 269031.908754499047063, 1537527.343570811906829 ], [ 267933.288300716027152, 1537537.215983184520155 ], [ 268226.710087737767026, 1538439.896476067602634 ], [ 264930.858750406070612, 1538469.775582468369976 ], [ 265224.499303120654076, 1539372.447750746738166 ], [ 261928.637943621259183, 1539402.729977293638512 ], [ 262222.497384587419219, 1540305.393950066296384 ], [ 256729.343597447354114, 1540356.772094223415479 ], [ 257023.455037976498716, 1541259.41517808008939 ], [ 253727.530733603780391, 1541290.787375593557954 ], [ 253139.37840692588361, 1539485.550463458755985 ], [ 252040.69014592593885, 1539496.114539744332433 ], [ 251159.684557422122452, 1536788.361634003464133 ], [ 250060.939780863991473, 1536798.99130844627507 ], [ 251236.019332885189215, 1540409.325975683517754 ], [ 250137.333683381351875, 1540419.977857525227591 ], [ 251610.08351597719593, 1544933.115812150062993 ], [ 253807.282209678523941, 1544911.922012693947181 ], [ 254397.503454216610407, 1546717.281043856637552 ], [ 256594.608273220772389, 1546696.301623889477924 ], [ 256889.94019830293837, 1547599.010980278253555 ], [ 259086.984617599053308, 1547578.233470648527145 ], [ 257612.186806576472009, 1543064.735194224398583 ], [ 263105.093269709381275, 1543013.454156489344314 ], [ 263399.631076893419959, 1543916.163711003260687 ], [ 264498.175856113259215, 1543906.055417727911845 ], [ 264792.866764792590402, 1544808.783030913677067 ], [ 266989.903619274962693, 1544788.721152004785836 ], [ 266695.245650880096946, 1543885.980215706629679 ], [ 265596.71403716574423, 1543895.994253126438707 ], [ 265302.209173384762835, 1542993.271473651519045 ], [ 266400.757245340035297, 1542983.250783130759373 ], [ 265812.289133101818152, 1541177.826361248269677 ], [ 266910.863535881915595, 1541167.839474909007549 ], [ 266616.90026135003427, 1540265.137837422313169 ], [ 267715.484549627290107, 1540255.19135269173421 ], [ 268303.54781827039551, 1542060.619407137157395 ], [ 269402.092770195566118, 1542050.733295663027093 ], [ 269990.80139619729016, 1543856.220851723104715 ], [ 271089.30704876431264, 1543846.395308250794187 ], [ 271383.899244195432402, 1544749.163215765263885 ], [ 272482.382062679505907, 1544739.39160263678059 ], [ 272187.806288094492629, 1543836.616884605959058 ], [ 274384.785650318313856, 1543817.201391004025936 ], [ 274090.412201627739705, 1542914.424628366716206 ], [ 276287.399045021214988, 1542895.183830101741478 ], [ 276876.249910072598141, 1544700.776590383378789 ], [ 277974.701169343898073, 1544691.240690228063613 ], [ 277680.207364813191816, 1543788.431513283168897 ], [ 278778.668771884287708, 1543778.935778396669775 ], [ 278190.222344337031245, 1541973.338698279345408 ], [ 279288.710248312912881, 1541963.876138889230788 ], [ 278994.757599315838888, 1541061.088240330340341 ], [ 280093.255645983852446, 1541051.665773873683065 ], [ 279799.48879859270528, 1540148.88265226688236 ], [ 281996.49904784624232, 1540130.164835208328441 ], [ 281702.934275599662215, 1539227.379518654430285 ], [ 282801.44650576118147, 1539218.084105926332995 ], [ 281628.947158053983003, 1535607.032372552203014 ], [ 282727.518334075459279, 1535597.756043174304068 ], [ 282434.833399287308566, 1534695.015490073477849 ], [ 283533.414713807054795, 1534685.779074921039864 ], [ 283240.915465272497386, 1533783.043306678766385 ], [ 284339.506924022454768, 1533773.846772039309144 ], [ 284631.989957670099102, 1534676.589488918194547 ], [ 286829.122356824518647, 1534658.350798916770145 ], [ 287121.742420270573348, 1535561.119288209360093 ], [ 284924.642439062765334, 1535579.343955909600481 ], [ 285217.464365692227148, 1536482.110190079547465 ], [ 287414.531914207269438, 1536463.899588427273557 ], [ 287707.490836127544753, 1537366.691716684726998 ], [ 288805.999443935696036, 1537357.663831036537886 ], [ 289392.393118779524229, 1539163.297897065058351 ], [ 290490.863380673457868, 1539154.331227535149083 ], [ 290784.298115386627614, 1540057.173292502528057 ], [ 291882.74629034823738, 1540048.260796434711665 ], [ 292470.09151548857335, 1541853.99526216997765 ], [ 293568.501424126036, 1541845.144300925778225 ], [ 293274.760335437138565, 1540942.263791655888781 ], [ 294373.18067186238477, 1540933.452553406357765 ], [ 295549.096427260548808, 1544545.076160029275343 ], [ 294450.740981742390431, 1544553.858011872973293 ], [ 294745.159589821938425, 1545456.78670096420683 ], [ 293646.814636883791536, 1545465.608296286547557 ], [ 293352.379778885864653, 1544562.686981676146388 ], [ 292254.012787891493645, 1544571.563070746371523 ], [ 294023.260262626339681, 1549989.227885237429291 ], [ 292924.985168668907136, 1549998.106842696433887 ], [ 293220.468889176496305, 1550901.085883459541947 ], [ 289925.65769427572377, 1550927.984273219713941 ], [ 290221.359805625339504, 1551830.953179020667449 ], [ 289123.094043375633191, 1551840.006572145503014 ], [ 289418.981916664983146, 1552742.980167162371799 ], [ 290517.231317000463605, 1552733.934162443736568 ], [ 290813.272225885943044, 1553636.927240914432332 ], [ 291911.499403972760774, 1553627.936043676454574 ], [ 292207.693340239813551, 1554530.94869442563504 ], [ 291109.482529772096314, 1554539.9324318789877 ], [ 291702.411312498035841, 1556345.979221171932295 ], [ 290604.227432989748195, 1556354.995450822170824 ], [ 290900.962305288296193, 1557258.029584941454232 ], [ 289802.788976248644758, 1557267.085822086082771 ], [ 290099.709655539481901, 1558170.124622182687744 ], [ 284608.836421883781441, 1558216.081390493083745 ], [ 284311.83353454968892, 1557313.079655377427116 ], [ 283213.624471648246981, 1557322.42096108943224 ], [ 283807.83262428524904, 1559128.421790219377726 ], [ 284906.008742839912884, 1559119.09517013351433 ], [ 285500.861675469903275, 1560925.158932870253921 ], [ 286598.998823778238147, 1560915.894710541004315 ], [ 286301.504124681756366, 1560012.849363955669105 ], [ 289595.929287915700115, 1559985.319983618333936 ], [ 291084.849772970075719, 1564500.78094744682312 ], [ 289986.79632135189604, 1564509.872058546636254 ], [ 290285.105079611588735, 1565412.993331909878179 ], [ 289187.062259535188787, 1565422.124579458963126 ], [ 289485.556916591478512, 1566325.250491177896038 ], [ 290583.583229340147227, 1566316.126857025548816 ], [ 290882.230768008739688, 1567219.272651551989838 ], [ 291980.234724622045178, 1567210.204461951740086 ], [ 291681.603691571566742, 1566307.051004595356062 ], [ 292779.618334001861513, 1566298.02293254272081 ], [ 293377.016778704477474, 1568104.357558906544 ], [ 294474.992649477208033, 1568095.392722306773067 ], [ 294773.929424912435934, 1568998.586312640691176 ], [ 293675.970056331017986, 1569007.543387498473749 ], [ 294274.384709540754557, 1570813.952164228307083 ], [ 293176.45262300822651, 1570822.941563007188961 ], [ 293475.930526543175802, 1571726.156744884327054 ], [ 292378.009207176510245, 1571735.186284831725061 ], [ 292677.673026500735432, 1572638.406067779287696 ], [ 291579.762468900065869, 1572647.4757820146624 ], [ 291879.612225033342838, 1573550.700166079914197 ], [ 294075.394430684507824, 1573532.624321036739275 ], [ 294375.38042625086382, 1574435.876750949304551 ], [ 296571.106540185748599, 1574418.008659929502755 ], [ 297171.520361160044558, 1576224.582558047026396 ], [ 296073.693271501222625, 1576233.476732289884239 ], [ 296374.170759890694171, 1577136.774507384514436 ], [ 294178.532641730620526, 1577154.691242733737454 ], [ 294479.212650828529149, 1578057.985654744319618 ], [ 293381.401595323812217, 1578067.0082773049362 ], [ 293080.704984407988377, 1577163.721770107280463 ], [ 291982.871554039069451, 1577172.800405726302415 ], [ 291682.327705421834253, 1576269.534214090788737 ], [ 290584.471858704928309, 1576278.668787418864667 ], [ 289983.859087565622758, 1574472.189235047437251 ], [ 288885.964175865869038, 1574481.387426828732714 ], [ 288585.895271167042665, 1573578.173935939092189 ], [ 289683.806782749132253, 1573568.9680105461739 ], [ 288784.666221707710065, 1570859.378330316860229 ], [ 287686.704954131622799, 1570868.607321936171502 ], [ 287387.313655927195214, 1569965.443011020077392 ], [ 286289.32988026808016, 1569974.727542102104053 ], [ 285691.022372571111191, 1568168.450821148697287 ], [ 283494.970556948217563, 1568187.193745886906981 ], [ 283196.037789429188706, 1567284.088701823260635 ], [ 284294.083281580591574, 1567274.685821881983429 ], [ 283696.759191522432957, 1565468.497184134554118 ], [ 285892.898335124657024, 1565449.804863405646756 ], [ 285594.523522762348875, 1564546.713791764806956 ], [ 284496.440421485283878, 1564556.043554094387218 ], [ 284198.218503594514914, 1563652.972087719244882 ], [ 285296.318133588763885, 1563643.634865004336461 ], [ 284700.415634943405166, 1561837.513375873444602 ], [ 281405.999460431979969, 1561865.712566372472793 ], [ 281108.25280871335417, 1560962.692068281117827 ], [ 280010.085369949229062, 1560972.194420607062057 ], [ 279712.491647084942088, 1560069.193220499670133 ], [ 278614.301522568799555, 1560078.750465947436169 ], [ 278316.860736767412163, 1559175.768474804237485 ], [ 275022.203461521246936, 1559204.747403511311859 ], [ 274427.731107039260678, 1557398.862108831992373 ], [ 273329.466367431683466, 1557408.631111291935667 ], [ 273626.63434428407345, 1558311.560748421354219 ], [ 272528.379823035444133, 1558321.370219065574929 ], [ 272231.195287728041876, 1557418.447642756858841 ], [ 270034.633985000778921, 1557438.223298525903374 ], [ 269737.585837398539297, 1556535.326501104980707 ], [ 268639.278974704677239, 1556545.292585716815665 ], [ 268342.383790578111075, 1555642.414444730617106 ], [ 267244.053875925717875, 1555652.434945242013782 ], [ 266947.311663576168939, 1554749.575372034683824 ], [ 265848.958655528200325, 1554759.650213601067662 ], [ 266739.743711150193121, 1557468.243286308133975 ], [ 265641.433944875432644, 1557478.345022594323382 ], [ 265938.718020377447829, 1558381.225802671862766 ], [ 264840.418320310069248, 1558391.368207026971504 ], [ 265137.888583426713012, 1559294.253760537831113 ], [ 261842.999838599615032, 1559324.945869138929993 ], [ 261545.479634093208006, 1558422.080833622021601 ], [ 259348.820547275303397, 1558442.793777817627415 ], [ 259646.374091334932018, 1559345.645270030247048 ], [ 260744.690310546196997, 1559335.271769051207229 ], [ 261042.396773215004941, 1560238.141592397354543 ], [ 263238.9758327169111, 1560217.551034008152783 ], [ 263536.818534720921889, 1561120.446133933961391 ], [ 267929.830859618086834, 1561079.864203754579648 ], [ 267632.05475085915532, 1560176.941406193887815 ], [ 266533.794844540185295, 1560187.022380801150575 ], [ 266236.17165446159197, 1559284.118249662453309 ], [ 268432.718215223634616, 1559263.990006877342239 ], [ 268730.308159623644315, 1560166.908050655620173 ], [ 270926.795607498730533, 1560146.9841908456292 ], [ 271224.521866318886168, 1561049.928045934997499 ], [ 269028.06764269375708, 1561069.837840314023197 ], [ 269325.996661855722778, 1561972.779393154894933 ], [ 268227.776511831325479, 1561982.798742243787274 ], [ 268525.891704915848095, 1562885.745038967113942 ], [ 267427.681724896130618, 1562895.805051736999303 ], [ 267129.549882345250808, 1561992.865764555288479 ], [ 264933.077062010881491, 1562013.142834818921983 ], [ 265529.576959708705544, 1563819.005242186365649 ], [ 266627.783297817339189, 1563808.856802011374384 ], [ 266926.27090233087074, 1564711.812586041167378 ], [ 268024.454044365207665, 1564701.718903267988935 ], [ 268323.094516111421399, 1565604.693502297159284 ], [ 263930.389519347052556, 1565645.326749071246013 ], [ 264229.266335300868377, 1566548.285029194317758 ], [ 266425.598483211942948, 1566527.886841751867905 ], [ 266724.611427864292637, 1567430.87090789177455 ], [ 265626.46534591994714, 1567441.039054460590705 ], [ 265925.664558829448652, 1568344.027853823732585 ], [ 268121.916772881813813, 1568323.753552328096703 ], [ 268421.252090694615617, 1569226.768338363617659 ], [ 266225.033323921845295, 1569247.028443651972339 ], [ 266824.279500271077268, 1571053.065064345253631 ], [ 267922.358654786134139, 1571042.925300823990256 ], [ 267622.667535997577943, 1570139.893948497716337 ], [ 268720.756943398155272, 1570129.794977021869272 ], [ 269320.275243121082895, 1571935.883882028982043 ], [ 267124.15690633788472, 1571956.101130078313872 ], [ 268024.806364965159446, 1574665.280558441299945 ], [ 269122.818474558764137, 1574655.169536412926391 ], [ 268822.449223109288141, 1573752.090618580346927 ], [ 269920.471651339379605, 1573742.02040719659999 ], [ 269620.288684963306878, 1572838.946183340623975 ], [ 272914.367767801799346, 1572809.001878920244053 ], [ 272614.404516783659346, 1571905.917811485938728 ], [ 273712.434869076765608, 1571896.025062456261367 ], [ 273412.657827965216711, 1570992.945680194534361 ], [ 274510.69855765812099, 1570983.093585102818906 ], [ 274211.107705303118564, 1570080.0188882087823 ], [ 276407.203654922253918, 1570060.443850527750328 ], [ 277006.488138972315937, 1571866.634618311887607 ], [ 278104.493402271065861, 1571856.933733077254146 ], [ 278404.373183561838232, 1572760.054618951398879 ], [ 279502.355584625969641, 1572750.409140989882872 ], [ 280703.502603985951282, 1576363.043884974671528 ], [ 279605.586942880705465, 1576372.659358766628429 ], [ 280508.27655642706668, 1579082.240664711687714 ], [ 279410.404903971706517, 1579091.881578346015885 ], [ 278808.408929480123334, 1577285.496972548542544 ], [ 277710.497658797481563, 1577295.201140231685713 ], [ 278011.427645791904069, 1578198.379824782721698 ], [ 276913.526910477259662, 1578208.124621701892465 ], [ 277214.643107724608853, 1579111.307948351139203 ], [ 272823.044691192917526, 1579150.73889971897006 ], [ 272521.8614225985948, 1578247.585386210121214 ], [ 273619.787237906595692, 1578237.647955644875765 ], [ 272717.304753228789195, 1575528.237544717732817 ], [ 271619.328637285274453, 1575538.197078275727108 ], [ 271318.823390958015807, 1574635.091661093756557 ], [ 270220.824139659292996, 1574645.106571126496419 ], [ 270521.346147335949354, 1575548.204692679457366 ], [ 268325.361922662763391, 1575568.364169956883416 ], [ 269228.045773895573802, 1578277.686656253645197 ], [ 267032.136532355681993, 1578297.994999777292833 ], [ 267634.840693853446282, 1580104.240667867474258 ], [ 268732.764887754863594, 1580094.076989226741716 ], [ 269034.354427661630325, 1580997.225096582435071 ], [ 267936.447075520118233, 1581007.381452854257077 ], [ 269144.567880922055338, 1584620.064677343703806 ], [ 265851.009406159748323, 1584650.735360899241641 ], [ 266153.514104079687968, 1585553.914133158978075 ], [ 267251.356510327546857, 1585543.649564502760768 ], [ 267554.013834530138411, 1586446.847724820254371 ], [ 266456.188341388711706, 1586457.104916793294251 ], [ 267062.045423723757267, 1588263.522589030442759 ], [ 265964.247287422011141, 1588273.813431542599574 ], [ 265661.217042275471613, 1587370.605966920498759 ], [ 264563.395437966799363, 1587380.952650612220168 ], [ 264866.442629195051268, 1588284.152747399173677 ], [ 263768.63141840591561, 1588294.540538130328059 ], [ 263465.56727190699894, 1587391.347782115219161 ], [ 262367.732513454509899, 1587401.791362967109308 ], [ 261762.078984386404045, 1585595.456329328473657 ], [ 260664.203677539888304, 1585605.962866441579536 ], [ 260361.614312991907354, 1584702.820458531146869 ], [ 262557.392179463116918, 1584681.841316525824368 ], [ 261952.78993325252668, 1582875.563331577694044 ], [ 260854.870462293620221, 1582886.043141529662535 ], [ 260552.806771155970637, 1581982.929171836236492 ], [ 258356.91392308610375, 1582004.048014933709055 ], [ 257753.227587801608024, 1580197.884023803286254 ], [ 256655.237195790716214, 1580208.530008054105565 ], [ 256353.631499459705083, 1579305.472705899737775 ], [ 260745.620292166015133, 1579263.149908733787015 ], [ 261047.15833946983912, 1580166.235489994753152 ], [ 262145.121884152991697, 1580155.782446500146762 ], [ 261843.600726186210522, 1579252.689727809047326 ], [ 262941.574515902204439, 1579242.277751122834161 ], [ 262640.23980311350897, 1578339.189733390230685 ], [ 260444.251824537845096, 1578360.076147874584422 ], [ 260143.05293920924305, 1577457.014189909677953 ], [ 259045.032055240590125, 1577467.53672979446128 ], [ 259346.247824376652716, 1578370.591622428968549 ], [ 256052.195412204018794, 1578402.427134045399725 ], [ 255750.928936656739097, 1577499.393275036942214 ], [ 254652.880972606420983, 1577510.108437221730128 ], [ 254954.164368630037643, 1578413.135339139262214 ], [ 253856.126487488450948, 1578423.891730813542381 ], [ 254157.596439602377359, 1579326.923370519187301 ], [ 251961.533943463058677, 1579348.566896062111482 ], [ 252867.063325186551083, 1582057.690254283836111 ], [ 253965.047107760823565, 1582046.865213613025844 ], [ 254569.547542572487146, 1583853.019885760499164 ], [ 256765.426653010828886, 1583831.542858770815656 ], [ 257370.537601962918416, 1585637.772874001879245 ], [ 258468.433016983588459, 1585627.121137212729082 ], [ 258771.225903139449656, 1586530.261041841469705 ], [ 259869.097607366769807, 1586519.66489375801757 ], [ 260778.442807195940986, 1589229.177599631482735 ], [ 261876.256869322154671, 1589218.651657274458557 ], [ 262179.694087531010155, 1590121.853733117226511 ], [ 263277.484526089509018, 1590111.383629312971607 ], [ 263581.074311554199085, 1591014.605046486016363 ], [ 264678.841168284649029, 1591004.190856494475156 ], [ 265286.495400651358068, 1592810.684621483786032 ], [ 266384.221725498326123, 1592800.333874805830419 ], [ 267296.923601196962409, 1595510.187706337776035 ], [ 268394.592427983647212, 1595499.908150119008496 ], [ 268699.148428771528415, 1596403.224632436875254 ], [ 269796.793804709799588, 1596393.001365422736853 ], [ 272239.207861843286082, 1603620.035633309278637 ], [ 273336.710621267673559, 1603609.922914356226102 ], [ 273642.758039482985623, 1604513.365501782856882 ], [ 276935.177494512172416, 1604483.344579922733828 ], [ 276629.181196839315817, 1603579.878334216307849 ], [ 275531.69725820235908, 1603589.84426629380323 ], [ 275225.853395024430938, 1602686.398371654329821 ], [ 276323.354357379488647, 1602676.42454930767417 ], [ 275712.209063485788647, 1600869.554289366584271 ], [ 276809.737811435479671, 1600859.613599897827953 ], [ 276504.436354971607216, 1599956.189239913830534 ], [ 277601.975876953045372, 1599946.289517953060567 ], [ 277907.260349846619647, 1600849.721753750462085 ], [ 280102.286920349113643, 1600830.084585572127253 ], [ 280407.706890749861486, 1601733.545152079313993 ], [ 281505.194020777591504, 1601723.807807034114376 ], [ 282422.419595423503779, 1604434.288752247812226 ], [ 281324.983398382843006, 1604444.002020375803113 ], [ 282243.784746386227198, 1607154.572024013614282 ], [ 281146.393493924988434, 1607164.310037543764338 ], [ 282373.901946314028464, 1610778.547625391744077 ], [ 281276.572781922412105, 1610788.302186665358022 ], [ 281891.377642597362865, 1612595.480581846088171 ], [ 279696.769364567007869, 1612615.104529166128486 ], [ 280004.460101522156037, 1613518.696384607348591 ], [ 278907.163900769897737, 1613528.574009758653119 ], [ 279215.041177734732628, 1614432.170360894873738 ], [ 278117.755955236672889, 1614442.089072464965284 ], [ 278734.053070174180903, 1616249.303416998824105 ], [ 279831.304031813982874, 1616239.401052258675918 ], [ 280139.689603735110722, 1617143.035429263254628 ], [ 279042.455783318611793, 1617152.929585967678577 ], [ 279351.027930107316934, 1618056.568443940021098 ], [ 278253.80513257754501, 1618066.503731560893357 ], [ 278871.492053663358092, 1619873.803110758773983 ], [ 277774.297455646796152, 1619883.771338552236557 ], [ 278392.69649315206334, 1621691.105086671421304 ], [ 277295.530130085768178, 1621701.106271818978712 ], [ 277605.00101488432847, 1622604.783973509678617 ], [ 276507.84569351375103, 1622614.826394827570766 ], [ 276817.503246616455726, 1623518.508565091527998 ], [ 275720.35896226944169, 1623528.592255011899397 ], [ 276030.203204752935562, 1624432.27889302955009 ], [ 277127.330243873642758, 1624422.203460983699188 ], [ 277437.326682670973241, 1625325.91110101621598 ], [ 276340.216895964695141, 1625335.978251978754997 ], [ 276650.400033279438503, 1626239.690350379329175 ], [ 275553.301311953458935, 1626249.798810061067343 ], [ 275863.671168862143531, 1627153.515365973813459 ], [ 273669.489601916167885, 1627173.864610614720732 ], [ 274290.806860778597184, 1628981.302821834338829 ], [ 275387.866156057920307, 1628971.119940448319539 ], [ 275698.761656234273687, 1629874.866468768566847 ], [ 274601.71967727097217, 1629885.041034011170268 ], [ 274912.801948303414974, 1630788.792008660500869 ], [ 272718.733890298055485, 1630809.273720240918919 ], [ 273030.020302650227677, 1631713.020831663627177 ], [ 274127.040116930846125, 1631702.763407331891358 ], [ 274438.478636361076497, 1632606.531603748677298 ], [ 272244.467439879721496, 1632627.079598491080105 ], [ 272556.110149975400418, 1633530.843906423542649 ], [ 271459.112482224125415, 1633541.18431908916682 ], [ 271770.94204751268262, 1634444.953069473151118 ], [ 270673.955446262611076, 1634455.335024746134877 ], [ 270985.971887842402793, 1635359.108216556254774 ], [ 269888.996348608110566, 1635369.531746717169881 ], [ 270201.199687583022751, 1636273.309378907782957 ], [ 269104.235205899982248, 1636283.774516227655113 ], [ 269416.625463370466605, 1637187.556587727041915 ], [ 267222.712189529440366, 1637208.620095634832978 ], [ 267535.306851941568311, 1638112.398322591325268 ], [ 266438.358034345554188, 1638122.99675403512083 ], [ 266751.139674066798761, 1639026.779421732062474 ], [ 264557.257596302777529, 1639048.109762875596061 ], [ 263931.793849488778505, 1637240.590031348867342 ], [ 262834.808033302251715, 1637251.346595898270607 ], [ 262522.312942090327851, 1636347.613837163895369 ], [ 264716.313018349814229, 1636326.134339366806671 ], [ 264404.022424443741329, 1635422.397887067869306 ], [ 265501.030141115013976, 1635411.72485520131886 ], [ 264876.992427140474319, 1633604.273490215884522 ], [ 265974.028546678484417, 1633593.634014053968713 ], [ 266285.945201064809225, 1634497.361547705251724 ], [ 267382.957399262464605, 1634486.780108590843156 ], [ 266759.328465162077919, 1632679.321313026128337 ], [ 261274.02789825128275, 1632732.808507626410574 ], [ 261897.831350636435673, 1634540.186068367445841 ], [ 260800.786471426923526, 1634551.016897486755624 ], [ 260176.948058901587501, 1632743.655421447474509 ], [ 259079.861573188129114, 1632754.552163954824209 ], [ 259391.71349302039016, 1633658.218643255764619 ], [ 256100.466367420885945, 1633691.184010345721617 ], [ 256412.540374985634116, 1634594.839057751698419 ], [ 255315.462053761526477, 1634605.919316852698103 ], [ 255627.723170194600243, 1635509.578857286600396 ], [ 253433.581262567575322, 1635531.873246479546651 ], [ 253746.047073254856514, 1636435.529367193579674 ], [ 252648.983461553318193, 1636446.743558306246996 ], [ 252961.636440195143223, 1637350.404173158574849 ], [ 251864.583566682587843, 1637361.660433344077319 ], [ 251239.412030269391835, 1635554.367320484248921 ], [ 250142.317091263976181, 1635565.689243437489495 ], [ 250767.523820055735996, 1637372.966672110138461 ], [ 249670.457169884262839, 1637384.322891127783805 ], [ 249983.33256123578758, 1638287.972271461039782 ], [ 248886.276603068574332, 1638299.370649275835603 ], [ 248260.660188907786505, 1636492.099838310852647 ], [ 247163.562012082664296, 1636503.563795571681112 ], [ 246850.990617483475944, 1635599.954576185671613 ], [ 245753.86780581556377, 1635611.476214018650353 ], [ 246379.215493708557915, 1637418.691446487326175 ], [ 245282.120924972259672, 1637430.247603347059339 ], [ 245595.066877230507089, 1638333.865853309398517 ], [ 244497.98291672335472, 1638345.464283843524754 ], [ 244811.11617970521911, 1639249.087046963395551 ], [ 245908.182469005900202, 1639237.49635487771593 ], [ 246534.922560238192091, 1641044.794186383485794 ], [ 245437.89163506127079, 1641056.369331279536709 ], [ 245124.419086725480156, 1640152.722056645900011 ], [ 244027.363418215769343, 1640164.355058341287076 ], [ 243714.042823240160942, 1639260.727783513022587 ], [ 242616.96236917184433, 1639272.418566244421527 ], [ 242930.300661618181039, 1640176.038133238675073 ], [ 241833.230786508356687, 1640187.771283061942086 ], [ 242146.756448976550018, 1641091.395363868912682 ], [ 241049.697148679901147, 1641103.170913111185655 ], [ 241363.410202454950195, 1642006.799506223294884 ], [ 240266.361472847289406, 1642018.617487201467156 ], [ 240580.261939216085011, 1642922.250591085990891 ], [ 238386.178401558165206, 1642946.021644066786394 ], [ 237444.879492283042055, 1640235.204666377045214 ], [ 236347.773568117176183, 1640247.18821696517989 ], [ 236034.328890784468967, 1639343.61432963469997 ], [ 234937.19790130952606, 1639355.655484385089949 ], [ 235878.094342808006331, 1642066.390770418569446 ], [ 233683.917024853348266, 1642090.578252320876345 ], [ 234940.96390502009308, 1645705.000650333240628 ], [ 233843.935503500921186, 1645717.139434355078265 ], [ 234158.639335501589812, 1646620.767678307369351 ], [ 233061.621421825839207, 1646632.949141871649772 ], [ 233691.573938499263022, 1648440.226762814912945 ], [ 234788.5561238914961, 1648428.060520030092448 ], [ 235103.769074763229582, 1649331.72515459661372 ], [ 236200.726058072526939, 1649319.6169201831799 ], [ 236516.0908370706602, 1650223.301418100716546 ], [ 235419.151726414391305, 1650235.40195620059967 ], [ 235734.704076080117375, 1651139.090943289687857 ], [ 236831.625306844362058, 1651126.998125095153227 ], [ 238095.460038723918842, 1654741.907413847511634 ], [ 236998.610399798548315, 1654753.969116227701306 ], [ 236682.379285625938792, 1653850.231202283874154 ], [ 235585.504458845767658, 1653862.351216742303222 ], [ 235269.425120478495955, 1652958.633326047100127 ], [ 236366.3178584423149, 1652946.505547831533477 ], [ 236050.426121008465998, 1652042.792134336661547 ], [ 234953.515479091962334, 1652054.92765267775394 ], [ 234637.775537435954902, 1651151.234178137267008 ], [ 233540.839660531783011, 1651163.427831429056823 ], [ 233225.251522285398096, 1650259.754203135147691 ], [ 232128.290368029032834, 1650272.005915563553572 ], [ 231812.854040815553162, 1649368.352040872676298 ], [ 230715.867566838336643, 1649380.661736648762599 ], [ 231031.321805115789175, 1650284.308023041579872 ], [ 229934.345803155563772, 1650296.660527383442968 ], [ 230249.987696342926938, 1651200.311320002423599 ], [ 229153.022162489127368, 1651212.706665140809491 ], [ 228837.362331749522127, 1650309.063430413138121 ], [ 227740.371360498073045, 1650321.516733961645514 ], [ 228371.89666229969589, 1652128.800180346472189 ], [ 229468.851731947506778, 1652116.361962190596387 ], [ 229784.851037341926713, 1653020.029339971020818 ], [ 230881.780674352543429, 1653007.649181447224692 ], [ 231514.252556036342867, 1654815.035534082911909 ], [ 235901.753491424256936, 1654766.081343281082809 ], [ 236218.172215463710018, 1655669.823724202346057 ], [ 232927.611404572031461, 1655706.440300134010613 ], [ 233561.065650226839352, 1657513.915143917314708 ], [ 232464.233274430327583, 1657526.20630740118213 ], [ 232147.403319213364739, 1656622.470525700598955 ], [ 231050.545562792685814, 1656634.820027285953984 ], [ 230733.867341403034516, 1655731.104142087046057 ], [ 229636.98416193475714, 1655743.511905910912901 ], [ 230270.546315294748638, 1657550.940480229910463 ], [ 229173.691671229025815, 1657563.383493223926052 ], [ 228856.807722372584976, 1656659.67080079484731 ], [ 227759.927577638998628, 1656672.172076385933906 ], [ 228393.901250701397657, 1658479.59429688565433 ], [ 230587.581983133684844, 1658454.673009996768087 ], [ 230904.787374709092546, 1659358.417726214043796 ], [ 233098.4023182624951, 1659333.714535312959924 ], [ 232781.23294170218287, 1658429.954304416431114 ], [ 233878.047331686713733, 1658417.670915053924546 ], [ 234830.010577378852759, 1661129.011848466470838 ], [ 233733.250188143167179, 1661141.271773116197437 ], [ 234050.928675926057622, 1662045.068817258113995 ], [ 235147.671050483942963, 1662032.81676167389378 ], [ 235783.501066901662853, 1663840.463603134732693 ], [ 233590.081094919529278, 1663864.986899058800191 ], [ 233272.045174758299254, 1662961.173109168186784 ], [ 232175.306122796435375, 1662973.518827071879059 ], [ 232493.36009137815563, 1663877.324754337780178 ], [ 231396.631702359882183, 1663889.71341691701673 ], [ 231714.873443308053538, 1664793.523782870499417 ], [ 232811.583767022879329, 1664781.142979717347771 ], [ 233129.977146963239647, 1665684.973521894076839 ], [ 237516.672793801641092, 1665635.990437029860914 ], [ 237835.1636531741824, 1666539.865212932461873 ], [ 235641.8665323931491, 1666564.239036919781938 ], [ 235960.563167805841658, 1667468.110211616149172 ], [ 233767.273008600866888, 1667492.671631474047899 ], [ 234086.175484750419855, 1668396.539236346259713 ], [ 235182.806138150452171, 1668384.241051433607936 ], [ 235501.860215872293338, 1669288.129053658805788 ], [ 236598.465480587095954, 1669275.889841827331111 ], [ 237237.046497512608767, 1671083.719305189792067 ], [ 236140.477418200694956, 1671095.942380138672888 ], [ 236460.040537265944295, 1671999.86774205439724 ], [ 235363.482293429842684, 1672012.133761159842834 ], [ 235683.233207742217928, 1672916.063512782100588 ], [ 236779.773331231437624, 1672903.805594897596166 ], [ 237419.747932787460741, 1674711.718848919961601 ], [ 236323.244071503053419, 1674723.96049254364334 ], [ 236643.504015408165287, 1675627.927758485544473 ], [ 235547.011036520882044, 1675640.212387284263968 ], [ 236188.076259134162683, 1677448.168201859109104 ], [ 237284.532913383154664, 1677435.899937147740275 ], [ 237605.301861905492842, 1678339.904887796379626 ], [ 239798.157163629308343, 1678315.538510339334607 ], [ 240440.131369036447722, 1680123.619407516671345 ], [ 239343.743646894959966, 1680135.760361397638917 ], [ 239986.432780856615864, 1681943.875288971001282 ], [ 238890.074254849139834, 1681956.050875951303169 ], [ 239533.478371805249481, 1683764.19984809611924 ], [ 238437.149079183815047, 1683776.41008166084066 ], [ 240048.71931520223734, 1688296.96316771931015 ], [ 241144.957421023573261, 1688284.79510770062916 ], [ 240822.322335771284997, 1687380.650512911146507 ], [ 241918.571560280484846, 1687368.525479075498879 ], [ 242241.188403670996195, 1688272.678583851782605 ], [ 243337.412293355620932, 1688260.613594387890771 ], [ 242692.384691495040897, 1686452.303149808198214 ], [ 243788.637956056394614, 1686440.272589147556573 ], [ 243466.396797058725497, 1685536.128090350190178 ], [ 247851.412372678460088, 1685488.486265788320452 ], [ 248173.58079644839745, 1686392.665097321849316 ], [ 245981.12335938072647, 1686416.365896589122713 ], [ 246303.497733418509597, 1687320.540399882942438 ], [ 247399.711746572400443, 1687308.672885288717225 ], [ 247722.237526805489324, 1688212.868944966001436 ], [ 246626.041706809832249, 1688224.727814580081031 ], [ 246948.755276794632664, 1689128.92815997521393 ], [ 248044.932896527316188, 1689117.077959510730579 ], [ 248367.797852990566753, 1690021.29994825203903 ], [ 249463.950342932803323, 1690009.510020702611655 ], [ 249141.103584098134888, 1689105.279311627382413 ], [ 252429.574355928605655, 1689070.192666122922674 ], [ 252106.951689995679772, 1688165.948704938637093 ], [ 251010.783456293313066, 1688177.601482643280178 ], [ 250688.312197189370636, 1687273.379326002206653 ], [ 249592.118948240939062, 1687285.092350085033104 ], [ 248947.648838918481488, 1685476.704421079950407 ], [ 250043.878394548519282, 1685464.974017462693155 ], [ 250366.01050902766292, 1686369.170177384279668 ], [ 251462.215044182259589, 1686357.499917834298685 ], [ 251140.101069783326238, 1685453.29505320917815 ], [ 253332.525899965985445, 1685430.09143591998145 ], [ 253654.603623313189019, 1686334.313790978863835 ], [ 255846.965082309790887, 1686311.333509079646319 ], [ 256169.176131606654963, 1687215.586572019150481 ], [ 257265.328667908412172, 1687204.1824825941585 ], [ 256621.112297820334788, 1685395.671762459678575 ], [ 254428.728115353122121, 1685418.566779467510059 ], [ 254106.838051019818522, 1684514.348704573931172 ], [ 255203.05160109809367, 1684502.866692032897845 ], [ 253596.234960055036936, 1679981.928048187168315 ], [ 255788.822457466914784, 1679959.030664374586195 ], [ 255468.003864464320941, 1679054.864565977128223 ], [ 254371.695462047791807, 1679066.296322520123795 ], [ 254051.028389704966685, 1678162.151901305653155 ], [ 252954.695185707358178, 1678173.643545023631305 ], [ 252313.833662423217902, 1676365.410784977953881 ], [ 251217.45758414035663, 1676376.970811608014628 ], [ 251537.821593278407818, 1677281.072161247720942 ], [ 250441.456698640278773, 1677292.674805206479505 ], [ 249800.862183020886732, 1675484.502045520348474 ], [ 251993.657251746219117, 1675461.313760668504983 ], [ 251673.650412022107048, 1674557.22961463383399 ], [ 250577.238294624228729, 1674568.806713486555964 ], [ 249618.181223252671771, 1671856.656782545149326 ], [ 250714.647345852543367, 1671845.054255041526631 ], [ 250395.318817225372186, 1670941.021431071683764 ], [ 251491.796043409121921, 1670929.461473832139745 ], [ 252130.58671975316247, 1672737.556858336087316 ], [ 253227.021148841071408, 1672726.064886705251411 ], [ 252907.558998620748753, 1671822.002275236183777 ], [ 255100.443396691902308, 1671799.15438438532874 ], [ 255419.869625170453219, 1672703.234089517965913 ], [ 254323.448773886048002, 1672714.623964327853173 ], [ 254643.062516172853066, 1673618.708001889521256 ], [ 253546.652863936848007, 1673630.140367009909824 ], [ 253866.454141184396576, 1674534.228735256241634 ], [ 252770.055684119579382, 1674545.703622456407174 ], [ 253090.044517501286464, 1675449.79631962813437 ], [ 254186.424977870454313, 1675438.330010579200462 ], [ 254506.565371261793189, 1676342.444212130038068 ], [ 253410.20291470902157, 1676353.901919050142169 ], [ 253730.530873019917635, 1677258.020439882529899 ], [ 258115.868241553602275, 1677212.531215971335769 ], [ 257155.608924869768089, 1674500.110686645144597 ], [ 258251.980424487323035, 1674488.840202518971637 ], [ 257293.300782313424861, 1671776.510569022968411 ], [ 258389.71942115566344, 1671765.26518547302112 ], [ 258070.516535093542188, 1670861.172606551088393 ], [ 259166.94642212492181, 1670849.969592374749482 ], [ 260764.566521752858534, 1675370.605834032874554 ], [ 258571.879370767826913, 1675392.976060626329854 ], [ 258891.947845308255637, 1676297.124940865440294 ], [ 259988.276777072955156, 1676285.923003807431087 ], [ 260628.886367531609721, 1678094.277454043272883 ], [ 261725.172771806537639, 1678083.144266453338787 ], [ 262366.424472742015496, 1679891.568828840972856 ], [ 263462.66838992619887, 1679880.504593244986609 ], [ 263783.530520723084919, 1680784.745525984326378 ], [ 262687.304575374582782, 1680795.80085022142157 ], [ 263329.573271445697173, 1682604.304470160510391 ], [ 264425.763251895434223, 1682593.267040831968188 ], [ 264747.133846873999573, 1683497.547661750810221 ], [ 265843.299357621348463, 1683486.57057792134583 ], [ 266164.82144477230031, 1684390.873501782072708 ], [ 267260.96252824383555, 1684379.956839990103617 ], [ 268548.673584936303087, 1687997.338336793938652 ], [ 269644.73630641924683, 1687986.509657053276896 ], [ 270612.24484610313084, 1690699.714260157430544 ], [ 269516.236165170441382, 1690710.515238922555 ], [ 269193.545854497584514, 1689806.109491468174383 ], [ 268097.512804300757125, 1689816.971275986870751 ], [ 269389.362881315639243, 1693434.638113341061398 ], [ 268293.395653938292526, 1693445.514486866770312 ], [ 268616.799862852145452, 1694349.955615533515811 ], [ 267520.844342747703195, 1694360.874374581500888 ], [ 267197.422056141193025, 1693456.442519607488066 ], [ 266101.44205775676528, 1693467.422213171375915 ], [ 266748.492270073620602, 1695276.280884382547811 ], [ 267844.436086687026545, 1695265.319708419730887 ], [ 268168.197285260888748, 1696169.778540820581838 ], [ 267072.271570083568804, 1696180.730421570129693 ], [ 267396.220329057774507, 1697085.193452744977549 ], [ 266300.30633033066988, 1697096.18778452463448 ], [ 267273.223730656551197, 1699809.630016000242904 ], [ 268369.083332763519138, 1699798.663707569008693 ], [ 268693.709900587331504, 1700703.180912174284458 ], [ 269789.545003227423877, 1700692.275872173253447 ], [ 270764.386916977819055, 1703405.937519039493054 ], [ 272955.92936708900379, 1703384.340105162700638 ], [ 273281.179235964082181, 1704288.940424333093688 ], [ 272185.429287987644784, 1704299.703584603499621 ], [ 272510.866722689243034, 1705204.308056495850906 ], [ 273606.598518513317686, 1705193.554489053087309 ], [ 273932.187212045420893, 1706098.182319283718243 ], [ 272836.473575365263969, 1706108.92626946629025 ], [ 273162.249843320809305, 1707013.558243482373655 ], [ 272066.548147772438824, 1707024.344616587506607 ], [ 271415.128682438284159, 1705215.113634511595592 ], [ 270319.384367646882311, 1705225.971224690089002 ], [ 270645.027567746990826, 1706130.570284222485498 ], [ 267357.811268988880329, 1706163.426616269629449 ], [ 267683.678513406426646, 1707068.010787146631628 ], [ 269875.125961241777986, 1707046.073563039768487 ], [ 270201.126219456258696, 1707950.690481753554195 ], [ 265818.278728068922646, 1707994.735150404740125 ], [ 266144.521351600065827, 1708899.32762872823514 ], [ 265048.811746945255436, 1708910.459574650740251 ], [ 264396.459449771908112, 1707101.307172170840204 ], [ 263300.706870279158466, 1707112.510120064485818 ], [ 263953.095695917785633, 1708921.643652141327038 ], [ 262857.373168410093058, 1708932.879862844478339 ], [ 260251.739343286899384, 1701696.745240146061406 ], [ 261347.607894303189823, 1701685.434350528288633 ], [ 261022.684604100766592, 1700780.968884761910886 ], [ 258830.904465052502928, 1700803.661005794070661 ], [ 260783.205455673654797, 1706230.544556273613125 ], [ 259687.415014853293542, 1706241.91306415409781 ], [ 260013.410035361739574, 1707146.43144547031261 ], [ 261109.182193190354155, 1707135.07225505518727 ], [ 261435.328420314064715, 1708039.613465815316886 ], [ 259243.814108112623217, 1708062.365273979026824 ], [ 259570.166425940522458, 1708966.901310793124139 ], [ 261761.644134314003168, 1708944.168208412593231 ], [ 262088.129332471376983, 1709848.736502728657797 ], [ 266470.933431266923435, 1709803.933756717480719 ], [ 267124.265948141226545, 1711613.187041535507888 ], [ 268219.91434986051172, 1711602.13587694033049 ], [ 268546.816505440510809, 1712506.792673252988607 ], [ 269642.440283803618513, 1712495.803344542859122 ], [ 269969.493604253861122, 1713400.483546084491536 ], [ 271065.092801874503493, 1713389.55613022739999 ], [ 270738.057745094993152, 1712484.866250597406179 ], [ 271833.668919404735789, 1712473.981389808468521 ], [ 271506.821533899987116, 1711569.29563285713084 ], [ 269315.556394665385596, 1711591.136921705678105 ], [ 268662.296921158500481, 1709781.845331975026056 ], [ 267566.618364421883598, 1709792.86346668517217 ], [ 267240.224539980874397, 1708888.247812736546621 ], [ 273814.31061431299895, 1708822.863554626470432 ], [ 273488.195523870992474, 1707918.203998531447724 ], [ 274583.872821302386001, 1707907.479356222786009 ], [ 274909.969731649907771, 1708812.148602958535776 ], [ 276005.622673519013915, 1708801.48576840152964 ], [ 276331.870806741004344, 1709706.178602860774845 ], [ 275236.236042228993028, 1709716.831695259315893 ], [ 275562.671750347828493, 1710621.528653191635385 ], [ 274467.049014135147445, 1710632.224150100722909 ], [ 275120.46502125391271, 1712441.640190417412668 ], [ 277311.631539078371134, 1712420.340527472784743 ], [ 277638.557218467409257, 1713325.089043169980869 ], [ 275447.427120824111626, 1713346.369052646914497 ], [ 275774.558614148409106, 1714251.111836434341967 ], [ 274679.002576638944447, 1714261.82041038852185 ], [ 275006.321699641179293, 1715166.56730057974346 ], [ 276101.859498531732243, 1715155.86856194329448 ], [ 276429.329771291697398, 1716060.639249354368076 ], [ 275333.810217975173146, 1716071.328128088265657 ], [ 275661.468128951615654, 1716976.102913106326014 ], [ 276756.969429735909216, 1716965.423918873537332 ], [ 278069.221866571926512, 1720584.702822856605053 ], [ 280260.060102115559857, 1720563.581811577314511 ], [ 280588.510103399690706, 1721468.456791948294267 ], [ 279493.112277828040533, 1721478.981001567095518 ], [ 280150.556901064584963, 1723288.753244552528486 ], [ 281245.918170354096219, 1723278.249232524540275 ], [ 281904.003638614783995, 1725088.09844887861982 ], [ 284094.635129007161595, 1725067.288822549395263 ], [ 281466.649854857474566, 1717828.07012446038425 ], [ 283657.54949853225844, 1717807.308194200042635 ], [ 283329.849809432111215, 1716902.449499990325421 ] ], [ [ 281138.913753914879635, 1716923.231545842485502 ], [ 280811.34700818231795, 1716018.407068008789793 ], [ 283002.319461672566831, 1715997.604955790331587 ], [ 283329.849809432111215, 1716902.449499990325421 ], [ 281138.913753914879635, 1716923.231545842485502 ] ], [ [ 289134.695395494345576, 1717756.31998749054037 ], [ 288479.647043100150768, 1715946.515347772277892 ], [ 289575.095048030081671, 1715936.454386572819203 ], [ 290230.107121755660046, 1717746.279468820663169 ], [ 289134.695395494345576, 1717756.31998749054037 ] ], [ [ 287384.193241128814407, 1715956.628627116791904 ], [ 287056.90488899522461, 1715051.757853810675442 ], [ 288152.376829613815062, 1715041.634417155291885 ], [ 288479.647043100150768, 1715946.515347772277892 ], [ 287384.193241128814407, 1715956.628627116791904 ] ], [ [ 290408.984182341897395, 1696866.269055526005104 ], [ 290732.724001474038232, 1697770.947497927350923 ], [ 289636.95582570967963, 1697780.845091803465039 ], [ 289313.198084062954877, 1696876.176534017082304 ], [ 290408.984182341897395, 1696866.269055526005104 ] ], [ [ 283710.463369591510855, 1699650.579088404076174 ], [ 281518.910870545660146, 1699671.111978198867291 ], [ 280870.599828802165575, 1697861.88957289326936 ], [ 281966.415083829779178, 1697851.577802902553231 ], [ 282290.467914806678891, 1698756.191775470273569 ], [ 283386.259182592271827, 1698745.941502312896773 ], [ 283710.463369591510855, 1699650.579088404076174 ] ], [ [ 263597.390215196995996, 1677156.821208613924682 ], [ 263277.224008290446363, 1676252.624080019071698 ], [ 264373.526664847973734, 1676241.626729100011289 ], [ 264693.674947506166063, 1677145.832727009896189 ], [ 263597.390215196995996, 1677156.821208613924682 ] ], [ [ 262856.526210100040771, 1656297.216627592220902 ], [ 262540.36553982552141, 1655393.266484017251059 ], [ 261443.685852077003801, 1655404.208648056024686 ], [ 261127.676992538647028, 1654500.279778099386021 ], [ 262224.374385855975561, 1654489.329181555658579 ], [ 261592.900637561513577, 1652681.493024439550936 ], [ 263786.346463428984862, 1652659.709536355454475 ], [ 263155.621477618464269, 1650851.890956060495228 ], [ 266445.847176651703194, 1650819.543185195419937 ], [ 266130.791850916168187, 1649915.627828128635883 ], [ 267227.538408257067204, 1649904.937502398621291 ], [ 267857.783320855640341, 1651712.798058178275824 ], [ 266761.071996334125288, 1651723.471407164586708 ], [ 267076.466307288908865, 1652627.412512911017984 ], [ 264883.059567016665824, 1652648.893435645615682 ], [ 265514.427260375698097, 1654456.780299318023026 ], [ 264417.749489422014449, 1654467.579443769529462 ], [ 265049.830534193431959, 1656275.500829382566735 ], [ 262856.526210100040771, 1656297.216627592220902 ] ], [ [ 260496.167854560160777, 1652692.460415025474504 ], [ 260180.667581493587932, 1651788.569884220371023 ], [ 261277.418048602266936, 1651777.594132068334147 ], [ 261592.900637561513577, 1652681.493024439550936 ], [ 260496.167854560160777, 1652692.460415025474504 ] ], [ [ 262058.866521549760364, 1650862.774292778223753 ], [ 261743.740649621904595, 1649958.892571590840816 ], [ 262840.513256476144306, 1649948.000866459915414 ], [ 263155.621477618464269, 1650851.890956060495228 ], [ 262058.866521549760364, 1650862.774292778223753 ] ], [ [ 268655.980137890437618, 1657147.311960357706994 ], [ 268972.391340510454029, 1658051.330766289960593 ], [ 267875.79717428330332, 1658061.994537790771574 ], [ 267559.368292246712372, 1657157.984370613237843 ], [ 268655.980137890437618, 1657147.311960357706994 ] ], [ [ 276674.271782299387269, 1664327.576355685479939 ], [ 277770.704559176636394, 1664317.278347861487418 ], [ 278088.365250140370335, 1665221.455360976280645 ], [ 276991.950152473058552, 1665231.744377666851506 ], [ 276674.271782299387269, 1664327.576355685479939 ] ], [ [ 278549.657586146204267, 1663402.858391521731392 ], [ 278232.353376197861508, 1662498.698974706232548 ], [ 280425.25896560086403, 1662478.320690378313884 ], [ 280742.527892938582227, 1663382.498129496583715 ], [ 278549.657586146204267, 1663402.858391521731392 ] ], [ [ 279937.987030573887751, 1657947.475016644224524 ], [ 278841.455313469981775, 1657957.632999284658581 ], [ 278525.202798413054552, 1657053.535227530868724 ], [ 279621.752100079029333, 1657043.368335659848526 ], [ 279937.987030573887751, 1657947.475016644224524 ] ], [ [ 277428.647378837573342, 1657063.752664372790605 ], [ 277112.546688125759829, 1656159.676961867604405 ], [ 278209.119694630731829, 1656149.450666551012546 ], [ 278525.202798413054552, 1657053.535227530868724 ], [ 277428.647378837573342, 1657063.752664372790605 ] ], [ [ 282744.923771378409583, 1653386.768935134168714 ], [ 283841.513016738404986, 1653376.818804578157142 ], [ 283526.212737112073228, 1652472.733744671335444 ], [ 284622.813501217286102, 1652462.825088746612892 ], [ 285569.169976567849517, 1655175.147047065431252 ], [ 283376.067490655346774, 1655194.96097971405834 ], [ 282744.923771378409583, 1653386.768935134168714 ] ], [ [ 291669.04064228956122, 1650586.601029928540811 ], [ 291354.388021826162003, 1649682.48386760847643 ], [ 292450.994222483597696, 1649672.950998426182196 ], [ 292765.629446993116289, 1650577.077259638579562 ], [ 291669.04064228956122, 1650586.601029928540811 ] ], [ [ 313887.300502947473433, 1609613.208208778873086 ], [ 312790.117522590095177, 1609621.547258029691875 ], [ 312483.629270815639757, 1608717.742856964236125 ], [ 313580.829031811328605, 1608709.394889991497621 ], [ 313887.300502947473433, 1609613.208208778873086 ] ], [ [ 310162.096433177939616, 1605111.090235291747376 ], [ 309064.819095992716029, 1605119.571521045872942 ], [ 308759.143453879805747, 1604215.850869457470253 ], [ 309856.437554278760217, 1604207.360834955703467 ], [ 310162.096433177939616, 1605111.090235291747376 ] ], [ [ 310289.214086102321744, 1608734.585931922309101 ], [ 309191.998601346625946, 1608743.081042396603152 ], [ 308885.62919472088106, 1607839.316445189993829 ], [ 305593.900347287766635, 1607865.122361273970455 ], [ 305287.649749005446211, 1606961.39716749638319 ], [ 306384.914881542033982, 1606952.737460999051109 ], [ 306078.850365436868742, 1606049.016688294010237 ], [ 303884.281051195051987, 1606066.402446483494714 ], [ 303578.352175920794252, 1605162.712084798375145 ], [ 306870.248466397693846, 1605136.680915746605024 ], [ 307482.174632489855867, 1606944.12675315910019 ], [ 308579.429032377374824, 1606935.565042703412473 ], [ 307967.53645057848189, 1605128.10174744320102 ], [ 309064.819095992716029, 1605119.571521045872942 ], [ 310289.214086102321744, 1608734.585931922309101 ] ], [ [ 311386.424299086793326, 1608726.139870528131723 ], [ 311999.603607153054327, 1610533.744169435463846 ], [ 310902.426999031915329, 1610542.172480838373303 ], [ 310289.214086102321744, 1608734.585931922309101 ], [ 311386.424299086793326, 1608726.139870528131723 ] ], [ [ 313096.774992257822305, 1610525.364960084203631 ], [ 313403.601677314378321, 1611429.195981847355142 ], [ 312306.447096197749488, 1611437.566254590870813 ], [ 311999.603607153054327, 1610533.744169435463846 ], [ 313096.774992257822305, 1610525.364960084203631 ] ], [ [ 311209.287301189033315, 1611445.985656497301534 ], [ 310112.122261787764728, 1611454.454188809962943 ], [ 309805.245137389749289, 1610550.649895539274439 ], [ 310902.426999031915329, 1610542.172480838373303 ], [ 311209.287301189033315, 1611445.985656497301534 ] ], [ [ 308708.057991710840724, 1610559.176414789399132 ], [ 308401.333279810380191, 1609655.394204484997317 ], [ 309498.537249736778904, 1609646.858852960402146 ], [ 309805.245137389749289, 1610550.649895539274439 ], [ 308708.057991710840724, 1610559.176414789399132 ] ], [ [ 304190.379204354365356, 1606970.105873929103836 ], [ 303093.10321705363458, 1606978.863581585464999 ], [ 302786.988231670868117, 1606075.168786115711555 ], [ 303884.281051195051987, 1606066.402446483494714 ], [ 304190.379204354365356, 1606970.105873929103836 ] ], [ [ 308453.637058943510056, 1603312.14336114982143 ], [ 308148.299913701717742, 1602408.44897757191211 ], [ 309245.627519105153624, 1602399.941514288075268 ], [ 309550.947915417840704, 1603303.644600809551775 ], [ 308453.637058943510056, 1603312.14336114982143 ] ], [ [ 329306.152966698631644, 1576891.107853585621342 ], [ 328208.493860190734267, 1576898.59958386211656 ], [ 327908.493182950594928, 1575995.05985549534671 ], [ 329006.168597088311799, 1575987.559375100303441 ], [ 329306.152966698631644, 1576891.107853585621342 ] ], [ [ 302179.119636742980219, 1558073.20259174075909 ], [ 301882.379028034280054, 1557170.07986361393705 ], [ 302980.489719940698706, 1557161.546127829933539 ], [ 303277.214012127311435, 1558064.676648436114192 ], [ 302179.119636742980219, 1558073.20259174075909 ] ], [ [ 320935.601172547321767, 1561555.619531780947 ], [ 320044.636555913602933, 1558845.752567666815594 ], [ 321142.630422930466011, 1558837.995038506807759 ], [ 322033.546451100497507, 1561547.886882093502209 ], [ 320935.601172547321767, 1561555.619531780947 ] ], [ [ 323251.2566356388852, 1555201.898303617024794 ], [ 322153.213099966291338, 1555209.546441124984995 ], [ 322449.30684777663555, 1556112.796274002641439 ], [ 321351.274480264051817, 1556120.483591734431684 ], [ 320759.223893659189343, 1554314.013144784606993 ], [ 322955.348200798674952, 1554298.652997702360153 ], [ 323251.2566356388852, 1555201.898303617024794 ] ], [ [ 335452.337961586308666, 1535207.573049738071859 ], [ 334354.024452389974613, 1535214.601637006737292 ], [ 334062.092860438453499, 1534311.505429118406028 ], [ 335160.422188303549774, 1534304.468623435590416 ], [ 335452.337961586308666, 1535207.573049738071859 ] ], [ [ 330837.72339499136433, 1537952.450876697199419 ], [ 331130.394916689197998, 1538855.565244466532022 ], [ 330032.121401663403958, 1538862.795296851312742 ], [ 329739.433988876873627, 1537959.689099313691258 ], [ 330837.72339499136433, 1537952.450876697199419 ] ], [ [ 332228.66369957360439, 1538848.382105731405318 ], [ 332521.488467749324627, 1539751.517427514307201 ], [ 331423.235574463382363, 1539758.69234693585895 ], [ 331130.394916689197998, 1538855.565244466532022 ], [ 332228.66369957360439, 1538848.382105731405318 ] ], [ [ 324321.743150186724961, 1541616.409654721850529 ], [ 323223.483547849755269, 1541623.944060795009136 ], [ 322930.177078338689171, 1540720.856564113171771 ], [ 324028.452654629130848, 1540713.314112003659829 ], [ 324321.743150186724961, 1541616.409654721850529 ] ], [ [ 297744.853690775227733, 1530950.11568282591179 ], [ 298036.618664463690948, 1531852.915199134033173 ], [ 296938.071254219219554, 1531861.517965337261558 ], [ 296646.290202526841313, 1530958.725684588775039 ], [ 297744.853690775227733, 1530950.11568282591179 ] ], [ [ 295839.51814785314491, 1531870.167462165933102 ], [ 294740.959314509993419, 1531878.863690903410316 ], [ 294449.146080402424559, 1530976.085799928056076 ], [ 295547.721009352826513, 1530967.382389861624688 ], [ 295839.51814785314491, 1531870.167462165933102 ] ], [ [ 292411.196333873493131, 1524656.972808707505465 ], [ 292120.738241594750434, 1523754.289640415692702 ], [ 293219.441670365165919, 1523745.529563577380031 ], [ 293509.883725965744816, 1524648.219739133724943 ], [ 292411.196333873493131, 1524656.972808707505465 ] ], [ [ 292000.829288072069176, 1516515.661927391309291 ], [ 290902.00370799319353, 1516524.431011426961049 ], [ 290035.759773329889867, 1513816.711746376473457 ], [ 291134.633215405803639, 1513807.922208277508616 ], [ 292000.829288072069176, 1516515.661927391309291 ] ], [ [ 283104.45786733465502, 1526543.121244630776346 ], [ 283395.569081726018339, 1527445.777374129509553 ], [ 282296.870436282013543, 1527454.97532732761465 ], [ 282005.743074991623871, 1526552.325999178458005 ], [ 283104.45786733465502, 1526543.121244630776346 ] ], [ [ 284494.261647467268631, 1527436.626030531944707 ], [ 285076.960156702785753, 1529241.986936638131738 ], [ 283978.299889293673914, 1529251.124558061128482 ], [ 283395.569081726018339, 1527445.777374129509553 ], [ 284494.261647467268631, 1527436.626030531944707 ] ], [ [ 281780.961137498961762, 1529269.539793693460524 ], [ 282364.434475575864781, 1531074.906201213365421 ], [ 280167.136008299072273, 1531093.480863871052861 ], [ 279875.282208200485911, 1530190.805479841306806 ], [ 280973.95071334275417, 1530181.487980322446674 ], [ 280682.282591373077594, 1529278.817410635296255 ], [ 281780.961137498961762, 1529269.539793693460524 ] ], [ [ 252334.698009063227801, 1540398.721131114987656 ], [ 252923.222720145509811, 1542203.967848462052643 ], [ 251824.577138972381363, 1542214.560146492673084 ], [ 251236.019332885189215, 1540409.325975683517754 ], [ 252334.698009063227801, 1540398.721131114987656 ] ], [ [ 254021.861376852728426, 1542193.422640271950513 ], [ 254316.361669901642017, 1543096.069133075186983 ], [ 253217.739562876871787, 1543106.608007979812101 ], [ 252923.222720145509811, 1542203.967848462052643 ], [ 254021.861376852728426, 1542193.422640271950513 ] ], [ [ 256299.445977479655994, 1545793.603601910406724 ], [ 255200.880421799229225, 1545804.076148448511958 ], [ 254905.871194976178231, 1544901.395870323292911 ], [ 256004.453313675621757, 1544890.916897440096363 ], [ 255414.976892301579937, 1543085.577373517677188 ], [ 256513.585260917025153, 1543075.132727750344202 ], [ 257693.15044070238946, 1546685.882747796131298 ], [ 256594.608273220772389, 1546696.301623889477924 ], [ 256299.445977479655994, 1545793.603601910406724 ] ], [ [ 290197.598051726236008, 1538251.501085915602744 ], [ 291296.078648875642102, 1538242.574180731317028 ], [ 291589.327770403819159, 1539145.411515945801511 ], [ 290490.863380673457868, 1539154.331227535149083 ], [ 290197.598051726236008, 1538251.501085915602744 ] ], [ [ 296647.44614624150563, 1544536.341424841899425 ], [ 297236.38777494156966, 1546342.240595947718248 ], [ 296138.070527623582166, 1546350.96045171120204 ], [ 295549.096427260548808, 1544545.076160029275343 ], [ 296647.44614624150563, 1544536.341424841899425 ] ], [ [ 298334.699344249209389, 1546333.567909770645201 ], [ 298629.407956642739009, 1547236.543211112730205 ], [ 297531.112625266076066, 1547245.208397418726236 ], [ 297236.38777494156966, 1546342.240595947718248 ], [ 298334.699344249209389, 1546333.567909770645201 ] ], [ [ 298121.070385428378358, 1549051.180519306799397 ], [ 299219.333219023537822, 1549042.530398906208575 ], [ 299514.549864040804096, 1549945.542320284061134 ], [ 298416.303290290408768, 1549954.184874623082578 ], [ 299007.277137142315041, 1551760.230261394986883 ], [ 300105.491169306682423, 1551751.602905463660136 ], [ 300697.109811643720604, 1553557.712597379926592 ], [ 298500.741281910333782, 1553574.984121968504041 ], [ 298204.8147079051123, 1552671.938410794129595 ], [ 297106.605695068370551, 1552680.652854377869517 ], [ 296810.832167903194204, 1551777.626971319783479 ], [ 295712.601169294735882, 1551786.396327890921384 ], [ 296304.350201439519878, 1553592.445197629509494 ], [ 295206.146127778454684, 1553601.246820342028514 ], [ 294318.727671514032409, 1550892.214378603501245 ], [ 295416.980697163613513, 1550883.390184082090855 ], [ 293941.418875814706553, 1546368.541677173459902 ], [ 295039.747571513406001, 1546359.727478353306651 ], [ 295334.504924324457534, 1547262.680361416656524 ], [ 297531.112625266076066, 1547245.208397418726236 ], [ 298121.070385428378358, 1549051.180519306799397 ] ], [ [ 299809.935848297202028, 1550848.566483299480751 ], [ 300908.160552068264224, 1550839.978820979129523 ], [ 301203.699607522110455, 1551743.022880512988195 ], [ 300105.491169306682423, 1551751.602905463660136 ], [ 299809.935848297202028, 1550848.566483299480751 ] ], [ [ 297402.548575894965325, 1553583.690965270856395 ], [ 297994.942388568655588, 1555389.803940690588206 ], [ 296896.77666744904127, 1555398.542960258200765 ], [ 296304.350201439519878, 1553592.445197629509494 ], [ 297402.548575894965325, 1553583.690965270856395 ] ], [ [ 297193.243931911885738, 1556301.610220251139253 ], [ 296095.088875941350125, 1556310.389071851735935 ], [ 295798.605264955782332, 1555407.329424397088587 ], [ 296896.77666744904127, 1555398.542960258200765 ], [ 297193.243931911885738, 1556301.610220251139253 ] ], [ [ 291319.619697008398362, 1551821.947128634899855 ], [ 292417.873748296522535, 1551812.988419653149322 ], [ 292713.712562611268368, 1552715.984261196805164 ], [ 293811.944469420879614, 1552707.08036200935021 ], [ 294404.097551960847341, 1554513.123486342839897 ], [ 293305.898337382124737, 1554522.012379688210785 ], [ 293009.72075980680529, 1553618.992242050822824 ], [ 291911.499403972760774, 1553627.936043676454574 ], [ 291319.619697008398362, 1551821.947128634899855 ] ], [ [ 292182.897386818774976, 1564491.737562525086105 ], [ 291586.853957306244411, 1562685.501307432539761 ], [ 292684.928688421379775, 1562676.490369509905577 ], [ 292387.177500316232909, 1561773.383010457735509 ], [ 293485.26287942007184, 1561764.412109243916348 ], [ 293782.997625260031782, 1562667.527100890642032 ], [ 294881.060798549791798, 1562658.611500246450305 ], [ 295477.005508905043826, 1564464.893751474563032 ], [ 297673.048964576679282, 1564447.236483968561515 ], [ 298269.605323928757571, 1566253.599231410771608 ], [ 297171.619319879682735, 1566262.388421484036371 ], [ 296873.240025457635056, 1565359.208646873943508 ], [ 294677.218072008050513, 1565376.945874531054869 ], [ 294975.630282293597702, 1566280.110124232247472 ], [ 293877.627187341218814, 1566289.042639531893656 ], [ 293579.198505666456185, 1565385.886111628962681 ], [ 291383.14204018068267, 1565403.909838984021917 ], [ 291084.849772970075719, 1564500.78094744682312 ], [ 292182.897386818774976, 1564491.737562525086105 ] ], [ [ 294583.342486008594278, 1561755.488848901586607 ], [ 295681.416350814979523, 1561746.613228110130876 ], [ 295979.118239008705132, 1562649.743566257180646 ], [ 294881.060798549791798, 1562658.611500246450305 ], [ 294583.342486008594278, 1561755.488848901586607 ] ], [ [ 295383.883820445043966, 1560843.49520486802794 ], [ 294285.793538574886043, 1560852.378490194445476 ], [ 293988.413958755030762, 1559949.28040649346076 ], [ 297282.716877568571363, 1559922.750374432653189 ], [ 297580.047254888399038, 1560825.871466296492144 ], [ 298678.120468927372713, 1560817.131010441342369 ], [ 298975.60380179079948, 1561720.2721899272874 ], [ 297877.546977978548966, 1561729.004899927182123 ], [ 298175.216044335160404, 1562632.150692996336147 ], [ 297077.169977362966165, 1562640.923297609202564 ], [ 296779.484504560939968, 1561737.78524555452168 ], [ 295681.416350814979523, 1561746.613228110130876 ], [ 295383.883820445043966, 1560843.49520486802794 ] ], [ [ 294176.225236113532446, 1567192.21150385029614 ], [ 295274.211852403415833, 1567183.286732684122398 ], [ 295572.962779831141233, 1568086.475717623252422 ], [ 294474.992649477208033, 1568095.392722306773067 ], [ 294176.225236113532446, 1567192.21150385029614 ] ], [ [ 296670.927200464589987, 1568077.606543535366654 ], [ 296969.830998479155824, 1568980.815738661913201 ], [ 295871.883062062901445, 1568989.677096801344305 ], [ 295572.962779831141233, 1568086.475717623252422 ], [ 296670.927200464589987, 1568077.606543535366654 ] ], [ [ 298067.773264857474715, 1568972.002236909465864 ], [ 298366.829925402184017, 1569875.231731854146346 ], [ 297268.904141522478312, 1569884.037368177436292 ], [ 296969.830998479155824, 1568980.815738661913201 ], [ 298067.773264857474715, 1568972.002236909465864 ] ], [ [ 283794.072759397444315, 1569090.310938206734136 ], [ 282696.054388027871028, 1569099.746677360031754 ], [ 282396.93559329083655, 1568196.636975824600086 ], [ 283494.970556948217563, 1568187.193745886906981 ], [ 283794.072759397444315, 1569090.310938206734136 ] ], [ [ 272322.739368361770175, 1561040.044612046796829 ], [ 272620.618542628770228, 1561943.007370412815362 ], [ 271522.417646510410123, 1561952.883708712877706 ], [ 271224.521866318886168, 1561049.928045934997499 ], [ 272322.739368361770175, 1561040.044612046796829 ] ], [ [ 273113.050287238496821, 1570089.878275088733062 ], [ 272514.343717244337313, 1568283.779326261254027 ], [ 273612.4344900730066, 1568273.905422959942371 ], [ 273313.35213234310504, 1567370.866619584150612 ], [ 271117.130890263302717, 1567390.676708244020119 ], [ 270818.184708737535402, 1566487.664211934199557 ], [ 271916.31517971114954, 1566477.728076003026217 ], [ 271020.54372936434811, 1563768.740329998545349 ], [ 272118.717760717438068, 1563758.830526738427579 ], [ 273014.439277971978299, 1566467.839745727134869 ], [ 274112.557034243596718, 1566457.999219642253593 ], [ 273515.273123822058551, 1564651.966798856621608 ], [ 275711.556234944378957, 1564632.400207355851308 ], [ 274519.155306650849525, 1561020.420663550728932 ], [ 275617.353804382961243, 1561010.680146035738289 ], [ 275319.693885685468558, 1560107.707835114328191 ], [ 276417.902672615717165, 1560098.007771827979013 ], [ 277013.358869689865969, 1561903.978675959166139 ], [ 275915.183215055381879, 1561913.664353658445179 ], [ 276809.688373287383001, 1564622.688530837418512 ], [ 277907.81427445274312, 1564613.024598552379757 ], [ 278206.305028248461895, 1565516.063860248308629 ], [ 277108.195726235164329, 1565525.720499464776367 ], [ 277406.872558348462917, 1566428.764451991068199 ], [ 276308.773643710301258, 1566438.461574220797047 ], [ 276010.080196079041343, 1565535.424909999826923 ], [ 274911.958407058031298, 1565545.17709329049103 ], [ 275509.548042694106698, 1567351.247856013709679 ], [ 274411.453238623798825, 1567361.033322891918942 ], [ 275009.754132892470807, 1569167.137402486056089 ], [ 273911.686348585761152, 1569176.956173334270716 ], [ 274211.107705303118564, 1570080.0188882087823 ], [ 273113.050287238496821, 1570089.878275088733062 ] ], [ [ 271416.246589825721458, 1568293.701089375885203 ], [ 270318.143077103537507, 1568303.670713773230091 ], [ 270019.010693026939407, 1567400.653503145789728 ], [ 271117.130890263302717, 1567390.676708244020119 ], [ 271416.246589825721458, 1568293.701089375885203 ] ], [ [ 271423.929260610020719, 1578257.570978847099468 ], [ 271122.898710401263088, 1577354.436878942884505 ], [ 272220.847655692603439, 1577344.443923223298043 ], [ 272521.8614225985948, 1578247.585386210121214 ], [ 271423.929260610020719, 1578257.570978847099468 ] ], [ [ 262670.813624416827224, 1588304.97680527344346 ], [ 261572.989216589397984, 1588315.461550372652709 ], [ 261269.891131963871885, 1587412.283394714351743 ], [ 262367.732513454509899, 1587401.791362967109308 ], [ 262670.813624416827224, 1588304.97680527344346 ] ], [ [ 258961.278633707144763, 1583810.259227477014065 ], [ 257863.356019245198695, 1583820.876869452418759 ], [ 257561.071912928833626, 1582917.772471158765256 ], [ 256463.125582097651204, 1582928.445552844787017 ], [ 256160.99411707604304, 1582025.360024652676657 ], [ 258356.91392308610375, 1582004.048014933709055 ], [ 258961.278633707144763, 1583810.259227477014065 ] ], [ [ 257509.611946920806076, 1634583.808687889948487 ], [ 257821.837996684364043, 1635487.484139738371596 ], [ 258918.885330602526665, 1635476.511653748573735 ], [ 258606.676800013403408, 1634572.828205638099462 ], [ 259703.734964700532146, 1634561.897609374951571 ], [ 260015.925985554524232, 1635465.589080785866827 ], [ 261112.959991978219477, 1635454.716419237898663 ], [ 261425.303051832306664, 1636358.428488148609176 ], [ 260328.286552913923515, 1636369.293075984576717 ], [ 260953.516316450753948, 1638176.738711815327406 ], [ 259856.528233926306712, 1638187.63707458996214 ], [ 259231.263414902554359, 1636380.207602274836972 ], [ 257037.19709986858652, 1636402.186476670205593 ], [ 256412.540374985634116, 1634594.839057751698419 ], [ 257509.611946920806076, 1634583.808687889948487 ] ], [ [ 254058.682471033651382, 1637339.197889893548563 ], [ 254371.487453212728724, 1638242.878833031980321 ], [ 253274.459010458464036, 1638254.077185051050037 ], [ 252961.636440195143223, 1637350.404173158574849 ], [ 254058.682471033651382, 1637339.197889893548563 ] ], [ [ 253587.451169643813046, 1639157.762612441089004 ], [ 252490.433498452883214, 1639169.00304078287445 ], [ 252177.423734495823737, 1638265.32554102060385 ], [ 253274.459010458464036, 1638254.077185051050037 ], [ 253587.451169643813046, 1639157.762612441089004 ] ], [ [ 251080.381594899838092, 1638276.623902601655573 ], [ 251393.408973103942117, 1639180.293501764303073 ], [ 250296.377563172572991, 1639191.633997053373605 ], [ 249983.33256123578758, 1638287.972271461039782 ], [ 251080.381594899838092, 1638276.623902601655573 ] ], [ [ 248728.963387864117976, 1641021.794185279402882 ], [ 249042.552524603466736, 1641925.47725065308623 ], [ 246848.547054257971467, 1641948.461553150322288 ], [ 246534.922560238192091, 1641044.794186383485794 ], [ 248728.963387864117976, 1641021.794185279402882 ] ], [ [ 247162.341176928806817, 1642852.141245177481323 ], [ 246065.345644794084365, 1642863.700749065261334 ], [ 245751.533821990073193, 1641960.028889275854453 ], [ 246848.547054257971467, 1641948.461553150322288 ], [ 247162.341176928806817, 1642852.141245177481323 ] ], [ [ 243243.808609857107513, 1641079.669918301748112 ], [ 243557.486211154726334, 1641983.313939819810912 ], [ 242460.451771750609623, 1641995.031657675048336 ], [ 242146.756448976550018, 1641091.395363868912682 ], [ 243243.808609857107513, 1641079.669918301748112 ] ], [ [ 236352.653125744313002, 1646596.555594262667 ], [ 236667.490974511194509, 1647500.211228271247819 ], [ 234473.512876550492365, 1647524.408034069929272 ], [ 234158.639335501589812, 1646620.767678307369351 ], [ 236352.653125744313002, 1646596.555594262667 ] ], [ [ 240347.056295230140677, 1667419.598297506337985 ], [ 239709.977026959270006, 1665611.804026221157983 ], [ 240806.618352098361356, 1665599.787097460590303 ], [ 240488.351208966545528, 1664695.900616663973778 ], [ 241585.003375439555384, 1664683.926437396323308 ], [ 240949.014022567338543, 1662876.174780394416302 ], [ 242045.69500542365131, 1662864.235240016365424 ], [ 242999.879571092984406, 1665575.905784371076152 ], [ 244096.499525588180404, 1665564.041396520333365 ], [ 243778.286339135462185, 1664660.130536985350773 ], [ 244874.917196999303997, 1664648.308812334435061 ], [ 244556.89160204376094, 1663744.402351260185242 ], [ 245653.533367162017385, 1663732.62325785914436 ], [ 245335.69534246972762, 1662828.721197010716423 ], [ 243142.368866137316218, 1662852.346463827649131 ], [ 242507.129944658401655, 1661044.612459854688495 ], [ 244700.52816638967488, 1661020.95475108246319 ], [ 244066.039506304339739, 1659213.238414240768179 ], [ 246259.481137533148285, 1659189.751057198969647 ], [ 246576.60485336947022, 1660093.61918162368238 ], [ 245479.905451751692453, 1660105.329416924854741 ], [ 245797.216686508356361, 1661009.20195496105589 ], [ 247990.572696937713772, 1660985.848470580531284 ], [ 247673.297255670710001, 1660081.959620779147372 ], [ 248769.98268899411778, 1660070.350732671795413 ], [ 247819.227641269244486, 1657358.735139704309404 ], [ 248915.959711163915927, 1657347.152394757373258 ], [ 248599.398424730374245, 1656443.297521189088002 ], [ 251889.606608163536293, 1656408.82826144550927 ], [ 252522.791814149852144, 1658216.599745950428769 ], [ 253619.478504987288034, 1658205.227604213403538 ], [ 252986.328917685779743, 1656397.439622781937942 ], [ 254083.044401985418517, 1656386.101538604591042 ], [ 254399.516611774364719, 1657289.997460135724396 ], [ 255496.207514556037495, 1657278.7182194320485 ], [ 256129.625041142076952, 1659086.564801797736436 ], [ 255032.969733125384664, 1659097.827390064485371 ], [ 255349.95063927344745, 1660001.761436163913459 ], [ 257543.218912765587447, 1659979.303642491111532 ], [ 258177.61814621128724, 1661787.243635119171813 ], [ 257081.02299117698567, 1661798.430353429401293 ], [ 256763.720790081220912, 1660894.46238727378659 ], [ 255667.101105456997175, 1660905.708228189265355 ], [ 255984.421128977497574, 1661809.667785042198375 ], [ 254887.812529286718927, 1661820.955931614153087 ], [ 254253.306382746290183, 1660013.066323537379503 ], [ 253156.655339259334141, 1660024.4218734879978 ], [ 253473.841464700788492, 1660928.351975491037592 ], [ 251280.554593070730334, 1660951.198487895540893 ], [ 251597.946002041891916, 1661855.124677765648812 ], [ 250501.310149146505864, 1661866.615700893104076 ], [ 250818.889018846937688, 1662770.546281468588859 ], [ 249722.264163917425321, 1662782.079757004976273 ], [ 250040.030515547230607, 1663686.014726626919582 ], [ 248943.416654617991298, 1663697.590686522657052 ], [ 249579.493960692954715, 1665505.482074457453564 ], [ 248482.909017604426481, 1665517.092262346297503 ], [ 248801.219997680920642, 1666421.048674039775506 ], [ 247704.646057503094198, 1666432.701413348317146 ], [ 248023.144587555638282, 1667336.66220405115746 ], [ 245830.011722198163625, 1667360.103743325686082 ], [ 246148.715801572136115, 1668264.060632496839389 ], [ 245052.156851844280027, 1668275.849493099842221 ], [ 246009.340770820039324, 1670987.771263387054205 ], [ 244912.828822354611475, 1670999.586230918532237 ], [ 244593.579880278994096, 1670095.607941944850609 ], [ 240207.389257964590797, 1670143.410817701602355 ], [ 240526.71037229479407, 1671047.356191100319847 ], [ 241623.250643825624138, 1671035.337184033356607 ], [ 241942.723342406359734, 1671939.303337421035394 ], [ 240846.20113560842583, 1671951.314132192637771 ], [ 241165.861545142397517, 1672855.284659897210076 ], [ 240069.350273094867589, 1672867.338286750018597 ], [ 239430.162944262847304, 1671059.426212461199611 ], [ 238333.608329434413463, 1671071.547249895054847 ], [ 237376.045554990763776, 1668359.797501201974228 ], [ 236279.429484793508891, 1668371.993806987768039 ], [ 235960.563167805841658, 1667468.110211616149172 ], [ 240347.056295230140677, 1667419.598297506337985 ] ], [ [ 239852.325887242885074, 1662888.165086722001433 ], [ 239534.567714159347815, 1661984.316000040387735 ], [ 240631.273823129246011, 1661972.317665865644813 ], [ 240949.014022567338543, 1662876.174780394416302 ], [ 239852.325887242885074, 1662888.165086722001433 ] ], [ [ 245625.742568910180125, 1657382.052401241613552 ], [ 246722.488603969133692, 1657370.368474626913667 ], [ 247356.191424603341147, 1659178.083350706845522 ], [ 246259.481137533148285, 1659189.751057198969647 ], [ 245625.742568910180125, 1657382.052401241613552 ] ], [ [ 244528.989505748875672, 1657393.786921272054315 ], [ 244212.356785623094765, 1656489.964399746851996 ], [ 245309.127721589524299, 1656478.221832227427512 ], [ 245625.742568910180125, 1657382.052401241613552 ], [ 244528.989505748875672, 1657393.786921272054315 ] ], [ [ 247502.648510790459113, 1656454.888394669396803 ], [ 247186.238994240702596, 1655551.054178033024073 ], [ 248283.006745042395778, 1655539.455199705902487 ], [ 248599.398424730374245, 1656443.297521189088002 ], [ 247502.648510790459113, 1656454.888394669396803 ] ], [ [ 249119.700576011324301, 1667325.017773700412363 ], [ 249438.35074986028485, 1668228.999580265488476 ], [ 248341.812720278016059, 1668240.635677806800231 ], [ 248023.144587555638282, 1667336.66220405115746 ], [ 249119.700576011324301, 1667325.017773700412363 ] ], [ [ 245232.247384768445045, 1671903.577183215878904 ], [ 244135.74643669713987, 1671915.434864691691473 ], [ 243816.309838561952347, 1671011.452205702895299 ], [ 244912.828822354611475, 1670999.586230918532237 ], [ 245232.247384768445045, 1671903.577183215878904 ] ], [ [ 241596.124344702024246, 1686464.385189082007855 ], [ 241273.846759700682014, 1685560.257694654399529 ], [ 242370.12532436507172, 1685548.167166694067419 ], [ 242692.384691495040897, 1686452.303149808198214 ], [ 241596.124344702024246, 1686464.385189082007855 ] ], [ [ 240177.561072836862877, 1685572.399676012108102 ], [ 239855.434900697116973, 1684668.293395513901487 ], [ 240951.738808048336068, 1684656.142976593924686 ], [ 241273.846759700682014, 1685560.257694654399529 ], [ 240177.561072836862877, 1685572.399676012108102 ] ], [ [ 253275.380292863730574, 1679077.77931911428459 ], [ 252179.05832666659262, 1679089.313557452056557 ], [ 251858.355175030388637, 1678185.186403471976519 ], [ 252954.695185707358178, 1678173.643545023631305 ], [ 253275.380292863730574, 1679077.77931911428459 ] ], [ [ 252499.931045447941869, 1679993.453642383916304 ], [ 251403.62031324362033, 1680005.030507035320625 ], [ 251082.729533201287268, 1679100.899039233103395 ], [ 252179.05832666659262, 1679089.313557452056557 ], [ 252499.931045447941869, 1679993.453642383916304 ] ], [ [ 248704.454319513926748, 1675496.172892748843879 ], [ 248384.393402830552077, 1674592.114238048437983 ], [ 247287.96056789328577, 1674603.844667192781344 ], [ 246968.051208449614933, 1673699.807218885514885 ], [ 249160.946008221857483, 1673676.380607147235423 ], [ 249800.862183020886732, 1675484.502045520348474 ], [ 248704.454319513926748, 1675496.172892748843879 ] ], [ [ 251172.655070065258769, 1670025.433001259341836 ], [ 253365.624904418829829, 1670002.449131864355877 ], [ 253684.729965291917324, 1670906.494548408780247 ], [ 251491.796043409121921, 1670929.461473832139745 ], [ 251172.655070065258769, 1670025.433001259341836 ] ], [ [ 254143.182042194908718, 1669086.992578141856939 ], [ 255239.667892957979348, 1669075.619543255539611 ], [ 256196.875450917548733, 1671787.806968105025589 ], [ 255100.443396691902308, 1671799.15438438532874 ], [ 254143.182042194908718, 1669086.992578141856939 ] ], [ [ 256059.230731291434495, 1674511.432269030017778 ], [ 255739.465404275484616, 1673607.326711354311556 ], [ 256835.861558521981351, 1673595.996493727201596 ], [ 257155.608924869768089, 1674500.110686645144597 ], [ 256059.230731291434495, 1674511.432269030017778 ] ], [ [ 256379.165603507775813, 1675415.550781707279384 ], [ 255282.798663116031094, 1675426.91483183321543 ], [ 254962.845813485590043, 1674522.804951341589913 ], [ 256059.230731291434495, 1674511.432269030017778 ], [ 256379.165603507775813, 1675415.550781707279384 ] ], [ [ 269712.749022216536105, 1694339.088542727986351 ], [ 270036.304606385761872, 1695243.552499511977658 ], [ 272228.147842475620564, 1695221.992137297755107 ], [ 272551.836732107913122, 1696126.488420824287459 ], [ 273647.730891149607487, 1696115.795233613578603 ], [ 274295.58081213477999, 1697924.847600441658869 ], [ 273199.722780245239846, 1697935.521854042774066 ], [ 273848.286502314091194, 1699744.609907563542947 ], [ 274944.108379021054134, 1699733.954684859840199 ], [ 274619.759891180903651, 1698829.394293028395623 ], [ 275715.593657235731371, 1698818.781357764033601 ], [ 275067.441032448317856, 1697009.682615677127615 ], [ 276163.304739394632634, 1696999.102403533412144 ], [ 277460.215363140567206, 1700617.393060144269839 ], [ 274172.822484359901864, 1700649.17446654709056 ], [ 274497.527876832929906, 1701553.752740178257227 ], [ 275593.313570353435352, 1701543.116645769681782 ], [ 275918.170268483809195, 1702447.718254660721868 ], [ 278109.687022372032516, 1702426.621035272954032 ], [ 278434.676929467066657, 1703331.255754328100011 ], [ 275147.446882330696099, 1703362.950511023169383 ], [ 274822.402677051606588, 1702458.344748363597319 ], [ 273726.628902458702214, 1702469.023166820406914 ], [ 273077.012493214977439, 1700659.872007975354791 ], [ 271981.196269404725172, 1700670.621421666583046 ], [ 271656.62408212228911, 1699766.075885520549491 ], [ 269464.936571947997436, 1699787.749250747729093 ], [ 268492.127935773169156, 1697074.250891502248123 ], [ 269588.029180627549067, 1697063.360099184792489 ], [ 268616.799862852145452, 1694349.955615533515811 ], [ 269712.749022216536105, 1694339.088542727986351 ] ], [ [ 275472.660489986417815, 1704267.570048102643341 ], [ 276568.391856272995938, 1704256.962828999618068 ], [ 276893.75674057129072, 1705161.605834387475625 ], [ 274702.324100023368374, 1705182.852930602617562 ], [ 274051.691226506663952, 1703373.619331414811313 ], [ 275147.446882330696099, 1703362.950511023169383 ], [ 275472.660489986417815, 1704267.570048102643341 ] ], [ [ 277989.46385983703658, 1705151.060293498914689 ], [ 278314.980013822903857, 1706055.726863083429635 ], [ 277219.291014898219146, 1706066.262678584083915 ], [ 276893.75674057129072, 1705161.605834387475625 ], [ 277989.46385983703658, 1705151.060293498914689 ] ], [ [ 272630.848914577858523, 1702479.753511602524668 ], [ 271535.062683281314094, 1702490.535784287145361 ], [ 270885.373782787006348, 1700681.422709203325212 ], [ 271981.196269404725172, 1700670.621421666583046 ], [ 272630.848914577858523, 1702479.753511602524668 ] ], [ [ 276123.595901699038222, 1706076.850525411544368 ], [ 276449.317700390820391, 1706981.51150563871488 ], [ 274257.945313871197868, 1707002.823935006512329 ], [ 273932.187212045420893, 1706098.182319283718243 ], [ 276123.595901699038222, 1706076.850525411544368 ] ], [ [ 272392.512011153390631, 1707928.980732498457655 ], [ 271296.822253051563166, 1707939.809559708228335 ], [ 270970.840197115554474, 1707035.183055908652022 ], [ 272066.548147772438824, 1707024.344616587506607 ], [ 272392.512011153390631, 1707928.980732498457655 ] ], [ [ 278849.503143181093037, 1710589.755183239467442 ], [ 279502.773630927142221, 1712399.249759216792881 ], [ 278407.205623208661564, 1712409.769032287411392 ], [ 278080.467514876683708, 1711505.024624358396977 ], [ 275889.27685331646353, 1711526.239496843889356 ], [ 275562.671750347828493, 1710621.528653191635385 ], [ 278849.503143181093037, 1710589.755183239467442 ] ], [ [ 278523.12195890257135, 1709685.028844229876995 ], [ 279618.738406730699353, 1709674.532174887368456 ], [ 279945.101435822783969, 1710579.268361657392234 ], [ 278849.503143181093037, 1710589.755183239467442 ], [ 278523.12195890257135, 1709685.028844229876995 ] ], [ [ 277427.499435602396261, 1709695.577653037384152 ], [ 276775.208890726789832, 1707886.186340279411525 ], [ 277870.867722920258529, 1707875.617963513126597 ], [ 278523.12195890257135, 1709685.028844229876995 ], [ 277427.499435602396261, 1709695.577653037384152 ] ], [ [ 279931.779459204641171, 1719658.720963995438069 ], [ 278836.345105070213322, 1719669.265272476244718 ], [ 278508.215569332707673, 1718764.428549784934148 ], [ 279603.66817734122742, 1718753.874228862347081 ], [ 278947.953707501525059, 1716944.223014690447599 ], [ 280043.436744597100187, 1716933.701101623475552 ], [ 281355.47017657593824, 1720553.100007156841457 ], [ 280260.060102115559857, 1720563.581811577314511 ], [ 279931.779459204641171, 1719658.720963995438069 ] ], [ [ 281683.901919862197246, 1721457.985076326178387 ], [ 282012.503011913620867, 1722362.884323328500614 ], [ 280917.129460375406779, 1722373.345925469417125 ], [ 280588.510103399690706, 1721468.456791948294267 ], [ 281683.901919862197246, 1721457.985076326178387 ] ], [ [ 277524.843196910514962, 1716050.002705539111048 ], [ 276870.108504474745132, 1714240.455543340882286 ], [ 277965.652277687448077, 1714229.851529540028423 ], [ 278620.350524886744097, 1716039.418495079036802 ], [ 277524.843196910514962, 1716050.002705539111048 ] ], [ [ 279388.436190819949843, 1715124.086187117034569 ], [ 279061.189963862881996, 1714219.29979347367771 ], [ 280156.721593069145456, 1714208.80033359117806 ], [ 280483.949620340717956, 1715113.596670678351074 ], [ 279388.436190819949843, 1715124.086187117034569 ] ], [ [ 279003.058106329641305, 1698787.253426738083363 ], [ 278678.951226968609262, 1697882.668450680794194 ], [ 277583.117819876701105, 1697893.135561534902081 ], [ 276935.376164378947578, 1696084.026069467654452 ], [ 278031.245621339126956, 1696073.539808720815927 ], [ 277707.646900406165514, 1695168.996103065554053 ], [ 278803.528262023930438, 1695158.552004521014169 ], [ 280098.867406814591959, 1698776.847736163530499 ], [ 279003.058106329641305, 1698787.253426738083363 ] ], [ [ 280546.69836083392147, 1696957.299118195427582 ], [ 279899.403544021304697, 1695148.159605140332133 ], [ 280995.272776552475989, 1695137.818903394043446 ], [ 281642.531615354004316, 1696946.977679982315749 ], [ 280546.69836083392147, 1696957.299118195427582 ] ], [ [ 275515.865817683399655, 1695190.039403800154105 ], [ 275192.400463732541539, 1694285.52841662731953 ], [ 276288.312092139502056, 1694274.97142795776017 ], [ 276611.75942901300732, 1695179.491902310634032 ], [ 275515.865817683399655, 1695190.039403800154105 ] ], [ [ 270808.691851000534371, 1694328.273154565598816 ], [ 270485.3237684481428, 1693423.813397430116311 ], [ 272677.226642666733824, 1693402.318932086927816 ], [ 273000.5586375198327, 1694306.797425810713321 ], [ 270808.691851000534371, 1694328.273154565598816 ] ], [ [ 277384.217570957611315, 1694264.466114496113732 ], [ 277060.957635660248343, 1693359.949823189293966 ], [ 278156.874985840986483, 1693349.486666399752721 ], [ 278480.116930360789411, 1694254.012474695919082 ], [ 277384.217570957611315, 1694264.466114496113732 ] ], [ [ 249400.122897606517654, 1683656.620586498174816 ], [ 249078.499520631070482, 1682752.46327690477483 ], [ 250174.776573482493404, 1682740.758343250490725 ], [ 250496.381831693812273, 1683644.924285206245258 ], [ 249400.122897606517654, 1683656.620586498174816 ] ], [ [ 252688.879121387813939, 1683621.685831787995994 ], [ 252367.310071625513956, 1682717.502544081071392 ], [ 253463.566577382385731, 1682705.951675141230226 ], [ 253785.117537453799741, 1683610.143676239065826 ], [ 252688.879121387813939, 1683621.685831787995994 ] ], [ [ 241857.735343802865827, 1681015.597581956069916 ], [ 241536.511940837808652, 1680111.529743266757578 ], [ 242632.885392550029792, 1680099.491366867441684 ], [ 242954.090639883710537, 1681003.567603680770844 ], [ 241857.735343802865827, 1681015.597581956069916 ] ], [ [ 242311.849773751426255, 1679195.427863815799356 ], [ 241990.983786249038531, 1678291.377075434895232 ], [ 243087.3864185512939, 1678279.373206984717399 ], [ 243408.234274409624049, 1679183.43237241380848 ], [ 242311.849773751426255, 1679195.427863815799356 ] ], [ [ 248248.706248535716441, 1677316.033668224001303 ], [ 247928.288090677873697, 1676411.957872783066705 ], [ 249024.684828531171661, 1676400.244353795889765 ], [ 249345.08492714582826, 1677304.328640292864293 ], [ 248248.706248535716441, 1677316.033668224001303 ] ], [ [ 246648.311453960312065, 1672795.782514829654247 ], [ 246328.741307170741493, 1671891.770535999210551 ], [ 247425.228234196751146, 1671880.014921302674338 ], [ 247744.780357433046447, 1672784.035271377768368 ], [ 246648.311453960312065, 1672795.782514829654247 ] ], [ [ 260263.369667553139152, 1670838.817563399439678 ], [ 259944.37211327595287, 1669934.720666473265737 ], [ 261040.806631530227605, 1669923.610946411499754 ], [ 261359.786301658925368, 1670827.716517983237281 ], [ 260263.369667553139152, 1670838.817563399439678 ] ], [ [ 256795.40036482992582, 1667244.931601920863613 ], [ 257432.619369749620091, 1669053.026280225720257 ], [ 258529.085056355426786, 1669041.806048751110211 ], [ 258847.930974101676838, 1669945.881343068089336 ], [ 256655.028711851482512, 1669968.355572442524135 ], [ 255698.892196850210894, 1667256.219833933981135 ], [ 256795.40036482992582, 1667244.931601920863613 ] ], [ [ 253824.434043401328381, 1668182.964348861481994 ], [ 253187.44674116949318, 1666374.946335266344249 ], [ 254283.986324270721525, 1666363.547896692762151 ], [ 254920.937812080112053, 1668171.582822217838839 ], [ 253824.434043401328381, 1668182.964348861481994 ] ], [ [ 260863.082493133435491, 1666296.22516356385313 ], [ 261181.366236804926302, 1667200.287444950081408 ], [ 258988.396600208739983, 1667222.507772519951686 ], [ 258351.927243319019908, 1665414.430482930969447 ], [ 259448.451075528224465, 1665403.2777477693744 ], [ 259766.583138448680984, 1666307.318496622378007 ], [ 260863.082493133435491, 1666296.22516356385313 ] ], [ [ 257255.396742245764472, 1665425.634039496304467 ], [ 256301.91070711921202, 1662713.640125644626096 ], [ 257398.494739747780841, 1662702.411127104656771 ], [ 258351.927243319019908, 1665414.430482930969447 ], [ 257255.396742245764472, 1665425.634039496304467 ] ], [ [ 257573.564511832897551, 1666329.657704744488001 ], [ 255380.519126882427372, 1666352.200313195353374 ], [ 255062.315612280304777, 1665448.193623454542831 ], [ 257255.396742245764472, 1665425.634039496304467 ], [ 257573.564511832897551, 1666329.657704744488001 ] ], [ [ 259130.488542145380052, 1664499.249906216049567 ], [ 260227.023567628028104, 1664488.13943229848519 ], [ 260544.968269176490139, 1665392.175832368666306 ], [ 259448.451075528224465, 1665403.2777477693744 ], [ 259130.488542145380052, 1664499.249906216049567 ] ], [ [ 259909.248391187167726, 1663584.115944303572178 ], [ 261005.794613985024625, 1663573.047699747607112 ], [ 261323.551975291687995, 1664477.079749476164579 ], [ 260227.023567628028104, 1664488.13943229848519 ], [ 259909.248391187167726, 1663584.115944303572178 ] ], [ [ 258812.695540996443015, 1663595.234952927799895 ], [ 258495.072074784955475, 1662691.232868892140687 ], [ 259591.642742543655913, 1662680.105349359801039 ], [ 259909.248391187167726, 1663584.115944303572178 ], [ 258812.695540996443015, 1663595.234952927799895 ] ], [ [ 258639.842990396893583, 1659968.150732878595591 ], [ 259736.460402392869582, 1659957.048479221295565 ], [ 260688.206773347163107, 1662669.028566866414621 ], [ 259591.642742543655913, 1662680.105349359801039 ], [ 258639.842990396893583, 1659968.150732878595591 ] ], [ [ 259419.550671371311182, 1659053.080823746277019 ], [ 260516.179217962519033, 1659042.020754491910338 ], [ 260833.071179083111929, 1659945.99687988194637 ], [ 259736.460402392869582, 1659957.048479221295565 ], [ 259419.550671371311182, 1659053.080823746277019 ] ], [ [ 236880.20009600976482, 1663828.278158872621134 ], [ 235609.290861632267479, 1660213.002172625390813 ], [ 236706.054622481518891, 1660200.835788597818464 ], [ 236071.654084841837175, 1658393.256054125027731 ], [ 237168.446508722205181, 1658381.124578956980258 ], [ 238755.63056911304011, 1662900.206160767236724 ], [ 237658.928037850419059, 1662912.298004304990172 ], [ 237976.891860969917616, 1663816.143514678347856 ], [ 236880.20009600976482, 1663828.278158872621134 ] ], [ [ 276184.942328491364606, 1659796.59229356306605 ], [ 276501.755935925641097, 1660700.703033637721092 ], [ 277598.253187804832123, 1660690.419956972822547 ], [ 277915.218575871433131, 1661594.552836263319477 ], [ 276818.738965356722474, 1661604.826989910332486 ], [ 277135.891414136509411, 1662508.964181564049795 ], [ 276039.423300099442713, 1662519.280100231990218 ], [ 275088.421261887648143, 1659806.934900150867179 ], [ 276184.942328491364606, 1659796.59229356306605 ] ], [ [ 275868.298145703854971, 1658892.49475052440539 ], [ 276964.830659034545533, 1658882.193899079225957 ], [ 277281.457214645924978, 1659786.300317636923864 ], [ 276184.942328491364606, 1659796.59229356306605 ], [ 275868.298145703854971, 1658892.49475052440539 ] ], [ [ 274771.759442439186387, 1658902.846205580048263 ], [ 274455.267057379183825, 1657998.770665172021836 ], [ 275551.82339020492509, 1657988.410385376540944 ], [ 275868.298145703854971, 1658892.49475052440539 ], [ 274771.759442439186387, 1658902.846205580048263 ] ], [ [ 284810.997654028469697, 1662438.172597378958017 ], [ 284493.968545295996591, 1661533.972210072446615 ], [ 286686.837283913569991, 1661514.184078314108774 ], [ 287003.831237878184766, 1662418.40276503819041 ], [ 284810.997654028469697, 1662438.172597378958017 ] ], [ [ 279791.229299927479587, 1660670.005770718678832 ], [ 280108.159433718770742, 1661574.156577201327309 ], [ 279011.692055222578347, 1661584.329365862766281 ], [ 278694.744299033656716, 1660680.187536502024159 ], [ 279791.229299927479587, 1660670.005770718678832 ] ], [ [ 279474.468566864554305, 1659765.868251704843715 ], [ 280570.965093563951086, 1659755.728158686775714 ], [ 280887.708220792817883, 1660659.874658121028915 ], [ 279791.229299927479587, 1660670.005770718678832 ], [ 279474.468566864554305, 1659765.868251704843715 ] ], [ [ 278377.965950661106035, 1659776.058970854151994 ], [ 278061.357012744701933, 1658871.943649726686999 ], [ 279157.87723716662731, 1658861.744000955251977 ], [ 279474.468566864554305, 1659765.868251704843715 ], [ 278377.965950661106035, 1659776.058970854151994 ] ], [ [ 241093.037245308223646, 1660152.677137351594865 ], [ 240775.823961550631793, 1659248.849335983395576 ], [ 241872.569596651155734, 1659236.928374918410555 ], [ 242189.764947596297134, 1660140.764186878222972 ], [ 241093.037245308223646, 1660152.677137351594865 ] ], [ [ 271629.588683327077888, 1656211.566260226070881 ], [ 271945.7774507884169, 1657115.59807611326687 ], [ 270849.184686826949473, 1657126.118814670015126 ], [ 271482.105889790342189, 1658934.20420771301724 ], [ 270385.542123546008952, 1658944.758092548465356 ], [ 269436.361528086941689, 1656232.675658329855651 ], [ 271629.588683327077888, 1656211.566260226070881 ] ], [ [ 240458.780333848466398, 1658345.033953185891733 ], [ 240141.906364951719297, 1657441.230970276519656 ], [ 241238.687844079307979, 1657429.294059201609343 ], [ 241555.543894562142668, 1658333.105005257762969 ], [ 240458.780333848466398, 1658345.033953185891733 ] ], [ [ 260199.456783832341898, 1658138.057474788744003 ], [ 259250.306670318066608, 1655426.244520606240258 ], [ 260346.99957235736656, 1655415.20132637838833 ], [ 261296.096469114068896, 1658127.039557975716889 ], [ 260199.456783832341898, 1658138.057474788744003 ] ], [ [ 242335.46217368717771, 1657417.407748509664088 ], [ 241702.294834525877377, 1655609.807143301935866 ], [ 242799.097821764880791, 1655597.955467998282984 ], [ 243432.229384124686476, 1657405.572036448633298 ], [ 242335.46217368717771, 1657417.407748509664088 ] ], [ [ 237631.581678094575182, 1656561.481796817388386 ], [ 237315.011198206921108, 1655657.719308214262128 ], [ 238411.842921118717641, 1655645.665443904697895 ], [ 238728.39547777644475, 1656549.435794252669439 ], [ 237631.581678094575182, 1656561.481796817388386 ] ], [ [ 257521.652596436993917, 1653629.54349067946896 ], [ 258469.838693911151495, 1656341.254713425179943 ], [ 257373.150207022175891, 1656352.390596305485815 ], [ 256424.910878513997886, 1653640.704346710350364 ], [ 257521.652596436993917, 1653629.54349067946896 ] ], [ [ 257205.929660960391629, 1652725.665192398475483 ], [ 258302.682396621385124, 1652714.54649737640284 ], [ 258618.387612276041182, 1653618.433099759509787 ], [ 257521.652596436993917, 1653629.54349067946896 ], [ 257205.929660960391629, 1652725.665192398475483 ] ], [ [ 250476.521408377302578, 1655516.408844044432044 ], [ 250160.334968786977697, 1654612.562812516000122 ], [ 251257.099743006838253, 1654601.107269552536309 ], [ 251573.26838162477361, 1655504.961463310755789 ], [ 250476.521408377302578, 1655516.408844044432044 ] ], [ [ 268023.666161151370034, 1655339.313321868889034 ], [ 267707.763392365188338, 1654435.333451336948201 ], [ 268804.421814098313916, 1654424.685744643677026 ], [ 268488.706169991288334, 1653520.710243564099073 ], [ 269585.375834591221064, 1653510.104414857225493 ], [ 270216.941328001092188, 1655318.085601093014702 ], [ 268023.666161151370034, 1655339.313321868889034 ] ], [ [ 269269.847294067149051, 1652606.133284543640912 ], [ 270366.528205788054038, 1652595.569301819428802 ], [ 270051.186747764470056, 1651691.60254356241785 ], [ 271147.878910869942047, 1651681.080374805955216 ], [ 272094.35886642721016, 1654393.045474933227524 ], [ 270997.719520784274209, 1654403.541758000617847 ], [ 270682.039131016295869, 1653499.549033646006137 ], [ 269585.375834591221064, 1653510.104414857225493 ], [ 269269.847294067149051, 1652606.133284543640912 ] ], [ [ 268954.488227878347971, 1651702.175104166613892 ], [ 268324.278529144008644, 1649894.297517557395622 ], [ 269421.012243947596289, 1649883.707872036611661 ], [ 270051.186747764470056, 1651691.60254356241785 ], [ 268954.488227878347971, 1651702.175104166613892 ] ], [ [ 239192.302438573620748, 1654729.896234360989183 ], [ 238876.10713238484459, 1653826.142664591316134 ], [ 239972.960213117330568, 1653814.174137802794576 ], [ 240289.137629719713004, 1654717.935575997224078 ], [ 239192.302438573620748, 1654729.896234360989183 ] ], [ [ 253450.608697710471461, 1654578.347688312642276 ], [ 252503.226970179443015, 1651866.811613116413355 ], [ 251406.422612492868211, 1651878.190660435473546 ], [ 251090.950115381245269, 1650974.378602182026953 ], [ 254381.39592176003498, 1650940.368265408324078 ], [ 255012.404024442279479, 1652748.053898335900158 ], [ 253915.631062853994081, 1652759.323912554420531 ], [ 254547.352938912285026, 1654567.043646677630022 ], [ 253450.608697710471461, 1654578.347688312642276 ] ], [ [ 233391.732846606173553, 1653886.742745824856684 ], [ 233075.617657034366857, 1652983.040301635628566 ], [ 234172.52506346849259, 1652970.811576716834679 ], [ 234488.622322632232681, 1653874.521730657434091 ], [ 233391.732846606173553, 1653886.742745824856684 ] ], [ [ 279921.191014395910315, 1651598.716946617001668 ], [ 280551.727238235180266, 1653406.820485642179847 ], [ 279455.11988976720022, 1653416.921908551827073 ], [ 279139.749546117498539, 1652512.872390875825658 ], [ 278043.118562990857754, 1652523.033065452007577 ], [ 277412.851051180332433, 1650714.991063897265121 ], [ 278509.517092180904001, 1650704.812824379187077 ], [ 278824.548612713289913, 1651608.836035832995549 ], [ 279921.191014395910315, 1651598.716946617001668 ] ], [ [ 279606.177009809238371, 1650694.684937446145341 ], [ 282896.120325993513688, 1650664.60337725863792 ], [ 282266.705463178805076, 1648856.52588580804877 ], [ 283363.376126033137552, 1648846.58165324665606 ], [ 283677.981398561503738, 1649750.622657767031342 ], [ 284774.628616365313064, 1649740.737602091394365 ], [ 285404.312376021232922, 1651548.877143185352907 ], [ 282114.457597348256968, 1651578.629901146981865 ], [ 282429.605989895120729, 1652482.692801373777911 ], [ 281332.993229223648086, 1652492.702260323334485 ], [ 281017.827332489541732, 1651588.648235550383106 ], [ 279921.191014395910315, 1651598.716946617001668 ], [ 279606.177009809238371, 1650694.684937446145341 ] ], [ [ 284460.040798466303386, 1648836.6877117510885 ], [ 287749.999176817480475, 1648807.30761910090223 ], [ 288064.534687258827034, 1649711.384329291293398 ], [ 286967.905230359639972, 1649721.118439299520105 ], [ 287282.627528516459279, 1650625.1994767668657 ], [ 286186.009624583879486, 1650634.974937010323629 ], [ 285871.269883511704393, 1649730.902863085502759 ], [ 284774.628616365313064, 1649740.737602091394365 ], [ 284460.040798466303386, 1648836.6877117510885 ] ], [ [ 286500.918731440557167, 1651539.060300739016384 ], [ 286815.99720147147309, 1652443.158973395358771 ], [ 287912.580198308103718, 1652433.401511068688706 ], [ 288227.81056472734781, 1653337.522546195425093 ], [ 286034.673616742133163, 1653357.069825527025387 ], [ 285404.312376021232922, 1651548.877143185352907 ], [ 286500.918731440557167, 1651539.060300739016384 ] ], [ [ 241534.870464171573985, 1651982.871161942370236 ], [ 241219.237758907838725, 1651079.130983263254166 ], [ 243413.000927725399379, 1651055.499866219237447 ], [ 244044.364642685715808, 1652863.024179612286389 ], [ 242947.522287459432846, 1652874.798700348008424 ], [ 242631.73777218995383, 1651971.038278948282823 ], [ 241534.870464171573985, 1651982.871161942370236 ] ], [ [ 275849.838161847903393, 1652543.505640698131174 ], [ 275534.584602627321146, 1651639.495587334036827 ], [ 274437.917563075316139, 1651649.816204143222421 ], [ 273807.883649627445266, 1649841.852652017492801 ], [ 274904.585789487347938, 1649831.514679811662063 ], [ 274589.840540852106642, 1648927.543787703150883 ], [ 275686.553986842744052, 1648917.247476200805977 ], [ 276946.481445017328952, 1652533.24414822505787 ], [ 275849.838161847903393, 1652543.505640698131174 ] ], [ [ 256890.376278486830415, 1651821.799584096064791 ], [ 256574.99245170535869, 1650917.946647001896054 ], [ 258768.562059021787718, 1650895.726564696757123 ], [ 259083.910484348307364, 1651799.596042523859069 ], [ 256890.376278486830415, 1651821.799584096064791 ] ], [ [ 246388.218561019632034, 1650116.663817133987322 ], [ 244194.462275202706223, 1650140.008412455907091 ], [ 243879.222336456616176, 1649236.269284087000415 ], [ 242782.315791594533948, 1649248.025029626907781 ], [ 242467.227697422320489, 1648344.306118728592992 ], [ 243564.152040668879636, 1648332.542511380044743 ], [ 242934.520388898527017, 1646525.125958811258897 ], [ 244031.47319465703913, 1646513.396966033382341 ], [ 243716.929611299856333, 1645609.699330982984975 ], [ 247007.798901271540672, 1645574.790323802037165 ], [ 247322.28924038624973, 1646478.511575475800782 ], [ 245128.418918226263486, 1646501.718239032430574 ], [ 245757.979477102606324, 1648309.166259573306888 ], [ 244661.069290432933485, 1648320.829225571360439 ], [ 244976.121797392668668, 1649224.563887102995068 ], [ 246073.014204791776137, 1649212.908836945425719 ], [ 246388.218561019632034, 1650116.663817133987322 ] ], [ [ 241370.296230299165472, 1648356.12004935159348 ], [ 240740.593409196706489, 1646548.734748631017283 ], [ 241837.560470546071883, 1646536.90521909785457 ], [ 242467.227697422320489, 1648344.306118728592992 ], [ 241370.296230299165472, 1648356.12004935159348 ] ], [ [ 239643.619174447085243, 1646560.614549157209694 ], [ 239958.403556622506585, 1647464.293303099926561 ], [ 238861.439930693886708, 1647476.215642716735601 ], [ 238232.005221163388342, 1645668.885808099759743 ], [ 240425.996495686849812, 1645645.060487053589895 ], [ 240740.593409196706489, 1646548.734748631017283 ], [ 239643.619174447085243, 1646560.614549157209694 ] ], [ [ 241522.981343306339113, 1645633.223193377489224 ], [ 241208.571877182053868, 1644729.553425760939717 ], [ 242305.567341738438699, 1644717.758606683462858 ], [ 241677.292921043350361, 1642910.440307254903018 ], [ 244968.343083555169869, 1642875.310405499534681 ], [ 245596.511066902516177, 1644682.675423386739567 ], [ 244499.536906190100126, 1644694.31960722617805 ], [ 244185.350362048862735, 1643790.638765848008916 ], [ 243088.351387292175787, 1643802.340957862325013 ], [ 243716.929611299856333, 1645609.699330982984975 ], [ 241522.981343306339113, 1645633.223193377489224 ] ], [ [ 259235.183978203102015, 1649076.974669040646404 ], [ 259550.175640631001443, 1649980.827030011219904 ], [ 258453.383177742682165, 1649991.869786537019536 ], [ 258138.373843196342932, 1649088.025689283851534 ], [ 259235.183978203102015, 1649076.974669040646404 ] ], [ [ 258920.361858029587893, 1648173.134993818821386 ], [ 260017.182989924331196, 1648162.126031453721225 ], [ 260331.987454653222812, 1649065.973973848391324 ], [ 259235.183978203102015, 1649076.974669040646404 ], [ 258920.361858029587893, 1648173.134993818821386 ] ], [ [ 280388.003737631370313, 1649780.579739432549104 ], [ 279758.857758415455464, 1647972.563854296458885 ], [ 280855.557968955952674, 1647962.510254140244797 ], [ 281484.668989550904371, 1649770.543724969262257 ], [ 280388.003737631370313, 1649780.579739432549104 ] ], [ [ 251557.371502293884987, 1649155.388728637015447 ], [ 251242.425527783925645, 1648251.60616676742211 ], [ 253436.155570088565582, 1648228.934308656025678 ], [ 253751.066110064275563, 1649132.733053486095741 ], [ 251557.371502293884987, 1649155.388728637015447 ] ], [ [ 276468.720459725882392, 1648003.026271307608113 ], [ 277565.439034166163765, 1647992.821861386066303 ], [ 277879.962300276616588, 1648896.805756150744855 ], [ 276783.261229862167966, 1648907.001466187415645 ], [ 276468.720459725882392, 1648003.026271307608113 ] ], [ [ 275371.995703248481732, 1648013.280954152345657 ], [ 274743.387451673159376, 1646205.386952570872381 ], [ 275840.147213679156266, 1646195.11499474500306 ], [ 276468.720459725882392, 1648003.026271307608113 ], [ 275371.995703248481732, 1648013.280954152345657 ] ], [ [ 264404.401444594142959, 1648118.593129795277491 ], [ 264089.837015835102648, 1647214.724633185891435 ], [ 265186.642864026187453, 1647203.958757898304611 ], [ 265501.189691933745053, 1648107.835633303271607 ], [ 264404.401444594142959, 1648118.593129795277491 ] ], [ [ 284145.622358674765565, 1647932.651049453532323 ], [ 283517.293623864010442, 1646124.61733281519264 ], [ 284614.004629275936168, 1646114.747083690948784 ], [ 285242.298509161861148, 1647922.798508258769289 ], [ 284145.622358674765565, 1647932.651049453532323 ] ], [ [ 286649.755475194542669, 1642469.38685514498502 ], [ 286336.59225240664091, 1641565.407196016982198 ], [ 287433.366433793504257, 1641555.693366561084986 ], [ 287746.512305734562688, 1642459.681858596159145 ], [ 288843.263262398482766, 1642450.026954973815009 ], [ 289470.02838187047746, 1644258.061386123299599 ], [ 291663.443442695133854, 1644238.937595236115158 ], [ 292604.757094285509083, 1646951.142812803853303 ], [ 291508.104514554666821, 1646960.652611705474555 ], [ 291822.231753669970203, 1647864.738693613326177 ], [ 288532.29144747153623, 1647893.54244543146342 ], [ 288218.112056106096134, 1646989.483366768574342 ], [ 287121.436228989216033, 1646999.194075967650861 ], [ 286807.408796805771999, 1646095.157204868271947 ], [ 287904.102019670186564, 1646085.437572279712185 ], [ 287276.590021971031092, 1644277.385759599041194 ], [ 286179.862028923467733, 1644287.123168366728351 ], [ 285552.992740391404368, 1642479.14194605126977 ], [ 286649.755475194542669, 1642469.38685514498502 ] ], [ [ 260484.932441054435913, 1646343.49301597289741 ], [ 260799.380195961915888, 1647247.323843023274094 ], [ 259702.54806296309107, 1647258.290779639268294 ], [ 259388.082676447898848, 1646354.468199682189152 ], [ 260484.932441054435913, 1646343.49301597289741 ] ], [ [ 260170.65422210044926, 1645439.674865612061694 ], [ 261267.514975390047766, 1645428.741672014351934 ], [ 261581.775579397333786, 1646332.568072968395427 ], [ 260484.932441054435913, 1646343.49301597289741 ], [ 260170.65422210044926, 1645439.674865612061694 ] ], [ [ 278816.409364890307188, 1645260.638339732540771 ], [ 279444.538881242391653, 1647068.575593327172101 ], [ 278347.815101710380986, 1647078.688192345900461 ], [ 277719.650650618190411, 1645270.768328979844227 ], [ 278816.409364890307188, 1645260.638339732540771 ] ], [ [ 278502.598730969475582, 1644356.689309223787859 ], [ 279599.368773343041539, 1644346.600820348365232 ], [ 279913.161959991848562, 1645250.558537737233564 ], [ 278816.409364890307188, 1645260.638339732540771 ], [ 278502.598730969475582, 1644356.689309223787859 ] ], [ [ 281637.968169631552882, 1647048.501117915846407 ], [ 281009.90846630273154, 1645240.528921510092914 ], [ 282106.648914202232845, 1645230.549489568686113 ], [ 282734.673739233985543, 1647038.539238563273102 ], [ 281637.968169631552882, 1647048.501117915846407 ] ], [ [ 239014.559431354835397, 1644753.293711319100112 ], [ 238700.28407592343865, 1643849.651590570341796 ], [ 239797.311676449055085, 1643837.7486492106691 ], [ 240111.569250526721589, 1644741.398460056399927 ], [ 239014.559431354835397, 1644753.293711319100112 ] ], [ [ 254372.053450145409442, 1644591.329308630200103 ], [ 254058.026165974180913, 1643687.577067871112376 ], [ 255154.955705155502073, 1643676.376629348145798 ], [ 255468.965341316041304, 1644580.136938502313569 ], [ 254372.053450145409442, 1644591.329308630200103 ] ], [ [ 275995.364107337780297, 1643473.098023088881746 ], [ 276309.040230098355096, 1644377.016769055277109 ], [ 275212.251710832933895, 1644387.255743011133745 ], [ 274898.55811970186187, 1643483.345579245127738 ], [ 275995.364107337780297, 1643473.098023088881746 ] ], [ [ 275681.857421146647539, 1642569.192250213120133 ], [ 276778.67466184112709, 1642558.986244435189292 ], [ 277092.163896212703548, 1643462.900603071320802 ], [ 275995.364107337780297, 1643473.098023088881746 ], [ 275681.857421146647539, 1642569.192250213120133 ] ], [ [ 280696.132717525702901, 1644336.562490179203451 ], [ 280382.526374163047876, 1643432.609144841320813 ], [ 281479.301671884779353, 1643422.612254407024011 ], [ 281792.890593898016959, 1644326.574317237129435 ], [ 280696.132717525702901, 1644336.562490179203451 ] ], [ [ 253744.168461761408253, 1642783.837330295005813 ], [ 253116.961804008082254, 1640976.395290442975238 ], [ 254213.944244015612639, 1640965.17078765342012 ], [ 254841.115641756477999, 1642772.628846872830763 ], [ 253744.168461761408253, 1642783.837330295005813 ] ], [ [ 276152.204491923213936, 1640751.196441524196416 ], [ 275839.223561631108169, 1639847.320959599688649 ], [ 278032.944080714834854, 1639827.007792874705046 ], [ 278345.890178411733359, 1640730.900386681547388 ], [ 276152.204491923213936, 1640751.196441524196416 ] ], [ [ 292763.414418492349796, 1637882.426644867286086 ], [ 292451.219085048767738, 1636978.451068714493886 ], [ 294644.85328294034116, 1636959.68467229232192 ], [ 294957.014125861576758, 1637863.678085961611941 ], [ 292763.414418492349796, 1637882.426644867286086 ] ], [ [ 290257.561897006933577, 1636997.417153224116191 ], [ 289945.501383697381243, 1636093.472498904680833 ], [ 291042.350128137273714, 1636083.955667279427871 ], [ 291354.393380000139587, 1636987.909149261191487 ], [ 290257.561897006933577, 1636997.417153224116191 ] ], [ [ 273517.132816666387953, 1600889.582204150501639 ], [ 273211.780354243819602, 1599986.181309179868549 ], [ 274309.338624195079319, 1599976.135134052950889 ], [ 274614.674075419432484, 1600879.543823624961078 ], [ 273517.132816666387953, 1600889.582204150501639 ] ], [ [ 274676.186395431403071, 1594535.903083861339837 ], [ 274372.071222928760108, 1593632.565223644953221 ], [ 275469.729426903882995, 1593622.611009713960811 ], [ 275773.827666607452556, 1594525.956586158834398 ], [ 274676.186395431403071, 1594535.903083861339837 ] ], [ [ 272970.444108168361709, 1592739.250155668240041 ], [ 272666.650969854323193, 1591835.944491504691541 ], [ 273764.349319073720835, 1591825.926340730395168 ], [ 274068.125529947923496, 1592729.239648578222841 ], [ 272970.444108168361709, 1592739.250155668240041 ] ], [ [ 275165.800659454194829, 1592719.277741162339225 ], [ 274862.041366843390279, 1591815.956762559246272 ], [ 275959.727143786731176, 1591806.035755516029894 ], [ 276263.469527303706855, 1592709.364431947236881 ], [ 275165.800659454194829, 1592719.277741162339225 ] ], [ [ 273460.742592908325605, 1590922.625282190274447 ], [ 273157.305354040232487, 1590019.336455066222697 ], [ 274255.031216522096656, 1590009.351603518472984 ], [ 274558.451551670848858, 1590912.648055979749188 ], [ 273460.742592908325605, 1590922.625282190274447 ] ], [ [ 272550.939348589279689, 1588212.795423596631736 ], [ 272854.037605071906, 1589116.05984148522839 ], [ 271756.288517190027051, 1589126.100787069648504 ], [ 271453.173362388159148, 1588222.843922082334757 ], [ 272550.939348589279689, 1588212.795423596631736 ] ], [ [ 271945.251323483302258, 1586406.303103581303731 ], [ 273043.044728021661285, 1586396.28797743562609 ], [ 272740.471831879287492, 1585493.052527672611177 ], [ 273838.27576877118554, 1585483.07827111473307 ], [ 274443.557330459589139, 1587289.57643636665307 ], [ 273345.787117147585377, 1587299.535592084750533 ], [ 273648.698996667284518, 1588202.795389426872134 ], [ 272550.939348589279689, 1588212.795423596631736 ], [ 271945.251323483302258, 1586406.303103581303731 ] ], [ [ 273233.672160229121801, 1583676.628784756641835 ], [ 274331.50346895121038, 1583666.687843834515661 ], [ 274633.703693359275348, 1584569.91403199499473 ], [ 275731.51188485493185, 1584560.028963620308787 ], [ 276033.864760274882428, 1585463.274896955816075 ], [ 273838.27576877118554, 1585483.07827111473307 ], [ 273233.672160229121801, 1583676.628784756641835 ] ], [ [ 274746.452337261522189, 1588192.843818093882874 ], [ 275049.516824583755806, 1589096.123423002427444 ], [ 273951.780363991274498, 1589106.067387289134786 ], [ 273648.698996667284518, 1588202.795389426872134 ], [ 274746.452337261522189, 1588192.843818093882874 ] ], [ [ 270052.438454807852395, 1587329.703679751371965 ], [ 269447.021888950490393, 1585523.265592994634062 ], [ 270544.844922615739051, 1585513.146187125705183 ], [ 271150.227709960308857, 1587319.599212292581797 ], [ 270052.438454807852395, 1587329.703679751371965 ] ], [ [ 271833.770127286668867, 1582783.418989919358864 ], [ 272135.834528922510799, 1583686.618051672587171 ], [ 269940.140175943204667, 1583706.741569406120107 ], [ 269638.042074351687916, 1582803.557369 ], [ 271833.770127286668867, 1582783.418989919358864 ] ], [ [ 271230.149836674390826, 1580977.057130258763209 ], [ 273425.919723094091751, 1580957.082148956600577 ], [ 273727.611481230298523, 1581860.271920062601566 ], [ 272629.746525547117926, 1581870.227835117140785 ], [ 272931.624594861525111, 1582773.422251721145585 ], [ 271833.770127286668867, 1582783.418989919358864 ], [ 271230.149836674390826, 1580977.057130258763209 ] ], [ [ 284392.785458901664242, 1570896.581838127691299 ], [ 284093.344394229934551, 1569993.440296406624839 ], [ 285191.340136603976134, 1569984.059970103669912 ], [ 285790.358490244136192, 1571790.370402410393581 ], [ 286888.315048978314735, 1571781.053176274057478 ], [ 287788.063371997443028, 1574490.633649625582621 ], [ 286690.156645289971493, 1574499.927904806099832 ], [ 286990.428186686476693, 1575403.138304234482348 ], [ 288088.318288165377453, 1575393.851750935427845 ], [ 288388.742604349274188, 1576297.08218696853146 ], [ 289486.610168568731751, 1576287.851444592000917 ], [ 289787.187251501716673, 1577191.102007082896307 ], [ 288689.336318005458452, 1577200.324975529219955 ], [ 289592.133818427624647, 1579910.127634722972289 ], [ 288494.326952131348662, 1579919.375341277569532 ], [ 289097.072238117980305, 1581725.95684097148478 ], [ 286901.507521479157731, 1581744.565614187158644 ], [ 284494.325300615513697, 1574518.660517829935998 ], [ 285592.243965053232387, 1574509.270193746546283 ], [ 284992.175867575220764, 1572702.901542799081653 ], [ 282796.265976104419678, 1572721.760629400378093 ], [ 282496.452807406312786, 1571818.609801279613748 ], [ 283594.427400150336325, 1571809.148713523056358 ], [ 283294.800294004264288, 1570906.002528571290895 ], [ 284392.785458901664242, 1570896.581838127691299 ] ], [ [ 254761.045212579629151, 1581133.021723121870309 ], [ 254459.236015511327423, 1580229.966695472598076 ], [ 255557.240015252580633, 1580219.224231415893883 ], [ 255859.032260582782328, 1581122.286256676306948 ], [ 254761.045212579629151, 1581133.021723121870309 ] ], [ [ 275621.664332216605544, 1580937.300140849780291 ], [ 275320.175651108031161, 1580034.107530758716166 ], [ 276418.055331214040052, 1580024.281376101542264 ], [ 276719.527234447130468, 1580927.481498080072924 ], [ 275621.664332216605544, 1580937.300140849780291 ] ], [ [ 282402.968960541766137, 1578159.882170664612204 ], [ 281801.412145623937249, 1576353.47650751681067 ], [ 282899.31559846457094, 1576343.957224976504222 ], [ 283500.839035944081843, 1578150.378133402206004 ], [ 282402.968960541766137, 1578159.882170664612204 ] ], [ [ 282298.469896403257735, 1574537.585276991594583 ], [ 281998.301202542847022, 1573634.41761883511208 ], [ 283096.248581583844498, 1573624.923649224685505 ], [ 283396.400621290900744, 1574528.098878445802256 ], [ 282298.469896403257735, 1574537.585276991594583 ] ], [ [ 278902.798816751630511, 1570944.164586157305166 ], [ 280000.808370112325065, 1570934.552174570970237 ], [ 280300.485373061848804, 1571837.675848197890446 ], [ 279202.492470069730189, 1571847.280810181982815 ], [ 278902.798816751630511, 1570944.164586157305166 ] ], [ [ 277804.783089527045377, 1570953.82493156963028 ], [ 276607.636575266718864, 1567341.510217500850558 ], [ 277705.718867064220831, 1567331.820405910722911 ], [ 278902.798816751630511, 1570944.164586157305166 ], [ 277804.783089527045377, 1570953.82493156963028 ] ], [ [ 280799.320867862203158, 1570021.868679047562182 ], [ 280499.999407155497465, 1569118.761779061285779 ], [ 281598.029947515751701, 1569109.23029050976038 ], [ 281897.334790560184047, 1570012.344649478793144 ], [ 280799.320867862203158, 1570021.868679047562182 ] ], [ [ 299165.709891890059225, 1568963.23659024015069 ], [ 298866.839035379874986, 1568060.011681901523843 ], [ 299964.78651105996687, 1568051.285991750424728 ], [ 300263.640910277375951, 1568954.518797355238348 ], [ 299165.709891890059225, 1568963.23659024015069 ] ], [ [ 280200.847400746657513, 1568215.666977828135714 ], [ 279603.051761037670076, 1566409.51360131171532 ], [ 280701.132110527541954, 1566399.959870011080056 ], [ 281298.894551459234208, 1568206.128052669810131 ], [ 280200.847400746657513, 1568215.666977828135714 ] ], [ [ 267822.750992549932562, 1567420.750601481413469 ], [ 267523.754752288921736, 1566517.759468411561102 ], [ 268621.904525753459893, 1566507.67990665580146 ], [ 268920.88407069479581, 1567410.678133729845285 ], [ 267822.750992549932562, 1567420.750601481413469 ] ], [ [ 269421.254503577016294, 1565594.654651888646185 ], [ 268824.176436291832943, 1563788.703111249720678 ], [ 269922.363298134645447, 1563778.697857677470893 ], [ 270519.408047817065381, 1565584.663583009038121 ], [ 269421.254503577016294, 1565594.654651888646185 ] ], [ [ 278409.494045596686192, 1562797.351260988041759 ], [ 278111.528290808084421, 1561894.340659804875031 ], [ 279209.691509143332951, 1561884.75030376855284 ], [ 279507.640704818069935, 1562787.7681853112299 ], [ 278409.494045596686192, 1562797.351260988041759 ] ], [ [ 269530.981766463257372, 1559253.997271984815598 ], [ 269233.577965226140805, 1558351.083982097450644 ], [ 270331.851664264861029, 1558341.131834439700469 ], [ 270629.23887262219796, 1559244.052126116352156 ], [ 269530.981766463257372, 1559253.997271984815598 ] ], [ [ 294492.302401324966922, 1558134.214848209638149 ], [ 294789.326843192568049, 1559037.296032534679398 ], [ 293691.203749059233814, 1559046.194580184528604 ], [ 293394.162911992403679, 1558143.120993675198406 ], [ 294492.302401324966922, 1558134.214848209638149 ] ], [ [ 294195.447327305562794, 1557231.145908321952447 ], [ 293097.291450068587437, 1557240.059629390481859 ], [ 292504.056661683833227, 1555433.973497292259708 ], [ 293602.245292825740762, 1555425.044691601768136 ], [ 293898.7616236351314, 1556328.089195302454755 ], [ 294996.928116766386665, 1556319.215396433137357 ], [ 295590.4361438206397, 1558125.356232557911426 ], [ 294492.302401324966922, 1558134.214848209638149 ], [ 294195.447327305562794, 1557231.145908321952447 ] ], [ [ 302387.549074307782575, 1555355.322282345034182 ], [ 302683.93473983759759, 1556258.428011685609818 ], [ 301585.807738683011848, 1556266.969517749967054 ], [ 301289.405771181918681, 1555363.871536504011601 ], [ 302387.549074307782575, 1555355.322282345034182 ] ], [ [ 302091.332725830608979, 1554452.228922168025747 ], [ 303189.486787135596387, 1554443.719353140098974 ], [ 303485.686849813675508, 1555346.820466354023665 ], [ 302387.549074307782575, 1555355.322282345034182 ], [ 302091.332725830608979, 1554452.228922168025747 ] ], [ [ 304583.819128442672081, 1555338.366087272297591 ], [ 304880.17221671610605, 1556241.48739414755255 ], [ 303782.056222268030979, 1556249.933970904210582 ], [ 303485.686849813675508, 1555346.820466354023665 ], [ 304583.819128442672081, 1555338.366087272297591 ] ], [ [ 304287.635342675202992, 1554435.257193905068561 ], [ 303991.620861888048239, 1553532.160696398932487 ], [ 305089.780203167698346, 1553523.738160591106862 ], [ 305385.778423204261344, 1554426.842443208908662 ], [ 304287.635342675202992, 1554435.257193905068561 ] ], [ [ 306990.286117530369665, 1552603.927738728467375 ], [ 307582.048282218456734, 1554410.155162454582751 ], [ 306483.916059468523599, 1554418.475099805276841 ], [ 305892.121416055015288, 1552612.263332633068785 ], [ 306990.286117530369665, 1552603.927738728467375 ] ], [ [ 306399.201105291955173, 1550797.750023093307391 ], [ 304202.801354059949517, 1550814.499644531402737 ], [ 302433.415027866256423, 1545396.355523277772591 ], [ 304630.009180625085719, 1545379.513716538436711 ], [ 304041.632975528191309, 1543573.533426595153287 ], [ 305139.95414491154952, 1543565.167955022538081 ], [ 305728.298034608480521, 1545371.163514213869348 ], [ 306826.581448041601107, 1545362.860444267047569 ], [ 306532.341004195506684, 1544459.848846404347569 ], [ 307630.635151550057344, 1544451.585207732394338 ], [ 307336.580139825469814, 1543548.578245050041005 ], [ 306238.269856079597957, 1543556.849561585346237 ], [ 305650.635456866119057, 1541750.887861147290096 ], [ 304552.287477138219401, 1541759.221490092109889 ], [ 304258.708107634156477, 1540856.266624350566417 ], [ 303160.338519882643595, 1540864.654834860935807 ], [ 302866.912338403519243, 1539961.719726091483608 ], [ 303965.298051001504064, 1539953.323979863664135 ], [ 303672.057309703668579, 1539050.393539232201874 ], [ 304770.453637514030561, 1539042.037221757462248 ], [ 305063.678270088741556, 1539944.975203286157921 ], [ 306162.053026476525702, 1539936.673395121702924 ], [ 305868.844493813347071, 1539033.727845573332161 ], [ 306967.229909415938891, 1539025.465409447904676 ], [ 306674.206763740745373, 1538122.524517019512132 ], [ 305575.805264334951062, 1538130.794526359532028 ], [ 305282.935340495314449, 1537227.87342009274289 ], [ 306381.352916395291686, 1537219.595859452150762 ], [ 306088.668369845079724, 1536316.679419364547357 ], [ 307187.096578658442013, 1536308.441186785697937 ], [ 307772.602844460401684, 1538114.301419388968498 ], [ 311067.758882689289749, 1538089.913584598572925 ], [ 310482.348895699193235, 1536284.007621633121744 ], [ 311580.755667658988386, 1536275.956806751899421 ], [ 311873.3600000977749, 1537178.911300726002082 ], [ 312971.745473417919129, 1537170.915029431460425 ], [ 312679.157157459063455, 1536267.952843294246122 ], [ 314875.944413874065503, 1536252.085465907817706 ], [ 315461.226274920278229, 1538058.053162315161899 ], [ 316559.580115535121877, 1538050.205315058352426 ], [ 317145.506919893377926, 1539856.238308886997402 ], [ 316047.185096025350504, 1539864.070499459281564 ], [ 316340.418360521201976, 1540767.097827091813087 ], [ 319635.32045995129738, 1540743.765785150462762 ], [ 320515.891414802405052, 1543452.994005746440962 ], [ 319417.643858266645111, 1543460.700493080774322 ], [ 319123.934976244810969, 1542557.619842989603058 ], [ 316927.392585262015928, 1542573.189888213993981 ], [ 318103.3717496402096, 1546185.524126400239766 ], [ 315906.937366638332605, 1546201.218967204447836 ], [ 317676.175825559650548, 1551620.001376154599711 ], [ 315479.914252180606127, 1551635.789106530835852 ], [ 315184.585842111846432, 1550732.643293326953426 ], [ 314086.43117545673158, 1550740.616118614794686 ], [ 314677.289536143303849, 1552546.904329332057387 ], [ 315775.411894758581184, 1552538.947506070137024 ], [ 316071.078767405473627, 1553442.118509683990851 ], [ 314972.972573677136097, 1553450.067298741312698 ], [ 315268.824846077593975, 1554353.242867838125676 ], [ 313072.629269537515938, 1554369.266523604048416 ], [ 312776.744626342144329, 1553466.106985821388662 ], [ 311678.622811236302368, 1553474.197886220645159 ], [ 311382.891225980129093, 1552571.058856654446572 ], [ 310284.747941973037086, 1552579.205055583035573 ], [ 310876.412776905694045, 1554385.479774430627003 ], [ 308680.175122212269343, 1554401.882629924453795 ], [ 308384.225631165551022, 1553498.754829257028177 ], [ 309482.363344400946517, 1553490.521806729026139 ], [ 308891.004628647584468, 1551684.287867408012971 ], [ 307792.834486688836478, 1551692.536610698094591 ], [ 308088.445418505638372, 1552595.63949540280737 ], [ 306990.286117530369665, 1552603.927738728467375 ], [ 306399.201105291955173, 1550797.750023093307391 ] ], [ [ 304793.951283319154754, 1552620.646278351312503 ], [ 302597.594601026212331, 1552637.554230204317719 ], [ 302006.379683773673605, 1550831.438461253419518 ], [ 304202.801354059949517, 1550814.499644531402737 ], [ 304793.951283319154754, 1552620.646278351312503 ] ], [ [ 302893.456036713789217, 1553540.630613628774881 ], [ 301795.285696883569472, 1553549.147913535125554 ], [ 301499.407989955449011, 1552646.079238843871281 ], [ 302597.594601026212331, 1552637.554230204317719 ], [ 302893.456036713789217, 1553540.630613628774881 ] ], [ [ 304184.512306293006986, 1537236.197866545524448 ], [ 303891.795612566056661, 1536333.296458133729175 ], [ 304990.234724757028744, 1536324.964509404730052 ], [ 305282.935340495314449, 1537227.87342009274289 ], [ 304184.512306293006986, 1537236.197866545524448 ] ], [ [ 318774.298944190260954, 1551612.178478773450479 ], [ 318183.908133705961518, 1549805.851221999386325 ], [ 319282.058404256240465, 1549798.059460082324222 ], [ 318987.132921900425572, 1548894.906712062191218 ], [ 317888.966550733777694, 1548902.7065282643307 ], [ 317594.194185850326903, 1547999.574433992849663 ], [ 319790.55403941689292, 1547984.005937806330621 ], [ 320970.529999103629962, 1551596.674613831797615 ], [ 319872.41699178511044, 1551604.402891716454178 ], [ 320463.452393532032147, 1553410.797022614162415 ], [ 319365.366597825894132, 1553418.556346334517002 ], [ 319069.748166830977425, 1552515.36107731773518 ], [ 317971.64117935358081, 1552523.175881230970845 ], [ 317676.175825559650548, 1551620.001376154599711 ], [ 318774.298944190260954, 1551612.178478773450479 ] ], [ [ 300531.305572015407961, 1546316.364041039953008 ], [ 300825.981735151377507, 1547219.35442346544005 ], [ 301924.260243849537801, 1547210.830819576978683 ], [ 302219.089520439272746, 1548113.841038584709167 ], [ 300022.559372399002314, 1548130.920259815873578 ], [ 299433.005266347026918, 1546324.942391894059256 ], [ 300531.305572015407961, 1546316.364041039953008 ] ], [ [ 298040.160081034875475, 1545430.604780210880563 ], [ 297745.790169475367293, 1544527.653805017238483 ], [ 298844.128527770051733, 1544519.013299267273396 ], [ 299138.482224883686285, 1545421.971757386345416 ], [ 298040.160081034875475, 1545430.604780210880563 ] ], [ [ 273502.173847600410227, 1541108.906007886631414 ], [ 273796.208266537520103, 1542011.659506346099079 ], [ 272697.688977503567003, 1542021.357358092442155 ], [ 272991.909300755884033, 1542924.115659397793934 ], [ 271893.400039343454409, 1542933.853780274512246 ], [ 271305.096129568759352, 1541128.362344542052597 ], [ 269107.992774547426961, 1541148.006829664576799 ], [ 268520.301430755003821, 1539342.588436821242794 ], [ 269618.889121254091151, 1539332.729305856628343 ], [ 269912.633624945476186, 1540235.439424996962771 ], [ 272109.756904184119776, 1540215.875543236965314 ], [ 272403.638177794171497, 1541118.610658379737288 ], [ 273502.173847600410227, 1541108.906007886631414 ] ], [ [ 258416.347375769895734, 1542151.712674735346809 ], [ 258122.082811430387665, 1541249.051894074073061 ], [ 259220.703805620549247, 1541238.735665082931519 ], [ 259514.951872711564647, 1542141.402892424259335 ], [ 258416.347375769895734, 1542151.712674735346809 ] ], [ [ 296570.004089551977813, 1540915.971100250724703 ], [ 296276.480973569152411, 1540013.080636312020943 ], [ 297374.900294307968579, 1540004.403045798419043 ], [ 297668.407232448575087, 1540907.300882753450423 ], [ 296570.004089551977813, 1540915.971100250724703 ] ], [ [ 352289.267945640953258, 1539630.394576412858441 ], [ 352581.977184469113126, 1540533.695659574819729 ], [ 351483.819787813874427, 1540540.01708945655264 ], [ 351191.094808493216988, 1539636.724736500997096 ], [ 352289.267945640953258, 1539630.394576412858441 ] ], [ [ 351996.727703804557677, 1538727.106662628706545 ], [ 353094.912427231029142, 1538720.814688892569393 ], [ 353387.436944383662194, 1539624.11133811250329 ], [ 352289.267945640953258, 1539630.394576412858441 ], [ 351996.727703804557677, 1538727.106662628706545 ] ], [ [ 325931.899640761781484, 1539795.271077571436763 ], [ 325638.979404142301064, 1538892.184664421482012 ], [ 328933.843123696395196, 1538870.0722639572341 ], [ 329226.715586826438084, 1539773.183009253349155 ], [ 325931.899640761781484, 1539795.271077571436763 ] ], [ [ 331059.055939184501767, 1535235.96820786385797 ], [ 330767.076839094283059, 1534332.896492287050933 ], [ 331865.420216649654321, 1534325.719362490577623 ], [ 332157.383472002518829, 1535228.799215017352253 ], [ 333255.706299464567564, 1535221.677025083452463 ], [ 333547.822842694586143, 1536124.777771355584264 ], [ 335744.422844343120232, 1536110.690249434439465 ], [ 336036.676834190322552, 1537013.82024023681879 ], [ 334938.394984000129625, 1537020.832325035240501 ], [ 335230.833918905467726, 1537923.966840589651838 ], [ 336329.099928763927892, 1537916.963039875030518 ], [ 336621.692125676083378, 1538820.118666097754613 ], [ 335523.441963369376026, 1538827.114160811295733 ], [ 335816.219115021289326, 1539730.274303455837071 ], [ 334717.980207233631518, 1539737.308406826807186 ], [ 334132.563291402591858, 1537931.017523580696434 ], [ 333034.288015451165847, 1537938.115089893108234 ], [ 332741.817373783967923, 1537034.997061038855463 ], [ 331643.521552146878093, 1537042.149714343715459 ], [ 331351.204177665174939, 1536139.052609330276027 ], [ 330252.887769354041666, 1536146.26027447800152 ], [ 329960.723670199280605, 1535243.184004685841501 ], [ 331059.055939184501767, 1535235.96820786385797 ] ], [ [ 293786.239056668011472, 1539127.712961303303018 ], [ 293493.022323418350425, 1538224.861157573293895 ], [ 294591.485462462005671, 1538216.075036973226815 ], [ 294884.686014846898615, 1539118.934115625685081 ], [ 293786.239056668011472, 1539127.712961303303018 ] ], [ [ 297593.857750628551003, 1537287.12921692756936 ], [ 297886.840456593490671, 1538189.998223475879058 ], [ 298985.28074971830938, 1538181.39979744842276 ], [ 299278.416667035548016, 1539084.288246920797974 ], [ 295983.127224152616691, 1539110.202222640160471 ], [ 295689.942843789001927, 1538207.335841952823102 ], [ 296788.394498226582073, 1538198.643571216845885 ], [ 296202.566158946370706, 1536392.932247188873589 ], [ 297301.044404009240679, 1536384.272252653492615 ], [ 297008.400419216486625, 1535481.427313400199637 ], [ 298106.889104901230894, 1535472.806868673302233 ], [ 298692.314181938068941, 1537278.523429437540472 ], [ 297593.857750628551003, 1537287.12921692756936 ] ], [ [ 300083.715408418560401, 1538172.848291859496385 ], [ 299790.764970000716858, 1537269.964535269886255 ], [ 301987.649739688669797, 1537252.987421832513064 ], [ 302573.655479564098641, 1539058.796799236675724 ], [ 301475.248116287752055, 1539067.247003016527742 ], [ 301182.144463521195576, 1538164.343705441104248 ], [ 300083.715408418560401, 1538172.848291859496385 ] ], [ [ 277015.363348701037467, 1538362.284938652534038 ], [ 276722.072335304575972, 1537459.550649313721806 ], [ 277820.641846161452122, 1537450.053638306912035 ], [ 278113.91655295912642, 1538352.794774113921449 ], [ 277015.363348701037467, 1538362.284938652534038 ] ], [ [ 280311.004331786534749, 1538333.955281199188903 ], [ 280017.762211493449286, 1537431.20037116901949 ], [ 281116.313127644476481, 1537421.844112242106348 ], [ 281409.538968026870862, 1538324.605950028868392 ], [ 280311.004331786534749, 1538333.955281199188903 ] ], [ [ 292101.489866425166838, 1537330.861599116353318 ], [ 291808.595733071793802, 1536428.040925949113443 ], [ 292907.097018049564213, 1536419.193448569625616 ], [ 293199.974976380064618, 1537322.021325735142455 ], [ 292101.489866425166838, 1537330.861599116353318 ] ], [ [ 308578.171816574293189, 1537203.181390706682578 ], [ 308285.519382022204809, 1536300.249810445588082 ], [ 309383.936810763087124, 1536292.105289130704477 ], [ 309676.573202497325838, 1537195.044480167562142 ], [ 308578.171816574293189, 1537203.181390706682578 ] ], [ [ 296423.620545017125551, 1533675.773441030876711 ], [ 296131.484660564805381, 1532772.9644735022448 ], [ 299427.078666097309906, 1532747.177945754723623 ], [ 300596.445165131532121, 1536358.573468845803291 ], [ 299497.983876273268834, 1536367.092864756006747 ], [ 298912.929732767341193, 1534561.385712848044932 ], [ 297814.430600595544092, 1534569.966641402570531 ], [ 297522.141455730888993, 1533667.138426560675725 ], [ 296423.620545017125551, 1533675.773441030876711 ] ], [ [ 296715.925798726035282, 1534578.594381931005046 ], [ 295617.415296314866282, 1534587.268935712752864 ], [ 295325.09392494650092, 1533684.455241639632732 ], [ 296423.620545017125551, 1533675.773441030876711 ], [ 296715.925798726035282, 1534578.594381931005046 ] ], [ [ 289540.14142613846343, 1532825.800057736691087 ], [ 289248.078163386380766, 1531923.045858604833484 ], [ 290346.666094374551903, 1531914.115950838662684 ], [ 290054.788389699766412, 1531011.366514052730054 ], [ 292251.978891741600819, 1530993.632739612599835 ], [ 292543.824343500542454, 1531896.396349270129576 ], [ 291445.248144128068816, 1531905.232781499624252 ], [ 291737.279121580882929, 1532808.001142921857536 ], [ 290638.71321006299695, 1532816.877217561006546 ], [ 290930.929734268691391, 1533719.650331312790513 ], [ 292029.479500187677331, 1533710.781373205594718 ], [ 292321.849277464323677, 1534613.573489476693794 ], [ 293420.377066525339615, 1534604.758488188963383 ], [ 293712.900088494759984, 1535507.569694938138127 ], [ 288220.283441558654886, 1535552.077233313117176 ], [ 287927.679573804838583, 1534649.301692212931812 ], [ 290124.776196801220067, 1534631.34394868882373 ], [ 289832.374104774440639, 1533728.56608206522651 ], [ 287635.245131673407741, 1533746.537966803880408 ], [ 287050.884534288605209, 1531941.045894723385572 ], [ 288149.484320309362374, 1531932.022506122477353 ], [ 288441.56373895710567, 1532834.769664772320539 ], [ 289540.14142613846343, 1532825.800057736691087 ] ], [ [ 301402.321319978684187, 1535447.22656395402737 ], [ 301109.911111353081651, 1534544.364286577096209 ], [ 302208.393419445492327, 1534535.923786336556077 ], [ 302500.787547121173702, 1535438.793467986397445 ], [ 301402.321319978684187, 1535447.22656395402737 ] ], [ [ 309091.469700358458795, 1535389.17836387292482 ], [ 308799.171873731014784, 1534486.263687009457499 ], [ 309897.616004842799157, 1534478.150809352751821 ], [ 310189.89781203167513, 1535381.07308035902679 ], [ 309091.469700358458795, 1535389.17836387292482 ] ], [ [ 303014.661448440514505, 1533624.665101706050336 ], [ 304113.148750690452289, 1533616.310777416452765 ], [ 304405.341427395353094, 1534519.183205387555063 ], [ 303306.870181180420332, 1534527.530093021690845 ], [ 303014.661448440514505, 1533624.665101706050336 ] ], [ [ 300817.670240166538861, 1533641.514087208546698 ], [ 299941.963675904029515, 1530933.035784727195278 ], [ 301040.510234488639981, 1530924.565885858377442 ], [ 301624.113156889565289, 1532730.220705376472324 ], [ 302722.622040951508097, 1532721.812214840203524 ], [ 303014.661448440514505, 1533624.665101706050336 ], [ 300817.670240166538861, 1533641.514087208546698 ] ], [ [ 293128.02343337982893, 1533701.959206429077312 ], [ 292835.839191541657783, 1532799.171832502121106 ], [ 293934.393450791772921, 1532790.389284993056208 ], [ 294226.561564681935124, 1533693.183829674031585 ], [ 293128.02343337982893, 1533701.959206429077312 ] ], [ [ 279068.477538379724137, 1531102.838279757415876 ], [ 279360.517037744284607, 1532005.518478564685211 ], [ 281557.795380052528344, 1531986.864001064561307 ], [ 281849.971919759176672, 1532889.569486030843109 ], [ 278554.093817087705247, 1532917.600858595222235 ], [ 277969.81286978314165, 1531112.242420530878007 ], [ 279068.477538379724137, 1531102.838279757415876 ] ], [ [ 282948.585674381291028, 1532880.319249654654413 ], [ 282656.425343643582892, 1531977.606886832043529 ], [ 283755.049210004624911, 1531968.396520444424823 ], [ 284047.193340628757142, 1532871.115788224851713 ], [ 282948.585674381291028, 1532880.319249654654413 ] ], [ [ 283463.074534660903737, 1531065.688951686955988 ], [ 283171.269317103899084, 1530162.993064960464835 ], [ 285368.563584608084057, 1530144.684918699087575 ], [ 286244.390531418146566, 1532852.849184751277789 ], [ 285145.794949356466532, 1532861.959100376581773 ], [ 284561.70851852663327, 1531056.518421536544338 ], [ 283463.074534660903737, 1531065.688951686955988 ] ], [ [ 303821.12539191293763, 1532713.450475741643459 ], [ 303237.586637961328961, 1530907.766182200983167 ], [ 304336.116544543823693, 1530899.436374920420349 ], [ 304919.623240616056137, 1532705.135486840037629 ], [ 303821.12539191293763, 1532713.450475741643459 ] ], [ [ 307116.602554610930383, 1532688.645754702854902 ], [ 306824.796587694785558, 1531785.775220378767699 ], [ 307923.294120950275101, 1531777.592973223188892 ], [ 308215.084081582783256, 1532680.471009022090584 ], [ 307116.602554610930383, 1532688.645754702854902 ] ], [ [ 286758.958384041441604, 1531038.317513928748667 ], [ 286467.201669426518492, 1530135.600880581652746 ], [ 287565.833762776106596, 1530126.563530673738569 ], [ 287857.574327417591121, 1531029.287133771693334 ], [ 286758.958384041441604, 1531038.317513928748667 ] ], [ [ 289763.08009852480609, 1530108.62889013113454 ], [ 289471.541223348001949, 1529205.903062018333003 ], [ 290570.171643598238006, 1529196.998739439528435 ], [ 290861.694402646098752, 1530099.731596835888922 ], [ 289763.08009852480609, 1530108.62889013113454 ] ], [ [ 302946.071247695945203, 1530004.942155844531953 ], [ 302654.725185186427552, 1529102.130186801077798 ], [ 300457.584671942167915, 1529118.959190035704523 ], [ 300166.375906770466827, 1528216.17384554608725 ], [ 305659.265753229323309, 1528174.414482656400651 ], [ 305950.394501972012222, 1529077.236491666873917 ], [ 304851.843548979493789, 1529085.487750397529453 ], [ 305143.15759902325226, 1529988.314455927815288 ], [ 302946.071247695945203, 1530004.942155844531953 ] ], [ [ 285592.948164384812117, 1527427.521295177051798 ], [ 285301.869217312952969, 1526524.851481666322798 ], [ 286400.565836711903103, 1526515.786470538470894 ], [ 286691.628663354902528, 1527418.46316671394743 ], [ 285592.948164384812117, 1527427.521295177051798 ] ], [ [ 296744.079855437506922, 1521002.8698600246571 ], [ 296454.379341700579971, 1520100.198771061375737 ], [ 298651.850864547304809, 1520083.133134301519021 ], [ 298941.519460312498268, 1520985.818362667458132 ], [ 296744.079855437506922, 1521002.8698600246571 ] ] ], [ [ [ 305650.552361109876074, 1624177.632676825858653 ], [ 306269.82388409646228, 1625985.510946203954518 ], [ 305172.881715509807691, 1625994.280354135436937 ], [ 306103.109472597192507, 1628706.171031163074076 ], [ 307200.0005428903969, 1628697.428787905955687 ], [ 306889.772410094854422, 1627793.442757075419649 ], [ 307986.675166770000942, 1627784.741065360140055 ], [ 307676.633303205715492, 1626880.759375789901242 ], [ 308773.547751171980053, 1626872.098203396191821 ], [ 307225.962066106556449, 1622352.345593284582719 ], [ 306128.962652903283015, 1622361.051962613128126 ], [ 306747.523169397260062, 1624168.894796619424596 ], [ 305650.552361109876074, 1624177.632676825858653 ] ] ], [ [ [ 313305.170103513868526, 1630462.566749084740877 ], [ 312684.376339224923868, 1628654.462397965602577 ], [ 311587.511685869423673, 1628662.956370014231652 ], [ 312208.339458940317854, 1630471.042223955271766 ], [ 313305.170103513868526, 1630462.566749084740877 ] ] ], [ [ [ 311422.188336945837364, 1631383.621425907127559 ], [ 312519.007161411922425, 1631375.105501558864489 ], [ 312208.339458940317854, 1630471.042223955271766 ], [ 311111.503610266954638, 1630479.567404741421342 ], [ 311422.188336945837364, 1631383.621425907127559 ] ] ], [ [ [ 311569.863516373094171, 1635008.501901634968817 ], [ 310947.275469083571807, 1633200.31732494267635 ], [ 309850.480270126019605, 1633208.914244673680514 ], [ 310473.102452218998224, 1635017.080253537278622 ], [ 311569.863516373094171, 1635008.501901634968817 ] ] ], [ [ [ 309526.976329791650642, 1638650.807345374021679 ], [ 309214.869543960783631, 1637746.681737329345196 ], [ 308118.143979415646754, 1637755.38184552709572 ], [ 308430.267892180127092, 1638659.498145694145933 ], [ 309526.976329791650642, 1638650.807345374021679 ] ] ], [ [ [ 309367.654996765777469, 1641371.928755152970552 ], [ 310464.312011226429604, 1641363.266019099857658 ], [ 309839.25233796867542, 1639554.946582213044167 ], [ 308742.561034354148433, 1639563.628051226260141 ], [ 308430.267892180127092, 1638659.498145694145933 ], [ 307333.55415119510144, 1638668.238903466612101 ], [ 307958.343955993943382, 1640476.493707220535725 ], [ 309055.023403396422509, 1640467.771581310313195 ], [ 309367.654996765777469, 1641371.928755152970552 ] ] ], [ [ [ 312435.587694519315846, 1504599.65173921873793 ], [ 312149.235633263364434, 1503697.059205100638792 ], [ 311050.311398201971315, 1503704.912796176970005 ], [ 311336.679133881581947, 1504607.498173336032778 ], [ 312435.587694519315846, 1504599.65173921873793 ] ] ], [ [ [ 310237.765264670015313, 1504615.390498561086133 ], [ 310524.317976381746121, 1505517.980628477176651 ], [ 311623.216155183967203, 1505510.095454486785457 ], [ 311336.679133881581947, 1504607.498173336032778 ], [ 310237.765264670015313, 1504615.390498561086133 ] ] ], [ [ [ 298198.356446347141173, 1508323.773988132597879 ], [ 297911.106645454943646, 1507421.232579367002472 ], [ 296812.168378767324612, 1507429.701138227479532 ], [ 297099.434004723909311, 1508332.235684136860073 ], [ 298198.356446347141173, 1508323.773988132597879 ] ] ], [ [ [ 308900.18174550117692, 1507339.076140313176438 ], [ 311097.931269132939633, 1507323.196603608550504 ], [ 310524.317976381746121, 1505517.980628477176651 ], [ 309425.414466680958867, 1505525.911721885437146 ], [ 309712.152175376715604, 1506428.506605741335079 ], [ 305316.547120609204285, 1506460.661886457121 ], [ 305603.517066321568564, 1507363.240268734050915 ], [ 303405.713323388074059, 1507379.579583875834942 ], [ 303692.884129100479186, 1508282.155713808257133 ], [ 298198.356446347141173, 1508323.773988132597879 ], [ 298485.775619116961025, 1509226.327089525992051 ], [ 302881.345689174719155, 1509192.968255318468437 ], [ 303168.870958769926801, 1510095.560960606206208 ], [ 304267.733742883312516, 1510087.343390428693965 ], [ 304555.412546082166955, 1510989.954970865743235 ], [ 306753.090050895465538, 1510973.67222690791823 ], [ 306465.442829348088708, 1510071.046439218800515 ], [ 307564.289193564385641, 1510062.967055766610429 ], [ 308139.721386536897626, 1511868.24483493110165 ], [ 309238.530793628422543, 1511860.225875734118745 ], [ 308663.130146345472895, 1510054.933732148492709 ], [ 309761.965718622202985, 1510046.946467171655968 ], [ 308900.18174550117692, 1507339.076140313176438 ] ], [ [ 303980.224269746628124, 1509184.743643704336137 ], [ 305079.097337414161302, 1509176.565068413736299 ], [ 305366.591022765031084, 1510079.171883703907952 ], [ 304267.733742883312516, 1510087.343390428693965 ], [ 303980.224269746628124, 1509184.743643704336137 ] ], [ [ 306989.534232396632433, 1508257.736869404325262 ], [ 308088.406701411935501, 1508249.689267342910171 ], [ 308375.683772375690751, 1509152.305548370117322 ], [ 307276.827057793154381, 1509160.346021950012073 ], [ 306989.534232396632433, 1508257.736869404325262 ] ] ], [ [ [ 302468.024559069308452, 1518244.166431575082242 ], [ 302178.927699770196341, 1517341.488350115716457 ], [ 298882.636315587093122, 1517366.664004898630083 ], [ 299461.094831714115571, 1519171.989404565887526 ], [ 300559.832398886384908, 1519163.565399040700868 ], [ 300270.534383383404929, 1518260.889687380287796 ], [ 302468.024559069308452, 1518244.166431575082242 ] ] ], [ [ [ 307441.513196046813391, 1520016.725357146468014 ], [ 308540.196324247517623, 1520008.633026262046769 ], [ 308250.840223032515496, 1519105.894870254676789 ], [ 307152.141226096195169, 1519113.994506889255717 ], [ 307441.513196046813391, 1520016.725357146468014 ] ] ], [ [ [ 304435.020189808798023, 1520944.00157744740136 ], [ 304724.778466445510276, 1521846.734601757256314 ], [ 305823.446101442794316, 1521838.517695263959467 ], [ 306113.357781606144272, 1522741.269998787203804 ], [ 307212.004055430938024, 1522733.106827315408736 ], [ 306922.108283456473146, 1521830.347207330865785 ], [ 311316.703099380829372, 1521798.12941706343554 ], [ 311027.040149411710445, 1520895.35237983497791 ], [ 307731.054469286056701, 1520919.468228063546121 ], [ 307441.513196046813391, 1520016.725357146468014 ], [ 306342.824659211037215, 1520024.86404991382733 ], [ 306632.381817238463555, 1520927.599620567867532 ], [ 304435.020189808798023, 1520944.00157744740136 ] ] ], [ [ [ 303626.10534758499125, 1521854.997928030323237 ], [ 303336.331152652623132, 1520952.272144256392494 ], [ 302237.636592015624046, 1520960.589104945072904 ], [ 302527.426713973167352, 1521863.307675309479237 ], [ 303626.10534758499125, 1521854.997928030323237 ] ] ], [ [ [ 308600.694084367947653, 1523627.769135930808261 ], [ 307502.069130723131821, 1523635.878497650846839 ], [ 308082.707181505043991, 1525441.458057990996167 ], [ 306984.10867627087282, 1525449.599149921676144 ], [ 307274.697584414971061, 1526352.399671001592651 ], [ 308373.280152119346894, 1526344.265982349636033 ], [ 308954.933971603401005, 1528149.918205469381064 ], [ 311152.019260863773525, 1528133.820392300141975 ], [ 311443.068212085985579, 1529036.679743984946981 ], [ 313640.100446457392536, 1529020.783477273769677 ], [ 313349.083353059948422, 1528117.908998603234068 ], [ 312250.553941167192534, 1528125.841393609996885 ], [ 311959.690189969784115, 1527222.986710821045563 ], [ 310861.139583699346986, 1527230.973237671423703 ], [ 310570.429183020140044, 1526328.138262830441818 ], [ 309471.857341366296168, 1526336.178846692433581 ], [ 308600.694084367947653, 1523627.769135930808261 ] ] ], [ [ [ 316935.609658938483335, 1528997.288796608801931 ], [ 315837.111765522393398, 1529005.073729132302105 ], [ 316419.590031312429346, 1530810.890079267323017 ], [ 313124.160785510553978, 1530834.478824137942865 ], [ 313415.70158910570899, 1531737.382486104033887 ], [ 314514.167259000358172, 1531729.480530064087361 ], [ 315097.724720052327029, 1533535.340086150914431 ], [ 318392.994997905567288, 1533511.960856315214187 ], [ 318101.179474388831295, 1532609.001693508354947 ], [ 320298.03265512897633, 1532593.633735031355172 ], [ 320589.816335213836282, 1533496.608514252118766 ], [ 321688.219441976340022, 1533489.002483144169673 ], [ 321104.85310266650049, 1531683.049685224657878 ], [ 318907.978220758377574, 1531698.339804731309414 ], [ 318325.225126366189215, 1529892.467893525725231 ], [ 317226.748266171547584, 1529900.198492509778589 ], [ 316935.609658938483335, 1528997.288796608801931 ] ], [ [ 317002.745247371261939, 1532616.755774238379672 ], [ 316711.083021765807644, 1531713.816749951103702 ], [ 317809.533176315424498, 1531706.054923556279391 ], [ 318101.179474388831295, 1532609.001693508354947 ], [ 317002.745247371261939, 1532616.755774238379672 ] ] ], [ [ [ 314291.339532329584472, 1534446.167270388454199 ], [ 315389.75731910741888, 1534438.288372635608539 ], [ 315097.724720052327029, 1533535.340086150914431 ], [ 313999.29096494615078, 1533543.226691842311993 ], [ 314291.339532329584472, 1534446.167270388454199 ] ] ], [ [ [ 319783.377010651514865, 1534407.240694528445601 ], [ 320075.515037165139802, 1535310.232533761532977 ], [ 322272.262586103053764, 1535295.00518447603099 ], [ 322564.537953949649818, 1536198.02529270760715 ], [ 324761.233737416914664, 1536183.001104768598452 ], [ 324468.990204226458445, 1535279.965086106676608 ], [ 325567.346616282593459, 1535272.515253223944455 ], [ 325275.288161947741173, 1534369.483815142186359 ], [ 323078.538614077784587, 1534384.446212373673916 ], [ 322786.617548581212759, 1533481.443210479337722 ], [ 321688.219441976340022, 1533489.002483144169673 ], [ 321980.156414641998708, 1534391.997587131103501 ], [ 319783.377010651514865, 1534407.240694528445601 ] ] ], [ [ [ 319269.456896931515075, 1536220.912876464892179 ], [ 318977.133711595088243, 1535317.91643031523563 ], [ 316780.355804136954248, 1535333.42467294097878 ], [ 317365.235249207355082, 1537139.398706181207672 ], [ 318463.594817864708602, 1537131.636810010299087 ], [ 318171.086452843039297, 1536228.635756060946733 ], [ 319269.456896931515075, 1536220.912876464892179 ] ] ], [ [ [ 319561.949298038787674, 1537123.92178538441658 ], [ 320660.298720537684858, 1537116.25363115943037 ], [ 320367.822274600388482, 1536213.236840131459758 ], [ 319269.456896931515075, 1536220.912876464892179 ], [ 319561.949298038787674, 1537123.92178538441658 ] ] ], [ [ [ 312166.133596839616075, 1538081.878121685003862 ], [ 312459.076455438684206, 1538984.857287078164518 ], [ 314655.778067406150512, 1538968.942576207686216 ], [ 314948.858117534196936, 1539871.94964645174332 ], [ 316047.185096025350504, 1539864.070499459281564 ], [ 315461.226274920278229, 1538058.053162315161899 ], [ 312166.133596839616075, 1538081.878121685003862 ] ] ], [ [ [ 306162.053026476525702, 1539936.673395121702924 ], [ 306748.977991525141988, 1541742.601254859939218 ], [ 307847.315111923730001, 1541734.361670001875609 ], [ 307553.784085963969119, 1540831.383968510664999 ], [ 308652.131919787207153, 1540823.183737695915624 ], [ 308358.786274395650253, 1539920.210679115727544 ], [ 310555.498041235841811, 1539903.935822083614767 ], [ 310262.353820176562294, 1539000.959729211870581 ], [ 306967.229909415938891, 1539025.465409447904676 ], [ 307260.422350975568406, 1539928.418554139323533 ], [ 306162.053026476525702, 1539936.673395121702924 ] ] ], [ [ [ 314143.791283002356067, 1540782.887437568046153 ], [ 315242.107410085620359, 1540774.96913996944204 ], [ 314948.858117534196936, 1539871.94964645174332 ], [ 313850.525953615317121, 1539879.875751032028347 ], [ 314143.791283002356067, 1540782.887437568046153 ] ] ], [ [ [ 316927.392585262015928, 1542573.189888213993981 ], [ 316633.820857744896784, 1541670.137617488158867 ], [ 315535.525942633568775, 1541678.00107429549098 ], [ 315829.113712740596384, 1542581.045466981362551 ], [ 316927.392585262015928, 1542573.189888213993981 ] ] ], [ [ [ 327692.973543139174581, 1545214.055672285147011 ], [ 327399.03832349111326, 1544310.893137506442145 ], [ 326300.83644613699289, 1544318.309106392320246 ], [ 326594.787651164107956, 1545221.463452883996069 ], [ 327692.973543139174581, 1545214.055672285147011 ] ] ], [ [ [ 324692.553648558154237, 1546139.571080047404394 ], [ 325790.733272548939567, 1546132.077233979478478 ], [ 326085.038809063436929, 1547035.248846992384642 ], [ 327183.19754675636068, 1547027.810344571946189 ], [ 326594.787651164107956, 1545221.463452883996069 ], [ 325496.596903502126224, 1545228.918343676486984 ], [ 325202.629704329243395, 1544325.772158326813951 ], [ 323006.201504244585522, 1544340.839515772880986 ], [ 323300.200718002975918, 1545243.969460268039256 ], [ 324398.401269371272065, 1545236.420345767633989 ], [ 324692.553648558154237, 1546139.571080047404394 ] ] ], [ [ [ 322201.995218608586583, 1545251.565688297152519 ], [ 321103.784740418253932, 1545259.209030980244279 ], [ 321397.985202674579341, 1546162.335460039321333 ], [ 322496.179644396295771, 1546154.700191956246272 ], [ 322201.995218608586583, 1545251.565688297152519 ] ] ], [ [ [ 325281.365928611136042, 1547945.910668384749442 ], [ 324183.213455671211705, 1547953.435330114793032 ], [ 323594.369116099434905, 1546147.112065667053685 ], [ 322496.179644396295771, 1546154.700191956246272 ], [ 323379.748047071043402, 1548864.179713465506211 ], [ 325576.025824647455011, 1548849.099557984620333 ], [ 325281.365928611136042, 1547945.910668384749442 ] ] ], [ [ [ 312988.271305911708623, 1550748.636231775162742 ], [ 314086.43117545673158, 1550740.616118614794686 ], [ 313791.2558571936097, 1549837.490841872990131 ], [ 312693.079835672397166, 1549845.518895752727985 ], [ 312988.271305911708623, 1550748.636231775162742 ] ] ], [ [ [ 325576.025824647455011, 1548849.099557984620333 ], [ 326165.853116682730615, 1550655.515617045806721 ], [ 327263.952581594698131, 1550648.062881940277293 ], [ 327559.103919294197112, 1551551.298375515965745 ], [ 326461.020507852896117, 1551558.742822164669633 ], [ 326756.357059240923263, 1552461.982834812486544 ], [ 328952.486944531672634, 1552447.15789111983031 ], [ 328657.182505716511514, 1551543.901230173185468 ], [ 329755.256297868851107, 1551536.551385040394962 ], [ 329460.137040751054883, 1550633.299233115743846 ], [ 330558.222096500569023, 1550625.98831720999442 ], [ 330263.288000293308869, 1549722.740673489868641 ], [ 326968.970399311045185, 1549744.840200142469257 ], [ 326674.157374854607042, 1548841.630312270484865 ], [ 325576.025824647455011, 1548849.099557984620333 ] ] ], [ [ [ 313579.161992308334447, 1552554.908494725357741 ], [ 312988.271305911708623, 1550748.636231775162742 ], [ 311890.106202715891413, 1550756.703633996425197 ], [ 312776.744626342144329, 1553466.106985821388662 ], [ 314972.972573677136097, 1553450.067298741312698 ], [ 314677.289536143303849, 1552546.904329332057387 ], [ 313579.161992308334447, 1552554.908494725357741 ] ] ], [ [ [ 333607.197377019154374, 1563280.00742507330142 ], [ 333012.730744249769486, 1561473.178684193873778 ], [ 331914.833821867709048, 1561480.435296166921034 ], [ 331617.838057498447597, 1560577.049129665596411 ], [ 333813.659456702531315, 1560562.56630267505534 ], [ 333516.865020875877235, 1559659.176011566072702 ], [ 331321.0114148503053, 1559673.675994834164158 ], [ 331024.353896328713745, 1558770.315873594023287 ], [ 329926.403926617000252, 1558777.645696653285995 ], [ 330223.077554589312058, 1559680.99730271869339 ], [ 328027.195566007401794, 1559695.782556410646066 ], [ 327730.489692679024301, 1558792.447899257997051 ], [ 326632.525367012887727, 1558799.920280995778739 ], [ 326929.247376257204451, 1559703.246504406444728 ], [ 324733.336452252464369, 1559718.317048224853352 ], [ 325327.352566751767881, 1561524.97458132985048 ], [ 326425.278134334716015, 1561517.432360072154552 ], [ 326722.523761260905303, 1562420.788938062498346 ], [ 327820.428311558673158, 1562413.302794470917434 ], [ 328117.826917784987018, 1563316.680824574781582 ], [ 325922.045330920489505, 1563331.683779033599421 ], [ 326219.645450564392377, 1564235.057797204470262 ], [ 327317.522471100965049, 1564227.540981493424624 ], [ 327615.275549169164151, 1565130.936483085155487 ], [ 329810.982780758989975, 1565116.063015380408615 ], [ 329513.262069578515366, 1564212.650406126864254 ], [ 332806.83582122460939, 1564190.672166738659143 ], [ 332509.332706139190122, 1563287.2467965784017 ], [ 333607.197377019154374, 1563280.00742507330142 ] ] ], [ [ [ 325922.045330920489505, 1563331.683779033599421 ], [ 325624.61436883918941, 1562428.322713092435151 ], [ 324526.700103586015757, 1562435.904120676685125 ], [ 324824.147256865515374, 1563339.256745246239007 ], [ 325922.045330920489505, 1563331.683779033599421 ] ] ], [ [ [ 316040.783876745554153, 1563401.55635994952172 ], [ 315743.206874829367734, 1562498.270289480686188 ], [ 314645.247372266836464, 1562506.28044141153805 ], [ 314942.840645205928013, 1563409.558314706897363 ], [ 316040.783876745554153, 1563401.55635994952172 ] ] ], [ [ [ 332304.528492082259618, 1566004.823315831134096 ], [ 332006.670995563268661, 1565101.380390323698521 ], [ 330908.829249912116211, 1565108.697848066920415 ], [ 331206.702914935071021, 1566012.132129558827728 ], [ 332304.528492082259618, 1566004.823315831134096 ] ] ], [ [ [ 317232.784083748818375, 1567014.828337043523788 ], [ 316934.530207004165277, 1566111.491152550792322 ], [ 315836.635831823572516, 1566119.468381959479302 ], [ 316134.906008445075713, 1567022.797280013794079 ], [ 317232.784083748818375, 1567014.828337043523788 ] ] ], [ [ [ 333700.359829382272437, 1566901.026974939508364 ], [ 333402.349385254550725, 1565997.562237737234682 ], [ 332304.528492082259618, 1566004.823315831134096 ], [ 332602.555103035178035, 1566908.279359532287344 ], [ 333700.359829382272437, 1566901.026974939508364 ] ] ], [ [ [ 323318.951051729789469, 1568782.497148172231391 ], [ 324416.766444247274194, 1568774.831824588123709 ], [ 324118.271843662019819, 1567871.418418457731605 ], [ 323020.440190224268008, 1567879.092235985677689 ], [ 323318.951051729789469, 1568782.497148172231391 ] ] ], [ [ [ 325216.098585362313315, 1567863.792399688391015 ], [ 325514.576933910546359, 1568767.21432689926587 ], [ 326612.382551396032795, 1568759.64465397852473 ], [ 327209.814210285199806, 1570566.544738728553057 ], [ 328307.582496185437776, 1570559.040107319597155 ], [ 328008.798341493471526, 1569655.574916442856193 ], [ 329106.578074075747281, 1569648.109514579875395 ], [ 329704.283034944033716, 1571455.070310624316335 ], [ 330802.025527324120048, 1571447.670128561090678 ], [ 330503.104719433991704, 1570544.174473844934255 ], [ 331600.858718123286963, 1570536.813469578744844 ], [ 330406.931594258290716, 1566922.927418138831854 ], [ 328211.289139486034401, 1566937.766536545241252 ], [ 328509.549646891537122, 1567841.201124681625515 ], [ 325216.098585362313315, 1567863.792399688391015 ] ], [ [ 328807.979292560659815, 1568744.648777965689078 ], [ 329905.770477592363022, 1568737.222572654252872 ], [ 330204.353035384439863, 1569640.691961287287995 ], [ 329106.578074075747281, 1569648.109514579875395 ], [ 328807.979292560659815, 1568744.648777965689078 ] ] ], [ [ [ 324715.430209369049408, 1569678.258224534569308 ], [ 325813.224439814453945, 1569670.649270304478705 ], [ 325514.576933910546359, 1568767.21432689926587 ], [ 324416.766444247274194, 1568774.831824588123709 ], [ 324715.430209369049408, 1569678.258224534569308 ] ] ], [ [ [ 323617.631084953143727, 1569685.915031796554103 ], [ 323318.951051729789469, 1568782.497148172231391 ], [ 322221.130725681199692, 1568790.210298786638305 ], [ 322519.827035890892148, 1569693.619693223852664 ], [ 323617.631084953143727, 1569685.915031796554103 ] ] ], [ [ [ 319525.299426629440859, 1570620.417803612770513 ], [ 319226.385034059581812, 1569717.020813934504986 ], [ 317030.731847193557769, 1569732.860852996585891 ], [ 317329.678888218360953, 1570636.241063703084365 ], [ 319525.299426629440859, 1570620.417803612770513 ] ] ], [ [ [ 331899.763296840596013, 1571440.317848256323487 ], [ 332997.496374155161902, 1571433.013468623161316 ], [ 332698.60801574710058, 1570529.500338839367032 ], [ 331600.858718123286963, 1570536.813469578744844 ], [ 331899.763296840596013, 1571440.317848256323487 ] ] ], [ [ [ 326710.181877365917899, 1572381.032379383454099 ], [ 326112.041100645787083, 1570574.097248063888401 ], [ 323916.480287457932718, 1570589.34590499009937 ], [ 324514.686190559994429, 1572396.246692717308179 ], [ 326710.181877365917899, 1572381.032379383454099 ] ] ], [ [ [ 332198.836989822098985, 1572343.83540976815857 ], [ 331899.763296840596013, 1571440.317848256323487 ], [ 330802.025527324120048, 1571447.670128561090678 ], [ 331101.11545663245488, 1572351.178943691076711 ], [ 332198.836989822098985, 1572343.83540976815857 ] ] ], [ [ [ 320123.635796046233736, 1572427.250555388629436 ], [ 319025.860722519806586, 1572435.121368570951745 ], [ 319325.299035809934139, 1573338.548696616664529 ], [ 318227.535261246259324, 1573346.459007947240025 ], [ 318826.952193675097078, 1575153.335578690748662 ], [ 321022.409274138277397, 1575137.596886154962704 ], [ 320123.635796046233736, 1572427.250555388629436 ] ] ], [ [ [ 342192.552475704986136, 1585862.870066097006202 ], [ 341891.023941461811773, 1584959.106727792182937 ], [ 338598.597640479623806, 1584980.183221785817295 ], [ 339201.921616161882412, 1586787.668263870989904 ], [ 340299.368866464938037, 1586780.612815708620474 ], [ 339997.638671562308446, 1585876.854344721883535 ], [ 342192.552475704986136, 1585862.870066097006202 ] ] ], [ [ [ 323233.392998372437432, 1585084.289047649363056 ], [ 322931.755336010595784, 1584180.691946538630873 ], [ 321834.188324170012493, 1584188.499185047810897 ], [ 322437.665706445113756, 1585995.689080256270245 ], [ 323535.1998242661939, 1585987.899336453992873 ], [ 324441.635258615075145, 1588698.8095132925082 ], [ 325539.115091579093132, 1588691.094611038221046 ], [ 324934.688563135219738, 1586883.790244278497994 ], [ 326032.196437447331846, 1586876.106031454633921 ], [ 327544.449045913643204, 1591394.511143723735586 ], [ 328641.869812134536915, 1591386.919957584235817 ], [ 328339.097482875280548, 1590483.203308300115168 ], [ 329436.529935032536741, 1590475.65162660786882 ], [ 328831.52555494767148, 1588668.240470941178501 ], [ 327734.060209151124582, 1588675.810090992832556 ], [ 326827.772797200945206, 1585964.820190143072978 ], [ 324632.729024924105033, 1585980.157940929289907 ], [ 324330.938640654378105, 1585076.538866328541189 ], [ 323233.392998372437432, 1585084.289047649363056 ] ] ], [ [ [ 337308.961911290301941, 1587705.668724963441491 ], [ 335114.068500625784509, 1587720.09991904720664 ], [ 335718.537732355645858, 1589527.592849560314789 ], [ 334621.116924441070296, 1589534.862814555410296 ], [ 335226.295277065597475, 1591342.391463253647089 ], [ 334128.902681483072229, 1591349.691619894932956 ], [ 334431.761902364902198, 1592253.467055518180132 ], [ 333334.381116877659224, 1592260.806579822674394 ], [ 333940.639696133963298, 1594068.379684855928645 ], [ 335037.987602825276554, 1594061.058497795136645 ], [ 335644.889632022590376, 1595868.704159434419125 ], [ 336742.200057692476548, 1595861.45003856276162 ], [ 335832.149959179922007, 1593149.974197997013107 ], [ 336929.505137896398082, 1593142.740942790638655 ], [ 336021.025969614856876, 1590431.359565856866539 ], [ 337118.425814429589082, 1590424.147217112826183 ], [ 336513.651188367453869, 1588616.60897308238782 ], [ 337611.079247782821767, 1588609.426723516080528 ], [ 337308.961911290301941, 1587705.668724963441491 ] ] ], [ [ [ 334057.899256058211904, 1597691.021362191298977 ], [ 333753.992597779026255, 1596787.183056337991729 ], [ 335948.594263831502758, 1596772.547369335312396 ], [ 335644.889632022590376, 1595868.704159434419125 ], [ 334547.574632501637097, 1595876.006918201223016 ], [ 334244.022620895993896, 1594972.186526136705652 ], [ 333146.686550862854347, 1594979.547122270567343 ], [ 332843.287167096917983, 1594075.749456605874002 ], [ 331745.929985135619063, 1594083.167814135318622 ], [ 332049.345836882595904, 1594986.956331324530765 ], [ 329854.650354820594657, 1595001.920592580456287 ], [ 330158.268284685153048, 1595905.704353919019923 ], [ 329060.929957498447038, 1595913.250318498117849 ], [ 329668.706178516091313, 1597720.840046883327886 ], [ 331863.312073524459265, 1597705.833311466267332 ], [ 332471.698665083502419, 1599513.513744565891102 ], [ 333568.961562385666184, 1599506.101870079990476 ], [ 333264.700229837326333, 1598602.245639517204836 ], [ 335459.24516408686759, 1598587.549586484208703 ], [ 335155.185906528495252, 1597683.688429615925997 ], [ 334057.899256058211904, 1597691.021362191298977 ] ], [ [ 331255.601885220035911, 1595898.207032705191523 ], [ 331559.372427747468464, 1596802.013412159634754 ], [ 330462.055327347537968, 1596809.501593613065779 ], [ 330158.268284685153048, 1595905.704353919019923 ], [ 331255.601885220035911, 1595898.207032705191523 ] ] ], [ [ [ 333873.391983781359158, 1600409.97169958264567 ], [ 334970.633740985824261, 1600402.617860148893669 ], [ 334666.219830098329112, 1599498.738745311275125 ], [ 333568.961562385666184, 1599506.101870079990476 ], [ 333873.391983781359158, 1600409.97169958264567 ] ] ], [ [ [ 331374.431107652722858, 1599520.974369863513857 ], [ 330277.158859545364976, 1599528.48374707554467 ], [ 329972.847962752217427, 1598624.655141146155074 ], [ 328875.554454005730804, 1598632.222425319021568 ], [ 329789.044111794966739, 1601343.721322732744738 ], [ 331983.527147031738423, 1601328.69062239350751 ], [ 331374.431107652722858, 1599520.974369863513857 ] ] ], [ [ [ 351858.744939036318101, 1627477.355821627890691 ], [ 350313.592385385243688, 1622955.663169958163053 ], [ 351410.385024911607616, 1622948.944534961599857 ], [ 350485.370929572614841, 1620236.070293630706146 ], [ 349388.52846850361675, 1620242.819093495374545 ], [ 349696.714133890694939, 1621147.086204759310931 ], [ 348599.884103694115765, 1621153.874365784227848 ], [ 350762.031368979834951, 1627484.073300616117194 ], [ 351858.744939036318101, 1627477.355821627890691 ] ] ], [ [ [ 355768.004972915630788, 1629266.339982413453981 ], [ 355458.348586743581109, 1628361.913197380956262 ], [ 354361.663881402870174, 1628368.471658270340413 ], [ 354671.336912442930043, 1629272.888148113386706 ], [ 355768.004972915630788, 1629266.339982413453981 ] ] ], [ [ [ 350594.532763219671324, 1630203.967125279130414 ], [ 349497.860960354446433, 1630210.753295163623989 ], [ 349807.955296272644773, 1631115.147428931668401 ], [ 350904.610395046765916, 1631108.371465049451217 ], [ 351525.272541566286236, 1632917.223390811821446 ], [ 352621.890098839357961, 1632910.517656915821135 ], [ 353243.194634320505429, 1634719.448004745645449 ], [ 354339.774688973440789, 1634712.81270190817304 ], [ 354029.054661222151481, 1633808.329928738065064 ], [ 355125.647387074655853, 1633801.734045354649425 ], [ 354815.112997676478699, 1632897.255429120734334 ], [ 355911.71840002364479, 1632890.698933265404776 ], [ 356222.236100745154545, 1633795.187934171874076 ], [ 357318.820832621771842, 1633788.691594223491848 ], [ 356697.987712581641972, 1631979.707333595724776 ], [ 358891.212002693035174, 1631966.822199942078441 ], [ 358271.121175671229139, 1630157.854543172987178 ], [ 360464.396353114803787, 1630145.126471464987844 ], [ 359845.047654859255999, 1628336.175417080987245 ], [ 358748.378789998474531, 1628342.535454572876915 ], [ 359057.985295832389966, 1629246.99328816938214 ], [ 357961.329134205821902, 1629253.392553396290168 ], [ 357342.25180735019967, 1627444.512152828974649 ], [ 358438.941197506559547, 1627438.092157513368875 ], [ 358129.672520754567813, 1626533.663377369521186 ], [ 355936.256569773948286, 1626546.573579284129664 ], [ 355627.123608349065762, 1625642.179883019067347 ], [ 354530.393043019343168, 1625648.719564014114439 ], [ 355458.348586743581109, 1628361.913197380956262 ], [ 356555.029286348784808, 1628355.404343773843721 ], [ 356864.66903670161264, 1629259.841451160609722 ], [ 355768.004972915630788, 1629266.339982413453981 ], [ 356077.830290880752727, 1630170.781253710389137 ], [ 354981.178882230946328, 1630177.319100919179618 ], [ 354671.336912442930043, 1629272.888148113386706 ], [ 353574.664824878447689, 1629279.485949226887897 ], [ 352955.454403077834286, 1627470.687925687292591 ], [ 351858.744939036318101, 1627477.355821627890691 ], [ 352477.988679816247895, 1629286.133386726723984 ], [ 350284.624095573206432, 1629299.577174816979095 ], [ 350594.532763219671324, 1630203.967125279130414 ] ], [ [ 353718.503574075642973, 1632903.861670012818649 ], [ 353408.121429951977916, 1631999.407906076638028 ], [ 354504.747544347774237, 1631992.791331032291055 ], [ 354815.112997676478699, 1632897.255429120734334 ], [ 353718.503574075642973, 1632903.861670012818649 ] ], [ [ 352311.491254845110234, 1632006.074199970578775 ], [ 352001.261363242170773, 1631101.645194833399728 ], [ 353097.908231257926673, 1631094.968617290724069 ], [ 353408.121429951977916, 1631999.407906076638028 ], [ 352311.491254845110234, 1632006.074199970578775 ] ], [ [ 357174.477711895713583, 1630164.293068113969639 ], [ 357484.455309530138038, 1631068.75921426829882 ], [ 356387.824538235494401, 1631075.23703089216724 ], [ 356077.830290880752727, 1630170.781253710389137 ], [ 357174.477711895713583, 1630164.293068113969639 ] ] ], [ [ [ 356532.922728186007589, 1634699.691496265120804 ], [ 356222.236100745154545, 1633795.187934171874076 ], [ 355125.647387074655853, 1633801.734045354649425 ], [ 355436.350710134836845, 1634706.227199404267594 ], [ 356532.922728186007589, 1634699.691496265120804 ] ] ], [ [ [ 351050.022303009813186, 1634732.86801534681581 ], [ 350739.252106709522195, 1633828.416221850784495 ], [ 349642.643028265913017, 1633835.211203834973276 ], [ 349953.429965586168692, 1634739.652725090505555 ], [ 351050.022303009813186, 1634732.86801534681581 ] ] ], [ [ [ 351360.961458359495737, 1635637.334272818639874 ], [ 353554.100320987636223, 1635623.934934940421954 ], [ 353243.194634320505429, 1634719.448004745645449 ], [ 351050.022303009813186, 1634732.86801534681581 ], [ 351360.961458359495737, 1635637.334272818639874 ] ] ], [ [ [ 350264.385868910583667, 1635644.108686936786398 ], [ 349953.429965586168692, 1634739.652725090505555 ], [ 348856.833473138744012, 1634746.487239126581699 ], [ 349167.806133533245884, 1635650.932932504685596 ], [ 350264.385868910583667, 1635644.108686936786398 ] ] ], [ [ [ 376082.866813387488946, 1496988.601298760389909 ], [ 375798.790408751112409, 1496085.634687116136774 ], [ 374700.007525758759584, 1496090.807858577463776 ], [ 374984.099037187115755, 1496993.76585367671214 ], [ 376082.866813387488946, 1496988.601298760389909 ] ] ], [ [ [ 379663.34930687060114, 1497876.387077681021765 ], [ 378564.606992824585177, 1497881.406070904806256 ], [ 377712.468346653331537, 1495172.454274204792455 ], [ 375514.882866774802096, 1495182.681127179879695 ], [ 375798.790408751112409, 1496085.634687116136774 ], [ 376897.569794680224732, 1496080.507103265728801 ], [ 377465.861260329489596, 1497886.470704652369022 ], [ 376367.112078442703933, 1497891.580979675985873 ], [ 376651.526201684959233, 1498794.573747442569584 ], [ 377750.260270780592691, 1498789.472158816410229 ], [ 378034.828130012436304, 1499692.486738772131503 ], [ 379133.543646478676237, 1499687.439553586533293 ], [ 378848.990898850082885, 1498784.416238679550588 ], [ 381046.441955660353415, 1498774.441400875570253 ], [ 380477.903340644901618, 1496968.399219757411629 ], [ 379379.149333568464499, 1496973.381319915177301 ], [ 379663.34930687060114, 1497876.387077681021765 ] ] ], [ [ [ 376651.526201684959233, 1498794.573747442569584 ], [ 375552.78866062668385, 1498799.721005314262584 ], [ 376122.153736607637256, 1500605.728489409666508 ], [ 377220.861013805726543, 1500600.598613945301622 ], [ 376651.526201684959233, 1498794.573747442569584 ] ] ], [ [ [ 329183.833789050229825, 1522579.595177875598893 ], [ 330282.372865843703039, 1522572.407096728216857 ], [ 329703.414600901480298, 1520766.580516431247815 ], [ 328604.844079672708176, 1520773.784348746296018 ], [ 329183.833789050229825, 1522579.595177875598893 ] ] ], [ [ [ 328085.289916350739077, 1522586.829680727561936 ], [ 328375.05424985854188, 1523489.745931707788259 ], [ 327276.521300807362422, 1523497.019003536552191 ], [ 327566.470554137951694, 1524399.939858784200624 ], [ 325369.421619579894468, 1524414.609687002608553 ], [ 325079.440824881079607, 1523511.704501304775476 ], [ 322882.340706087183207, 1523526.575811826158315 ], [ 323172.353076819214039, 1524429.465436566621065 ], [ 324270.889814654598013, 1524422.014321067836136 ], [ 324561.055581881955732, 1525324.924123057164252 ], [ 325659.571595845918637, 1525317.527304755989462 ], [ 325949.89075128530385, 1526220.457371968310326 ], [ 328146.876559466414619, 1526205.819013152038679 ], [ 328437.333306691492908, 1527108.777347152354196 ], [ 330634.268272540008184, 1527094.341026694979519 ], [ 330343.843075641314499, 1526191.366784184472635 ], [ 329245.362213627784513, 1526198.569632975617424 ], [ 328955.090400880086236, 1525295.615890396991745 ], [ 330053.587026462075301, 1525288.405095514608547 ], [ 329183.833789050229825, 1522579.595177875598893 ], [ 328085.289916350739077, 1522586.829680727561936 ] ] ], [ [ [ 324851.390535561076831, 1526227.84635277884081 ], [ 325141.894673298986163, 1527130.78102764277719 ], [ 326240.379083510721102, 1527123.399906062055379 ], [ 325949.89075128530385, 1526220.457371968310326 ], [ 324851.390535561076831, 1526227.84635277884081 ] ] ], [ [ [ 329018.754278336651623, 1528914.731616127770394 ], [ 327920.311187454091851, 1528922.003722906345502 ], [ 327338.858617690566462, 1527116.06534626125358 ], [ 326240.379083510721102, 1527123.399906062055379 ], [ 326531.036590127390809, 1528026.354924478568137 ], [ 325432.567992698284797, 1528033.728165076114237 ], [ 325723.410491365066264, 1528936.687782525084913 ], [ 324624.95282447594218, 1528944.099737542448565 ], [ 323752.885404276836198, 1526235.281869316939265 ], [ 322654.375326569250319, 1526242.763922685291618 ], [ 323526.490237227757461, 1528951.558310828637332 ], [ 322428.022698779124767, 1528959.063503489131108 ], [ 321555.86027159076184, 1526250.292513992870227 ], [ 320457.340208482113667, 1526257.867644356796518 ], [ 321329.550178285106085, 1528966.615316637326032 ], [ 319132.59006777824834, 1528981.858808883232996 ], [ 319423.696889843966346, 1529884.783946689916775 ], [ 327112.859116973995697, 1529832.302484137006104 ], [ 327404.024132421356626, 1530735.295060355216265 ], [ 328502.440406613284722, 1530727.992263736668974 ], [ 328211.291217052610591, 1529824.991714045405388 ], [ 329309.718497989233583, 1529817.727586095454171 ], [ 329600.851870345999487, 1530720.736136409919709 ], [ 330699.258554450701922, 1530713.526677299989387 ], [ 329826.413301687920466, 1528004.514731917297468 ], [ 328727.959213777678087, 1528011.74820898193866 ], [ 329018.754278336651623, 1528914.731616127770394 ] ] ], [ [ [ 332896.057707120897248, 1530699.247759460005909 ], [ 332604.971734298276715, 1529796.215044362237677 ], [ 331506.558725773589686, 1529803.33925232081674 ], [ 331797.660489763773512, 1530706.363885337486863 ], [ 332896.057707120897248, 1530699.247759460005909 ] ] ], [ [ [ 333703.380047029117122, 1529789.137474278919399 ], [ 333994.450237351527903, 1530692.17829861282371 ], [ 335092.838111284887418, 1530685.155501747969538 ], [ 335384.061641876469366, 1531588.217169405892491 ], [ 336482.429117944964673, 1531581.249220841098577 ], [ 335900.182708437554538, 1529775.122243546880782 ], [ 333703.380047029117122, 1529789.137474278919399 ] ] ], [ [ [ 330990.545261351740919, 1531616.555875087389722 ], [ 332088.931389577453956, 1531609.401159859960899 ], [ 331797.660489763773512, 1530706.363885337486863 ], [ 330699.258554450701922, 1530713.526677299989387 ], [ 330990.545261351740919, 1531616.555875087389722 ] ] ], [ [ [ 337872.153099768562242, 1532477.418795082019642 ], [ 338163.683286402258091, 1533380.522414703853428 ], [ 341458.65020556806121, 1533360.088557859417051 ], [ 341167.16730153770186, 1532456.960006739711389 ], [ 338970.49567241105251, 1532470.552485122811049 ], [ 338679.150342992506921, 1531567.453389881644398 ], [ 336482.429117944964673, 1531581.249220841098577 ], [ 336773.805980639881454, 1532484.331820240942761 ], [ 337872.153099768562242, 1532477.418795082019642 ] ] ], [ [ [ 335675.454284205392469, 1532491.291561624500901 ], [ 336258.746894574898761, 1534297.478590362006798 ], [ 337357.067010062572081, 1534290.535328861325979 ], [ 336773.805980639881454, 1532484.331820240942761 ], [ 335675.454284205392469, 1532491.291561624500901 ] ] ], [ [ [ 345336.955660557141528, 1535146.421631065895781 ], [ 345045.181865026941523, 1534243.24201681627892 ], [ 343946.893022208416369, 1534249.857905736193061 ], [ 343655.272540151665453, 1533346.699684970313683 ], [ 341458.65020556806121, 1533360.088557859417051 ], [ 341750.302180503378622, 1534263.229978106915951 ], [ 342848.599804306344595, 1534256.520559170981869 ], [ 343140.405089814972598, 1535159.683274840470403 ], [ 345336.955660557141528, 1535146.421631065895781 ] ] ], [ [ [ 343432.379434310598299, 1536062.858917042613029 ], [ 343140.405089814972598, 1535159.683274840470403 ], [ 342042.1232239829842, 1535166.384285236010328 ], [ 342334.113333652145229, 1536069.551497020525858 ], [ 343432.379434310598299, 1536062.858917042613029 ] ] ], [ [ [ 346727.151528004324064, 1536043.062092179432511 ], [ 346435.224427085428033, 1535139.860995721071959 ], [ 345336.955660557141528, 1535146.421631065895781 ], [ 345628.898500684124883, 1536049.614215603563935 ], [ 346727.151528004324064, 1536043.062092179432511 ] ] ], [ [ [ 374473.866311364166904, 1536797.908381611341611 ], [ 375572.002124970545992, 1536792.582442964427173 ], [ 375280.312370140920393, 1535889.136916701216251 ], [ 374182.161033811687957, 1535894.472096024313942 ], [ 374473.866311364166904, 1536797.908381611341611 ] ] ], [ [ [ 371179.437641173659358, 1536814.167133244685829 ], [ 370887.685744097339921, 1535910.758406465873122 ], [ 369789.52011798118474, 1535916.280770119279623 ], [ 370081.287572025379632, 1536819.680365030420944 ], [ 371179.437641173659358, 1536814.167133244685829 ] ] ], [ [ [ 368983.13386201846879, 1536825.240422125905752 ], [ 369275.085771259095054, 1537728.644378393655643 ], [ 370373.223908605519682, 1537723.09344787709415 ], [ 370081.287572025379632, 1536819.680365030420944 ], [ 368983.13386201846879, 1536825.240422125905752 ] ] ], [ [ [ 374765.740443013724871, 1537701.358242774382234 ], [ 374473.866311364166904, 1536797.908381611341611 ], [ 372277.584100254345685, 1536808.700725951930508 ], [ 372569.48931723786518, 1537712.132143553346395 ], [ 374765.740443013724871, 1537701.358242774382234 ] ] ], [ [ [ 339623.870560457580723, 1537896.232921043876559 ], [ 339331.494934747926891, 1536993.065106204012409 ], [ 338233.226778761658352, 1536999.936631849966943 ], [ 338525.618218739982694, 1537903.096081129740924 ], [ 339623.870560457580723, 1537896.232921043876559 ] ] ], [ [ [ 380548.272770418785512, 1538578.753489304566756 ], [ 380256.307386067113839, 1537675.243339705048129 ], [ 374765.740443013724871, 1537701.358242774382234 ], [ 375057.783426474314183, 1538604.821697741048411 ], [ 380548.272770418785512, 1538578.753489304566756 ] ] ], [ [ [ 345992.969780815532431, 1540572.328506361227483 ], [ 347091.148287988209631, 1540565.772317467490211 ], [ 346505.741265125048812, 1538759.269969381159171 ], [ 347603.947031698422506, 1538752.743513121968135 ], [ 347019.247663975926116, 1536946.276198651408777 ], [ 345921.010383051470853, 1536952.819788263645023 ], [ 345628.898500684124883, 1536049.614215603563935 ], [ 343432.379434310598299, 1536062.858917042613029 ], [ 343724.522835439362098, 1536966.047503584763035 ], [ 340429.75858760625124, 1536986.240431562298909 ], [ 340722.118407728383318, 1537889.416639123810455 ], [ 341820.361791350878775, 1537882.647234359523281 ], [ 342112.87488087406382, 1538785.844797978410497 ], [ 343211.09803621401079, 1538779.130738333100453 ], [ 342918.600742125883698, 1537875.924705747980624 ], [ 344016.835290845483541, 1537869.249052292201668 ], [ 344601.967355072498322, 1539675.6911075997632 ], [ 345700.165969165624119, 1539669.079396840417758 ], [ 345992.969780815532431, 1540572.328506361227483 ] ], [ [ 346213.291305316786747, 1537856.038366899359971 ], [ 345115.065468312124722, 1537862.62027300382033 ], [ 344822.768783805891871, 1536959.410222916165367 ], [ 345921.010383051470853, 1536952.819788263645023 ], [ 346213.291305316786747, 1537856.038366899359971 ] ] ], [ [ [ 373153.806347004836425, 1539519.035646840697154 ], [ 372569.48931723786518, 1537712.132143553346395 ], [ 370373.223908605519682, 1537723.09344787709415 ], [ 371250.046190700260922, 1540433.413805846124887 ], [ 372348.133960848674178, 1540427.937320765806362 ], [ 372055.706575790303759, 1539524.474445415660739 ], [ 373153.806347004836425, 1539519.035646840697154 ] ] ], [ [ [ 340502.011912415386178, 1540605.813790841028094 ], [ 340795.063846793724224, 1541509.033281958661973 ], [ 341893.248399711796083, 1541502.250790239777416 ], [ 342186.453563771094196, 1542405.491747490828857 ], [ 343284.617854901182, 1542398.764771190704778 ], [ 342405.55703435203759, 1539689.055315606994554 ], [ 341307.345266145654023, 1539695.807814835105091 ], [ 340722.118407728383318, 1537889.416639123810455 ], [ 339623.870560457580723, 1537896.232921043876559 ], [ 340209.129051654948853, 1539702.60724554467015 ], [ 339110.908360088826157, 1539709.453608743380755 ], [ 339403.807056726829614, 1540612.651722685899585 ], [ 340502.011912415386178, 1540605.813790841028094 ] ] ], [ [ [ 373446.218155223876238, 1540422.507768981158733 ], [ 372348.133960848674178, 1540427.937320765806362 ], [ 372933.49532753607491, 1542234.903837837977335 ], [ 371835.438749529130291, 1542240.361817832803354 ], [ 372128.388333312759642, 1543143.856210572877899 ], [ 374324.466725877020508, 1543133.005836530355737 ], [ 373446.218155223876238, 1540422.507768981158733 ] ] ], [ [ [ 372128.388333312759642, 1543143.856210572877899 ], [ 371030.343781247967854, 1543149.351920751389116 ], [ 371323.477853970834985, 1544052.850648703053594 ], [ 372421.506783623888623, 1544047.364218853414059 ], [ 372128.388333312759642, 1543143.856210572877899 ] ] ], [ [ [ 380107.610992562433239, 1544010.276366691337898 ], [ 377911.598464340087958, 1544020.63769721146673 ], [ 378204.807760266936384, 1544924.206259118625894 ], [ 379302.800140227307566, 1544919.011540343984962 ], [ 379889.694032249506563, 1546726.20896684913896 ], [ 380987.651873138325755, 1546721.080365147441626 ], [ 380107.610992562433239, 1544010.276366691337898 ] ] ], [ [ [ 346145.368709902861156, 1547811.907695540226996 ], [ 345557.162234253482893, 1546005.247636251384392 ], [ 344459.065701117040589, 1546011.89315347513184 ], [ 345047.30390408373205, 1547818.535857022274286 ], [ 346145.368709902861156, 1547811.907695540226996 ] ] ], [ [ [ 380183.394201779970899, 1547629.828402744838968 ], [ 379889.694032249506563, 1546726.20896684913896 ], [ 378791.732829457265325, 1546731.384688357822597 ], [ 379085.448598172864877, 1547634.994592535076663 ], [ 380183.394201779970899, 1547629.828402744838968 ] ] ], [ [ [ 338458.822910864546429, 1547859.29553507710807 ], [ 339556.914201411127578, 1547852.384308820124716 ], [ 339262.631111651193351, 1546949.099436382297426 ], [ 338164.523901550972369, 1546956.01918856240809 ], [ 338458.822910864546429, 1547859.29553507710807 ] ] ], [ [ [ 379379.33318660617806, 1548538.618314343970269 ], [ 379085.448598172864877, 1547634.994592535076663 ], [ 376889.547208045842126, 1547645.468416235875338 ], [ 377183.463034768996295, 1548549.073112082667649 ], [ 379379.33318660617806, 1548538.618314343970269 ] ] ], [ [ [ 348930.304581543197855, 1549605.540625839261338 ], [ 349224.967678293818608, 1550508.934336647158489 ], [ 345930.929005241254345, 1550528.598458120599389 ], [ 346520.857576274662279, 1552335.372766793239862 ], [ 347618.842938463727478, 1552328.788381100865081 ], [ 347914.044857785804197, 1553232.204183641122654 ], [ 349012.010055603226647, 1553225.675956454360858 ], [ 348716.824037749320269, 1552322.25130523275584 ], [ 349814.800904863746837, 1552315.761538220336661 ], [ 349519.79978685209062, 1551412.341301392298192 ], [ 350617.788329421542585, 1551405.889961390057579 ], [ 350322.972090607276186, 1550502.474137883400545 ], [ 351420.972314805374481, 1550496.061191716464236 ], [ 351126.340934544219635, 1549592.649780434323475 ], [ 348930.304581543197855, 1549605.540625839261338 ] ] ], [ [ [ 330346.002225479460321, 1553343.094328474020585 ], [ 331444.039178272068966, 1553335.80858862423338 ], [ 330853.325326502439566, 1551529.248839027713984 ], [ 329755.256297868851107, 1551536.551385040394962 ], [ 330346.002225479460321, 1553343.094328474020585 ] ] ], [ [ [ 346816.075405786337797, 1553238.779747820692137 ], [ 346520.857576274662279, 1552335.372766793239862 ], [ 345422.867920449352823, 1552342.004463285207748 ], [ 345718.101668875780888, 1553245.402649966767058 ], [ 346816.075405786337797, 1553238.779747820692137 ] ] ], [ [ [ 347407.018140994245186, 1555045.63345396402292 ], [ 347111.462261480570305, 1554142.199970823945478 ], [ 346013.504450640233699, 1554148.814056473551318 ], [ 345718.101668875780888, 1553245.402649966767058 ], [ 344620.123616324912291, 1553252.072891059098765 ], [ 344915.542332891840488, 1554155.475508235627785 ], [ 343817.575877506635152, 1554162.184327097609639 ], [ 344113.179582888493314, 1555065.591375754214823 ], [ 345211.130087575817015, 1555058.891341221751645 ], [ 345506.886878014192916, 1555962.320408169645816 ], [ 346604.817104703513905, 1555955.676601572427899 ], [ 346309.076263368478976, 1555052.238700953777879 ], [ 347407.018140994245186, 1555045.63345396402292 ] ] ], [ [ [ 331825.82684363075532, 1557859.677922118222341 ], [ 332923.783480945741758, 1557852.434585499810055 ], [ 332627.496381646720693, 1556949.083414393709973 ], [ 331529.523666862864047, 1556956.335276035359129 ], [ 331825.82684363075532, 1557859.677922118222341 ] ] ], [ [ [ 332122.299142158473842, 1558763.03356791450642 ], [ 331825.82684363075532, 1557859.677922118222341 ], [ 330727.865504344983492, 1557866.968747889623046 ], [ 331024.353896328713745, 1558770.315873594023287 ], [ 332122.299142158473842, 1558763.03356791450642 ] ] ], [ [ [ 341202.207664545392618, 1559609.923599794972688 ], [ 341795.740700213820674, 1561416.839218506589532 ], [ 340697.880251958034933, 1561423.715077999513596 ], [ 341292.121617715572938, 1563230.666022630408406 ], [ 342389.949955376214348, 1563223.807838059496135 ], [ 342092.760801549884491, 1562320.3168940609321 ], [ 346484.094571451190859, 1562293.324916949262843 ], [ 345890.351633239944931, 1560486.311751374742016 ], [ 346988.206283661944326, 1560479.664889014791697 ], [ 346395.171440181904472, 1558672.687194595579058 ], [ 345297.284809768316336, 1558679.351869903504848 ], [ 345593.733705976046622, 1559582.825159256113693 ], [ 341202.207664545392618, 1559609.923599794972688 ] ] ], [ [ [ 346781.219577661366202, 1563196.851526972139254 ], [ 347879.026204599998891, 1563190.231551011791453 ], [ 347581.91721334727481, 1562286.695956573821604 ], [ 346484.094571451190859, 1562293.324916949262843 ], [ 346781.219577661366202, 1563196.851526972139254 ] ] ], [ [ [ 336695.784267784911208, 1565976.065406542271376 ], [ 336100.36753426224459, 1564169.123049758607522 ], [ 337198.202239929465577, 1564162.035366321681067 ], [ 336900.763617920572869, 1563258.575218567159027 ], [ 333607.197377019154374, 1563280.00742507330142 ], [ 333904.684355601086281, 1564183.441448907135054 ], [ 332806.83582122460939, 1564190.672166738659143 ], [ 333402.349385254550725, 1565997.562237737234682 ], [ 336695.784267784911208, 1565976.065406542271376 ] ] ], [ [ [ 353162.3594822519226, 1565875.02443438814953 ], [ 352864.807512293686159, 1564971.412113182479516 ], [ 351767.04968263610499, 1564977.823286839062348 ], [ 352362.354611019720323, 1566785.043129501864314 ], [ 354557.802158953738399, 1566772.305210600374267 ], [ 354260.097209651721641, 1565868.670137187000364 ], [ 353162.3594822519226, 1565875.02443438814953 ] ] ], [ [ [ 359544.437659329269081, 1568554.787681247573346 ], [ 360642.107453107717447, 1568548.700055579654872 ], [ 360940.239330985816196, 1569452.422725854674354 ], [ 362037.889265753794461, 1569446.392332345945761 ], [ 362336.174095289257821, 1570350.138215745566413 ], [ 364531.43051706685219, 1570338.239889810327441 ], [ 364829.852325632586144, 1571242.018615869572386 ], [ 365927.458893138100393, 1571236.15078565152362 ], [ 365330.816084711812437, 1569428.588060609530658 ], [ 364233.177611960098147, 1569434.475000604987144 ], [ 363339.432340711937286, 1566723.263167615281418 ], [ 362241.742246828740463, 1566729.226339714368805 ], [ 362539.504364205873571, 1567632.940380898071453 ], [ 359246.45874083833769, 1567651.088133533485234 ], [ 359544.437659329269081, 1568554.787681247573346 ] ] ], [ [ [ 337590.177505626401398, 1568686.578044028021395 ], [ 338187.285061237635091, 1570493.652750403853133 ], [ 339285.006796466768719, 1570486.626838342752308 ], [ 338986.384640616015531, 1569583.073953219456598 ], [ 341181.846976149943657, 1569569.147861706791446 ], [ 340883.426168724894524, 1568665.590459788450971 ], [ 339785.681097981636412, 1568672.538510100683197 ], [ 339487.41321962676011, 1567769.003338822862133 ], [ 336194.102606960979756, 1567790.160898909904063 ], [ 336492.41892266809009, 1568693.669529721140862 ], [ 337590.177505626401398, 1568686.578044028021395 ] ] ], [ [ [ 338585.367399180307984, 1575018.601691060932353 ], [ 338285.867533646698575, 1574114.999995412770659 ], [ 337188.201515954569913, 1574122.086069419980049 ], [ 337787.402749916363973, 1575929.284907785709947 ], [ 339982.665422778809443, 1575915.196633686544374 ], [ 339683.012699985178187, 1575011.572570465970784 ], [ 338585.367399180307984, 1575018.601691060932353 ] ] ], [ [ [ 344195.553688860381953, 1588567.349935048492625 ], [ 345292.95072861504741, 1588560.506578782573342 ], [ 345595.122781450860202, 1589464.34309599827975 ], [ 346692.49921180534875, 1589457.557541154325008 ], [ 346390.343459333933424, 1588553.711631740676239 ], [ 347487.731911601498723, 1588546.965092918369919 ], [ 347185.761455199914053, 1587643.12350191664882 ], [ 343893.534352582180873, 1587663.536452594446018 ], [ 344195.553688860381953, 1588567.349935048492625 ] ] ], [ [ [ 344497.742050961649511, 1589471.177087224787101 ], [ 344195.553688860381953, 1588567.349935048492625 ], [ 343098.15230948489625, 1588574.241701551014557 ], [ 343400.356989756692201, 1589478.059515845030546 ], [ 344497.742050961649511, 1589471.177087224787101 ] ] ], [ [ [ 362516.457475239643827, 1626508.437567080603912 ], [ 362207.424013949465007, 1625603.981785097159445 ], [ 364400.826598684536293, 1625591.645249213092029 ], [ 363783.332504203950521, 1623782.735692052403465 ], [ 361589.863771925680339, 1623795.113913716981187 ], [ 361898.559445383492857, 1624699.540573846083134 ], [ 360801.835884485626593, 1624705.793512412812561 ], [ 361419.76702901313547, 1626514.669697800418362 ], [ 362516.457475239643827, 1626508.437567080603912 ] ] ] ] } }
]
}
