{
"type": "FeatureCollection",
"name": "urban-2020",
"crs": { "type": "name", "properties": { "name": "urn:ogc:def:crs:EPSG::32651" } },
"features": [
{ "type": "Feature", "properties": { "year": 2020 }, "geometry": { "type": "MultiPolygon", "coordinates": [ [ [ [ 230277.285093991318718, 1596791.741914772428572 ], [ 229972.128171140735503, 1595888.674367156345397 ], [ 226678.364073924720287, 1595924.774749034782872 ], [ 227288.951790806604549, 1597730.881588443182409 ], [ 223995.223454524879344, 1597767.381570552708581 ], [ 224300.824168767896481, 1598670.43232271168381 ], [ 226496.615906053863, 1598646.063291620230302 ], [ 226802.351628877338953, 1599549.138491804944351 ], [ 227900.218673537368886, 1599537.033843609504402 ], [ 227594.500337807752658, 1598633.952030343702063 ], [ 228692.377185801742598, 1598621.889602854615077 ], [ 229303.948880434501916, 1600428.077921233838424 ], [ 230401.783431229705457, 1600416.077682824805379 ], [ 230095.930070337664802, 1599512.971127861877903 ], [ 233389.440893513499759, 1599477.243479197146371 ], [ 233083.809352637792472, 1598574.12819518474862 ], [ 231985.962533456273377, 1598585.995305300224572 ], [ 231375.174051490612328, 1596779.812604046892375 ], [ 230277.285093991318718, 1596791.741914772428572 ] ] ], [ [ [ 217928.412942818482406, 1612341.349939320003614 ], [ 219026.127490185550414, 1612328.749267602339387 ], [ 219334.602923793368973, 1613231.922056286595762 ], [ 220432.292060009320267, 1613219.377305234316736 ], [ 219815.546224750811234, 1611413.029790288070217 ], [ 220913.26276841602521, 1611400.520974719431251 ], [ 220605.162174001161475, 1610497.357631879160181 ], [ 218409.686134001996834, 1610522.437749557197094 ], [ 218717.821892663429026, 1611425.587837879313156 ], [ 217620.089741580362897, 1611438.195119351847097 ], [ 217928.412942818482406, 1612341.349939320003614 ] ] ], [ [ [ 221358.68450048082741, 1615928.98411858221516 ], [ 220261.048213400295936, 1615941.508752042427659 ], [ 219334.602923793368973, 1613231.922056286595762 ], [ 218236.905987530888524, 1613244.516095230588689 ], [ 218545.568872936884873, 1614147.693604653701186 ], [ 217447.881734035676345, 1614160.330304552800953 ], [ 218374.942334861727431, 1616869.911105149891227 ], [ 220570.20296362391673, 1616844.72715260530822 ], [ 220879.527536073117517, 1617747.957000244874507 ], [ 221977.12855354801286, 1617735.445893857628107 ], [ 221358.68450048082741, 1615928.98411858221516 ] ] ], [ [ [ 217896.225232302676886, 1618689.007944262120873 ], [ 218993.831924866710324, 1618676.35528069594875 ], [ 218374.942334861727431, 1616869.911105149891227 ], [ 217277.300300958624575, 1616882.577179950661957 ], [ 217896.225232302676886, 1618689.007944262120873 ] ] ], [ [ [ 217896.225232302676886, 1618689.007944262120873 ], [ 215700.988312419387512, 1618714.461639828979969 ], [ 216010.740929642168339, 1619617.68073326908052 ], [ 218205.942457531986292, 1619592.240437262691557 ], [ 217896.225232302676886, 1618689.007944262120873 ] ] ], [ [ [ 236347.773568117176183, 1640247.18821696517989 ], [ 236034.328890784468967, 1639343.61432963469997 ], [ 234937.19790130952606, 1639355.655484385089949 ], [ 235250.66034283884801, 1640259.221852984046564 ], [ 236347.773568117176183, 1640247.18821696517989 ] ] ], [ [ [ 236347.773568117176183, 1640247.18821696517989 ], [ 236661.387944742338732, 1641150.774181719403714 ], [ 237758.476106996473391, 1641138.798200314631686 ], [ 237444.879492283042055, 1640235.204666377045214 ], [ 236347.773568117176183, 1640247.18821696517989 ] ] ], [ [ [ 232117.965525962819811, 1643922.123326661763713 ], [ 233215.036977676150855, 1643909.919208424165845 ], [ 232900.842289368039928, 1643006.327189770061523 ], [ 231803.753006160841323, 1643018.538812555372715 ], [ 232117.965525962819811, 1643922.123326661763713 ] ] ], [ [ [ 249549.591093359689694, 1659154.899873175658286 ], [ 250646.280535734869773, 1659143.384098717710003 ], [ 250012.684844003117178, 1657335.620238078758121 ], [ 248915.959711163915927, 1657347.152394757373258 ], [ 249549.591093359689694, 1659154.899873175658286 ] ] ], [ [ [ 226055.719857884338126, 1661228.511582758743316 ], [ 227152.532360957586206, 1661215.89656099351123 ], [ 226834.915326455957256, 1660312.158311484148726 ], [ 227931.738359110022429, 1660299.586340063717216 ], [ 227614.309129923640285, 1659395.852559578372166 ], [ 224323.76316121983109, 1659433.743493582122028 ], [ 224641.246594116557389, 1660337.454376260051504 ], [ 225738.084748246881645, 1660324.780989595456049 ], [ 226055.719857884338126, 1661228.511582758743316 ] ] ], [ [ [ 226055.719857884338126, 1661228.511582758743316 ], [ 223862.072122690617107, 1661253.893834786722437 ], [ 224179.913177669863217, 1662157.621272117365152 ], [ 226373.524719056498725, 1662132.254299326334149 ], [ 226055.719857884338126, 1661228.511582758743316 ] ] ], [ [ [ 234315.964606366178486, 1678376.838752718875185 ], [ 232123.03654760675272, 1678401.717549656983465 ], [ 232765.265462501440197, 1680209.683267650660127 ], [ 234958.120649781427346, 1680184.837109127314761 ], [ 235279.453190740314312, 1681088.855126003501937 ], [ 236375.851602815266233, 1681076.517231782898307 ], [ 236054.537275854556356, 1680172.490978756221011 ], [ 237150.946630557416938, 1680160.196145217400044 ], [ 236829.820172120351344, 1679256.174242584034801 ], [ 235733.392620310478378, 1679268.477315220283344 ], [ 235091.612334590230603, 1677460.4876806109678 ], [ 233995.141109480871819, 1677472.858375217299908 ], [ 234315.964606366178486, 1678376.838752718875185 ] ] ], [ [ [ 233667.672937925322913, 1692000.019054954405874 ], [ 234763.888400672003627, 1691987.523609238211066 ], [ 234117.174548017908819, 1690179.26339076901786 ], [ 233020.922395277011674, 1690191.775593925733119 ], [ 233667.672937925322913, 1692000.019054954405874 ] ] ], [ [ [ 243533.351999966165749, 1691889.419535889290273 ], [ 244629.502890072588343, 1691877.388936183415353 ], [ 244306.225823680870235, 1690973.175745930755511 ], [ 243210.056673015467823, 1690985.214979378273711 ], [ 243533.351999966165749, 1691889.419535889290273 ] ] ], [ [ [ 253721.760575963562587, 1692687.299414280802011 ], [ 255913.895000813994557, 1692664.237073918571696 ], [ 255590.630468073621159, 1691759.922883521765471 ], [ 253398.459692985197762, 1691783.003052874933928 ], [ 253721.760575963562587, 1692687.299414280802011 ] ] ], [ [ [ 252949.171847116871504, 1693603.208676036447287 ], [ 253272.830026038252981, 1694507.522431808756664 ], [ 254368.870981419546297, 1694495.931602604920045 ], [ 253721.760575963562587, 1692687.299414280802011 ], [ 252625.683219949190971, 1692698.908064177026972 ], [ 252302.364147270913236, 1691794.620576752582565 ], [ 251206.261789186712122, 1691806.289729043375701 ], [ 251853.105894976499258, 1693614.860110138775781 ], [ 252949.171847116871504, 1693603.208676036447287 ] ] ], [ [ [ 255464.905183809285518, 1694484.392481128685176 ], [ 257656.953450310538756, 1694461.46935457107611 ], [ 257333.368028427677928, 1693557.119746855227277 ], [ 258429.400317849242128, 1693545.726707886205986 ], [ 258106.002577340987045, 1692641.381334826350212 ], [ 255913.895000813994557, 1692664.237073918571696 ], [ 256237.329066825361224, 1693568.56446146639064 ], [ 255141.283402858593035, 1693580.060853404458612 ], [ 255464.905183809285518, 1694484.392481128685176 ] ] ], [ [ [ 236708.101970851013903, 1697412.610098481876776 ], [ 237804.199955895717721, 1697400.217325633391738 ], [ 237479.758590692537837, 1696495.995710624149069 ], [ 236383.642224169452675, 1696508.397046834696084 ], [ 236708.101970851013903, 1697412.610098481876776 ] ] ], [ [ [ 226721.669768205261789, 1700251.850484853144735 ], [ 227817.785996290331241, 1700238.964468003017828 ], [ 228143.090474442753475, 1701143.15223649633117 ], [ 231431.338940872636158, 1701104.831011336762458 ], [ 231756.757638786279131, 1702009.056878842413425 ], [ 233948.849398562859278, 1701983.786160504911095 ], [ 232973.213148314098362, 1699271.095758547540754 ], [ 229684.898250758589711, 1699309.156271286541596 ], [ 230009.996046295389533, 1700213.348181637004018 ], [ 228913.894745595811401, 1700226.130367560544983 ], [ 227939.055033731507137, 1697513.617910248693079 ], [ 225746.719121428148355, 1697539.388161689043045 ], [ 226721.669768205261789, 1700251.850484853144735 ] ] ], [ [ [ 247100.794509953440866, 1701836.526062303455546 ], [ 249292.686705587228062, 1701812.709946393966675 ], [ 248967.562444312003208, 1700908.34447043039836 ], [ 246775.633581452537328, 1700932.17841526446864 ], [ 247100.794509953440866, 1701836.526062303455546 ] ] ], [ [ [ 246330.186875083571067, 1702752.863902210723609 ], [ 247426.125022006395739, 1702740.886834488715976 ], [ 247100.794509953440866, 1701836.526062303455546 ], [ 246004.838007661601296, 1701848.512028368422762 ], [ 246330.186875083571067, 1702752.863902210723609 ] ] ], [ [ [ 248847.537972554768203, 1703633.344599723583087 ], [ 249943.443933638976887, 1703621.48043961613439 ], [ 249617.980536281684181, 1702717.088596254121512 ], [ 248522.056232354429085, 1702728.961733087897301 ], [ 248847.537972554768203, 1703633.344599723583087 ] ] ], [ [ [ 251039.343028235103702, 1703609.668269326677546 ], [ 252135.235286482726224, 1703597.908087119227275 ], [ 251809.808545447012875, 1702693.498209306737408 ], [ 250713.897963930183323, 1702705.267422240227461 ], [ 251039.343028235103702, 1703609.668269326677546 ] ] ], [ [ [ 251039.343028235103702, 1703609.668269326677546 ], [ 249943.443933638976887, 1703621.48043961613439 ], [ 250920.851498112664558, 1706334.735327085712925 ], [ 252016.695551234501181, 1706322.950314447283745 ], [ 251039.343028235103702, 1703609.668269326677546 ] ] ], [ [ [ 252342.818826417293167, 1707227.404229719657451 ], [ 253438.637721113918815, 1707215.680414585396647 ], [ 253112.532797386316815, 1706311.217370890779421 ], [ 252016.695551234501181, 1706322.950314447283745 ], [ 252342.818826417293167, 1707227.404229719657451 ] ] ], [ [ [ 238749.778071695414837, 1709193.26962742372416 ], [ 239845.650699873192934, 1709180.886054346337914 ], [ 239192.453294873936102, 1707372.154006680008024 ], [ 238096.543687139026588, 1707384.55520819989033 ], [ 238749.778071695414837, 1709193.26962742372416 ] ] ], [ [ [ 249265.957803277327912, 1710892.623536501312628 ], [ 250361.730434258381138, 1710880.727653053123504 ], [ 249708.186713629693259, 1709071.78139106137678 ], [ 248612.377251986938063, 1709083.695486702257767 ], [ 249265.957803277327912, 1710892.623536501312628 ] ] ], [ [ [ 224829.883596434956416, 1710263.268657831475139 ], [ 222637.961818607582245, 1710289.532271008007228 ], [ 222310.811485013458878, 1709385.285042019793764 ], [ 221214.820535738253966, 1709398.503609604667872 ], [ 221869.328263069386594, 1711206.993893899954855 ], [ 225157.166363690397702, 1711167.545545109547675 ], [ 224829.883596434956416, 1710263.268657831475139 ] ] ], [ [ [ 227349.020675848296378, 1711141.507906534709036 ], [ 225157.166363690397702, 1711167.545545109547675 ], [ 225484.618849458405748, 1712071.835190452868119 ], [ 226580.531117781240027, 1712058.79879568470642 ], [ 226908.134668964426965, 1712963.109792394796386 ], [ 228004.020796057884581, 1712950.134274944197387 ], [ 227676.435885212267749, 1712045.814677440794185 ], [ 228772.333181868831161, 1712032.882833812618628 ], [ 228444.936595824779943, 1711128.567459674319252 ], [ 229540.845065235218499, 1711115.679258558666334 ], [ 228886.598193162411917, 1709307.069798737298697 ], [ 226694.699372883944307, 1709332.932766519021243 ], [ 227349.020675848296378, 1711141.507906534709036 ] ] ], [ [ [ 246305.698477766563883, 1711833.081154562300071 ], [ 247401.473378815746401, 1711821.03769460413605 ], [ 247074.391876076115295, 1710916.571938265115023 ], [ 245978.598519634309923, 1710928.62446010299027 ], [ 246305.698477766563883, 1711833.081154562300071 ] ] ], [ [ [ 248170.178293920005672, 1710904.571630986407399 ], [ 248497.241351105447393, 1711809.04647619696334 ], [ 249593.002424745209282, 1711797.107497577089816 ], [ 249265.957803277327912, 1710892.623536501312628 ], [ 248170.178293920005672, 1710904.571630986407399 ] ] ], [ [ [ 228331.775405554915778, 1713854.466718564275652 ], [ 229427.635434295167215, 1713841.552154995501041 ], [ 229099.899462300527375, 1712937.21105907461606 ], [ 228004.020796057884581, 1712950.134274944197387 ], [ 228331.775405554915778, 1713854.466718564275652 ] ] ], [ [ [ 273583.440361873828806, 1714272.581266775960103 ], [ 268105.535576624854002, 1714327.169840859482065 ], [ 267451.186379926395603, 1712517.834238344104961 ], [ 266355.549877169891261, 1712528.928041437873617 ], [ 265701.841896659345366, 1710719.666477864840999 ], [ 262414.784012055606581, 1710753.318368661217391 ], [ 262741.608170340303332, 1711657.913826134288684 ], [ 264932.949953608796932, 1711635.446005313890055 ], [ 265259.906967089627869, 1712540.074084166903049 ], [ 264164.257619595911819, 1712551.272368169389665 ], [ 264491.402404828811996, 1713455.904584560543299 ], [ 265587.033439826685935, 1713444.715843554120511 ], [ 265914.329369108774699, 1714349.371303489431739 ], [ 267009.935666759149171, 1714338.244425339857116 ], [ 267664.999243692902382, 1716147.615789885399863 ], [ 269856.119483626505826, 1716125.557600792264566 ], [ 269528.539591119159013, 1715220.845667408546433 ], [ 270624.108528266428038, 1715209.885365583235398 ], [ 270951.670126420154702, 1716114.607023745775223 ], [ 275333.810217975173146, 1716071.328128088265657 ], [ 275006.321699641179293, 1715166.56730057974346 ], [ 273910.777733236609492, 1715177.318348677363247 ], [ 273583.440361873828806, 1714272.581266775960103 ] ] ], [ [ [ 226028.600529226765502, 1716606.521163826575503 ], [ 227124.426956676586997, 1716593.475470485165715 ], [ 226796.125920902821235, 1715689.12174227880314 ], [ 228987.793709187477361, 1715663.170222355285659 ], [ 228659.699710878310725, 1714758.812027845764533 ], [ 223180.380572930036578, 1714824.126832369947806 ], [ 223508.567978620703798, 1715728.44192422600463 ], [ 225700.28080489259446, 1715702.176080732373521 ], [ 226028.600529226765502, 1716606.521163826575503 ] ] ], [ [ [ 229644.490773472993169, 1717471.925345429452136 ], [ 230740.276181384746451, 1717459.04563675657846 ], [ 230411.861471396463457, 1716554.652862402144819 ], [ 229316.0573976628948, 1716567.54132167994976 ], [ 229644.490773472993169, 1717471.925345429452136 ] ] ], [ [ [ 265801.676153861626517, 1717074.570410382002592 ], [ 267992.785195631266106, 1717052.32214009272866 ], [ 267664.999243692902382, 1716147.615789885399863 ], [ 265473.853530833963305, 1716169.88336979970336 ], [ 265801.676153861626517, 1717074.570410382002592 ] ] ], [ [ [ 227452.897693943756167, 1717497.842073922744021 ], [ 228548.697954359056894, 1717484.85749051743187 ], [ 228220.245902788941748, 1716580.482190407346934 ], [ 227124.426956676586997, 1716593.475470485165715 ], [ 227452.897693943756167, 1717497.842073922744021 ] ] ], [ [ [ 232164.619932641275227, 1718350.632907807128504 ], [ 233260.371955386654008, 1718337.866895442828536 ], [ 232931.824883960245643, 1717433.443521086825058 ], [ 231836.054208184010349, 1717446.218362604500726 ], [ 232164.619932641275227, 1718350.632907807128504 ] ] ], [ [ [ 268648.865412865765393, 1718861.776276946999133 ], [ 269744.373718384769745, 1718850.750169222941622 ], [ 269088.330163805454504, 1717041.276567844441161 ], [ 267992.785195631266106, 1717052.32214009272866 ], [ 268648.865412865765393, 1718861.776276946999133 ] ] ], [ [ [ 228110.3482616233523, 1719306.613984918221831 ], [ 232493.355324645934161, 1719255.060465965187177 ], [ 232164.619932641275227, 1718350.632907807128504 ], [ 229973.093833790160716, 1718376.322313232114539 ], [ 229644.490773472993169, 1717471.925345429452136 ], [ 228548.697954359056894, 1717484.85749051743187 ], [ 228877.319697508821264, 1718389.24571007094346 ], [ 227781.53812987159472, 1718402.22157219145447 ], [ 228110.3482616233523, 1719306.613984918221831 ] ] ], [ [ [ 270951.670126420154702, 1716114.607023745775223 ], [ 269856.119483626505826, 1716125.557600792264566 ], [ 270511.787548312742729, 1717935.022991251898929 ], [ 271607.301581487699877, 1717924.091937570599839 ], [ 271935.371432996063959, 1718828.855233567301184 ], [ 273030.860902200452983, 1718817.986402417300269 ], [ 273687.472207807179075, 1720627.574498782865703 ], [ 274782.918846063141245, 1720616.777869206853211 ], [ 274454.546801519813016, 1719711.966936808545142 ], [ 275550.005570553126745, 1719701.212853034492582 ], [ 274893.806250308640301, 1717891.613151507684961 ], [ 272702.809356173384003, 1717913.213280783733353 ], [ 272374.927218266355339, 1717008.45408322615549 ], [ 271279.401145060779527, 1717019.342541023157537 ], [ 270951.670126420154702, 1716114.607023745775223 ] ] ], [ [ [ 230959.921093500743154, 1721089.591077590128407 ], [ 232055.631767430575565, 1721076.746617582859471 ], [ 231726.538364652893506, 1720172.301850490737706 ], [ 230630.808996633044444, 1720185.15515962918289 ], [ 230959.921093500743154, 1721089.591077590128407 ] ] ], [ [ [ 258679.371908301167423, 1721688.916946693323553 ], [ 260870.400741151912371, 1721665.925675018224865 ], [ 261199.350538881786633, 1722570.637387092225254 ], [ 260103.857863412151346, 1722582.097160468809307 ], [ 261091.779509308718843, 1725296.285802891710773 ], [ 262187.216789936821442, 1725284.854978067567572 ], [ 261528.469814747746568, 1723475.362828184850514 ], [ 262623.937502038781531, 1723463.96525663905777 ], [ 263282.647560040350072, 1725273.476784282596782 ], [ 264378.071849652973469, 1725262.151219864375889 ], [ 264048.650540047558025, 1724357.378830757457763 ], [ 267334.940123964217491, 1724323.688550295773894 ], [ 267664.306135821389034, 1725228.490286208922043 ], [ 268759.704803753294982, 1725217.375222694827244 ], [ 268430.357204832835123, 1724312.56365048722364 ], [ 269525.767945533501916, 1724301.491344787878916 ], [ 269855.097141329315491, 1725206.312780304113403 ], [ 274236.60378866281826, 1725162.589189591119066 ], [ 273249.344935747678392, 1722448.047816354548559 ], [ 272153.922548413742334, 1722458.929630425292999 ], [ 271496.560303900798317, 1720649.325188629329205 ], [ 272592.019370434689336, 1720638.423604725860059 ], [ 272263.61069687991403, 1719733.63244921178557 ], [ 271168.133301173220389, 1719744.543881024466828 ], [ 270839.875715075701009, 1718839.776488633826375 ], [ 269744.373718384769745, 1718850.750169222941622 ], [ 271058.493921447661705, 1722469.863978101871908 ], [ 269963.059024809219409, 1722480.850860989652574 ], [ 270292.030990607338026, 1723385.654272858751938 ], [ 268101.179036803310737, 1723407.765995965106413 ], [ 267772.17030237801373, 1722502.982238868251443 ], [ 268867.617828465532511, 1722491.890280704712495 ], [ 268538.796912624500692, 1721587.11061161197722 ], [ 266347.858726339531131, 1721609.366619367618114 ], [ 266019.17048218625132, 1720704.620333913713694 ], [ 267114.661145227146335, 1720693.456336017232388 ], [ 266786.160727937938645, 1719788.71414985251613 ], [ 267881.663379911798984, 1719777.592898170463741 ], [ 267553.350768468226306, 1718872.854813425801694 ], [ 265362.302342805312946, 1718895.169179171789438 ], [ 264706.112020137254149, 1717085.773111693793908 ], [ 261419.380806791770738, 1717119.69550008024089 ], [ 261747.446370097226463, 1718024.357903338037431 ], [ 260651.874657787848264, 1718035.760602299589664 ], [ 259995.876225907035405, 1716226.468490654835477 ], [ 258900.261149012250826, 1716237.942586017772555 ], [ 259228.194020406896016, 1717142.572346022585407 ], [ 258132.590743754612049, 1717154.089350131805986 ], [ 259117.461583550495561, 1719868.031857096590102 ], [ 258021.906976455909899, 1719879.572827469091862 ], [ 258679.371908301167423, 1721688.916946693323553 ] ], [ [ 262294.836674311314709, 1722559.230163736501709 ], [ 263390.31629974511452, 1722547.875488725258037 ], [ 263719.398689167690463, 1723452.620260446565226 ], [ 262623.937502038781531, 1723463.96525663905777 ], [ 262294.836674311314709, 1722559.230163736501709 ] ], [ [ 263938.570237649721093, 1718001.709738645935431 ], [ 264266.768501419108361, 1718906.405011718394235 ], [ 262075.681411256897263, 1718929.033984415465966 ], [ 261747.446370097226463, 1718024.357903338037431 ], [ 263938.570237649721093, 1718001.709738645935431 ] ], [ [ 262732.659916194330435, 1720738.427260344848037 ], [ 262404.085927533567883, 1719833.723763385554776 ], [ 263499.614316620747559, 1719822.392665681429207 ], [ 263828.169897720043082, 1720727.105794425355271 ], [ 262732.659916194330435, 1720738.427260344848037 ] ] ], [ [ [ 268538.796912624500692, 1721587.11061161197722 ], [ 269634.256481423275545, 1721576.061375698307529 ], [ 268977.159672738751397, 1719766.524103888310492 ], [ 267881.663379911798984, 1719777.592898170463741 ], [ 268538.796912624500692, 1721587.11061161197722 ] ] ], [ [ [ 256488.316635560448049, 1721712.118323953589424 ], [ 257583.847591942438157, 1721700.491371276089922 ], [ 257255.011913540860405, 1720795.822013366036117 ], [ 256159.462483627314214, 1720807.458460465306416 ], [ 256488.316635560448049, 1721712.118323953589424 ] ] ], [ [ [ 235342.719861361838412, 1721038.528484402457252 ], [ 235671.926886482106056, 1721943.013082154793665 ], [ 236767.589714021130931, 1721930.387762141413987 ], [ 236438.401350294763688, 1721025.894182713003829 ], [ 235342.719861361838412, 1721038.528484402457252 ] ] ], [ [ [ 257912.852772172482219, 1722605.174364029662684 ], [ 259008.358617857593345, 1722593.609485550783575 ], [ 258679.371908301167423, 1721688.916946693323553 ], [ 257583.847591942438157, 1721700.491371276089922 ], [ 257912.852772172482219, 1722605.174364029662684 ] ] ], [ [ [ 224608.408426991140004, 1724798.601258180569857 ], [ 225704.096206572430674, 1724785.423836485017091 ], [ 225374.192890760372393, 1723880.988829867681488 ], [ 224278.486319068877492, 1723894.175010704668239 ], [ 224608.408426991140004, 1724798.601258180569857 ] ] ], [ [ [ 236990.451380484038964, 1725561.083083883160725 ], [ 239181.620432188647101, 1725535.957460925914347 ], [ 238851.77222444981453, 1724631.40199128142558 ], [ 236660.565803582721855, 1724656.54580216971226 ], [ 236990.451380484038964, 1725561.083083883160725 ] ] ], [ [ [ 242693.809518111607758, 1551360.341685353079811 ], [ 243792.366386457375484, 1551349.292369913775474 ], [ 243496.139364931295859, 1550446.62065828894265 ], [ 242397.565771170397056, 1550457.67618058831431 ], [ 242693.809518111607758, 1551360.341685353079811 ] ] ], [ [ [ 242668.531773641007021, 1561323.623995390022174 ], [ 240471.722554957872489, 1561346.012273782165721 ], [ 240770.086984930938343, 1562248.780250618932769 ], [ 239671.688374347810168, 1562260.03960665804334 ], [ 239970.239407401706558, 1563162.81245206319727 ], [ 236675.050464036583435, 1563196.857976092258468 ], [ 237272.763159313879441, 1565002.399398788576946 ], [ 239469.495454536256148, 1564979.679834315320477 ], [ 239170.58806145878043, 1564076.890929928282276 ], [ 241367.325020191201475, 1564054.349825907265767 ], [ 241068.621140894916607, 1563151.559428998501971 ], [ 242166.995635180472163, 1563140.354145620018244 ], [ 241868.478347153199138, 1562237.568607216933742 ], [ 242966.862491778243566, 1562226.404674789402634 ], [ 242668.531773641007021, 1561323.623995390022174 ] ] ], [ [ [ 244461.061695945711108, 1566740.477103539509699 ], [ 243362.76191959818243, 1566751.608877634163946 ], [ 242764.539356246503303, 1564945.958961880765855 ], [ 240567.850663168297615, 1564968.39174860692583 ], [ 241166.14082071807934, 1566774.015966168371961 ], [ 242264.454971438623033, 1566762.78849795809947 ], [ 242563.837717434216756, 1567665.623939227545634 ], [ 245858.686389374750433, 1567632.248111159307882 ], [ 245559.354331221256871, 1566729.393174024997279 ], [ 246657.639856169087579, 1566718.357087448239326 ], [ 246956.955036698200274, 1567621.218577307648957 ], [ 248055.216613594151568, 1567610.236911812797189 ], [ 247456.789665052841883, 1565804.512170879868791 ], [ 244161.882448832358932, 1565837.640023414744064 ], [ 244461.061695945711108, 1566740.477103539509699 ] ] ], [ [ [ 242064.84895124041941, 1569482.536817695014179 ], [ 243163.112336831720313, 1569471.328750111628324 ], [ 242563.837717434216756, 1567665.623939227545634 ], [ 241465.540480996656697, 1567676.844962916569784 ], [ 242064.84895124041941, 1569482.536817695014179 ] ] ], [ [ [ 237962.351788700616453, 1596709.260903849732131 ], [ 239060.18902944662841, 1596697.672964935656637 ], [ 238755.170464462746168, 1595794.551438349299133 ], [ 236559.454153304453939, 1595817.789735298603773 ], [ 237169.730077873566188, 1597624.01701622735709 ], [ 238267.557336097263033, 1597612.387152844341472 ], [ 237962.351788700616453, 1596709.260903849732131 ] ] ], [ [ [ 234181.64874116826104, 1598562.309910004260018 ], [ 233876.204275595315266, 1597659.199359013466164 ], [ 234974.053578243590891, 1597647.42311758059077 ], [ 234668.796166577551048, 1596744.317300684284419 ], [ 235766.655387890175916, 1596732.58306999807246 ], [ 235461.585008756956086, 1595829.481988247018307 ], [ 231070.034456082619727, 1595876.738403658149764 ], [ 231375.174051490612328, 1596779.812604046892375 ], [ 232473.055529004719574, 1596767.93206596118398 ], [ 233083.809352637792472, 1598574.12819518474862 ], [ 234181.64874116826104, 1598562.309910004260018 ] ] ], [ [ [ 234974.053578243590891, 1597647.42311758059077 ], [ 235279.480729669565335, 1598550.540448010666296 ], [ 236377.305348754103761, 1598538.819807462394238 ], [ 236071.895502130151726, 1597635.695670563029125 ], [ 234974.053578243590891, 1597647.42311758059077 ] ] ], [ [ [ 271147.452389649522956, 1632637.428312314208597 ], [ 272244.467439879721496, 1632627.079598491080105 ], [ 271621.690426864544861, 1630819.589209035970271 ], [ 270524.640633217466529, 1630829.954455196391791 ], [ 271147.452389649522956, 1632637.428312314208597 ] ] ], [ [ [ 269493.380575685645454, 1668932.40467830048874 ], [ 270589.774659235728905, 1668921.744600214762613 ], [ 270271.294422208680771, 1668017.586156830890104 ], [ 269174.882554878015071, 1668028.255105081247166 ], [ 269493.380575685645454, 1668932.40467830048874 ] ] ], [ [ [ 268715.665417335112579, 1669847.269552310463041 ], [ 269812.048058399173897, 1669836.567426200956106 ], [ 269493.380575685645454, 1668932.40467830048874 ], [ 268396.980134190293029, 1668943.11567141697742 ], [ 268715.665417335112579, 1669847.269552310463041 ] ] ], [ [ [ 270908.424351074150763, 1669825.916242160368711 ], [ 272004.794325637514703, 1669815.315998617559671 ], [ 271686.162415119470097, 1668911.135435588192195 ], [ 270589.774659235728905, 1668921.744600214762613 ], [ 270908.424351074150763, 1669825.916242160368711 ] ] ], [ [ [ 269812.048058399173897, 1669836.567426200956106 ], [ 270449.891398848034441, 1671644.93252305034548 ], [ 271546.23208851669915, 1671634.299198794644326 ], [ 270908.424351074150763, 1669825.916242160368711 ], [ 269812.048058399173897, 1669836.567426200956106 ] ] ], [ [ [ 268576.402506789425388, 1672570.536698652198538 ], [ 270769.067251239204779, 1672549.134910556254908 ], [ 270449.891398848034441, 1671644.93252305034548 ], [ 268257.191001440922264, 1671666.352161570219323 ], [ 268576.402506789425388, 1672570.536698652198538 ] ] ], [ [ [ 272504.214539048611186, 1674346.973105149809271 ], [ 274696.770222481573001, 1674325.913620424224064 ], [ 274377.3089204832213, 1673421.657587921479717 ], [ 272184.717613180517219, 1673442.735181072959676 ], [ 272504.214539048611186, 1674346.973105149809271 ] ] ], [ [ [ 267662.395796551485546, 1676208.941524694673717 ], [ 268758.672661963268183, 1676198.148733993060887 ], [ 268438.76544199034106, 1675293.92024579574354 ], [ 267342.470697821467184, 1675304.721989944577217 ], [ 267662.395796551485546, 1676208.941524694673717 ] ] ], [ [ [ 279264.883009567856789, 1677911.975563044426963 ], [ 280361.061927288537845, 1677901.712582346517593 ], [ 280040.994188550452236, 1676997.366058692801744 ], [ 278944.797473683138378, 1677007.638311240589246 ], [ 279264.883009567856789, 1677911.975563044426963 ] ] ], [ [ [ 267393.147187006426975, 1681656.168343006167561 ], [ 268489.329351141757797, 1681645.32717597996816 ], [ 268168.369548944931012, 1680741.037021302152425 ], [ 267072.169444403029047, 1680751.887231859145686 ], [ 267393.147187006426975, 1681656.168343006167561 ] ] ], [ [ [ 276162.427692441968247, 1681570.875358611810952 ], [ 277258.559702783357352, 1681560.444559022551402 ], [ 276937.743078001600225, 1680656.081082831602544 ], [ 275841.593204064702149, 1680666.521142245968804 ], [ 276162.427692441968247, 1681570.875358611810952 ] ] ], [ [ [ 288540.355312967672944, 1682363.428526129573584 ], [ 291828.483293333207257, 1682334.011055624810979 ], [ 291507.728712823009118, 1681429.510909007163718 ], [ 288219.54746473627165, 1681458.957205060170963 ], [ 288540.355312967672944, 1682363.428526129573584 ] ] ], [ [ [ 275387.311297672917135, 1682485.715902373427525 ], [ 276483.431591232656501, 1682475.243069167947397 ], [ 276162.427692441968247, 1681570.875358611810952 ], [ 275066.289518654462881, 1681581.357448674738407 ], [ 275387.311297672917135, 1682485.715902373427525 ] ] ], [ [ [ 274612.393910712678917, 1683400.602744103642181 ], [ 275708.502491484163329, 1683390.087845743400976 ], [ 275387.311297672917135, 1682485.715902373427525 ], [ 274291.18482003652025, 1682496.240054637892172 ], [ 274612.393910712678917, 1683400.602744103642181 ] ] ], [ [ [ 291374.499004979501478, 1684152.788103046594188 ], [ 292470.500380185607355, 1684143.052921618102118 ], [ 292149.407183329574764, 1683238.525053234305233 ], [ 291053.388047754648142, 1683248.269918430829421 ], [ 291374.499004979501478, 1684152.788103046594188 ] ] ], [ [ [ 263198.105034433538094, 1685328.220957923680544 ], [ 264294.247502058802638, 1685317.159134045476094 ], [ 263650.961859484668821, 1683508.576107501983643 ], [ 262554.783365233393852, 1683519.655916799558327 ], [ 263198.105034433538094, 1685328.220957923680544 ] ] ], [ [ [ 290599.78993311180966, 1685067.097007010830566 ], [ 291695.779273443156853, 1685057.320154124638066 ], [ 291374.499004979501478, 1684152.788103046594188 ], [ 290278.491887742537074, 1684162.574636755278334 ], [ 290599.78993311180966, 1685067.097007010830566 ] ] ], [ [ [ 288276.857524476654362, 1687810.299144204473123 ], [ 289372.810784776462242, 1687800.397088406840339 ], [ 288729.296891629113816, 1685991.321760240010917 ], [ 287633.307985218591057, 1686001.243136039469391 ], [ 288276.857524476654362, 1687810.299144204473123 ] ] ], [ [ [ 288276.857524476654362, 1687810.299144204473123 ], [ 287180.898439602344297, 1687820.252666313899681 ], [ 287502.94504672306357, 1688724.791765011614189 ], [ 288598.886288479436189, 1688714.847912097815424 ], [ 288276.857524476654362, 1687810.299144204473123 ] ] ], [ [ [ 286474.529252707725391, 1695086.890806196257472 ], [ 286797.984205051441677, 1695991.511793361511081 ], [ 287893.799846280133352, 1695981.4910276401788 ], [ 287570.362821716989856, 1695076.860258572734892 ], [ 286474.529252707725391, 1695086.890806196257472 ] ] ], [ [ [ 293696.308044430217706, 1696836.85704422253184 ], [ 295887.828893277328461, 1696817.507709090132266 ], [ 295564.347817272762768, 1695912.793583494611084 ], [ 293372.791223675827496, 1695932.162882761796936 ], [ 293696.308044430217706, 1696836.85704422253184 ] ] ], [ [ [ 266502.020605512661859, 1700725.146629692520946 ], [ 267597.868444730935153, 1700714.137830809690058 ], [ 267273.223730656551197, 1699809.630016000242904 ], [ 266177.357735483441502, 1699820.648177654948086 ], [ 266502.020605512661859, 1700725.146629692520946 ] ] ], [ [ [ 287646.556088043609634, 1701429.544414920732379 ], [ 288742.269817396532744, 1701419.530973327113315 ], [ 288417.798907331889495, 1700514.826098361751065 ], [ 287322.067198758828454, 1700524.849440787686035 ], [ 287646.556088043609634, 1701429.544414920732379 ] ] ], [ [ [ 291583.05777034687344, 1703209.15155898919329 ], [ 295965.665719426120631, 1703170.112019936321303 ], [ 295640.963934614730533, 1702265.318756166612729 ], [ 294545.302489121211693, 1702275.010864160954952 ], [ 294220.752048556809314, 1701370.241905864328146 ], [ 293125.067024001036771, 1701379.995972134871408 ], [ 293449.635402637184598, 1702284.75486994558014 ], [ 291258.284186238073744, 1702304.398580624256283 ], [ 291583.05777034687344, 1703209.15155898919329 ] ] ], [ [ [ 282697.675468928937335, 1706014.103883480885997 ], [ 283023.288590904325247, 1706918.823606055695564 ], [ 287405.8163685844047, 1706878.072707500774413 ], [ 286104.668869613902643, 1703259.119400232331827 ], [ 285008.973593083559535, 1703269.26877211057581 ], [ 285659.244752948696259, 1705078.697498173452914 ], [ 283467.908650551864412, 1705099.11259943828918 ], [ 283793.334348093136214, 1706003.828201528871432 ], [ 282697.675468928937335, 1706014.103883480885997 ] ] ], [ [ [ 282697.675468928937335, 1706014.103883480885997 ], [ 282372.231699452386238, 1705109.3981419717893 ], [ 281276.548774943570606, 1705119.735681121004745 ], [ 281602.010626027942635, 1706024.431589089799672 ], [ 282697.675468928937335, 1706014.103883480885997 ] ] ], [ [ [ 293209.465105886105448, 1707733.128962242975831 ], [ 294305.035675065824762, 1707723.341707541141659 ], [ 293979.433627026737668, 1706818.507671738741919 ], [ 291788.250807585427538, 1706838.154524409212172 ], [ 292439.696210338792298, 1708647.796255492372438 ], [ 293535.254437542171218, 1708637.967086703050882 ], [ 293209.465105886105448, 1707733.128962242975831 ] ] ], [ [ [ 292439.696210338792298, 1708647.796255492372438 ], [ 291344.132289145258255, 1708657.677517227595672 ], [ 291670.126957391097676, 1709562.509580922545865 ], [ 292765.672846483299509, 1709552.638466981006786 ], [ 292439.696210338792298, 1708647.796255492372438 ] ] ], [ [ [ 296052.276528037560638, 1709523.337839397834614 ], [ 294956.747601723531261, 1709533.0525976580102 ], [ 294630.807000839035027, 1708628.190009415149689 ], [ 293535.254437542171218, 1708637.967086703050882 ], [ 294187.340944324852899, 1710447.686141557758674 ], [ 291996.290918891318142, 1710467.355877789901569 ], [ 292322.624171004339587, 1711372.216428126441315 ], [ 293418.133975109783933, 1711362.365683297859505 ], [ 294071.272227940615267, 1713172.150092919822782 ], [ 295166.740273646602873, 1713162.372043553041294 ], [ 294840.104558165185153, 1712257.46240645670332 ], [ 295935.585028700646944, 1712247.726283869473264 ], [ 295609.136618286021985, 1711342.820714533794671 ], [ 297800.116841905401088, 1711323.484430732671171 ], [ 298126.529214120528195, 1712228.41063216351904 ], [ 300317.451259116525762, 1712209.303762296913192 ], [ 299991.074886541347951, 1711304.356820523971692 ], [ 298895.598621559562162, 1711313.89454213459976 ], [ 298243.317628451506607, 1709504.064668538514525 ], [ 297147.799860254512168, 1709513.67519683088176 ], [ 297473.873723073280416, 1710418.57262575160712 ], [ 296378.368391307769343, 1710428.22498779091984 ], [ 296052.276528037560638, 1709523.337839397834614 ] ] ], [ [ [ 298126.529214120528195, 1712228.41063216351904 ], [ 297031.059903995599598, 1712238.042359579820186 ], [ 297357.659548157593235, 1713142.972623745445162 ], [ 298453.110837095417082, 1713133.351250453153625 ], [ 298126.529214120528195, 1712228.41063216351904 ] ] ], [ [ [ 274351.852851659001317, 1713357.087437346810475 ], [ 275447.427120824111626, 1713346.369052646914497 ], [ 275120.46502125391271, 1712441.640190417412668 ], [ 274024.8725274016615, 1712452.368361307308078 ], [ 274351.852851659001317, 1713357.087437346810475 ] ] ], [ [ [ 296588.98964064696338, 1714057.580546241486445 ], [ 297684.428447364189196, 1714047.917300639674067 ], [ 297357.659548157593235, 1713142.972623745445162 ], [ 296262.202703696675599, 1713152.646220971131697 ], [ 296588.98964064696338, 1714057.580546241486445 ] ] ], [ [ [ 298011.36659897887148, 1714952.876410703640431 ], [ 299106.781824827077799, 1714943.275819353992119 ], [ 298779.861708208103664, 1714038.306306031532586 ], [ 297684.428447364189196, 1714047.917300639674067 ], [ 298011.36659897887148, 1714952.876410703640431 ] ] ], [ [ [ 296147.663022732827812, 1715877.187218166189268 ], [ 297243.071289869723842, 1715867.492443015566096 ], [ 296588.98964064696338, 1714057.580546241486445 ], [ 295493.545257992111146, 1714067.296044258167967 ], [ 296147.663022732827812, 1715877.187218166189268 ] ] ], [ [ [ 295052.249168923939578, 1715886.934301274130121 ], [ 294398.095269342651591, 1714077.063796116970479 ], [ 293302.639644638285972, 1714086.8838032532949 ], [ 293629.650032807840034, 1714991.801570873009041 ], [ 292534.206825292669237, 1715001.663566758623347 ], [ 292861.404581097071059, 1715906.585397098679096 ], [ 295052.249168923939578, 1715886.934301274130121 ] ] ], [ [ [ 301951.871623873710632, 1716734.255869947141036 ], [ 300856.503432402736507, 1716743.730920863337815 ], [ 301839.2404883132549, 1719458.845175482332706 ], [ 302934.554549995169509, 1719449.401792045682669 ], [ 302279.263378875795752, 1717639.289914751425385 ], [ 304469.94746771955397, 1717620.51793904742226 ], [ 304142.591756535985041, 1716715.462750660022721 ], [ 303047.234388571232557, 1716724.833147007739171 ], [ 302392.994585564476438, 1714914.787699564825743 ], [ 301297.595788065518718, 1714924.231465184129775 ], [ 301951.871623873710632, 1716734.255869947141036 ] ] ], [ [ [ 298225.463162582949735, 1718582.46871078107506 ], [ 299320.811677057179622, 1718572.857592187356204 ], [ 298993.19654205115512, 1717667.840544623788446 ], [ 297897.829955332330428, 1717677.462137851398438 ], [ 298225.463162582949735, 1718582.46871078107506 ] ] ], [ [ [ 303151.925671084783971, 1723079.202089474303648 ], [ 302495.2446443955414, 1721268.994338803458959 ], [ 301399.96129510604078, 1721278.468952012015507 ], [ 301071.85653336555697, 1720373.397659986512735 ], [ 299976.54966228781268, 1720382.935314947273582 ], [ 300632.964583642780781, 1722193.071345123462379 ], [ 297347.119616942247376, 1722221.935754851903766 ], [ 297018.773212167725433, 1721316.892079727491364 ], [ 299209.378250842681155, 1721297.575578082818538 ], [ 298225.463162582949735, 1718582.46871078107506 ], [ 297130.10912048316095, 1718592.132217086618766 ], [ 296147.663022732827812, 1715877.187218166189268 ], [ 295052.249168923939578, 1715886.934301274130121 ], [ 295707.080139980709646, 1717696.862407681299374 ], [ 294611.69685126276454, 1717706.641087134834379 ], [ 294939.384333261230495, 1718611.61639851774089 ], [ 293844.013528064242564, 1718621.437076506204903 ], [ 294499.932532583596185, 1720431.410224379505962 ], [ 295595.267095201532356, 1720421.610353141091764 ], [ 295923.462369864806533, 1721326.629037431674078 ], [ 293732.823889198363759, 1721346.260373757220805 ], [ 294061.22470955940662, 1722251.272653704276308 ], [ 295156.528611021232791, 1722241.441186247393489 ], [ 295485.08054635534063, 1723146.478398798266426 ], [ 296580.360693393449765, 1723136.709922750247642 ], [ 297237.936031607154291, 1724946.848967685131356 ], [ 299428.407083035446703, 1724927.511865648208186 ], [ 298770.904309611360077, 1723117.330551040824503 ], [ 303151.925671084783971, 1723079.202089474303648 ] ], [ [ 295267.241082120337524, 1719516.606147015467286 ], [ 296362.58816142269643, 1719506.848279122496024 ], [ 296690.596059449133463, 1720411.862928006798029 ], [ 295595.267095201532356, 1720421.610353141091764 ], [ 295267.241082120337524, 1719516.606147015467286 ] ] ], [ [ [ 293732.823889198363759, 1721346.260373757220805 ], [ 293404.592341570067219, 1720441.262543161865324 ], [ 292309.246492126199882, 1720451.167310934979469 ], [ 292637.496190780715551, 1721356.154755262658 ], [ 293732.823889198363759, 1721346.260373757220805 ] ] ], [ [ [ 303590.522585153521504, 1721259.57219028682448 ], [ 304685.795147401746362, 1721250.202505080262199 ], [ 304357.744577368954197, 1720345.099323663627729 ], [ 303262.453960879298393, 1720354.479665734339505 ], [ 303590.522585153521504, 1721259.57219028682448 ] ] ], [ [ [ 292856.927089958218858, 1724986.15415986510925 ], [ 293952.187755244842265, 1724976.248984713107347 ], [ 293294.503424339345656, 1723166.172938453964889 ], [ 294389.79480001097545, 1723156.299403551733121 ], [ 294061.22470955940662, 1722251.272653704276308 ], [ 292965.915169066691305, 1722261.156624256866053 ], [ 292637.496190780715551, 1721356.154755262658 ], [ 291542.162813603063114, 1721366.101614265469834 ], [ 292856.927089958218858, 1724986.15415986510925 ] ] ], [ [ [ 301618.856174953922164, 1724908.385077791754156 ], [ 305999.689440486254171, 1724870.762399796629325 ], [ 305670.962070497102104, 1723965.600309336325154 ], [ 306766.175109304138459, 1723956.315286031691357 ], [ 306437.6350005667191, 1723051.157195877982304 ], [ 304247.167463425779715, 1723069.801274623489007 ], [ 304575.743712184601463, 1723974.937875780509785 ], [ 301290.056420110282488, 1724003.265847699716687 ], [ 301618.856174953922164, 1724908.385077791754156 ] ] ], [ [ [ 279088.993791927292477, 1496715.486918395152315 ], [ 282386.592243632418104, 1496688.195023875217885 ], [ 282101.371009504655376, 1495785.875042528379709 ], [ 283200.574007521965541, 1495776.862786530749872 ], [ 282915.538069297501352, 1494874.547737958841026 ], [ 277419.382258416677359, 1494920.096722967224196 ], [ 277704.497321943519637, 1495822.380579916993156 ], [ 278803.725060174241662, 1495813.1857158546336 ], [ 279088.993791927292477, 1496715.486918395152315 ] ] ], [ [ [ 275119.745493132504635, 1508511.134817347861826 ], [ 277317.824131022789516, 1508492.416306345723569 ], [ 277605.545610324130394, 1509394.843242627801374 ], [ 278704.559527787263505, 1509385.559444710146636 ], [ 278129.318053732975386, 1507580.704085826640949 ], [ 275931.220002746791579, 1507599.343237108550966 ], [ 275643.821568800718524, 1506696.945180041948333 ], [ 271247.485549448872916, 1506734.800704131601378 ], [ 271534.948004162113648, 1507637.173727255314589 ], [ 274832.161536622908898, 1507608.731834103353322 ], [ 275119.745493132504635, 1508511.134817347861826 ] ] ], [ [ [ 277605.545610324130394, 1509394.843242627801374 ], [ 276506.52543726330623, 1509404.173108065035194 ], [ 276794.432432817178778, 1510306.60495499195531 ], [ 277893.436600189656019, 1510297.28148019942455 ], [ 277605.545610324130394, 1509394.843242627801374 ] ] ], [ [ [ 266903.108711675100494, 1510392.590716913109645 ], [ 268002.170493465440813, 1510382.852327377768233 ], [ 267714.135136486380361, 1509480.470629970543087 ], [ 266615.057269970071502, 1509490.21516625653021 ], [ 266903.108711675100494, 1510392.590716913109645 ] ] ], [ [ [ 270488.44728599593509, 1511265.919108445290476 ], [ 274884.513797449297272, 1511227.820594306802377 ], [ 274596.405233765894081, 1510325.390193993458524 ], [ 271299.316810116404667, 1510353.913797011366114 ], [ 270723.512054360937327, 1508549.124368944438174 ], [ 271822.580011831712909, 1508539.557911332696676 ], [ 271534.948004162113648, 1507637.173727255314589 ], [ 269336.773561126086861, 1507656.365088595077395 ], [ 269624.437646767648403, 1508558.736875393427908 ], [ 268525.356758085545152, 1508568.395432107616216 ], [ 269389.414598714676686, 1511275.559062319109216 ], [ 267191.329736190731637, 1511294.977370472392067 ], [ 266903.108711675100494, 1510392.590716913109645 ], [ 265804.040373503463343, 1510402.37521522748284 ], [ 266092.277499036921654, 1511304.7557276354637 ], [ 264993.218683345243335, 1511314.580222122836858 ], [ 265570.233937305514701, 1513119.362264242954552 ], [ 267768.280523502384312, 1513099.784052089089528 ], [ 267479.720340979518369, 1512197.375143377576023 ], [ 270776.789618086651899, 1512168.335531898541376 ], [ 270488.44728599593509, 1511265.919108445290476 ] ] ], [ [ [ 275983.514520653872751, 1511218.411284039495513 ], [ 277082.508943890570663, 1511209.048098274273798 ], [ 276794.432432817178778, 1510306.60495499195531 ], [ 275695.421987660811283, 1510315.974525792757049 ], [ 275983.514520653872751, 1511218.411284039495513 ] ] ], [ [ [ 248888.575114933511941, 1533188.833983548684046 ], [ 251086.189615070732543, 1533167.57249447866343 ], [ 250793.555613050964894, 1532265.04859053902328 ], [ 251892.368830926134251, 1532254.481953700073063 ], [ 251599.92095837672241, 1531351.962996578309685 ], [ 249402.254619135026587, 1531373.155228912830353 ], [ 249694.73540269563091, 1532275.66201787116006 ], [ 248595.908168977126479, 1532286.322237272048369 ], [ 248888.575114933511941, 1533188.833983548684046 ] ] ], [ [ [ 245299.384018797893077, 1532318.58366373879835 ], [ 245592.100447995995637, 1533221.077376542845741 ], [ 247789.757312399568036, 1533199.534958373755217 ], [ 247497.073881013609935, 1532297.029250322841108 ], [ 245299.384018797893077, 1532318.58366373879835 ] ] ], [ [ [ 276154.585985355777666, 1549234.107377257198095 ], [ 277252.967695146799088, 1549224.511985515942797 ], [ 276957.593649265705608, 1548321.658017995301634 ], [ 275859.195508579374291, 1548331.260411698371172 ], [ 276154.585985355777666, 1549234.107377257198095 ] ] ], [ [ [ 273957.803733736742288, 1549253.439996272325516 ], [ 275056.198008482519072, 1549243.750047032721341 ], [ 274760.791091851890087, 1548340.910056346328929 ], [ 273662.380368291400373, 1548350.606953369453549 ], [ 273957.803733736742288, 1549253.439996272325516 ] ] ], [ [ [ 275351.774428245029412, 1550146.601776177529246 ], [ 276450.145957891596481, 1550136.966103351209313 ], [ 276154.585985355777666, 1549234.107377257198095 ], [ 275056.198008482519072, 1549243.750047032721341 ], [ 275351.774428245029412, 1550146.601776177529246 ] ] ], [ [ [ 265552.369423283089418, 1553856.809119579847902 ], [ 266650.739005376351997, 1553846.727441308554262 ], [ 266354.335903909115586, 1552943.891135896323249 ], [ 265255.949755156296305, 1552953.979628727305681 ], [ 265552.369423283089418, 1553856.809119579847902 ] ] ], [ [ [ 282709.650460410164669, 1559137.795980723574758 ], [ 282412.445178806083277, 1558234.796881827758625 ], [ 280216.029595525469631, 1558253.702552027301863 ], [ 280513.267873714445159, 1559156.68707854882814 ], [ 282709.650460410164669, 1559137.795980723574758 ] ] ], [ [ [ 282709.650460410164669, 1559137.795980723574758 ], [ 283304.569358271779492, 1560943.830248587531969 ], [ 284402.718530545127578, 1560934.470778425922617 ], [ 283807.83262428524904, 1559128.421790219377726 ], [ 282709.650460410164669, 1559137.795980723574758 ] ] ], [ [ [ 262234.918501018895768, 1563849.736959950067103 ], [ 263333.144592050346546, 1563839.445319641381502 ], [ 263034.776485898531973, 1562936.522135723382235 ], [ 261936.533692700148094, 1562946.820672487141564 ], [ 262234.918501018895768, 1563849.736959950067103 ] ] ], [ [ [ 285594.523522762348875, 1564546.713791764806956 ], [ 286692.600632668356411, 1564537.431762416148558 ], [ 286394.411763209849596, 1563634.345348176779225 ], [ 285296.318133588763885, 1563643.634865004336461 ], [ 285594.523522762348875, 1564546.713791764806956 ] ] ], [ [ [ 263631.682270730903838, 1564742.380184992449358 ], [ 264729.885046252631582, 1564732.143225396983325 ], [ 264431.36406803317368, 1563829.201414226321504 ], [ 263333.144592050346546, 1563839.445319641381502 ], [ 263631.682270730903838, 1564742.380184992449358 ] ] ], [ [ [ 255243.542786699079443, 1569351.202962738694623 ], [ 257439.894607122521847, 1569329.984818944474682 ], [ 256841.058381838985952, 1567524.106654928764328 ], [ 259037.450271130452165, 1567503.052662032656372 ], [ 258738.320141223608516, 1566600.117306413361803 ], [ 262032.907836186757777, 1566568.874481069622561 ], [ 261733.997562575823395, 1565665.930100633762777 ], [ 263930.389519347052556, 1565645.326749071246013 ], [ 263631.682270730903838, 1564742.380184992449358 ], [ 262533.472889239958022, 1564752.664906551595777 ], [ 262234.918501018895768, 1563849.736959950067103 ], [ 257841.947371549584204, 1563891.380900718038902 ], [ 258439.35961291284184, 1565697.193572494201362 ], [ 257341.133502878714353, 1565707.710321154212579 ], [ 257640.110800962080248, 1566610.627227033255622 ], [ 254345.442024078132818, 1566642.443947206949815 ], [ 255243.542786699079443, 1569351.202962738694623 ] ], [ [ 259537.578972381772473, 1565686.724620553897694 ], [ 259238.804801572463475, 1564783.805658287601545 ], [ 260337.034185400087154, 1564773.377641665283591 ], [ 260635.79161202578689, 1565676.303463781718165 ], [ 259537.578972381772473, 1565686.724620553897694 ] ] ], [ [ [ 257739.567133833857952, 1570232.941335599636659 ], [ 258837.716056928620674, 1570222.411017028149217 ], [ 258538.060338625189615, 1569319.447609974769875 ], [ 257439.894607122521847, 1569329.984818944474682 ], [ 257739.567133833857952, 1570232.941335599636659 ] ] ], [ [ [ 264730.731062297651079, 1574695.901979992166162 ], [ 266926.787780183600262, 1574675.439638710347936 ], [ 266626.384975153428968, 1573772.375131856184453 ], [ 264430.294667221605778, 1573792.851775833172724 ], [ 264730.731062297651079, 1574695.901979992166162 ] ] ], [ [ [ 259842.023638805170776, 1576553.964017346967012 ], [ 260940.05469677678775, 1576543.482559229247272 ], [ 260639.211843860917725, 1575640.437107188394293 ], [ 259541.16392593679484, 1575650.925612716702744 ], [ 259842.023638805170776, 1576553.964017346967012 ] ] ], [ [ [ 264535.069848947168794, 1577415.405531517462805 ], [ 266731.038757721660659, 1577394.890081473393366 ], [ 266430.110523973125964, 1576491.797083561308682 ], [ 264234.107962872658391, 1576512.326916987774894 ], [ 264535.069848947168794, 1577415.405531517462805 ] ] ], [ [ [ 264039.541691991384141, 1579231.913977134274319 ], [ 266235.456325998646207, 1579211.331031118985265 ], [ 265934.172176832216792, 1578308.221425085794181 ], [ 263738.223842889419757, 1578328.818790367804468 ], [ 264039.541691991384141, 1579231.913977134274319 ] ] ], [ [ [ 309379.105181707243901, 1589715.445594748482108 ], [ 309681.989415360265411, 1590619.000359192723408 ], [ 310779.507296603871509, 1590610.624350549886003 ], [ 310476.639666330185719, 1589707.061066708061844 ], [ 309379.105181707243901, 1589715.445594748482108 ] ] ], [ [ [ 235020.276708016113844, 1711052.021873045247048 ], [ 233924.405039625999052, 1711064.64887372800149 ], [ 234251.708657673210837, 1711969.007668574107811 ], [ 236443.407606684311759, 1711943.823458790080622 ], [ 237098.449538607324939, 1713752.61525076511316 ], [ 236002.640823332301807, 1713765.16356725525111 ], [ 236658.398469650011975, 1715573.989851776743308 ], [ 235562.619691505504306, 1715586.57278173789382 ], [ 235890.771576325874776, 1716490.99664166290313 ], [ 236986.531755226023961, 1716478.422599538695067 ], [ 237314.834678671555594, 1717382.868443902814761 ], [ 236219.093106073618401, 1717395.433573592221364 ], [ 236547.584277937188745, 1718299.883597238920629 ], [ 234356.116667127353139, 1718325.153340805089101 ], [ 234684.814748870325275, 1719229.598633489571512 ], [ 232493.355324645934161, 1719255.060465965187177 ], [ 233151.335100003809202, 1721063.954699968220666 ], [ 232055.631767430575565, 1721076.746617582859471 ], [ 232384.894836345629301, 1721981.204432131722569 ], [ 230193.5035292992834, 1722006.928175800247118 ], [ 229535.072247229341883, 1720198.060986081603914 ], [ 228439.328086363908369, 1720211.019331746734679 ], [ 228768.477601259655785, 1721115.437632344197482 ], [ 226577.004382674116641, 1721141.494379434036091 ], [ 226906.361056882538833, 1722045.908094651065767 ], [ 228002.082656032172963, 1722032.86221204791218 ], [ 228331.590280817064922, 1722937.297661691438407 ], [ 225044.459282014577184, 1722976.566757073160261 ], [ 225374.192890760372393, 1723880.988829867681488 ], [ 227565.583498317922931, 1723854.774376213317737 ], [ 228225.48471151344711, 1725663.692590751685202 ], [ 229321.131276122119743, 1725650.682018841383979 ], [ 228661.267594319186173, 1723841.74609954142943 ], [ 229756.944258552161045, 1723828.770453750621527 ], [ 230416.770428911608178, 1725637.72413173597306 ], [ 232608.026619256008416, 1725611.966404329054058 ], [ 232278.066184672468808, 1724707.465174822835252 ], [ 233373.702011684887111, 1724694.656358136096969 ], [ 232714.327568578184582, 1722885.675313886953518 ], [ 234905.652163397695404, 1722860.179725527297705 ], [ 235564.9517910843133, 1724669.196673681028187 ], [ 236660.565803582721855, 1724656.54580216971226 ], [ 236330.849860406422522, 1723752.021721212426201 ], [ 238522.093636370351305, 1723726.859771836316213 ], [ 238851.77222444981453, 1724631.40199128142558 ], [ 239947.364692924864357, 1724618.909048208734021 ], [ 240277.194230985158356, 1725523.473652280401438 ], [ 249041.531138170044869, 1725425.499010440194979 ], [ 248711.850600417004898, 1724520.860359675716609 ], [ 249807.380059540068032, 1724508.841103594284505 ], [ 250137.042016825347673, 1725413.489131625974551 ], [ 252328.043281433056109, 1725389.627322065643966 ], [ 251998.418455414706841, 1724484.960458528716117 ], [ 253093.927452253177762, 1724473.099066034192219 ], [ 253423.53372746342211, 1725377.775387813104317 ], [ 254519.01742269191891, 1725365.976098253158852 ], [ 253860.011475661100121, 1723556.618080523563549 ], [ 252764.490705556032481, 1723568.43631583172828 ], [ 252435.223490137344925, 1722663.787117139436305 ], [ 251339.677412665943848, 1722675.667351963929832 ], [ 250681.614534082676983, 1720866.428272509016097 ], [ 251777.197664182778681, 1720854.529294128995389 ], [ 252106.125808755867183, 1721759.151449912693352 ], [ 253201.683625754900277, 1721747.314367686631158 ], [ 252872.773994131042855, 1720842.682825471041724 ], [ 255063.906373793899547, 1720819.147410369478166 ], [ 254735.203257051034598, 1719914.510579745518044 ], [ 253639.621951005799929, 1719926.261449929792434 ], [ 253311.06987635436235, 1719021.647555831121281 ], [ 255502.262717225647066, 1718998.1794837792404 ], [ 255173.917108255525818, 1718093.560330532258376 ], [ 254078.305590277479496, 1718105.27753475937061 ], [ 253750.111045761674177, 1717200.681280421791598 ], [ 255941.364273181447061, 1717177.280529093230143 ], [ 254957.908446802990511, 1714463.516600472386926 ], [ 257149.245418079517549, 1714440.269098683260381 ], [ 256821.802658794971649, 1713535.689422857714817 ], [ 255726.119119599403348, 1713547.296370046678931 ], [ 255398.827482017048169, 1712642.739525247598067 ], [ 256494.529412054049317, 1712631.123251132899895 ], [ 255513.726774548296817, 1709917.505561638157815 ], [ 256609.477127458521863, 1709905.91362759238109 ], [ 256282.900311303237686, 1709001.392017605016008 ], [ 261761.644134314003168, 1708944.168208412593231 ], [ 262088.129332471376983, 1709848.736502728657797 ], [ 266470.933431266923435, 1709803.933756717480719 ], [ 267124.265948141226545, 1711613.187041535507888 ], [ 268219.91434986051172, 1711602.13587694033049 ], [ 268546.816505440510809, 1712506.792673252988607 ], [ 269642.440283803618513, 1712495.803344542859122 ], [ 269969.493604253861122, 1713400.483546084491536 ], [ 271065.092801874503493, 1713389.55613022739999 ], [ 270738.057745094993152, 1712484.866250597406179 ], [ 271833.668919404735789, 1712473.981389808468521 ], [ 271506.821533899987116, 1711569.29563285713084 ], [ 269315.556394665385596, 1711591.136921705678105 ], [ 268662.296921158500481, 1709781.845331975026056 ], [ 267566.618364421883598, 1709792.86346668517217 ], [ 267240.224539980874397, 1708888.247812736546621 ], [ 273814.31061431299895, 1708822.863554626470432 ], [ 273488.195523870992474, 1707918.203998531447724 ], [ 274583.872821302386001, 1707907.479356222786009 ], [ 274909.969731649907771, 1708812.148602958535776 ], [ 276005.622673519013915, 1708801.48576840152964 ], [ 276331.870806741004344, 1709706.178602860774845 ], [ 275236.236042228993028, 1709716.831695259315893 ], [ 275562.671750347828493, 1710621.528653191635385 ], [ 274467.049014135147445, 1710632.224150100722909 ], [ 275120.46502125391271, 1712441.640190417412668 ], [ 276216.051348454435356, 1712430.964246329385787 ], [ 276542.995233069057576, 1713335.702921776799485 ], [ 275447.427120824111626, 1713346.369052646914497 ], [ 275774.558614148409106, 1714251.111836434341967 ], [ 274679.002576638944447, 1714261.82041038852185 ], [ 275006.321699641179293, 1715166.56730057974346 ], [ 276101.859498531732243, 1715155.86856194329448 ], [ 276429.329771291697398, 1716060.639249354368076 ], [ 275333.810217975173146, 1716071.328128088265657 ], [ 275661.468128951615654, 1716976.102913106326014 ], [ 276756.969429735909216, 1716965.423918873537332 ], [ 277740.904692283133045, 1719679.862022436689585 ], [ 276645.458190792007372, 1719690.511215434176847 ], [ 276973.793645403929986, 1720595.342032819287851 ], [ 274782.918846063141245, 1720616.777869206853211 ], [ 275111.4602836772101, 1721521.602811054326594 ], [ 274016.031961986795068, 1721532.389514007605612 ], [ 274344.761113483342342, 1722437.218534290092066 ], [ 275440.171111662290059, 1722426.441782640758902 ], [ 276098.100927959545515, 1724236.161896310048178 ], [ 275002.727597625693306, 1724246.918671250808984 ], [ 275331.964924870990217, 1725151.789828594774008 ], [ 284094.635129007161595, 1725067.288822549395263 ], [ 281794.555308339302428, 1718732.922824166482314 ], [ 282889.989891428034753, 1718722.525737314485013 ], [ 283546.272389063844457, 1720532.293793053831905 ], [ 286832.431317294249311, 1720501.477935873204842 ], [ 287160.77191671053879, 1721406.413854588288814 ], [ 289351.478902852861211, 1721386.152770614018664 ], [ 290008.595221158815548, 1723196.108738594222814 ], [ 288913.281027976074256, 1723206.192408672068268 ], [ 289571.110954455914907, 1725016.185214117867872 ], [ 291761.660754740936682, 1724996.11192217329517 ], [ 290446.823727636947297, 1721376.100952225737274 ], [ 291542.162813603063114, 1721366.101614265469834 ], [ 290230.107121755660046, 1717746.279468820663169 ], [ 291325.513100417330861, 1717736.291320913936943 ], [ 291653.254944296553731, 1718641.235614243429154 ], [ 292748.637075089500286, 1718631.310147931100801 ], [ 292093.358931270835456, 1716821.415304041234776 ], [ 293188.771618590690196, 1716811.521578544052318 ], [ 292861.404581097071059, 1715906.585397098679096 ], [ 291765.973786971182562, 1715916.489412702620029 ], [ 291111.711366820614785, 1714106.680589139694348 ], [ 292207.178353818133473, 1714096.75606711069122 ], [ 291880.319169313181192, 1713191.862877763807774 ], [ 292975.798536516958848, 1713181.980370508274063 ], [ 292322.624171004339587, 1711372.216428126441315 ], [ 291227.108671792666428, 1711382.119348514592275 ], [ 290900.757364060322288, 1710477.268967940006405 ], [ 289805.218074385309592, 1710487.23420805297792 ], [ 290131.587447394500487, 1711392.074445917736739 ], [ 289036.060467739938758, 1711402.081721799215302 ], [ 288709.673019783687778, 1710497.251599594485015 ], [ 286518.565495475952048, 1710517.442842858610675 ], [ 287171.582071850192733, 1712327.07693805359304 ], [ 286076.055756875546649, 1712337.230699178297073 ], [ 285749.444696453516372, 1711432.41663506324403 ], [ 284653.894394996052142, 1711442.632639645365998 ], [ 284001.144045165623538, 1709633.066861417144537 ], [ 285096.730566999525763, 1709622.830866403877735 ], [ 284770.627503281633835, 1708718.0591214094311 ], [ 282579.412325380719267, 1708738.603133127326146 ], [ 282253.442403913242742, 1707833.865294982213527 ], [ 281157.807770635117777, 1707844.225339412223548 ], [ 281483.795804280962329, 1708748.953297674655914 ], [ 280388.173288287536707, 1708759.355570041341707 ], [ 279736.330345313763246, 1706949.933307093568146 ], [ 280831.989098079269752, 1706939.511353515554219 ], [ 279855.549273640790489, 1704225.453029042808339 ], [ 282046.957285135285929, 1704204.706361436285079 ], [ 281721.852228643139824, 1703300.028521802509204 ], [ 279530.408072138787247, 1703320.794731743400916 ], [ 279205.4362450815388, 1702416.150306484429166 ], [ 280301.179405126837082, 1702405.731496244668961 ], [ 279327.334366493392736, 1699691.852199383545667 ], [ 280423.125634212861769, 1699681.456171607831493 ], [ 280747.553232760867104, 1700586.078447919106111 ], [ 282939.081653632223606, 1700565.461349368095398 ], [ 283263.642556159815285, 1701470.116990658920258 ], [ 286550.83652736665681, 1701439.609735966427252 ], [ 286226.329649232327938, 1700534.924635615898296 ], [ 287322.067198758828454, 1700524.849440787686035 ], [ 286997.747636116691865, 1699620.168473671656102 ], [ 288093.49731694557704, 1699610.13525477796793 ], [ 287769.365048882202245, 1698705.458422514842823 ], [ 288865.126864923746325, 1698695.467148330062628 ], [ 289513.524805075488985, 1700504.854606863576919 ], [ 290609.244922115816735, 1700494.934964826796204 ], [ 290933.679902616539039, 1701399.659722613403574 ], [ 293125.067024001036771, 1701379.995972134871408 ], [ 292800.667934584780596, 1700475.251223306870088 ], [ 293896.370890264923219, 1700465.487120929406956 ], [ 294220.752048556809314, 1701370.241905864328146 ], [ 295316.431422513152938, 1701360.53971032355912 ], [ 294343.849548676342238, 1698646.287678598426282 ], [ 295439.577017064788379, 1698636.607154763303697 ], [ 295115.739513100183103, 1697731.874761802377179 ], [ 294019.994153639010619, 1697741.565302808303386 ], [ 293696.308044430217706, 1696836.85704422253184 ], [ 292600.539132383128162, 1696846.609312075423077 ], [ 292277.004424874554388, 1695941.925092091085389 ], [ 287893.799846280133352, 1695981.4910276401788 ], [ 288217.406196760595776, 1696886.135752291418612 ], [ 287121.608490289421752, 1696896.146711814915761 ], [ 286797.984205051441677, 1695991.511793361511081 ], [ 285702.162704896880314, 1696001.584274753928185 ], [ 286025.804934505955316, 1696906.209414059761912 ], [ 284929.99549926596228, 1696916.323860507691279 ], [ 285253.825027069891803, 1697820.953150364104658 ], [ 283062.224348455783911, 1697841.317810155916959 ], [ 282414.662749393144622, 1696032.112027811584994 ], [ 283510.50200721854344, 1696021.884390485240147 ], [ 283186.993213854031637, 1695117.292586727300659 ], [ 282091.135989779024385, 1695127.529897761298344 ], [ 281444.590563676843885, 1693318.407060409663245 ], [ 286923.996760917303618, 1693267.640507340198383 ], [ 286601.067729968985077, 1692363.051485301693901 ], [ 284409.28721170098288, 1692383.222588160773739 ], [ 284086.491707954322919, 1691478.666784626664594 ], [ 286278.308035503898282, 1691458.476339102024212 ], [ 285955.717680170608219, 1690553.915048856288195 ], [ 287051.634896949341055, 1690543.887507553678006 ], [ 287374.2073690216057, 1691448.458485483191907 ], [ 288470.100855929078534, 1691438.492209325311705 ], [ 288147.546257524343673, 1690533.911516659427434 ], [ 289243.451792070874944, 1690523.987074704840779 ], [ 289565.988526388653554, 1691428.577509163413197 ], [ 295045.340687842224725, 1691379.77759747277014 ], [ 294722.893130360404029, 1690475.138048178516328 ], [ 290339.351530760352034, 1690514.114180229371414 ], [ 289694.821715231868438, 1688704.955552550964057 ], [ 288598.886288479436189, 1688714.847912097815424 ], [ 288921.084378556755837, 1689619.410548978252336 ], [ 286729.231759653077461, 1689639.330389930400997 ], [ 286406.997959776956122, 1688734.787112756166607 ], [ 285311.044997463293839, 1688744.833956802263856 ], [ 284988.962675380869769, 1687840.314115332439542 ], [ 287180.898439602344297, 1687820.252666313899681 ], [ 286859.021168181381654, 1686915.727392591303214 ], [ 285763.038382849423215, 1686925.742000446189195 ], [ 285441.312611075234599, 1686021.240125704789534 ], [ 286537.313235098263249, 1686011.215924038086087 ], [ 285252.174938904296141, 1682393.307706158841029 ], [ 286348.240935461246409, 1682383.296675993362442 ], [ 287311.787215230986476, 1685096.735856149811298 ], [ 288407.793934202753007, 1685086.804856572533026 ], [ 288729.296891629113816, 1685991.321760240010917 ], [ 289825.279984522378072, 1685981.45179518009536 ], [ 289182.478998275706545, 1684172.412524185841903 ], [ 290278.491887742537074, 1684162.574636755278334 ], [ 289957.363160607288592, 1683258.066108847036958 ], [ 288861.332491689478047, 1683267.913625924615189 ], [ 288540.355312967672944, 1682363.428526129573584 ], [ 287444.301050078356639, 1682373.336949805496261 ], [ 286802.819143784348853, 1680564.427151393145323 ], [ 287898.908949628239498, 1680554.499642995884642 ], [ 287578.439770267577842, 1679650.055820239009336 ], [ 289770.637383676948957, 1679630.335449101869017 ], [ 289450.373021984123625, 1678725.886300367303193 ], [ 292738.679242415935732, 1678696.661096032243222 ], [ 293058.89045660989359, 1679601.139016133965924 ], [ 294154.963375881314278, 1679591.509299068013206 ], [ 293834.769858493818901, 1678687.021734383190051 ], [ 294930.854796242201701, 1678677.433556926669553 ], [ 294610.848258090321906, 1677772.950188798829913 ], [ 293514.745640044449829, 1677782.548013871302828 ], [ 293194.890723152784631, 1676878.088117813225836 ], [ 292098.764734480413608, 1676887.746696542017162 ], [ 290820.967473639640957, 1673270.083109404891729 ], [ 288628.556847283092793, 1673289.629630358424038 ], [ 287990.60350247414317, 1671480.917824893957004 ], [ 286894.35411996988114, 1671490.786390765337273 ], [ 286575.613795527839102, 1670586.46026824740693 ], [ 287671.880840157158673, 1670576.58235478727147 ], [ 287034.943548815441318, 1668767.952182272681966 ], [ 288131.240023044811096, 1668758.106536147650331 ], [ 287495.015382876503281, 1666949.512008687946945 ], [ 288591.341250866418704, 1666939.698615728178993 ], [ 288273.500557903666049, 1666035.412392044672742 ], [ 289369.838192422874272, 1666025.640523496782407 ], [ 290005.653714316897094, 1667834.245179058518261 ], [ 291101.950352665968239, 1667824.542812502477318 ], [ 290148.53383879782632, 1665111.628184597240761 ], [ 291244.877453842316754, 1665101.948585509322584 ], [ 292516.367790093238, 1668719.232830737251788 ], [ 293612.635350729920901, 1668709.641616998473182 ], [ 293294.526373880158644, 1667805.290651894640177 ], [ 294390.805817287764512, 1667795.740855006501079 ], [ 294072.883717284887098, 1666891.394128947518766 ], [ 292976.586706219241023, 1666900.953367325011641 ], [ 292658.816350343578961, 1665996.62974378047511 ], [ 293755.130922038340941, 1665987.061087768757716 ], [ 293437.547434149659239, 1665082.741711967624724 ], [ 294533.873859982006252, 1665073.214434682624415 ], [ 294216.477219160471577, 1664168.899307742249221 ], [ 295312.815503492602147, 1664159.413377465447411 ], [ 294995.605688828800339, 1663255.102500478737056 ], [ 296091.95583603560226, 1663245.657885481603444 ], [ 295774.93282661610283, 1662341.351259522838518 ], [ 293582.191856684337836, 1662360.309985154541209 ], [ 293899.249883864191361, 1663264.597831050632522 ], [ 292802.888390851963777, 1663274.143878594972193 ], [ 291219.203843493014574, 1658752.887078132946044 ], [ 292315.65288116625743, 1658743.294521190458909 ], [ 291999.441433579311706, 1657839.074538199463859 ], [ 295288.806663559866138, 1657810.572497125947848 ], [ 294341.345366952009499, 1655097.91042176191695 ], [ 295437.841403939411975, 1655088.482969427248463 ], [ 295122.37701084301807, 1654184.280114603461698 ], [ 290736.288906400674023, 1654222.329558366909623 ], [ 290420.924103397177532, 1653318.176955054979771 ], [ 291517.472170086344704, 1653308.579788987059146 ], [ 290887.285441682324745, 1651500.296610102290288 ], [ 291983.86259311606409, 1651490.731600085971877 ], [ 292614.01447546237614, 1653299.033040696522221 ], [ 293710.551049855304882, 1653289.536708776839077 ], [ 293395.407863270957023, 1652385.370095598744228 ], [ 294491.956144805066288, 1652375.914981822483242 ], [ 293233.146165816811845, 1648759.346484591485932 ], [ 294329.758290591242258, 1648749.905097911134362 ], [ 293701.403938080882654, 1646941.683237951714545 ], [ 294798.04507630399894, 1646932.273885754402727 ], [ 294484.139217508840375, 1646028.173982420936227 ], [ 295580.792010699631646, 1646018.805738585069776 ], [ 295267.072789982659742, 1645114.710152226500213 ], [ 296363.737242720089853, 1645105.382984750904143 ], [ 296050.204639156698249, 1644201.291716212639585 ], [ 297146.880756046797615, 1644192.005593087989837 ], [ 296520.358042861858848, 1642383.845112827373669 ], [ 298713.76256142614875, 1642365.386771459598094 ], [ 298087.98609864374157, 1640557.24357931339182 ], [ 299184.714476810360793, 1640548.071289785206318 ], [ 298872.097420618461911, 1639644.01073320931755 ], [ 304355.742574970703572, 1639598.853785696672276 ], [ 303731.188290899968706, 1637790.681594801135361 ], [ 301537.677962910151109, 1637808.631077580619603 ], [ 300913.732050432823598, 1636000.549351802328601 ], [ 298720.130998807027936, 1636018.734865670325235 ], [ 299032.053681281337049, 1636922.750899520004168 ], [ 297935.262005362194031, 1636931.909468623809516 ], [ 297311.55154860613402, 1635123.90877281781286 ], [ 298408.377610007708427, 1635114.732192642288283 ], [ 298096.79351744952146, 1634210.742861443432048 ], [ 299193.631167969724629, 1634201.607143343193457 ], [ 298882.233539925422519, 1633297.622160803060979 ], [ 299979.082784319180064, 1633288.527272614883259 ], [ 300602.013012157054618, 1635096.528609830420464 ], [ 301698.822413729387335, 1635087.501604507211596 ], [ 301387.289811755297706, 1634183.485199382761493 ], [ 302484.11086584685836, 1634174.498970848275349 ], [ 302795.626322846568655, 1635078.524454794125631 ], [ 306086.005399557179771, 1635051.892126104095951 ], [ 305774.54132188227959, 1634147.839243138441816 ], [ 306871.340673188853543, 1634139.05231549590826 ], [ 307494.403852258285042, 1635947.189984644996002 ], [ 308591.163649483933114, 1635938.471330928616226 ], [ 307656.874038762529381, 1633226.257458458654583 ], [ 304366.424651900539175, 1633252.64573419210501 ], [ 303433.504399101017043, 1630540.63554248213768 ], [ 302336.625822328962386, 1630549.55841650092043 ], [ 302025.973843217419926, 1629645.590834896313027 ], [ 303122.869510980846826, 1629636.658944538328797 ], [ 302812.403891845489852, 1628732.695714631350711 ], [ 301715.491140189347789, 1628741.63659803615883 ], [ 300165.616855464410037, 1624222.064923379570246 ], [ 302359.607472390402108, 1624204.143450428033248 ], [ 300814.135695868637413, 1619684.814357155468315 ], [ 301911.20780934242066, 1619675.883602124871686 ], [ 301602.638300639402587, 1618772.048618605593219 ], [ 303796.80001293955138, 1618754.317607353674248 ], [ 303488.433722047426272, 1617850.478193352930248 ], [ 306779.686355011421256, 1617824.22523198206909 ], [ 307088.001816006493755, 1618728.091277553234249 ], [ 308185.058334840636235, 1618719.447879002895206 ], [ 308493.526113458210602, 1619623.336183139588684 ], [ 307396.486526674882043, 1619631.970627169357613 ], [ 307705.140484492469113, 1620535.863299639662728 ], [ 308802.16313212167006, 1620527.237833271734416 ], [ 309110.969388303754386, 1621431.152848243014887 ], [ 310207.969793576165102, 1621422.585817562183365 ], [ 310516.928340579615906, 1622326.52326732664369 ], [ 309419.944879485294223, 1622335.081246916204691 ], [ 310347.886737798689865, 1625046.946934079518542 ], [ 311444.819323804462329, 1625038.416246918961406 ], [ 310826.056112965336069, 1623230.474142859689891 ], [ 311923.01737552578561, 1623221.974725359817967 ], [ 311304.964933218900114, 1621414.068220486631617 ], [ 312401.954837697907351, 1621405.600055756513029 ], [ 310551.960296457167715, 1615982.148112651193514 ], [ 309454.868986117944587, 1615990.67042311723344 ], [ 309147.111972579616122, 1615086.817509446060285 ], [ 310244.220159024756867, 1615078.286255576182157 ], [ 309936.649252899573185, 1614174.437719805166125 ], [ 311033.769030360039324, 1614165.946759841637686 ], [ 310419.168620423413813, 1612358.271751469001174 ], [ 312613.459805243299343, 1612341.401655171997845 ], [ 312920.641731784911826, 1613245.250389924971387 ], [ 314017.762683586392086, 1613236.89805946778506 ], [ 313710.59757525799796, 1612333.040342055493966 ], [ 314807.730171011644416, 1612324.728183977305889 ], [ 314500.751075046835467, 1611420.874837029958144 ], [ 316695.034442379139364, 1611404.379926265683025 ], [ 316081.650980847538449, 1609596.677326464327052 ], [ 314984.478312195977196, 1609604.918231998570263 ], [ 314065.621834345511161, 1606893.491407166002318 ], [ 316260.062566120759584, 1606877.004890923155472 ], [ 315954.148965534055606, 1605973.204722718102857 ], [ 318148.602706574951299, 1605956.896214655600488 ], [ 318760.532217035302892, 1607764.545817114645615 ], [ 319857.718073386000469, 1607756.48304659826681 ], [ 320163.919881233596243, 1608660.336998002137989 ], [ 321261.084021513583139, 1608652.332323038252071 ], [ 320954.898923522676341, 1607748.469287070212886 ], [ 322052.074797964654863, 1607740.50453734700568 ], [ 321134.584569674218073, 1605028.968841060530394 ], [ 320037.358635496813804, 1605036.960788105614483 ], [ 320343.036228038021363, 1605940.783538362011313 ], [ 319245.821979489992373, 1605948.815398135455325 ], [ 318634.602597864461131, 1604141.201297202846035 ], [ 320829.09282294253353, 1604125.15046198409982 ], [ 320218.616838372312486, 1602317.553870998322964 ], [ 321315.887768769054674, 1602309.583778837695718 ], [ 320706.121756075299345, 1600502.022685685195029 ], [ 321803.420976200141013, 1600494.083450176985934 ], [ 322108.202772165765055, 1601397.866298291133717 ], [ 323205.480418939841911, 1601389.984861789504066 ], [ 322291.692355928593315, 1598678.649437131127343 ], [ 321194.36488016275689, 1598686.557834235718474 ], [ 320890.090585027704947, 1597782.815029128920287 ], [ 321987.434656228753738, 1597774.897690832149237 ], [ 321379.426753581501544, 1595967.434179341187701 ], [ 323574.166352052008733, 1595951.709831142565235 ], [ 322966.901356080896221, 1594144.263895502313972 ], [ 321869.500922216044273, 1594152.119575249496847 ], [ 321566.105621780501679, 1593248.425454911775887 ], [ 322663.522597425268032, 1593240.560893657850102 ], [ 322360.313001601200085, 1592336.871177720604464 ], [ 321262.879491313826293, 1592344.744597734883428 ], [ 320959.822533267200924, 1591441.076985199702904 ], [ 319862.367509820032865, 1591449.007756927749142 ], [ 321075.676555571262725, 1595063.722376960096881 ], [ 319978.282740812923294, 1595071.666401997441426 ], [ 320282.049512881552801, 1595975.369331590598449 ], [ 319184.667270449048374, 1595983.353137501282617 ], [ 319792.741530149360187, 1597790.781075336970389 ], [ 318695.387461034581065, 1597798.795830633258447 ], [ 318999.694974135432858, 1598702.520834730938077 ], [ 317902.352482765796594, 1598710.57544048060663 ], [ 318511.508323928806931, 1600518.047529263421893 ], [ 316316.874698922620155, 1600534.267544164555147 ], [ 316621.739714484137949, 1601438.005750538315624 ], [ 314427.119003473373596, 1601454.403279494959861 ], [ 314732.186582136258949, 1602358.137043910101056 ], [ 313634.885196244344115, 1602366.400229311082512 ], [ 314551.153310308523942, 1605077.654473764123395 ], [ 312356.63530499819899, 1605094.27448071166873 ], [ 312662.429908043239266, 1605998.034690494649112 ], [ 311565.179847858264111, 1606006.409272820455953 ], [ 310953.726367880473845, 1604198.91971273557283 ], [ 309856.437554278760217, 1604207.360834955703467 ], [ 309550.947915417840704, 1603303.644600809551775 ], [ 310648.253475995501503, 1603295.194725640583783 ], [ 309428.054287533392198, 1599680.426296980585903 ], [ 308330.681810495676473, 1599688.910955123603344 ], [ 307417.25937499513384, 1596977.998058154946193 ], [ 308514.681964292889461, 1596969.487552657956257 ], [ 308210.563025718205608, 1596065.867411195999011 ], [ 309307.996966779930517, 1596057.397002571728081 ], [ 308700.30019832146354, 1594250.178642858751118 ], [ 309797.762153733638115, 1594241.739719590405002 ], [ 309494.18429829319939, 1593338.141505737323314 ], [ 310591.657599823898636, 1593329.742609603097662 ], [ 310288.265626914682798, 1592426.148848267970607 ], [ 309190.775691456045024, 1592434.556304839206859 ], [ 308281.565387475653552, 1589723.878596298629418 ], [ 309379.105181707243901, 1589715.445594748482108 ], [ 309076.390199461719021, 1588811.903792595025152 ], [ 310173.941280295606703, 1588803.510767847998068 ], [ 309871.412140984088182, 1587899.973435653373599 ], [ 308773.844471116026398, 1587908.374934430234134 ], [ 308169.260786102968268, 1586101.355976951541379 ], [ 309266.861612501787022, 1586092.93759809108451 ], [ 308662.988100807182491, 1584285.953407880384475 ], [ 309760.616721855476499, 1584277.56654906552285 ], [ 309458.950397634762339, 1583374.085388168692589 ], [ 311654.22482399479486, 1583357.439737065928057 ], [ 311352.760801060823724, 1582453.954643857199699 ], [ 312450.406633438309655, 1582445.695790352998301 ], [ 312149.12835582124535, 1581542.215179749531671 ], [ 311051.46602071588859, 1581550.48245739005506 ], [ 310750.340485446213279, 1580647.023159463191405 ], [ 308554.966961794008967, 1580663.719111358048394 ], [ 308856.125515112653375, 1581567.161687498679385 ], [ 309953.798417359474115, 1581558.797959562856704 ], [ 310255.109709418611601, 1582462.261749011464417 ], [ 308059.791625833546277, 1582479.020719192689285 ], [ 308361.305232486047316, 1583382.480634947540238 ], [ 307263.654725193395279, 1583390.924164197873324 ], [ 307867.222834424173925, 1585197.865841129794717 ], [ 306769.600085796788335, 1585206.340964016737416 ], [ 307978.833799986052327, 1588820.345263738650829 ], [ 306881.272051264066249, 1588828.835182528011501 ], [ 308396.705692736722995, 1593346.58898507617414 ], [ 307299.221752566634677, 1593355.085048869485036 ], [ 307602.832917355466634, 1594258.666177692590281 ], [ 306505.360280251479708, 1594267.202325346181169 ], [ 306809.15738090488594, 1595170.787915385095403 ], [ 305711.696041584247723, 1595179.364179620984942 ], [ 306319.831426188466139, 1596986.557259059976786 ], [ 305222.398087304842193, 1596995.165156637551263 ], [ 305526.736396820866503, 1597898.77264155074954 ], [ 304429.314361463824753, 1597907.420725430129096 ], [ 304733.838674229336902, 1598811.032666912535205 ], [ 303636.427937175845727, 1598819.720969769638032 ], [ 304551.066789058852009, 1601530.609128568554297 ], [ 303453.700880011951085, 1601539.320608384441584 ], [ 303758.935831210575998, 1602442.96743658464402 ], [ 302661.581242630723864, 1602451.719209184404463 ], [ 302967.002269114134833, 1603355.370484641520306 ], [ 301869.658995845005848, 1603364.162582641001791 ], [ 302175.266118540661409, 1604267.818305142456666 ], [ 301077.934155450086109, 1604276.650761148892343 ], [ 301383.72739527723752, 1605180.310930459527299 ], [ 300286.406737245211843, 1605189.18377706897445 ], [ 299980.596661234158091, 1604285.532139676855877 ], [ 298883.253605354751926, 1604294.462442037649453 ], [ 299495.076757067523431, 1606101.761662730481476 ], [ 298397.761825074790977, 1606110.723911874461919 ], [ 298703.944230771565344, 1607014.384450431680307 ], [ 296509.331287935900036, 1607032.438926184317097 ], [ 296203.115117179288063, 1606128.795353506458923 ], [ 294008.44574714708142, 1606147.062728512333706 ], [ 293702.365117053093854, 1605243.448872684966773 ], [ 294799.719548363937065, 1605234.282300564460456 ], [ 294493.825154273188673, 1604330.672916326671839 ], [ 292299.07676455064211, 1604349.071731133153662 ], [ 290162.321540224016644, 1598024.280387129401788 ], [ 291259.816707836114801, 1598014.998758609639481 ], [ 290042.60718956135679, 1594401.078953929943964 ], [ 291140.163838986423798, 1594391.813458489021286 ], [ 290229.085526825510897, 1591681.481978690251708 ], [ 291326.686726285435725, 1591672.240816621109843 ], [ 291023.34947797912173, 1590768.814140020636842 ], [ 292120.96163051831536, 1590759.613446469418705 ], [ 291514.828758179966826, 1588952.781764534767717 ], [ 292612.468610197887756, 1588943.61344360653311 ], [ 292309.672960476309527, 1588040.208443059120327 ], [ 293407.323759622697253, 1588031.080520536983386 ], [ 293710.102684435783885, 1588934.493588555604219 ], [ 294807.731011507858057, 1588925.422198032494634 ], [ 294202.375943537335843, 1587118.592503954889253 ], [ 295300.031960315187462, 1587109.553355956217274 ], [ 294997.625146174337715, 1586206.149361116113141 ], [ 297192.953455447801389, 1586188.200052761938423 ], [ 296890.749332091538236, 1585284.792486768914387 ], [ 297988.421651413897052, 1585275.882265097694471 ], [ 297686.403514645120595, 1584372.479231467936188 ], [ 298784.086845217156224, 1584363.609219790901989 ], [ 298180.591829439857975, 1582556.824871178949252 ], [ 299278.302794688381255, 1582547.986915194895118 ], [ 298976.825890009524301, 1581644.605604760348797 ], [ 300074.547860882827081, 1581635.807788422098383 ], [ 299773.256875183025841, 1580732.431014938745648 ], [ 300870.989857041975483, 1580723.673305303789675 ], [ 300569.884769356984179, 1579820.301068743225187 ], [ 301667.628767569549382, 1579811.583432858809829 ], [ 301366.709556943678763, 1578908.215733168646693 ], [ 302464.464576898841187, 1578899.538138071773574 ], [ 302163.731222381815314, 1577996.174975178670138 ], [ 303261.497269486717414, 1577987.537387896561995 ], [ 302660.57153153559193, 1576180.832798346178606 ], [ 303758.365124671254307, 1576172.227059644181281 ], [ 303458.172715570661239, 1575268.885637350613251 ], [ 304555.977330511319451, 1575260.31983586307615 ], [ 304255.970709963003173, 1574356.982954485807568 ], [ 305353.786352178140078, 1574348.457057194318622 ], [ 303856.375003142922651, 1569831.921757244272158 ], [ 304954.26746518589789, 1569823.403394747292623 ], [ 304655.309511211409699, 1568920.126137957442552 ], [ 305753.212946753890719, 1568911.647594778798521 ], [ 306052.154480998695362, 1569814.932906766422093 ], [ 307150.036081267986447, 1569806.510292047634721 ], [ 306851.110957801691256, 1568903.21689774771221 ], [ 307949.003575044800527, 1568894.834045615745708 ], [ 308247.912296679802239, 1569798.135549344588071 ], [ 309345.783157919184305, 1569789.808677416527644 ], [ 309644.844749557203613, 1570693.131016175495461 ], [ 311840.537758859107271, 1570676.637278953334317 ], [ 311541.508940618718043, 1569773.298540964722633 ], [ 313737.213674835511483, 1569756.979872916825116 ], [ 314036.209755413234234, 1570660.335118619957939 ], [ 316231.86098464904353, 1570644.224525523139164 ], [ 315634.103447023080662, 1568837.493634526384994 ], [ 318927.63983951753471, 1568813.636724259937182 ], [ 319226.385034059581812, 1569717.020813934504986 ], [ 317030.731847193557769, 1569732.860852996585891 ], [ 317329.678888218360953, 1570636.241063703084365 ], [ 319525.299426629440859, 1570620.417803612770513 ], [ 320123.635796046233736, 1572427.250555388629436 ], [ 317928.080597700434737, 1572443.040123078739271 ], [ 318826.952193675097078, 1575153.335578690748662 ], [ 321022.409274138277397, 1575137.596886154962704 ], [ 321922.705402203951962, 1577848.060296978568658 ], [ 323020.37735294806771, 1577840.288745544850826 ], [ 323320.798042081180029, 1578743.81128431041725 ], [ 324418.448689863900654, 1578736.096494124503806 ], [ 324719.02217168873176, 1579639.640819256892428 ], [ 326914.27608671336202, 1579624.373066477477551 ], [ 327515.865034189890139, 1581431.536196796456352 ], [ 329711.034229896438774, 1581416.496297784848139 ], [ 329410.187899594486225, 1580512.890484171221033 ], [ 330507.78170412388863, 1580505.433979524066672 ], [ 329906.629088472283911, 1578698.244437427259982 ], [ 332101.867827644106001, 1578683.440477851312608 ], [ 332402.326943542109802, 1579587.04633668041788 ], [ 331304.726241733878851, 1579594.415383975487202 ], [ 331906.184435320668854, 1581401.64921763096936 ], [ 330808.611691082653124, 1581409.048655902501196 ], [ 331712.116339347849134, 1584119.972527546575293 ], [ 335004.673485817445908, 1584097.999479070305824 ], [ 336211.517487288452685, 1587712.860126819461584 ], [ 335114.068500625784509, 1587720.09991904720664 ], [ 335718.537732355645858, 1589527.592849560314789 ], [ 334621.116924441070296, 1589534.862814555410296 ], [ 335226.295277065597475, 1591342.391463253647089 ], [ 334128.902681483072229, 1591349.691619894932956 ], [ 334431.761902364902198, 1592253.467055518180132 ], [ 333334.381116877659224, 1592260.806579822674394 ], [ 333940.639696133963298, 1594068.379684855928645 ], [ 335037.987602825276554, 1594061.058497795136645 ], [ 335341.354077545576729, 1594964.874541834695265 ], [ 333146.686550862854347, 1594979.547122270567343 ], [ 332843.287167096917983, 1594075.749456605874002 ], [ 331745.929985135619063, 1594083.167814135318622 ], [ 332049.345836882595904, 1594986.956331324530765 ], [ 329854.650354820594657, 1595001.920592580456287 ], [ 329551.201540186069906, 1594098.150290923193097 ], [ 327356.454116738750599, 1594113.327124078758061 ], [ 327659.935930192528758, 1595017.079318751581013 ], [ 326562.571538002579473, 1595024.731608977308497 ], [ 327778.256184483296238, 1598639.83843649784103 ], [ 328875.554454005730804, 1598632.222425319021568 ], [ 329179.88189021294238, 1599536.041877311421558 ], [ 328082.600169114535674, 1599543.64876168849878 ], [ 328387.113278047414497, 1600447.472571599530056 ], [ 329484.378443623660132, 1600439.874836867675185 ], [ 330093.878892270033248, 1602247.581353672547266 ], [ 327899.410070482990704, 1602262.788924053544179 ], [ 328204.447123422112782, 1603166.644109474029392 ], [ 331496.093523368937895, 1603143.933662557741627 ], [ 331801.249946259660646, 1604047.830108319176361 ], [ 330704.05578034883365, 1604055.342125942930579 ], [ 331009.397883052821271, 1604959.242904904065654 ], [ 333203.748383870348334, 1604944.286367912078276 ], [ 330766.011480356159154, 1597713.312330355169252 ], [ 331863.312073524459265, 1597705.833311466267332 ], [ 332471.698665083502419, 1599513.513744565891102 ], [ 333568.961562385666184, 1599506.101870079990476 ], [ 333264.700229837326333, 1598602.245639517204836 ], [ 335459.24516408686759, 1598587.549586484208703 ], [ 335155.185906528495252, 1597683.688429615925997 ], [ 334057.899256058211904, 1597691.021362191298977 ], [ 333753.992597779026255, 1596787.183056337991729 ], [ 335948.594263831502758, 1596772.547369335312396 ], [ 335644.889632022590376, 1595868.704159434419125 ], [ 336742.200057692476548, 1595861.45003856276162 ], [ 336135.330917729763314, 1594053.785894342232496 ], [ 337232.669671419251245, 1594046.56187342107296 ], [ 336021.025969614856876, 1590431.359565856866539 ], [ 337118.425814429589082, 1590424.147217112826183 ], [ 336513.651188367453869, 1588616.60897308238782 ], [ 337611.079247782821767, 1588609.426723516080528 ], [ 335499.808462961227633, 1582283.403897502459586 ], [ 336597.346339706797153, 1582276.206283857813105 ], [ 336296.428855227306485, 1581372.533478872617707 ], [ 335198.874672566656955, 1581379.740113573381677 ], [ 333996.830411956761964, 1577765.218643791973591 ], [ 335094.449747077887878, 1577757.976150442613289 ], [ 334794.37768954760395, 1576854.370198878692463 ], [ 333696.742084132798482, 1576861.621600565034896 ], [ 333396.822856073617004, 1575958.037850187160075 ], [ 334494.474724655330647, 1575950.777562665985897 ], [ 333895.176082417368889, 1574143.63216272322461 ], [ 334992.855820993077941, 1574136.402152016060427 ], [ 334095.224789936910383, 1571425.756988579872996 ], [ 332997.496374155161902, 1571433.013468623161316 ], [ 332399.888766868971288, 1569626.000396027695388 ], [ 331302.123256092425436, 1569633.322255466599017 ], [ 330705.159691742155701, 1567826.379247965989634 ], [ 329607.35704847809393, 1567833.766289731021971 ], [ 328713.131557409535162, 1565123.475893354043365 ], [ 329810.982780758989975, 1565116.063015380408615 ], [ 330108.872623128932901, 1566019.488680001348257 ], [ 332304.528492082259618, 1566004.823315831134096 ], [ 332602.555103035178035, 1566908.279359532287344 ], [ 333700.359829382272437, 1566901.026974939508364 ], [ 333402.349385254550725, 1565997.562237737234682 ], [ 338891.384665494784713, 1565961.972844397183508 ], [ 338593.623994498280808, 1565058.477484667906538 ], [ 337495.809945393470116, 1565065.508707491215318 ], [ 337198.202239929465577, 1564162.035366321681067 ], [ 339393.858037404483184, 1564148.003026477294043 ], [ 339096.451609037234448, 1563244.525327013107017 ], [ 341292.121617715572938, 1563230.666022630408406 ], [ 341589.495887662575115, 1564134.161382426740602 ], [ 342687.308159310021438, 1564127.312068758532405 ], [ 342092.760801549884491, 1562320.3168940609321 ], [ 343190.600785762246232, 1562313.497477450873703 ], [ 343785.116036222898401, 1564120.510425974614918 ], [ 344882.919549092533998, 1564113.756453067995608 ], [ 344585.593450805346947, 1563210.234399082139134 ], [ 345683.408669958182145, 1563203.519142666598782 ], [ 345386.267640018719248, 1562300.001489893998951 ], [ 346484.094571451190859, 1562293.324916949262843 ], [ 346187.13858918659389, 1561389.811664514709264 ], [ 347284.977238913066685, 1561383.173742010723799 ], [ 346691.60434996400727, 1559576.169379299040884 ], [ 347789.470708813518286, 1559569.561129432171583 ], [ 347493.053776699001901, 1558666.070022211875767 ], [ 345297.284809768316336, 1558679.351869903504848 ], [ 345593.733705976046622, 1559582.825159256113693 ], [ 341202.207664545392618, 1559609.923599794972688 ], [ 341795.740700213820674, 1561416.839218506589532 ], [ 340697.880251958034933, 1561423.715077999513596 ], [ 340994.916405018884689, 1562327.183927235892043 ], [ 336603.494081759708934, 1562355.128246019361541 ], [ 336306.393633842933923, 1561451.694430489791557 ], [ 334110.622999903687742, 1561465.969669967191294 ], [ 333516.865020875877235, 1559659.176011566072702 ], [ 332418.940560039598495, 1559666.40223147533834 ], [ 331825.82684363075532, 1557859.677922118222341 ], [ 330727.865504344983492, 1557866.968747889623046 ], [ 331024.353896328713745, 1558770.315873594023287 ], [ 329926.403926617000252, 1558777.645696653285995 ], [ 330223.077554589312058, 1559680.99730271869339 ], [ 328027.195566007401794, 1559695.782556410646066 ], [ 327730.489692679024301, 1558792.447899257997051 ], [ 326632.525367012887727, 1558799.920280995778739 ], [ 326929.247376257204451, 1559703.246504406444728 ], [ 324733.336452252464369, 1559718.317048224853352 ], [ 324436.582144691783469, 1558815.00761087378487 ], [ 325534.556194590521045, 1558807.440184496343136 ], [ 325237.987203096505255, 1557904.13525207596831 ], [ 324139.997006824414711, 1557911.711035683983937 ], [ 323251.2566356388852, 1555201.898303617024794 ], [ 322153.213099966291338, 1555209.546441124984995 ], [ 321857.288538766501006, 1554306.30937652499415 ], [ 322955.348200798674952, 1554298.652997702360153 ], [ 322659.608947776025161, 1553395.420464361319318 ], [ 323757.679767804220319, 1553387.80322755058296 ], [ 323462.125802136957645, 1552484.575224775820971 ], [ 325658.28486150939716, 1552469.466300435131416 ], [ 325953.80664738843916, 1553372.710832920158282 ], [ 327051.862768431135919, 1553365.235672864830121 ], [ 326756.357059240923263, 1552461.982834812486544 ], [ 328952.486944531672634, 1552447.15789111983031 ], [ 328657.182505716511514, 1551543.901230173185468 ], [ 329755.256297868851107, 1551536.551385040394962 ], [ 329460.137040751054883, 1550633.299233115743846 ], [ 330558.222096500569023, 1550625.98831720999442 ], [ 330263.288000293308869, 1549722.740673489868641 ], [ 329165.186924630659632, 1549730.059937182581052 ], [ 328870.405951911001466, 1548826.833479361375794 ], [ 327772.284073688962962, 1548834.208286429056898 ], [ 328067.081067886902019, 1549737.426445703022182 ], [ 326968.970399311045185, 1549744.840200142469257 ], [ 326674.157374854607042, 1548841.630312270484865 ], [ 325576.025824647455011, 1548849.099557984620333 ], [ 325281.365928611136042, 1547945.910668384749442 ], [ 327477.656232509762049, 1547931.002925327746198 ], [ 326888.908018839312717, 1546124.630526353837922 ], [ 327987.077918207272887, 1546117.230956066166982 ], [ 327692.973543139174581, 1545214.055672285147011 ], [ 329889.330883116810583, 1545199.381437284639105 ], [ 329595.427607964142226, 1544296.20244449400343 ], [ 330693.615076640620828, 1544288.927718189777806 ], [ 330399.896896774473134, 1543385.753252944676206 ], [ 331498.095567275595386, 1543378.517330470029265 ], [ 331204.562461905821692, 1542475.347391843097284 ], [ 333400.977521477499977, 1542461.000110059045255 ], [ 333694.478781166078988, 1543364.18663587491028 ], [ 334792.663386116037145, 1543357.091861631721258 ], [ 335086.317845757934265, 1544260.299589251400903 ], [ 333988.149157764622942, 1544267.386007172055542 ], [ 334281.988648890284821, 1545170.598241778556257 ], [ 333183.831244786852039, 1545177.723384022014216 ], [ 333772.049448469828349, 1546984.16974611254409 ], [ 334870.17496516922256, 1546977.061372322263196 ], [ 335459.037710908334702, 1548783.576170506654307 ], [ 336557.126706095936242, 1548776.531864654738456 ], [ 336262.626733692537528, 1547873.25953163811937 ], [ 337360.727098542731255, 1547866.25394233991392 ], [ 336478.289567052386701, 1545156.48926421510987 ], [ 337576.43314265657682, 1545149.505426803836599 ], [ 339047.928177327266894, 1549665.887249098625034 ], [ 341244.042563560418785, 1549652.146267007337883 ], [ 340949.437248918111436, 1548748.8267332080286 ], [ 343145.565688141388819, 1548735.257408322766423 ], [ 342851.161250002100132, 1547831.933705875882879 ], [ 340655.001000946504064, 1547845.520262544043362 ], [ 340360.733822011912707, 1546942.226837023627013 ], [ 341458.832063389127143, 1546935.401389469159767 ], [ 341164.749850789667107, 1546032.112432933179662 ], [ 342262.85954015009338, 1546025.325550821144134 ], [ 341968.962273171870038, 1545122.04106223443523 ], [ 343067.083416672132444, 1545115.292712274938822 ], [ 343360.964813338010572, 1546018.58579133450985 ], [ 344459.065701117040589, 1546011.89315347513184 ], [ 345636.218268443248235, 1549625.231094250222668 ], [ 346734.251318283437286, 1549618.620376783423126 ], [ 347028.946166353416629, 1550521.996495798230171 ], [ 345930.929005241254345, 1550528.598458120599389 ], [ 346520.857576274662279, 1552335.372766793239862 ], [ 345422.867920449352823, 1552342.004463285207748 ], [ 345718.101668875780888, 1553245.402649966767058 ], [ 347914.044857785804197, 1553232.204183641122654 ], [ 347618.842938463727478, 1552328.788381100865081 ], [ 349814.800904863746837, 1552315.761538220336661 ], [ 349519.79978685209062, 1551412.341301392298192 ], [ 350617.788329421542585, 1551405.889961390057579 ], [ 350322.972090607276186, 1550502.474137883400545 ], [ 352518.968381629383657, 1550489.695497196866199 ], [ 352813.752907070098445, 1551393.129119743127376 ], [ 353911.729003623418976, 1551386.819616208551452 ], [ 353616.960321819875389, 1550483.377053380943835 ], [ 354714.948166117304936, 1550477.105859333183616 ], [ 354420.364295357372612, 1549573.667693537194282 ], [ 351126.340934544219635, 1549592.649780434323475 ], [ 350243.460802317247726, 1546882.495154109084979 ], [ 349145.397205434681382, 1546888.943423045100644 ], [ 350028.324856452818494, 1549599.071590424515307 ], [ 347832.28007906692801, 1549612.056887637590989 ], [ 347537.770132323668804, 1548708.685200027888641 ], [ 346439.725498680607416, 1548715.257449390366673 ], [ 345851.180954305687919, 1546908.571097173262388 ], [ 346949.257312186411582, 1546901.981393611524254 ], [ 346655.254443504381925, 1545998.649238678626716 ], [ 351047.580656918988097, 1545972.726825455669314 ], [ 350460.208565280714538, 1544166.032090930500999 ], [ 352656.40969991334714, 1544153.318335555959493 ], [ 352949.979664953309111, 1545056.676695803878829 ], [ 355146.132752104196697, 1545044.168882318306714 ], [ 355439.840149092487991, 1545947.558249709894881 ], [ 354341.781423509062734, 1545953.779724675696343 ], [ 354635.673575902823359, 1546857.173498471966013 ], [ 353537.626563086232636, 1546863.433201247593388 ], [ 353831.703491505060811, 1547766.831382658798248 ], [ 356027.761861256498378, 1547754.376956037478521 ], [ 355733.716519587440416, 1546850.960934901377186 ], [ 356831.755424897070043, 1546844.795509615214542 ], [ 356537.89482763397973, 1545941.383885849732906 ], [ 357635.945489891106263, 1545935.256632179953158 ], [ 358223.804112187353894, 1547742.111191278323531 ], [ 359321.819269970699679, 1547736.049054821953177 ], [ 359027.821243408019654, 1546832.606070250272751 ], [ 361223.871277456288226, 1546820.605173154734075 ], [ 361517.837803911766969, 1547724.066269265254959 ], [ 362615.841241565532982, 1547718.145618390291929 ], [ 362321.890452185762115, 1546814.675425731576979 ], [ 363419.905773054750171, 1546808.792811218649149 ], [ 363713.840834005794022, 1547712.272127612959594 ], [ 368105.801366570056416, 1547689.249748184578493 ], [ 367811.929132939432748, 1546785.73366494406946 ], [ 366713.928920009522699, 1546791.427756460616365 ], [ 365833.278546452522278, 1544080.988470256095752 ], [ 364735.22753778292099, 1544086.757174862548709 ], [ 365615.92497621657094, 1546797.168977444060147 ], [ 364517.917270816746168, 1546802.957328744465485 ], [ 364224.166843826649711, 1545899.482373829232529 ], [ 359832.034888582653366, 1545923.14345178916119 ], [ 359538.390504023991525, 1545019.718255185522139 ], [ 361734.495660963235423, 1545007.775427050422877 ], [ 361441.051663749560248, 1544104.345584593247622 ], [ 358146.840871673077345, 1544122.357456501340494 ], [ 357560.365403713658452, 1542315.591815696330741 ], [ 356462.255774693796411, 1542321.707711532013491 ], [ 356169.255761421867646, 1541418.35375011106953 ], [ 357267.381110658112448, 1541412.228971418691799 ], [ 356097.133598848478869, 1537798.910346607677639 ], [ 352802.556902241776697, 1537817.531213008798659 ], [ 352510.37037174066063, 1536914.260892487131059 ], [ 351412.154220441472717, 1536920.570271308301017 ], [ 351120.120983586763032, 1536017.321757872356102 ], [ 347825.400259154499508, 1536036.556785654276609 ], [ 348702.148528063728008, 1538746.263955273898318 ], [ 347603.947031698422506, 1538752.743513121968135 ], [ 347019.247663975926116, 1536946.276198651408777 ], [ 345921.010383051470853, 1536952.819788263645023 ], [ 345628.898500684124883, 1536049.614215603563935 ], [ 346727.151528004324064, 1536043.062092179432511 ], [ 346435.224427085428033, 1535139.860995721071959 ], [ 345336.955660557141528, 1535146.421631065895781 ], [ 345045.181865026941523, 1534243.24201681627892 ], [ 343946.893022208416369, 1534249.857905736193061 ], [ 343655.272540151665453, 1533346.699684970313683 ], [ 341458.65020556806121, 1533360.088557859417051 ], [ 341167.16730153770186, 1532456.960006739711389 ], [ 338970.49567241105251, 1532470.552485122811049 ], [ 338679.150342992506921, 1531567.453389881644398 ], [ 336482.429117944964673, 1531581.249220841098577 ], [ 335900.182708437554538, 1529775.122243546880782 ], [ 333703.380047029117122, 1529789.137474278919399 ], [ 333121.747039906855207, 1527983.093810605583712 ], [ 334220.18221362028271, 1527976.046669933246449 ], [ 333639.257217312580906, 1526170.037415475351736 ], [ 329245.362213627784513, 1526198.569632975617424 ], [ 328955.090400880086236, 1525295.615890396991745 ], [ 332250.565998624253552, 1525274.123014178592712 ], [ 331670.624311733758077, 1523468.205411517526954 ], [ 330572.105724458349869, 1523475.339136766735464 ], [ 330862.007730664801784, 1524378.283699971856549 ], [ 329763.50012738420628, 1524385.455943208420649 ], [ 329183.833789050229825, 1522579.595177875598893 ], [ 330282.372865843703039, 1522572.407096728216857 ], [ 329992.809157200041227, 1521669.487562421010807 ], [ 331091.359186166781001, 1521662.337988338200375 ], [ 330801.980339813628234, 1520759.42305044666864 ], [ 331900.541327286162414, 1520752.311949730385095 ], [ 331322.322460120427422, 1518946.503761140396819 ], [ 332420.910090589430183, 1518939.423197175143287 ], [ 332132.070044084219262, 1518036.529949464136735 ], [ 333230.668629877269268, 1518029.487785916076973 ], [ 332365.210283108230215, 1515320.859279879601672 ], [ 331266.564754154183902, 1515327.92503907578066 ], [ 330978.401281931088306, 1514425.081622046651319 ], [ 333175.718887080438435, 1514410.980631585465744 ], [ 332887.755807515175547, 1513508.134000796591863 ], [ 330690.406959191663191, 1513522.25061937305145 ], [ 329827.43891156517202, 1510813.831924700643867 ], [ 326531.239215955138206, 1510835.422277313889936 ], [ 326818.7729396490613, 1511738.193095902213827 ], [ 325720.045633189962246, 1511745.474386714631692 ], [ 325432.496271098731086, 1510842.711195376468822 ], [ 324333.748418221191969, 1510850.04618216631934 ], [ 324046.352604598505422, 1509947.302828694228083 ], [ 322947.58416448335629, 1509954.691436738008633 ], [ 322660.341907726484351, 1509051.967833830509335 ], [ 320462.758753396978136, 1509066.89816074911505 ], [ 320750.032317933859304, 1509969.60678521450609 ], [ 321848.810745900729671, 1509962.126088543562219 ], [ 322136.237864730064757, 1510864.85436628642492 ], [ 323234.995626402436756, 1510857.427238770760596 ], [ 323522.576291109900922, 1511760.175257062306628 ], [ 324621.313427316490561, 1511752.801773405866697 ], [ 325485.023603607318364, 1514461.142145468853414 ], [ 326583.708824635483325, 1514453.837688264902681 ], [ 327160.330182801233605, 1516259.474834446562454 ], [ 326061.67632149864221, 1516266.76389753096737 ], [ 326350.256453409558162, 1517169.593276486033574 ], [ 328547.527946691552643, 1517155.076867982978001 ], [ 328836.245869842125103, 1518057.934134487295523 ], [ 329934.858694951166399, 1518050.753122695023194 ], [ 330223.730091833393089, 1518953.630635007284582 ], [ 329125.132954847300425, 1518960.803819832857698 ], [ 329414.18919932609424, 1519863.685941361123696 ], [ 328315.602966787701007, 1519870.897616765461862 ], [ 328894.254354551085271, 1521676.683529988629743 ], [ 326697.13030473672552, 1521691.214649853296578 ], [ 326407.688566766679287, 1520788.331116650253534 ], [ 325309.103513335518073, 1520795.674054396571591 ], [ 325598.560995822481345, 1521698.549804306589067 ], [ 324499.986789744987618, 1521705.931356554850936 ], [ 324789.629214138491079, 1522608.811730277724564 ], [ 323691.065849133941811, 1522616.231930748559535 ], [ 323980.893236275529489, 1523519.116929422365502 ], [ 322882.340706087183207, 1523526.575811826158315 ], [ 323462.534643681312446, 1525332.367449938552454 ], [ 325659.571595845918637, 1525317.527304755989462 ], [ 325949.89075128530385, 1526220.457371968310326 ], [ 324851.390535561076831, 1526227.84635277884081 ], [ 325432.567992698284797, 1528033.728165076114237 ], [ 324334.094497069832869, 1528041.147995695937425 ], [ 323752.885404276836198, 1526235.281869316939265 ], [ 319358.815106386318803, 1526265.489314900944009 ], [ 319940.150915601523593, 1528071.293240505037829 ], [ 321038.644312508113217, 1528063.687038725009188 ], [ 321329.550178285106085, 1528966.615316637326032 ], [ 319132.59006777824834, 1528981.858808883232996 ], [ 319423.696889843966346, 1529884.783946689916775 ], [ 320522.163587451039348, 1529877.14665086241439 ], [ 320813.423740845290013, 1530780.091956327669322 ], [ 319714.972930031828582, 1530787.721468699164689 ], [ 320006.418185928312596, 1531690.671392333693802 ], [ 318907.978220758377574, 1531698.339804731309414 ], [ 318325.225126366189215, 1529892.467893525725231 ], [ 317226.748266171547584, 1529900.198492509778589 ], [ 316935.609658938483335, 1528997.288796608801931 ], [ 315837.111765522393398, 1529005.073729132302105 ], [ 316419.590031312429346, 1530810.890079267323017 ], [ 315321.11880684166681, 1530818.706311091780663 ], [ 315029.779132267809473, 1529915.799651514040306 ], [ 313931.286796863132622, 1529923.670213847886771 ], [ 313058.235519099922385, 1527215.046760520432144 ], [ 314156.775601947912946, 1527207.153385592624545 ], [ 313866.1129310549004, 1526304.295810125069693 ], [ 314964.663690967601724, 1526296.441421587718651 ], [ 314674.186162230209447, 1525393.588507799897343 ], [ 312477.047639194177464, 1525409.358936951262876 ], [ 312186.707598100416362, 1524506.533316927030683 ], [ 311088.114561131922528, 1524514.495802650460973 ], [ 311378.470497522037476, 1525417.313932596473023 ], [ 309181.300299544527661, 1525433.363491926109418 ], [ 308600.694084367947653, 1523627.769135930808261 ], [ 306403.438772424531635, 1523644.034330977592617 ], [ 306113.357781606144272, 1522741.269998787203804 ], [ 307212.004055430938024, 1522733.106827315408736 ], [ 306922.108283456473146, 1521830.347207330865785 ], [ 309119.416412079823203, 1521814.145482304506004 ], [ 309699.313664237502962, 1523619.706244614673778 ], [ 311896.536826147930697, 1523603.71986841596663 ], [ 311606.535325767763425, 1522700.918574195820838 ], [ 310507.910520170000382, 1522708.895974955288693 ], [ 310218.06242045306135, 1521806.11424280772917 ], [ 311316.703099380829372, 1521798.12941706343554 ], [ 311027.040149411710445, 1520895.35237983497791 ], [ 312125.691387070750352, 1520887.406536211026832 ], [ 311836.213565919548273, 1519984.634192928439006 ], [ 308540.196324247517623, 1520008.633026262046769 ], [ 307672.635918162530288, 1517300.454616761999205 ], [ 306573.905205789604224, 1517308.56880001956597 ], [ 306862.938561864779331, 1518211.275660203304142 ], [ 304665.492536162259057, 1518227.628425788367167 ], [ 304954.72694929339923, 1519130.332785623846576 ], [ 302757.290755949157756, 1519146.856413071509451 ], [ 302178.927699770196341, 1517341.488350115716457 ], [ 298882.636315587093122, 1517366.664004898630083 ], [ 299171.780893809744157, 1518269.320787137839943 ], [ 298073.021761882933788, 1518277.798203131416813 ], [ 297783.861259902652819, 1517375.148466386366636 ], [ 296685.080522227101028, 1517383.679218247067183 ], [ 296396.073464650660753, 1516481.048274902859703 ], [ 295297.271080235950649, 1516489.632288053166121 ], [ 295008.417475559108425, 1515587.020050888648257 ], [ 296107.235786429082509, 1515578.429089677287266 ], [ 295818.567490022745915, 1514675.821645677555352 ], [ 296917.395980867790058, 1514667.269968258915469 ], [ 295764.480230040848255, 1511056.929668389959261 ], [ 293566.690339547232725, 1511074.134322908474132 ], [ 293854.696973556827288, 1511976.68813023227267 ], [ 294953.578916307073087, 1511968.069592393469065 ], [ 295530.068577893194743, 1513773.225926030194387 ], [ 294431.218436291324906, 1513781.830718651879579 ], [ 294142.873006627371069, 1512879.253589878091589 ], [ 293044.001173302065581, 1512887.911423193057999 ], [ 293332.362515961634926, 1513790.481695709284395 ], [ 291134.633215405803639, 1513807.922208277508616 ], [ 289406.815378069877625, 1508392.756092991214246 ], [ 292703.686856527114287, 1508366.542647107737139 ], [ 292416.357843401725404, 1507464.035281402058899 ], [ 294614.274666707089636, 1507446.776225729379803 ], [ 294901.571968860458583, 1508349.297127294819802 ], [ 296000.505855877650902, 1508340.743396769976243 ], [ 295426.112325591384433, 1506535.699609355302528 ], [ 293228.17541010316927, 1506552.880226861918345 ], [ 292941.201067192596383, 1505650.389270142884925 ], [ 290743.209183187922463, 1505667.767148285871372 ], [ 291317.390687655075453, 1507472.733800501795486 ], [ 288020.453872610232793, 1507499.105338375549763 ], [ 288595.408390258089639, 1509304.078076605685055 ], [ 287496.449380324746016, 1509312.947328066686168 ], [ 289225.474941922875587, 1514728.102170954691246 ], [ 288126.605628126650117, 1514736.977347367443144 ], [ 288415.385541410767473, 1515639.53687542444095 ], [ 289514.238883716345299, 1515630.668462800327688 ], [ 290092.275043440749869, 1517435.835898624965921 ], [ 288993.453666353423614, 1517444.690718932077289 ], [ 289572.199505898519419, 1519249.891057704342529 ], [ 288473.404211895074695, 1519258.77855420508422 ], [ 288763.047285723732784, 1520161.389356724219397 ], [ 287664.262075116857886, 1520170.316391886677593 ], [ 287954.090611009625718, 1521072.932007913244888 ], [ 286855.315477857366204, 1521081.898615641752258 ], [ 287145.329496905789711, 1521984.519045848632231 ], [ 286046.564435276202857, 1521993.525260036811233 ], [ 286336.76395858626347, 1522896.150505075929686 ], [ 285238.008962565625552, 1522905.196359607391059 ], [ 285528.394011238822713, 1523807.826420105062425 ], [ 281133.377823222894222, 1523844.447531335521489 ], [ 280842.928358369972557, 1522941.844491385156289 ], [ 279744.142897813697346, 1522951.122709540883079 ], [ 278583.975437261338811, 1519340.852214016253129 ], [ 277485.119325771229342, 1519350.203333399724215 ], [ 276906.020384522562381, 1517545.149882235331461 ], [ 275807.125815592124127, 1517554.560399594018236 ], [ 274939.700484769535251, 1514847.084957871818915 ], [ 273840.751336467568763, 1514856.561091197654605 ], [ 273551.932528707082383, 1513954.098318650154397 ], [ 270254.998527059564367, 1513982.823153903242201 ], [ 270832.902272053586785, 1515787.72191353305243 ], [ 269733.943628372624516, 1515797.376700796186924 ], [ 270312.557847972086165, 1517602.307769628474489 ], [ 269213.625013380660675, 1517611.996210207697004 ], [ 269503.202609044150449, 1518514.472280492074788 ], [ 270602.119291609036736, 1518504.790180603740737 ], [ 271181.75083389133215, 1520309.788838692940772 ], [ 272280.628761583939195, 1520300.165890426374972 ], [ 272860.90615505859023, 1522105.222661289153621 ], [ 275058.578224642551504, 1522086.141911770682782 ], [ 275639.469074128312059, 1523891.27023839042522 ], [ 274540.668546817440074, 1523900.774302715901285 ], [ 275122.269819030771032, 1525705.935213615186512 ], [ 274023.495340906840283, 1525715.472674183780327 ], [ 274897.217249578912742, 1528423.28012354276143 ], [ 272699.746561589592602, 1528442.455319578992203 ], [ 272991.358709492720664, 1529345.067508846055716 ], [ 274090.080986486689653, 1529335.463187194196507 ], [ 274673.781363287940621, 1531140.73520616046153 ], [ 273575.091591328382492, 1531150.326260503614321 ], [ 274451.96234108065255, 1533858.300573572283611 ], [ 273353.315055967716035, 1533867.918376587564126 ], [ 273938.775741162593476, 1535673.278808013303205 ], [ 272840.154713612864725, 1535682.930048468289897 ], [ 273133.155654731497634, 1536585.620856983121485 ], [ 270935.927121736924164, 1536605.05058855866082 ], [ 271229.130265446321573, 1537507.739535276778042 ], [ 267933.288300716027152, 1537537.215983184520155 ], [ 268226.710087737767026, 1538439.896476067602634 ], [ 264930.858750406070612, 1538469.775582468369976 ], [ 265224.499303120654076, 1539372.447750746738166 ], [ 260830.004183883895166, 1539412.918040362652391 ], [ 261123.880080289643956, 1540315.575529121793807 ], [ 256729.343597447354114, 1540356.772094223415479 ], [ 257023.455037976498716, 1541259.41517808008939 ], [ 255924.82045441592345, 1541269.825518638128415 ], [ 255630.692506105348002, 1540367.188805357785895 ], [ 253433.369742760929512, 1540388.163322247797623 ], [ 253139.37840692588361, 1539485.550463458755985 ], [ 252040.69014592593885, 1539496.114539744332433 ], [ 251159.684557422122452, 1536788.361634003464133 ], [ 250060.939780863991473, 1536798.99130844627507 ], [ 250354.455154824769124, 1537701.558307743165642 ], [ 248156.977597621502355, 1537722.946177208330482 ], [ 247863.429168907605344, 1536820.391445910092443 ], [ 246764.663271775381872, 1536831.161912106210366 ], [ 246471.268005018995609, 1535928.624292413238436 ], [ 250866.355370243923971, 1535885.799565865891054 ], [ 250280.206025023682741, 1534080.708680223906413 ], [ 249181.411751707026269, 1534091.356747198617086 ], [ 248888.575114933511941, 1533188.833983548684046 ], [ 247789.757312399568036, 1533199.534958373755217 ], [ 248082.610442103730747, 1534102.051661962643266 ], [ 245884.986590511049144, 1534123.582041215384379 ], [ 246178.042443727172213, 1535026.097674314398319 ], [ 245079.236367380333832, 1535036.927141291555017 ], [ 244200.528382775577484, 1532329.431067302823067 ], [ 245299.384018797893077, 1532318.58366373879835 ], [ 244422.253037314134417, 1529611.168071254622191 ], [ 247718.925502147496445, 1529578.852936984738335 ], [ 247426.937345581740374, 1528676.385094601660967 ], [ 248525.830410134076374, 1528665.700832091039047 ], [ 248234.028396386245731, 1527763.237968048779294 ], [ 249332.930831709760241, 1527752.594405924668536 ], [ 249041.314939413859975, 1526850.136520173866302 ], [ 246843.470146672887495, 1526871.482197353849187 ], [ 246260.681784128915751, 1525066.622906990582123 ], [ 247359.640559390973067, 1525055.914949639234692 ], [ 247068.517357163655106, 1524153.495746538043022 ], [ 248167.48543734595296, 1524142.828468219842762 ], [ 247876.548336938663851, 1523240.4142644808162 ], [ 245678.572278827836271, 1523261.80709200585261 ], [ 245969.542173015681328, 1524164.209573283791542 ], [ 244870.559853982238565, 1524174.969950047321618 ], [ 245453.041633701068349, 1525979.795779941370711 ], [ 243255.121207371819764, 1526001.432939616497606 ], [ 244130.215487586974632, 1528708.718000735156238 ], [ 241932.365052953682607, 1528730.506719674216583 ], [ 242516.675838535884395, 1530535.394277839455754 ], [ 241417.772777833364671, 1530546.347023450303823 ], [ 242881.602731405728264, 1535058.726720597594976 ], [ 241782.775110021175351, 1535069.696836160495877 ], [ 242369.528355307498714, 1536874.713130687363446 ], [ 243468.322845350485295, 1536863.754919748287648 ], [ 243761.937491632852471, 1537766.285439848201349 ], [ 242663.159578516846523, 1537777.237665648572147 ], [ 242956.960531928518321, 1538679.773147838423029 ], [ 241858.191995883942582, 1538690.766360955312848 ], [ 242740.663036337500671, 1541398.420585463987663 ], [ 241641.937114535656292, 1541409.442804263904691 ], [ 242525.985619344981387, 1544117.177766893291846 ], [ 241427.302402645291295, 1544128.228957761311904 ], [ 241722.341358574747574, 1545030.823216448538005 ], [ 243919.66725822162698, 1545008.780180871486664 ], [ 244214.842611825326458, 1545911.397684246534482 ], [ 243116.199927304434823, 1545922.389479885343462 ], [ 243707.093121096433606, 1547727.645405786810443 ], [ 242608.476605301548261, 1547738.672146308002993 ], [ 243496.139364931295859, 1550446.62065828894265 ], [ 245693.265036825818243, 1550424.651665154611692 ], [ 246285.821930877747945, 1552230.031254236120731 ], [ 245187.296092556440271, 1552240.979532045312226 ], [ 245780.565220500633586, 1554046.391260251635686 ], [ 244682.065718975209165, 1554057.374363159993663 ], [ 244385.329566121217795, 1553154.669205501209944 ], [ 242188.275590200879378, 1553176.79031011951156 ], [ 243376.372530303808162, 1556787.627759410301223 ], [ 242277.901841816230444, 1556798.734454766614363 ], [ 242575.367159628745867, 1557701.465439013903961 ], [ 241476.906065263872733, 1557712.613399001769722 ], [ 242668.531773641007021, 1561323.623995390022174 ], [ 243766.925573642976815, 1561312.501380424015224 ], [ 244065.23944957711501, 1562215.288451682310551 ], [ 245163.609251308866078, 1562204.21993624791503 ], [ 244269.22722199751297, 1559495.873269523261115 ], [ 245367.640347917273175, 1559484.833188972668722 ], [ 245665.581181313813431, 1560387.610550424316898 ], [ 246763.970385381835513, 1560376.624521632678807 ], [ 246466.046351920318557, 1559473.840731655014679 ], [ 247564.44526478057378, 1559462.89589594095014 ], [ 249055.678243888512952, 1563976.960527433780953 ], [ 250153.986113627703162, 1563966.095947447000071 ], [ 249855.416981301124906, 1563063.25373460073024 ], [ 250953.734669297584333, 1563052.430309529416263 ], [ 250655.351995715987869, 1562149.592917005997151 ], [ 249557.017512866616016, 1562160.422918539494276 ], [ 249258.787710958800744, 1561257.603482167003676 ], [ 250357.138981244846946, 1561246.766926439246163 ], [ 250059.095628516719444, 1560343.95232074148953 ], [ 254452.49824019978405, 1560301.056392285972834 ], [ 254154.691551178257214, 1559398.226844982942566 ], [ 256351.384979122056393, 1559377.051394777838141 ], [ 255756.34736144458293, 1557571.400101226987317 ], [ 256854.717234346404439, 1557560.870456183562055 ], [ 255963.483060298487544, 1554852.459516536211595 ], [ 257061.896142278972548, 1554841.957510903012007 ], [ 256468.621466089447495, 1553036.394186774501577 ], [ 257567.06103532508132, 1553025.926431856816635 ], [ 257270.694766377651831, 1552123.155315939104185 ], [ 258369.144172749598511, 1552112.728371229022741 ], [ 258072.96413999190554, 1551209.962088614003733 ], [ 259171.423388796625659, 1551199.575920542702079 ], [ 259467.586815549439052, 1552102.348811021074653 ], [ 260566.022725571296178, 1552092.016633777180687 ], [ 260269.875895790901268, 1551189.237108362838626 ], [ 262466.760807535843924, 1551168.70154555561021 ], [ 262170.816731293452904, 1550265.920176666462794 ], [ 264367.708161322632805, 1550245.56060394179076 ], [ 264071.966775504231919, 1549342.777354617370293 ], [ 260776.569992943987017, 1549373.407715196721256 ], [ 259890.214445706253173, 1546665.186655665514991 ], [ 262087.251549552078359, 1546644.679433391196653 ], [ 262382.500720361771528, 1547547.421547896228731 ], [ 264579.478130883770064, 1547527.116476089227945 ], [ 264284.26199875830207, 1546624.361068809870631 ], [ 263185.760090576834045, 1546634.496644644765183 ], [ 262890.697028389084153, 1545731.75936392089352 ], [ 265087.727248584502377, 1545711.522120802663267 ], [ 266268.864883298054338, 1549322.593587473966181 ], [ 265170.419116925797425, 1549332.661824723705649 ], [ 266354.335903909115586, 1552943.891135896323249 ], [ 267452.715513643808663, 1552933.850044022779912 ], [ 266860.45108432485722, 1551128.198623673524708 ], [ 267958.857260920398403, 1551118.191260214662179 ], [ 267662.99590704694856, 1550215.376150285592303 ], [ 268761.41210565448273, 1550205.409301208565012 ], [ 269057.25694206362823, 1551108.231240582419559 ], [ 270155.650158542441204, 1551098.318563301116228 ], [ 270451.648021388798952, 1552001.159021546365693 ], [ 268254.888164475676604, 1552021.017988279694691 ], [ 268847.458610337635037, 1553826.706367386272177 ], [ 271044.152341527165845, 1553806.874993745004758 ], [ 271340.658793691080064, 1554709.750542082358152 ], [ 272438.979504575429019, 1554699.91296129510738 ], [ 272735.638945012004115, 1555602.807235011132434 ], [ 274932.228250503656454, 1555583.288485027849674 ], [ 275229.024145196890458, 1556486.208643393823877 ], [ 276327.292820976232179, 1556476.527574731037021 ], [ 276624.24168901622761, 1557379.466685141669586 ], [ 279918.96078027546173, 1557350.72998118121177 ], [ 279622.061430502100848, 1556447.769348617177457 ], [ 278523.811432867078111, 1556457.307928766822442 ], [ 278227.065061369445175, 1555554.366396067431197 ], [ 277128.792369706148747, 1555563.959622831083834 ], [ 276832.198984735761769, 1554661.037101208698004 ], [ 279028.771137587551493, 1554641.883828864432871 ], [ 278436.158737144200131, 1552836.04585401294753 ], [ 279534.468449273728766, 1552826.526075993431732 ], [ 278646.870273621869273, 1550117.8366716473829 ], [ 279745.22312128165504, 1550108.342909935163334 ], [ 278859.199490962782875, 1547399.738734557526186 ], [ 279957.595384988817386, 1547390.271024004556239 ], [ 279662.609518302720971, 1546487.419534026645124 ], [ 277465.77875008364208, 1546506.416225890861824 ], [ 277760.797404341108631, 1547409.253664714051411 ], [ 276662.389094322337769, 1547418.81581588415429 ], [ 276957.593649265705608, 1548321.658017995301634 ], [ 278055.985544712690171, 1548312.102873814292252 ], [ 278351.343168653547764, 1549214.963870387058705 ], [ 277252.967695146799088, 1549224.511985515942797 ], [ 277844.224249542341568, 1551030.255285611841828 ], [ 275647.520348587073386, 1551049.465260973898694 ], [ 276239.52068081125617, 1552855.227566389832646 ], [ 275141.192275053763296, 1552864.889503590064123 ], [ 274845.09088290319778, 1551962.009492006385699 ], [ 273746.739697103155777, 1551971.725827540270984 ], [ 273450.791327887389343, 1551068.86457090289332 ], [ 272352.417320665495936, 1551078.635229920269921 ], [ 272056.621982706885319, 1550175.792639717226848 ], [ 273155.012471443100367, 1550166.015042921761051 ], [ 271973.592224526917562, 1546554.73387413774617 ], [ 274170.485778197937179, 1546535.265221667243168 ], [ 273286.29914500657469, 1543826.885579337831587 ], [ 274384.785650318313856, 1543817.201391004025936 ], [ 274090.412201627739705, 1542914.424628366716206 ], [ 275188.908772774389945, 1542904.780685744946823 ], [ 275483.265834846533835, 1543807.564318168209866 ], [ 276581.739729407185223, 1543797.974359401734546 ], [ 277170.929584480589256, 1545603.590540166711435 ], [ 278269.364460240467452, 1545594.061607984593138 ], [ 277680.207364813191816, 1543788.431513283168897 ], [ 278778.668771884287708, 1543778.935778396669775 ], [ 278190.222344337031245, 1541973.338698279345408 ], [ 279288.710248312912881, 1541963.876138889230788 ], [ 278994.757599315838888, 1541061.088240330340341 ], [ 281191.747530014836229, 1541042.290333159035072 ], [ 280897.996993575652596, 1540139.500245110597461 ], [ 281996.49904784624232, 1540130.164835208328441 ], [ 281702.934275599662215, 1539227.379518654430285 ], [ 282801.44650576118147, 1539218.084105926332995 ], [ 281628.947158053983003, 1535607.032372552203014 ], [ 282727.518334075459279, 1535597.756043174304068 ], [ 282434.833399287308566, 1534695.015490073477849 ], [ 283533.414713807054795, 1534685.779074921039864 ], [ 283826.08341746480437, 1535588.526571416296065 ], [ 284924.642439062765334, 1535579.343955909600481 ], [ 285217.464365692227148, 1536482.110190079547465 ], [ 286316.001135572092608, 1536472.981448934413493 ], [ 286608.976276775298174, 1537375.766508729429916 ], [ 287707.490836127544753, 1537366.691716684726998 ], [ 288000.619183527946007, 1538269.495690113399178 ], [ 286902.120850824401714, 1538278.563391795149073 ], [ 287195.434855205239728, 1539181.372115269536152 ], [ 290490.863380673457868, 1539154.331227535149083 ], [ 290784.298115386627614, 1540057.173292502528057 ], [ 289685.844077124143951, 1540066.132773617049679 ], [ 289979.464446078578476, 1540968.979568789713085 ], [ 291077.902253362233751, 1540960.027298030909151 ], [ 291371.675792097230442, 1541862.893261357210577 ], [ 289174.826777807320468, 1541880.830378841143101 ], [ 289468.802215024188627, 1542783.693835766287521 ], [ 291665.618729098234326, 1542765.771199733251706 ], [ 291959.731061864004005, 1543668.661130432970822 ], [ 294156.491749773733318, 1543650.941393725574017 ], [ 293862.411896401434205, 1542748.036829182412475 ], [ 294960.799802033987362, 1542739.240240171784535 ], [ 295549.096427260548808, 1544545.076160029275343 ], [ 292254.012787891493645, 1544571.563070746371523 ], [ 293137.874300564173609, 1547280.341122572077438 ], [ 292039.550315656233579, 1547289.242305351654068 ], [ 292334.525879408814944, 1548192.185071043670177 ], [ 293432.833574651740491, 1548183.291274636751041 ], [ 294023.260262626339681, 1549989.227885237429291 ], [ 292924.985168668907136, 1549998.106842696433887 ], [ 293220.468889176496305, 1550901.085883459541947 ], [ 289925.65769427572377, 1550927.984273219713941 ], [ 290221.359805625339504, 1551830.953179020667449 ], [ 289123.094043375633191, 1551840.006572145503014 ], [ 289418.981916664983146, 1552742.980167162371799 ], [ 290517.231317000463605, 1552733.934162443736568 ], [ 291702.411312498035841, 1556345.979221171932295 ], [ 290604.227432989748195, 1556354.995450822170824 ], [ 290900.962305288296193, 1557258.029584941454232 ], [ 289802.788976248644758, 1557267.085822086082771 ], [ 290099.709655539481901, 1558170.124622182687744 ], [ 284608.836421883781441, 1558216.081390493083745 ], [ 284311.83353454968892, 1557313.079655377427116 ], [ 283213.624471648246981, 1557322.42096108943224 ], [ 283807.83262428524904, 1559128.421790219377726 ], [ 284906.008742839912884, 1559119.09517013351433 ], [ 285500.861675469903275, 1560925.158932870253921 ], [ 286598.998823778238147, 1560915.894710541004315 ], [ 286301.504124681756366, 1560012.849363955669105 ], [ 288497.793490460491739, 1559994.448851245222613 ], [ 288795.25525350618409, 1560897.509130079764873 ], [ 289893.374596392095555, 1560888.387769224820659 ], [ 290190.989301655092277, 1561791.467740823281929 ], [ 289092.886420641094446, 1561800.581572653958574 ], [ 289390.686989344540052, 1562703.666196530917659 ], [ 287194.49647556070704, 1562722.021778946975246 ], [ 288089.013549241411965, 1565431.303582984022796 ], [ 285892.898335124657024, 1565449.804863405646756 ], [ 285594.523522762348875, 1564546.713791764806956 ], [ 284496.440421485283878, 1564556.043554094387218 ], [ 284198.218503594514914, 1563652.972087719244882 ], [ 285296.318133588763885, 1563643.634865004336461 ], [ 284998.282170136924833, 1562740.568065556464717 ], [ 286096.392312168551143, 1562731.271083543542773 ], [ 285798.542282078065909, 1561828.208950955886394 ], [ 283602.282969446852803, 1561846.865452490979806 ], [ 283304.569358271779492, 1560943.830248587531969 ], [ 282206.414127905620262, 1560953.237344741355628 ], [ 282504.144254856626503, 1561856.265182193135843 ], [ 281405.999460431979969, 1561865.712566372472793 ], [ 281108.25280871335417, 1560962.692068281117827 ], [ 280010.085369949229062, 1560972.194420607062057 ], [ 279712.491647084942088, 1560069.193220499670133 ], [ 278614.301522568799555, 1560078.750465947436169 ], [ 278316.860736767412163, 1559175.768474804237485 ], [ 276120.428803581860848, 1559195.040180797921494 ], [ 275525.989537316956557, 1557389.140633928589523 ], [ 272231.195287728041876, 1557418.447642756858841 ], [ 271934.180269354837947, 1556515.536849338794127 ], [ 270835.886258694634307, 1556525.407922802260146 ], [ 270539.024207089212723, 1555622.515884350985289 ], [ 269440.707224041223526, 1555632.44142492627725 ], [ 269737.585837398539297, 1556535.326501104980707 ], [ 268639.278974704677239, 1556545.292585716815665 ], [ 268045.658150642761029, 1554739.547985582146794 ], [ 263652.232953370839823, 1554779.942268055630848 ], [ 263949.024937098205555, 1555682.781345903873444 ], [ 266145.71744930872228, 1555662.502927945461124 ], [ 266739.743711150193121, 1557468.243286308133975 ], [ 265641.433944875432644, 1557478.345022594323382 ], [ 265938.718020377447829, 1558381.225802671862766 ], [ 264840.418320310069248, 1558391.368207026971504 ], [ 265137.888583426713012, 1559294.253760537831113 ], [ 264039.598944277502596, 1559304.436866401927546 ], [ 263742.112043083703611, 1558401.558179295388982 ], [ 262643.79915793472901, 1558411.795720988186076 ], [ 262941.302706257090904, 1559314.667568763485178 ], [ 261842.999838599615032, 1559324.945869138929993 ], [ 261545.479634093208006, 1558422.080833622021601 ], [ 258250.480922768707387, 1558453.22161244857125 ], [ 258548.051150202692952, 1559356.066373613663018 ], [ 260744.690310546196997, 1559335.271769051207229 ], [ 261042.396773215004941, 1560238.141592397354543 ], [ 259944.097235704946797, 1560248.5083130330313 ], [ 260241.989977780642221, 1561151.38292399700731 ], [ 263536.818534720921889, 1561120.446133933961391 ], [ 263834.830809670791496, 1562023.352885775035247 ], [ 264933.077062010881491, 1562013.142834818921983 ], [ 265231.242230666277464, 1562916.068184143630788 ], [ 264133.01265497202985, 1562926.271306782029569 ], [ 264431.36406803317368, 1563829.201414226321504 ], [ 266627.783297817339189, 1563808.856802011374384 ], [ 266926.27090233087074, 1564711.812586041167378 ], [ 264729.885046252631582, 1564732.143225396983325 ], [ 265028.575587037194055, 1565635.096757604507729 ], [ 263930.389519347052556, 1565645.326749071246013 ], [ 264229.266335300868377, 1566548.285029194317758 ], [ 263131.090395009145141, 1566558.555846318136901 ], [ 263430.153507344890386, 1567461.518874103436247 ], [ 262331.987689265864901, 1567471.83055021148175 ], [ 262631.237119213561527, 1568374.798325387528166 ], [ 259336.750000022177119, 1568405.999656640458852 ], [ 259636.219325285259401, 1569308.958307539578527 ], [ 260734.371597821707837, 1569298.516910085920244 ], [ 261033.99372667534044, 1570201.494179128669202 ], [ 259935.858244304050459, 1570211.928632055176422 ], [ 260535.644853148900438, 1572017.904371324460953 ], [ 261633.746733095293166, 1572007.483874635072425 ], [ 261333.785439302882878, 1571104.483161520212889 ], [ 262431.897458982188255, 1571094.103633077815175 ], [ 262132.122534765250748, 1570191.107656703330576 ], [ 263230.244699287461117, 1570180.76906324038282 ], [ 263530.002844205708243, 1571083.772060666000471 ], [ 264628.10162568744272, 1571073.488442754140124 ], [ 264928.012559510534629, 1571976.510286231758073 ], [ 266026.087999531882815, 1571966.281718889018521 ], [ 265426.469220489845611, 1570160.235657084966078 ], [ 264328.360250957368407, 1570170.478397209197283 ], [ 264028.788437923416495, 1569267.480132180731744 ], [ 266225.033323921845295, 1569247.028443651972339 ], [ 266824.279500271077268, 1571053.065064345253631 ], [ 267922.358654786134139, 1571042.925300823990256 ], [ 268222.219310631044209, 1571945.968518291600049 ], [ 267124.15690633788472, 1571956.101130078313872 ], [ 268024.806364965159446, 1574665.280558441299945 ], [ 266926.787780183600262, 1574675.439638710347936 ], [ 267227.360126566025428, 1575578.516035815700889 ], [ 268325.361922662763391, 1575568.364169956883416 ], [ 268926.981629724963568, 1577374.567201293539256 ], [ 266731.038757721660659, 1577394.890081473393366 ], [ 267333.403845265042037, 1579201.111856045201421 ], [ 266235.456325998646207, 1579211.331031118985265 ], [ 266838.533250735956244, 1581017.586059867870063 ], [ 264642.686060576350428, 1581038.140032171038911 ], [ 264039.541691991384141, 1579231.913977134274319 ], [ 262941.574515902204439, 1579242.277751122834161 ], [ 262038.079082987853326, 1576533.049224158516154 ], [ 260940.05469677678775, 1576543.482559229247272 ], [ 261241.067129880713765, 1577446.539801686536521 ], [ 259045.032055240590125, 1577467.53672979446128 ], [ 259346.247824376652716, 1578370.591622428968549 ], [ 256052.195412204018794, 1578402.427134045399725 ], [ 255750.928936656739097, 1577499.393275036942214 ], [ 253554.826161811070051, 1577520.871758929919451 ], [ 254157.596439602377359, 1579326.923370519187301 ], [ 251961.533943463058677, 1579348.566896062111482 ], [ 252867.063325186551083, 1582057.690254283836111 ], [ 253965.047107760823565, 1582046.865213613025844 ], [ 254872.05218822369352, 1584756.114838207606226 ], [ 257067.897327176091494, 1584734.651959970826283 ], [ 257370.537601962918416, 1585637.772874001879245 ], [ 258468.433016983588459, 1585627.121137212729082 ], [ 258771.225903139449656, 1586530.261041841469705 ], [ 259869.097607366769807, 1586519.66489375801757 ], [ 260778.442807195940986, 1589229.177599631482735 ], [ 261876.256869322154671, 1589218.651657274458557 ], [ 262179.694087531010155, 1590121.853733117226511 ], [ 263277.484526089509018, 1590111.383629312971607 ], [ 263581.074311554199085, 1591014.605046486016363 ], [ 264678.841168284649029, 1591004.190856494475156 ], [ 265286.495400651358068, 1592810.684621483786032 ], [ 266384.221725498326123, 1592800.333874805830419 ], [ 267296.923601196962409, 1595510.187706337776035 ], [ 268394.592427983647212, 1595499.908150119008496 ], [ 268699.148428771528415, 1596403.224632436875254 ], [ 269796.793804709799588, 1596393.001365422736853 ], [ 272239.207861843286082, 1603620.035633309278637 ], [ 274434.207076532300562, 1603599.859125846996903 ], [ 274740.23744533804711, 1604503.309572298778221 ], [ 276935.177494512172416, 1604483.344579922733828 ], [ 276629.181196839315817, 1603579.878334216307849 ], [ 275531.69725820235908, 1603589.84426629380323 ], [ 275225.853395024430938, 1602686.398371654329821 ], [ 276323.354357379488647, 1602676.42454930767417 ], [ 275712.209063485788647, 1600869.554289366584271 ], [ 276809.737811435479671, 1600859.613599897827953 ], [ 276504.436354971607216, 1599956.189239913830534 ], [ 277601.975876953045372, 1599946.289517953060567 ], [ 277907.260349846619647, 1600849.721753750462085 ], [ 280102.286920349113643, 1600830.084585572127253 ], [ 280407.706890749861486, 1601733.545152079313993 ], [ 281505.194020777591504, 1601723.807807034114376 ], [ 282422.419595423503779, 1604434.288752247812226 ], [ 281324.983398382843006, 1604444.002020375803113 ], [ 282243.784746386227198, 1607154.572024013614282 ], [ 281146.393493924988434, 1607164.310037543764338 ], [ 282373.901946314028464, 1610778.547625391744077 ], [ 281276.572781922412105, 1610788.302186665358022 ], [ 281891.377642597362865, 1612595.480581846088171 ], [ 279696.769364567007869, 1612615.104529166128486 ], [ 280004.460101522156037, 1613518.696384607348591 ], [ 278907.163900769897737, 1613528.574009758653119 ], [ 279215.041177734732628, 1614432.170360894873738 ], [ 278117.755955236672889, 1614442.089072464965284 ], [ 278734.053070174180903, 1616249.303416998824105 ], [ 279831.304031813982874, 1616239.401052258675918 ], [ 280139.689603735110722, 1617143.035429263254628 ], [ 279042.455783318611793, 1617152.929585967678577 ], [ 279351.027930107316934, 1618056.568443940021098 ], [ 277156.576179015217349, 1618076.488382700365037 ], [ 277465.352095917798579, 1618980.123520814813673 ], [ 278562.563875306048431, 1618970.147069785511121 ], [ 278871.492053663358092, 1619873.803110758773983 ], [ 277774.297455646796152, 1619883.771338552236557 ], [ 278392.69649315206334, 1621691.105086671421304 ], [ 277295.530130085768178, 1621701.106271818978712 ], [ 277605.00101488432847, 1622604.783973509678617 ], [ 276507.84569351375103, 1622614.826394827570766 ], [ 276817.503246616455726, 1623518.508565091527998 ], [ 275720.35896226944169, 1623528.592255011899397 ], [ 276030.203204752935562, 1624432.27889302955009 ], [ 277127.330243873642758, 1624422.203460983699188 ], [ 277437.326682670973241, 1625325.91110101621598 ], [ 276340.216895964695141, 1625335.978251978754997 ], [ 276650.400033279438503, 1626239.690350379329175 ], [ 275553.301311953458935, 1626249.798810061067343 ], [ 275863.671168862143531, 1627153.515365973813459 ], [ 273669.489601916167885, 1627173.864610614720732 ], [ 274290.806860778597184, 1628981.302821834338829 ], [ 275387.866156057920307, 1628971.119940448319539 ], [ 275698.761656234273687, 1629874.866468768566847 ], [ 274601.71967727097217, 1629885.041034011170268 ], [ 274912.801948303414974, 1630788.792008660500869 ], [ 272718.733890298055485, 1630809.273720240918919 ], [ 273030.020302650227677, 1631713.020831663627177 ], [ 274127.040116930846125, 1631702.763407331891358 ], [ 274438.478636361076497, 1632606.531603748677298 ], [ 272244.467439879721496, 1632627.079598491080105 ], [ 272556.110149975400418, 1633530.843906423542649 ], [ 271459.112482224125415, 1633541.18431908916682 ], [ 271770.94204751268262, 1634444.953069473151118 ], [ 270673.955446262611076, 1634455.335024746134877 ], [ 270985.971887842402793, 1635359.108216556254774 ], [ 269888.996348608110566, 1635369.531746717169881 ], [ 270201.199687583022751, 1636273.309378907782957 ], [ 269104.235205899982248, 1636283.774516227655113 ], [ 269416.625463370466605, 1637187.556587727041915 ], [ 267222.712189529440366, 1637208.620095634832978 ], [ 266910.287025143858045, 1636304.854569909628481 ], [ 265813.303265215479769, 1636315.469489383511245 ], [ 264876.992427140474319, 1633604.273490215884522 ], [ 265974.028546678484417, 1633593.634014053968713 ], [ 266285.945201064809225, 1634497.361547705251724 ], [ 267382.957399262464605, 1634486.780108590843156 ], [ 266759.328465162077919, 1632679.321313026128337 ], [ 261274.02789825128275, 1632732.808507626410574 ], [ 261585.844855726376409, 1633636.491021242924035 ], [ 260488.782492847123649, 1633647.329904385376722 ], [ 260176.948058901587501, 1632743.655421447474509 ], [ 259079.861573188129114, 1632754.552163954824209 ], [ 259391.71349302039016, 1633658.218643255764619 ], [ 256100.466367420885945, 1633691.184010345721617 ], [ 256412.540374985634116, 1634594.839057751698419 ], [ 255315.462053761526477, 1634605.919316852698103 ], [ 255627.723170194600243, 1635509.578857286600396 ], [ 253433.581262567575322, 1635531.873246479546651 ], [ 253746.047073254856514, 1636435.529367193579674 ], [ 252648.983461553318193, 1636446.743558306246996 ], [ 252961.636440195143223, 1637350.404173158574849 ], [ 251864.583566682587843, 1637361.660433344077319 ], [ 251239.412030269391835, 1635554.367320484248921 ], [ 250142.317091263976181, 1635565.689243437489495 ], [ 250767.523820055735996, 1637372.966672110138461 ], [ 249670.457169884262839, 1637384.322891127783805 ], [ 249983.33256123578758, 1638287.972271461039782 ], [ 248886.276603068574332, 1638299.370649275835603 ], [ 248260.660188907786505, 1636492.099838310852647 ], [ 247163.562012082664296, 1636503.563795571681112 ], [ 246850.990617483475944, 1635599.954576185671613 ], [ 245753.86780581556377, 1635611.476214018650353 ], [ 246379.215493708557915, 1637418.691446487326175 ], [ 245282.120924972259672, 1637430.247603347059339 ], [ 245595.066877230507089, 1638333.865853309398517 ], [ 244497.98291672335472, 1638345.464283843524754 ], [ 244811.11617970521911, 1639249.087046963395551 ], [ 242616.96236917184433, 1639272.418566244421527 ], [ 242930.300661618181039, 1640176.038133238675073 ], [ 240736.153762450092472, 1640199.554509544279426 ], [ 241363.410202454950195, 1642006.799506223294884 ], [ 240266.361472847289406, 1642018.617487201467156 ], [ 240580.261939216085011, 1642922.250591085990891 ], [ 238386.178401558165206, 1642946.021644066786394 ], [ 238072.242411002400331, 1642042.403853433672339 ], [ 236975.172017911798321, 1642054.372242199722677 ], [ 236661.387944742338732, 1641150.774181719403714 ], [ 235564.29249092109967, 1641162.800275566289201 ], [ 235878.094342808006331, 1642066.390770418569446 ], [ 233683.917024853348266, 1642090.578252320876345 ], [ 233370.079586863459554, 1641187.002807695185766 ], [ 234467.189715106564108, 1641174.876483629923314 ], [ 233840.0595707395114, 1639367.746699333656579 ], [ 234937.19790130952606, 1639355.655484385089949 ], [ 234623.905169086414389, 1638452.101151502225548 ], [ 236818.195341701270081, 1638428.053882803302258 ], [ 236192.189981202420313, 1636620.951356438687071 ], [ 237289.359571573033463, 1636608.987739003496245 ], [ 236351.677436591300648, 1633898.401745273033157 ], [ 237448.892846385715529, 1633886.465653365245089 ], [ 236824.655300454236567, 1632079.453488644212484 ], [ 237921.898776924441336, 1632067.552384951384738 ], [ 237610.052216487878468, 1631164.056870615342632 ], [ 236512.791079359012656, 1631175.965390737634152 ], [ 235889.571754595497623, 1629369.025073134340346 ], [ 236986.868191188084893, 1629357.101790053071454 ], [ 236364.362978223827668, 1627550.194519518176094 ], [ 238559.00448508260888, 1627526.467712404672056 ], [ 237937.248531723453198, 1625719.578791425330564 ], [ 239034.593576919956831, 1625707.775194778107107 ], [ 238413.551576389581896, 1623900.919334531994537 ], [ 239510.924517805484356, 1623889.150678652105853 ], [ 238890.596414632193046, 1622082.327866419916973 ], [ 239987.997215769224567, 1622070.594134262762964 ], [ 239678.105239534197608, 1621167.193292709533125 ], [ 240775.516347557801055, 1621155.501766921253875 ], [ 240156.276496709120693, 1619348.721207854570821 ], [ 241253.715415578568354, 1619337.064552127849311 ], [ 240017.341932621260639, 1615723.617027045693249 ], [ 241114.843555216793902, 1615711.980724404100329 ], [ 240806.191863490646938, 1614808.641284517012537 ], [ 241903.703739157441305, 1614797.047074610134587 ], [ 240978.819093214522582, 1612087.078194365603849 ], [ 242076.37605953720049, 1612075.511621173936874 ], [ 241460.669540254282765, 1610268.910496188793331 ], [ 242558.254124001017772, 1610257.378761139465496 ], [ 241943.261109156679595, 1608450.810569491004571 ], [ 243040.873274081910495, 1608439.313654715195298 ], [ 242426.593707959051244, 1606632.778383644297719 ], [ 243524.233417848387035, 1606621.31627116468735 ], [ 242297.779797020921251, 1603008.3586199732963 ], [ 243395.481627428845968, 1602996.917111390735954 ], [ 243089.309727235435275, 1602093.700020533520728 ], [ 241991.590601972304285, 1602105.148584944196045 ], [ 241685.571096380386734, 1601201.950265608960763 ], [ 242783.307509158999892, 1601190.494668236700818 ], [ 242171.812130120204529, 1599384.119108603335917 ], [ 241074.041164341091644, 1599395.588703351793811 ], [ 240463.190022467577364, 1597589.273792060557753 ], [ 238267.557336097263033, 1597612.387152844341472 ], [ 238572.932601149397669, 1598515.524983771145344 ], [ 236377.305348754103761, 1598538.819807462394238 ], [ 236682.884925061429385, 1599441.955498233204708 ], [ 233389.440893513499759, 1599477.243479197146371 ], [ 233695.242183470458258, 1600380.370266160229221 ], [ 232597.430052133335266, 1600392.223857051925734 ], [ 232903.418443435104564, 1601295.355370638426393 ], [ 235099.00059357349528, 1601271.710682600503787 ], [ 234793.046902875707019, 1600368.565554256085306 ], [ 240281.960392311710166, 1600310.275118690682575 ], [ 241812.992875058320351, 1604826.290238256799057 ], [ 239617.622560565796448, 1604849.38991202134639 ], [ 240538.382421719084959, 1607559.097314216662198 ], [ 239440.738500599894905, 1607570.699543114518747 ], [ 239748.01522475888487, 1608473.951741589000449 ], [ 237552.740397144807503, 1608497.289381834212691 ], [ 237860.221616616239771, 1609400.539193192962557 ], [ 236762.590684472350404, 1609412.274666112149134 ], [ 237070.259034922812134, 1610315.529147351626307 ], [ 239265.478782785445219, 1610292.121476142201573 ], [ 239573.282006165478379, 1611195.401845181593671 ], [ 237378.097101839142852, 1611218.795343295205384 ], [ 237686.104882503801491, 1612122.073271718341857 ], [ 236588.51893983228365, 1612133.83675584429875 ], [ 236896.713882059440948, 1613037.119342509657145 ], [ 239091.843585823487956, 1613013.655815668171272 ], [ 239708.672787224029889, 1614820.28480237419717 ], [ 236416.072049386159051, 1614855.511220892891288 ], [ 237033.6848900137702, 1616662.14447875181213 ], [ 234838.651167387026362, 1616685.846908690407872 ], [ 235457.012913820217364, 1618492.498734801542014 ], [ 237651.976578956237063, 1618468.824910123599693 ], [ 238270.947094423812814, 1620275.552658181171864 ], [ 237173.503968212986365, 1620287.350436060223728 ], [ 237483.261314331262838, 1621190.724852920742705 ], [ 235288.388240135100204, 1621214.454436250729486 ], [ 234978.59579517430393, 1620311.094429838471115 ], [ 236076.053545304923318, 1620299.197692695073783 ], [ 235766.448370295343921, 1619395.842313328525051 ], [ 234668.973073332104832, 1619407.746219045249745 ], [ 233741.123273839824833, 1616697.77218142291531 ], [ 232643.587984753830824, 1616709.746828346513212 ], [ 233262.019864212546963, 1618516.370265358593315 ], [ 227774.407080164295621, 1618576.914147884817794 ], [ 227465.018421030661557, 1617673.631641278741881 ], [ 226367.455708370602224, 1617685.895660652080551 ], [ 226676.861965924676042, 1618589.171234032372013 ], [ 225579.30926128802821, 1618601.47776093846187 ], [ 224960.631320402724668, 1616794.951983767095953 ], [ 223863.035767423920333, 1616807.321688558673486 ], [ 224172.307452883862425, 1617710.571942459791899 ], [ 223074.721848969580606, 1617722.984208543319255 ], [ 223384.180958662997, 1618626.239144310122356 ], [ 222286.605299596500117, 1618638.694004436256364 ], [ 222596.251854967791587, 1619541.953620591200888 ], [ 226986.438003398885485, 1619492.458405445562676 ], [ 227296.183818030520342, 1620395.757192682242021 ], [ 228393.693713407556061, 1620383.51404233998619 ], [ 228083.965511877380777, 1619480.208275637123734 ], [ 229181.485469970619306, 1619468.007611786946654 ], [ 229491.196067878801841, 1620371.320384968537837 ], [ 230588.690911978716031, 1620359.176218764856458 ], [ 230278.997908217017539, 1619455.856412091758102 ], [ 232474.000347286404576, 1619431.702397988410667 ], [ 232783.658191161521245, 1620335.036352688446641 ], [ 233881.130687303142622, 1620323.040649247355759 ], [ 234500.920432130165864, 1622129.758123070932925 ], [ 233403.48308944166638, 1622141.739528000820428 ], [ 233713.650138367316686, 1623045.108784429961815 ], [ 230421.346409025543835, 1623081.328855456784368 ], [ 231042.295398485613987, 1624888.059807061450556 ], [ 229944.881172057008371, 1624900.218084652675316 ], [ 230255.627934725955129, 1625803.594060062430799 ], [ 231353.02451358071994, 1625791.442928000120446 ], [ 231974.991970758826938, 1627598.244549940340221 ], [ 230877.630708986427635, 1627610.381321261869743 ], [ 231188.886715075117536, 1628513.792643 ], [ 233383.566474662162364, 1628489.583265113877133 ], [ 233694.956878953031264, 1629393.020908958977088 ], [ 232597.63837893406162, 1629405.09346524765715 ], [ 232909.216182778123766, 1630308.535702973371372 ], [ 234006.517008198890835, 1630296.470435476396233 ], [ 234630.14643058279762, 1632103.405208826996386 ], [ 232435.608134980022442, 1632127.556291211629286 ], [ 233372.431388214521576, 1634838.003812504466623 ], [ 232275.204297992808279, 1634850.132134919287637 ], [ 231650.450281971541699, 1633043.169885642360896 ], [ 229455.902850291866343, 1633067.605509783839807 ], [ 230080.727829306269996, 1634874.538562363246456 ], [ 228983.478389916999731, 1634886.816670997999609 ], [ 229296.163264175469521, 1635790.293706449214369 ], [ 224907.161254989216104, 1635839.876578064402565 ], [ 226787.262712061754428, 1641260.813288886100054 ], [ 225690.100264631211758, 1641273.290475504705682 ], [ 226946.968015825143084, 1644887.456302484264597 ], [ 225849.869514024874661, 1644899.954296428710222 ], [ 224279.119832530675922, 1640382.313306456664577 ], [ 222084.721073162741959, 1640407.532803025096655 ], [ 221771.044715215044562, 1639504.054552770452574 ], [ 220673.81591681035934, 1639516.746631479822099 ], [ 220987.510163426224608, 1640420.217714039376006 ], [ 219890.291526392335072, 1640432.952736034989357 ], [ 218949.664528531488031, 1637722.596015565097332 ], [ 217852.384432046441361, 1637735.402421271195635 ], [ 219735.274173833080567, 1643156.178641820326447 ], [ 216443.709614166698884, 1643194.770782837411389 ], [ 215815.292768206505571, 1641387.841252567479387 ], [ 213620.805314660421573, 1641413.848554087337106 ], [ 213934.964753184758592, 1642317.293406856944785 ], [ 211740.481546556635294, 1642343.48734318674542 ], [ 211426.286137836286798, 1641440.056460773805156 ], [ 210329.01457706571091, 1641453.235645888373256 ], [ 210957.611262428225018, 1643260.095072083640844 ], [ 209860.367705259181093, 1643273.31055539730005 ], [ 210489.679909538011998, 1645080.202303915750235 ], [ 212684.086930166289676, 1645053.849508022889495 ], [ 212369.381945544446353, 1644150.38384877378121 ], [ 221146.838163415377494, 1644046.925942495232448 ], [ 220832.446801128739025, 1643143.414988793665543 ], [ 221929.611699523869902, 1643130.701529609272256 ], [ 222243.985134337213822, 1644034.219717863714322 ], [ 224438.256040065374691, 1644008.957923609763384 ], [ 224752.763424273580313, 1644912.502530745929107 ], [ 223655.649716146581341, 1644925.101007288321853 ], [ 223970.3447958768229, 1645828.650165886851028 ], [ 226164.528757745516486, 1645803.518153123091906 ], [ 226479.357764118642081, 1646707.093938590027392 ], [ 224285.209652815537993, 1646732.21120620938018 ], [ 224600.244284170912579, 1647635.784146504709497 ], [ 223503.176746379409451, 1647648.41087088175118 ], [ 223818.399103635223582, 1648551.988350244471803 ], [ 227109.525053687742911, 1648514.281368959927931 ], [ 227424.863331326516345, 1649417.893050466896966 ], [ 229618.873644198232796, 1649393.021802288945764 ], [ 228358.682406248233747, 1645778.58720984775573 ], [ 230552.805984739097767, 1645753.857321339892223 ], [ 230867.56340531114256, 1646657.462921073893085 ], [ 231964.59612190007465, 1646645.180888858623803 ], [ 232279.505393576051574, 1647548.806074397172779 ], [ 233376.512823392578866, 1647536.581899019656703 ], [ 233691.573938499263022, 1648440.226762814912945 ], [ 230400.583058324002195, 1648477.027522979537025 ], [ 231031.321805115789175, 1650284.308023041579872 ], [ 227740.371360498073045, 1650321.516733961645514 ], [ 228371.89666229969589, 1652128.800180346472189 ], [ 227274.934081672632601, 1652141.288854851620272 ], [ 227590.969320060044993, 1653044.941103391116485 ], [ 228687.913929372909479, 1653032.45998000819236 ], [ 229320.457681969972327, 1654839.815824343357235 ], [ 230417.358844847884029, 1654827.400411459151655 ], [ 230733.867341403034516, 1655731.104142087046057 ], [ 229636.98416193475714, 1655743.511905910912901 ], [ 229953.680373969429638, 1656647.220118373865262 ], [ 227759.927577638998628, 1656672.172076385933906 ], [ 228393.901250701397657, 1658479.59429688565433 ], [ 230587.581983133684844, 1658454.673009996768087 ], [ 230904.787374709092546, 1659358.417726214043796 ], [ 229807.968767398328055, 1659370.845329233910888 ], [ 230442.924776302126702, 1661178.35589038208127 ], [ 231539.707317952183075, 1661165.943792254431173 ], [ 231222.162487240391783, 1660262.174647439271212 ], [ 232318.95564118726179, 1660249.805484311655164 ], [ 232001.598548213893082, 1659346.040795515757054 ], [ 234195.198715211590752, 1659321.438943788176402 ], [ 234512.519798032240942, 1660225.219248717650771 ], [ 233415.741401330917142, 1660237.487018676940352 ], [ 233733.250188143167179, 1661141.271773116197437 ], [ 232636.482445119821932, 1661153.582420440157875 ], [ 232954.178957232914399, 1662057.371622514212504 ], [ 231857.421864063013345, 1662069.725179258268327 ], [ 232175.306122796435375, 1662973.518827071879059 ], [ 231078.559675684955437, 1662985.91532528004609 ], [ 231396.631702359882183, 1663889.71341691701673 ], [ 230299.895897530252114, 1663902.152888626093045 ], [ 230618.15571346168872, 1664805.955422146245837 ], [ 231714.873443308053538, 1664793.523782870499417 ], [ 232033.284895756980404, 1665697.346441807691008 ], [ 236420.009825140878092, 1665648.159922646125779 ], [ 236738.518725525995251, 1666552.026683494681492 ], [ 234545.20704346470302, 1666576.502275009406731 ], [ 234863.921746424864978, 1667480.365464810049161 ], [ 233767.273008600866888, 1667492.671631474047899 ], [ 234405.24765408411622, 1669300.419232953572646 ], [ 236598.465480587095954, 1669275.889841827331111 ], [ 236917.671152416907717, 1670179.79833494941704 ], [ 235821.083976812427863, 1670192.029490287182853 ], [ 236460.040537265944295, 1671999.86774205439724 ], [ 235363.482293429842684, 1672012.133761159842834 ], [ 235683.233207742217928, 1672916.063512782100588 ], [ 236779.773331231437624, 1672903.805594897596166 ], [ 237419.747932787460741, 1674711.718848919961601 ], [ 236323.244071503053419, 1674723.96049254364334 ], [ 236643.504015408165287, 1675627.927758485544473 ], [ 235547.011036520882044, 1675640.212387284263968 ], [ 236188.076259134162683, 1677448.168201859109104 ], [ 237284.532913383154664, 1677435.899937147740275 ], [ 237605.301861905492842, 1678339.904887796379626 ], [ 238701.733112787391292, 1678327.696080354042351 ], [ 239022.653553476702655, 1679231.721899586962536 ], [ 240119.059443541598739, 1679219.572625623550266 ], [ 240440.131369036447722, 1680123.619407516671345 ], [ 239343.743646894959966, 1680135.760361397638917 ], [ 239986.432780856615864, 1681943.875288971001282 ], [ 238890.074254849139834, 1681956.050875951303169 ], [ 239533.478371805249481, 1683764.19984809611924 ], [ 238437.149079183815047, 1683776.41008166084066 ], [ 240048.71931520223734, 1688296.96316771931015 ], [ 241144.957421023573261, 1688284.79510770062916 ], [ 240822.322335771284997, 1687380.650512911146507 ], [ 241918.571560280484846, 1687368.525479075498879 ], [ 242241.188403670996195, 1688272.678583851782605 ], [ 243337.412293355620932, 1688260.613594387890771 ], [ 242692.384691495040897, 1686452.303149808198214 ], [ 243788.637956056394614, 1686440.272589147556573 ], [ 243466.396797058725497, 1685536.128090350190178 ], [ 245658.91858744766796, 1685512.204285426298156 ], [ 246303.497733418509597, 1687320.540399882942438 ], [ 247399.711746572400443, 1687308.672885288717225 ], [ 247722.237526805489324, 1688212.868944966001436 ], [ 245529.83891471195966, 1688236.638211517827585 ], [ 246498.543054741603555, 1690949.252118073869497 ], [ 245402.387940854707267, 1690961.188126084627584 ], [ 245725.646756449830718, 1691865.409977074945346 ], [ 244629.502890072588343, 1691877.388936183415353 ], [ 244952.94956333716982, 1692781.615061849821359 ], [ 242760.677274268411566, 1692805.710614697774872 ], [ 243084.330110916198464, 1693709.932357726851478 ], [ 241988.201664231863106, 1693722.049011764815077 ], [ 242636.052791275695199, 1695530.51396494731307 ], [ 241539.953879263804993, 1695542.665043700719252 ], [ 241215.92518752880278, 1694638.43475646735169 ], [ 240119.800842046650359, 1694650.64621366141364 ], [ 239795.923456318909302, 1693746.437421397306025 ], [ 240892.066122761665611, 1693734.217365724034607 ], [ 240568.376687742216745, 1692830.012852126266807 ], [ 241664.530533283425029, 1692817.835896947653964 ], [ 240371.542291347519495, 1689201.112065202556551 ], [ 239275.315300631074933, 1689213.32318301522173 ], [ 238629.802457739686361, 1687405.055109901120886 ], [ 236437.253806207911111, 1687429.6657579774037 ], [ 237729.10436018864857, 1691046.185412936843932 ], [ 236632.89237429224886, 1691058.534365483094007 ], [ 236956.297469716635533, 1691962.687686418415979 ], [ 234763.888400672003627, 1691987.523609238211066 ], [ 235087.499834743561223, 1692891.672784962458536 ], [ 236183.689656043075956, 1692879.237438096199185 ], [ 236507.45240520365769, 1693783.407816724618897 ], [ 237603.616627732757479, 1693771.032645086757839 ], [ 238251.614390060596634, 1695579.428821336943656 ], [ 239347.734708840755047, 1695567.122470095288008 ], [ 239671.969704895309405, 1696471.348406131146476 ], [ 238575.867740874615265, 1696483.646164329489693 ], [ 238900.290734408859862, 1697387.876369686797261 ], [ 237804.199955895717721, 1697400.217325633391738 ], [ 238453.59162462875247, 1699208.699147308943793 ], [ 237357.530423855176196, 1699221.074720499105752 ], [ 237032.731371674104594, 1698316.835983250057325 ], [ 235936.644548322190531, 1698329.27201413991861 ], [ 235611.996749093581457, 1697425.054690055781975 ], [ 234515.884260449209251, 1697437.551102187484503 ], [ 234840.550467898952775, 1698341.75989257148467 ], [ 233744.449100231227931, 1698354.299620382487774 ], [ 234719.521001604851335, 1701066.977225884562358 ], [ 236911.605885581229813, 1701042.001032853499055 ], [ 237236.932301882829051, 1701946.269785878248513 ], [ 238332.945460601244122, 1701933.868241067044437 ], [ 238658.423090286029037, 1702838.158582280622795 ], [ 240850.391036784334574, 1702813.528797599254176 ], [ 241501.781486439373111, 1704622.183386308839545 ], [ 239309.887259064096725, 1704646.778133013984188 ], [ 239635.873792580154259, 1705551.107381533132866 ], [ 237443.987852995982394, 1705575.892782382201403 ], [ 237770.180949868285097, 1706480.217505891108885 ], [ 238866.109036771027604, 1706467.807526844087988 ], [ 239192.453294873936102, 1707372.154006680008024 ], [ 240288.355743916501524, 1707359.804922536015511 ], [ 241268.350839849532349, 1710072.949137558229268 ], [ 234693.16130858368706, 1710147.667291828198358 ], [ 235020.276708016113844, 1711052.021873045247048 ] ], [ [ 229427.285690189164598, 1722924.313173626083881 ], [ 230522.973687895049807, 1722911.381287569645792 ], [ 230852.613521083490923, 1723815.847436932846904 ], [ 229756.944258552161045, 1723828.770453750621527 ], [ 229427.285690189164598, 1722924.313173626083881 ] ], [ [ 237863.245330419420497, 1721917.815004017669708 ], [ 236767.589714021130931, 1721930.387762141413987 ], [ 237096.947712868219241, 1722834.894507496152073 ], [ 236001.303553768084385, 1722847.510821152711287 ], [ 235671.926886482106056, 1721943.013082154793665 ], [ 234576.2568177380017, 1721955.690965913468972 ], [ 233917.975076870759949, 1720146.752776607871056 ], [ 236109.382624501420651, 1720121.413749404251575 ], [ 236438.401350294763688, 1721025.894182713003829 ], [ 237534.075618162227329, 1721013.312415938591585 ], [ 236876.245089112257119, 1719204.346732337959111 ], [ 237971.949427942920011, 1719191.799501362722367 ], [ 238300.761248161288677, 1720096.28475397801958 ], [ 239396.439788688323461, 1720083.799013557611033 ], [ 239725.40261096766335, 1720988.306479746475816 ], [ 240821.055396050069248, 1720975.882306652376428 ], [ 241479.452637778333155, 1722784.955123069463298 ], [ 239288.214457499270793, 1722809.819644925184548 ], [ 239617.704767495393753, 1723714.357719057472423 ], [ 238522.093636370351305, 1723726.859771836316213 ], [ 237863.245330419420497, 1721917.815004017669708 ] ], [ [ 240492.111188444920117, 1720071.365775549551472 ], [ 241587.775477500923444, 1720058.985038124956191 ], [ 241916.701080338738393, 1720963.510661120759323 ], [ 240821.055396050069248, 1720975.882306652376428 ], [ 240492.111188444920117, 1720071.365775549551472 ] ], [ [ 242575.06109143566573, 1722772.60173533577472 ], [ 242904.495494106668048, 1723677.167226328514516 ], [ 241808.905666308302898, 1723689.511448129778728 ], [ 241479.452637778333155, 1722784.955123069463298 ], [ 242575.06109143566573, 1722772.60173533577472 ] ], [ [ 252215.463331339356955, 1719033.460269375471398 ], [ 251558.830820901785046, 1717224.291617878479883 ], [ 250463.180509244673885, 1717236.175385738955811 ], [ 250135.100090171647025, 1716331.620487593580037 ], [ 252326.430849915690487, 1716307.886798399267718 ], [ 253311.06987635436235, 1719021.647555831121281 ], [ 252215.463331339356955, 1719033.460269375471398 ] ], [ [ 252544.033895072381711, 1719938.064799365587533 ], [ 251448.439059182506753, 1719949.920629788888618 ], [ 251119.849996512522921, 1719045.325436911778525 ], [ 252215.463331339356955, 1719033.460269375471398 ], [ 252544.033895072381711, 1719938.064799365587533 ] ], [ [ 247832.96895250165835, 1719081.235680951504037 ], [ 247504.493900002504233, 1718176.68171504791826 ], [ 246408.834573875297792, 1718188.765920579666272 ], [ 246080.510565948032308, 1717284.234492257237434 ], [ 247176.18841642717598, 1717272.141106841154397 ], [ 246520.086167155444855, 1715463.099884045310318 ], [ 247615.794095703196945, 1715451.040565737290308 ], [ 248600.146306173555786, 1718164.649943541968241 ], [ 250791.430478945549112, 1718140.743695540120825 ], [ 251119.849996512522921, 1719045.325436911778525 ], [ 247832.96895250165835, 1719081.235680951504037 ] ], [ [ 276658.288330529874656, 1710610.885327452793717 ], [ 276984.875242203474045, 1711515.605962281813845 ], [ 275889.27685331646353, 1711526.239496843889356 ], [ 275562.671750347828493, 1710621.528653191635385 ], [ 276658.288330529874656, 1710610.885327452793717 ] ], [ [ 286504.260034702601843, 1719596.556297961855307 ], [ 284313.456890070345253, 1719617.068113999441266 ], [ 283329.849809432111215, 1716902.449499990325421 ], [ 284425.308915745525155, 1716892.137006864184514 ], [ 285080.841243009723257, 1718701.888786961790174 ], [ 287271.669042111490853, 1718681.461457649711519 ], [ 286943.854579982289579, 1717776.558143030153587 ], [ 288039.277891586651094, 1717766.412878399249166 ], [ 288367.074184594559483, 1718671.326397127006203 ], [ 289462.473529091163073, 1718661.243737371405587 ], [ 289790.420964084565639, 1719566.18180115474388 ], [ 288695.039785913482774, 1719576.254205114906654 ], [ 289023.174692884436809, 1720481.196322793141007 ], [ 286832.431317294249311, 1720501.477935873204842 ], [ 286504.260034702601843, 1719596.556297961855307 ] ], [ [ 281138.913753914879635, 1716923.231545842485502 ], [ 280811.34700818231795, 1716018.407068008789793 ], [ 283002.319461672566831, 1715997.604955790331587 ], [ 283329.849809432111215, 1716902.449499990325421 ], [ 281138.913753914879635, 1716923.231545842485502 ] ], [ [ 285901.992104702163488, 1699630.253517916658893 ], [ 285577.823896433808841, 1698725.596362836891785 ], [ 286673.59740276390221, 1698715.501493524992839 ], [ 286997.747636116691865, 1699620.168473671656102 ], [ 285901.992104702163488, 1699630.253517916658893 ] ], [ [ 280348.691419684095308, 1693328.715286538703367 ], [ 280025.654803626530338, 1692424.184113363269717 ], [ 281121.571902505296748, 1692413.866313373902813 ], [ 281444.590563676843885, 1693318.407060409663245 ], [ 280348.691419684095308, 1693328.715286538703367 ] ], [ [ 280153.532158385321964, 1689700.326520862057805 ], [ 281249.497033028048463, 1689690.031677004881203 ], [ 282217.482983365654945, 1692403.600126849720255 ], [ 281121.571902505296748, 1692413.866313373902813 ], [ 280153.532158385321964, 1689700.326520862057805 ] ], [ [ 280927.173790895438287, 1688785.53632569196634 ], [ 283119.121326008462347, 1688765.082139722304419 ], [ 283763.865557324141264, 1690574.124788595130667 ], [ 282667.930590902920812, 1690584.306990006007254 ], [ 282345.455890992074274, 1689679.788363964064047 ], [ 281249.497033028048463, 1689690.031677004881203 ], [ 280927.173790895438287, 1688785.53632569196634 ] ], [ [ 281701.01459008094389, 1687870.792323066387326 ], [ 281379.047994385764468, 1686966.314868678338826 ], [ 284667.049702994409017, 1686935.80805049627088 ], [ 284988.962675380869769, 1687840.314115332439542 ], [ 281701.01459008094389, 1687870.792323066387326 ] ], [ [ 284345.306082955677994, 1686031.315742514561862 ], [ 283702.326910487608984, 1684222.372318112524226 ], [ 284798.369114110828377, 1684212.277640199987218 ], [ 285441.312611075234599, 1686021.240125704789534 ], [ 284345.306082955677994, 1686031.315742514561862 ] ], [ [ 282606.278753426740877, 1684232.518358549335971 ], [ 282285.025369487295393, 1683328.076669999398291 ], [ 283381.091363348532468, 1683317.921162243466824 ], [ 283702.326910487608984, 1684222.372318112524226 ], [ 282606.278753426740877, 1684232.518358549335971 ] ], [ [ 281188.953382408828475, 1683338.2835147252772 ], [ 280546.91905532637611, 1681529.459887780947611 ], [ 281643.026714075240307, 1681519.234234805451706 ], [ 282285.025369487295393, 1683328.076669999398291 ], [ 281188.953382408828475, 1683338.2835147252772 ] ], [ [ 279450.80535400507506, 1681539.736825132276863 ], [ 280092.875371909816749, 1683348.541697922162712 ], [ 275708.502491484163329, 1683390.087845743400976 ], [ 276029.863097414723597, 1684294.473298359196633 ], [ 277125.947609404101968, 1684284.019051143433899 ], [ 277769.14123727241531, 1686092.849244970362633 ], [ 276673.09253499127226, 1686103.284809736302122 ], [ 276994.961361302412115, 1687007.710907753091305 ], [ 275898.924438358400948, 1687018.188549349550158 ], [ 275577.037687041098252, 1686113.7718017231673 ], [ 274480.976663219043985, 1686124.310222474858165 ], [ 275447.198964916809928, 1688837.573133286321536 ], [ 274351.185588825726882, 1688848.135022931033745 ], [ 275318.986499166465364, 1691561.491963745327666 ], [ 273127.049015394877642, 1691582.714168726000935 ], [ 270549.347460105200298, 1684347.515162578783929 ], [ 271645.463098582695238, 1684336.804034122731537 ], [ 271002.767980515141971, 1682528.12044131453149 ], [ 269906.616464402410202, 1682538.849885384086519 ], [ 270227.897238577599637, 1683443.175829610554501 ], [ 269131.757332206936553, 1683453.9474818399176 ], [ 269453.225505698064808, 1684358.277671985095367 ], [ 268357.097205148660578, 1684369.091563924914226 ], [ 267393.147187006426975, 1681656.168343006167561 ], [ 265200.76361280324636, 1681678.004587765550241 ], [ 264238.231109714368358, 1678965.254955002339557 ], [ 265334.479972268920392, 1678954.284284052206203 ], [ 264693.674947506166063, 1677145.832727009896189 ], [ 265789.953196262649726, 1677134.895414899103343 ], [ 266110.25304457731545, 1678039.123513784026727 ], [ 267206.506927911308594, 1678028.246316934237257 ], [ 266886.224991712137125, 1677124.009270671987906 ], [ 267982.490364102297463, 1677113.174292724113911 ], [ 267662.395796551485546, 1676208.941524694673717 ], [ 266566.112528727506287, 1676219.785453047137707 ], [ 265287.357462690211833, 1672603.022082306211814 ], [ 266383.712241403351072, 1672592.142592100659385 ], [ 265745.387330448138528, 1670783.822139296680689 ], [ 266841.771362127445173, 1670772.975987284677103 ], [ 267160.831233162607532, 1671677.138478989480063 ], [ 268257.191001440922264, 1671666.352161570219323 ], [ 267300.573304470162839, 1668953.877581142354757 ], [ 266204.16005623905221, 1668964.690409062197432 ], [ 265885.608626747620292, 1668060.567284113029018 ], [ 269174.882554878015071, 1668028.255105081247166 ], [ 268856.553998650866561, 1667124.118687313748524 ], [ 267760.117977582500316, 1667134.847342817112803 ], [ 266170.928434055356774, 1662614.405653095105663 ], [ 268363.971700671012513, 1662592.911590282572433 ], [ 268046.677722108317539, 1661688.844999255146831 ], [ 270239.730850473628379, 1661667.536345294676721 ], [ 269605.722160925448406, 1659859.407446626806632 ], [ 272895.360466051439289, 1659827.772011414635926 ], [ 274163.843383975559846, 1663444.187775908503681 ], [ 273067.374325719894841, 1663454.646976780844852 ], [ 272749.981743052601814, 1662550.532142345560715 ], [ 271653.488718038541265, 1662561.050923537230119 ], [ 272288.478739034733735, 1664369.276076558744535 ], [ 273384.936350810166914, 1664358.774989838013425 ], [ 273702.667815668391995, 1665262.916200707899407 ], [ 276991.950152473058552, 1665231.744377666851506 ], [ 277309.797938494361006, 1666135.92568815103732 ], [ 279502.586647279560566, 1666115.416504699736834 ], [ 279184.774224329274148, 1665211.217137247091159 ], [ 281377.573923436342739, 1665190.893062644870952 ], [ 281695.35102132265456, 1666095.110595272155479 ], [ 280598.971860998542979, 1666105.238141484092921 ], [ 280916.936008648597635, 1667009.459957290906459 ], [ 279820.56846928037703, 1667019.629227605881169 ], [ 280138.719687690376304, 1667923.855325290234759 ], [ 281235.069545640493743, 1667913.695171729428694 ], [ 282190.486466275760904, 1670626.481400507269427 ], [ 283286.77723172516562, 1670616.399692738894373 ], [ 283605.570599553873762, 1671520.697934841504321 ], [ 282509.297534250305034, 1671530.770403250586241 ], [ 283147.427796006377321, 1673339.388915077550337 ], [ 282051.184174826019444, 1673349.493866419419646 ], [ 281732.016633430379443, 1672445.187113126274198 ], [ 279539.475862013467122, 1672465.568561243126169 ], [ 279858.678879512357526, 1673369.856875363504514 ], [ 276569.875350359478034, 1673400.78417698526755 ], [ 276889.301066721091047, 1674305.058426085626706 ], [ 274696.770222481573001, 1674325.913620424224064 ], [ 275016.400949146714993, 1675230.183015293907374 ], [ 276112.651656380156055, 1675219.739001336973161 ], [ 276432.433993327547796, 1676124.030920702498406 ], [ 275336.201097809942439, 1676134.465791943250224 ], [ 275976.309650497161783, 1677943.071568339131773 ], [ 273783.896603832836263, 1677964.058139820815995 ], [ 274104.240697018802166, 1678868.362830167403445 ], [ 279585.137938327970915, 1678816.326327050803229 ], [ 280546.91905532637611, 1681529.459887780947611 ], [ 279450.80535400507506, 1681539.736825132276863 ] ], [ [ 276414.945958203054033, 1691550.958253177814186 ], [ 276092.194221382262185, 1690646.48293493478559 ], [ 278284.130654499051161, 1690625.551374312490225 ], [ 278606.846461459412239, 1691530.045608137501404 ], [ 277510.899268909124658, 1691540.47613515611738 ], [ 277833.80243113549659, 1692444.974559817928821 ], [ 275641.925624541880097, 1692465.971478452440351 ], [ 275318.986499166465364, 1691561.491963745327666 ], [ 276414.945958203054033, 1691550.958253177814186 ] ], [ [ 277639.207215639820788, 1688816.60388674098067 ], [ 278735.202150649623945, 1688806.196526753949001 ], [ 279380.089709563879296, 1690615.162938409019262 ], [ 278284.130654499051161, 1690625.551374312490225 ], [ 277639.207215639820788, 1688816.60388674098067 ] ], [ [ 263597.390215196995996, 1677156.821208613924682 ], [ 263277.224008290446363, 1676252.624080019071698 ], [ 264373.526664847973734, 1676241.626729100011289 ], [ 264693.674947506166063, 1677145.832727009896189 ], [ 263597.390215196995996, 1677156.821208613924682 ] ], [ [ 267412.598196182167158, 1659880.75093378406018 ], [ 267729.553219721186906, 1660784.791453446960077 ], [ 266632.999337798566557, 1660795.530504976864904 ], [ 266950.141567122424021, 1661699.575371167389676 ], [ 265853.598977851914242, 1661710.356441807001829 ], [ 264585.976083943445701, 1658094.289383084513247 ], [ 262392.729560669744387, 1658116.072238163789734 ], [ 262076.212138825445436, 1657212.1048591833096 ], [ 265366.125306927831843, 1657179.480873816413805 ], [ 265049.830534193431959, 1656275.500829382566735 ], [ 267243.108892612392083, 1656253.987177192466334 ], [ 267559.368292246712372, 1657157.984370613237843 ], [ 266462.750025369459763, 1657168.707341239554808 ], [ 267095.812654162815306, 1658976.723421214148402 ], [ 269288.972015744715463, 1658955.362588700372726 ], [ 269605.722160925448406, 1659859.407446626806632 ], [ 267412.598196182167158, 1659880.75093378406018 ] ], [ [ 262856.526210100040771, 1656297.216627592220902 ], [ 261908.552750875882339, 1653585.404701319290325 ], [ 263005.261261956300586, 1653574.496154532535002 ], [ 262689.626830398687162, 1652670.576065419707447 ], [ 263786.346463428984862, 1652659.709536355454475 ], [ 263470.899214165634476, 1651755.793839747318998 ], [ 264567.62997334782267, 1651744.969296363182366 ], [ 265514.427260375698097, 1654456.780299318023026 ], [ 264417.749489422014449, 1654467.579443769529462 ], [ 265049.830534193431959, 1656275.500829382566735 ], [ 262856.526210100040771, 1656297.216627592220902 ] ], [ [ 268655.980137890437618, 1657147.311960357706994 ], [ 268972.391340510454029, 1658051.330766289960593 ], [ 267875.79717428330332, 1658061.994537790771574 ], [ 267559.368292246712372, 1657157.984370613237843 ], [ 268655.980137890437618, 1657147.311960357706994 ] ], [ [ 276674.271782299387269, 1664327.576355685479939 ], [ 277770.704559176636394, 1664317.278347861487418 ], [ 278088.365250140370335, 1665221.455360976280645 ], [ 276991.950152473058552, 1665231.744377666851506 ], [ 276674.271782299387269, 1664327.576355685479939 ] ], [ [ 281059.966213095933199, 1664286.688913822639734 ], [ 282156.374639822344761, 1664276.593960611848161 ], [ 282473.964708939252887, 1665180.80720877670683 ], [ 281377.573923436342739, 1665190.893062644870952 ], [ 281059.966213095933199, 1664286.688913822639734 ] ], [ [ 282968.15323563455604, 1669712.114950729068369 ], [ 284064.455709067289717, 1669702.074951241025701 ], [ 284383.062021576566622, 1670606.368935756618157 ], [ 283286.77723172516562, 1670616.399692738894373 ], [ 282968.15323563455604, 1669712.114950729068369 ] ], [ [ 279264.883009567856789, 1677911.975563044426963 ], [ 277072.506901406450197, 1677932.655054518487304 ], [ 276752.385742555256002, 1677028.336265272460878 ], [ 277848.594668431207538, 1677017.961712926626205 ], [ 277528.660728415474296, 1676113.647174605168402 ], [ 280817.304273560817819, 1676082.802671914920211 ], [ 281457.234794418909587, 1677891.500776322558522 ], [ 280361.061927288537845, 1677901.712582346517593 ], [ 280681.299051862326451, 1678806.07264222111553 ], [ 279585.137938327970915, 1678816.326327050803229 ], [ 279264.883009567856789, 1677911.975563044426963 ] ], [ [ 280497.593087934539653, 1675178.473911226028576 ], [ 281593.813247714017052, 1675168.28537252987735 ], [ 281913.506669380993117, 1676072.623411170206964 ], [ 280817.304273560817819, 1676082.802671914920211 ], [ 280497.593087934539653, 1675178.473911226028576 ] ], [ [ 286482.332203469064552, 1679659.992834898876026 ], [ 286162.014608554891311, 1678755.572213985258713 ], [ 287258.13992929388769, 1678745.62571710976772 ], [ 287578.439770267577842, 1679650.055820239009336 ], [ 286482.332203469064552, 1679659.992834898876026 ] ], [ [ 288354.259390361839905, 1678735.730413055978715 ], [ 288034.146627777605318, 1677831.304524658014998 ], [ 289130.277987262466922, 1677821.450899670599028 ], [ 289450.373021984123625, 1678725.886300367303193 ], [ 288354.259390361839905, 1678735.730413055978715 ] ], [ [ 287177.157081976532936, 1666045.235067308414727 ], [ 286859.468130694120191, 1665140.971648262115195 ], [ 287955.829207509057596, 1665131.139714535558596 ], [ 288273.500557903666049, 1666035.412392044672742 ], [ 287177.157081976532936, 1666045.235067308414727 ] ], [ [ 289806.502607766480651, 1657858.328669311245903 ], [ 290122.749040322611108, 1658762.53021810692735 ], [ 289026.28844133997336, 1658772.223942532902583 ], [ 289659.324343981221318, 1660580.649094386724755 ], [ 287466.45576282334514, 1660600.151616326300427 ], [ 287149.818071849120315, 1659695.950666161021218 ], [ 286053.357445559115149, 1659705.787033517379314 ], [ 286370.012685601832345, 1660609.97884090943262 ], [ 285273.563710213056765, 1660619.856709829764441 ], [ 284956.890911649446934, 1659715.674018149031326 ], [ 283860.418439808127005, 1659725.611621513497084 ], [ 283543.897448305855505, 1658821.451381720835343 ], [ 284640.387481046200264, 1658811.504713450558484 ], [ 284324.053421020915266, 1657907.348776479251683 ], [ 283227.545834460179321, 1657917.304485925706103 ], [ 282279.507285129278898, 1655204.943670448847115 ], [ 283376.067490655346774, 1655194.96097971405834 ], [ 283691.893423206696752, 1656099.076928812544793 ], [ 285884.960872295661829, 1656079.281017486006021 ], [ 286517.05075397551991, 1657887.589049956761301 ], [ 287613.540561006171629, 1657877.785029968479648 ], [ 286350.108285968890414, 1654261.18614250048995 ], [ 287446.662220616126433, 1654251.396322077140212 ], [ 288393.929907894460484, 1656963.852641293779016 ], [ 289490.425513054127805, 1656954.140587594127283 ], [ 289174.517758785979822, 1656049.965953673468903 ], [ 290271.025032350036781, 1656040.295274146599695 ], [ 290586.915303550311364, 1656944.479064211016521 ], [ 291683.399309712112881, 1656934.868069719988853 ], [ 291999.441433579311706, 1657839.074538199463859 ], [ 289806.502607766480651, 1657858.328669311245903 ] ], [ [ 290755.749908528872766, 1660570.97379415621981 ], [ 291072.504338969825767, 1661475.215860075317323 ], [ 289976.096302224497776, 1661484.881912578595802 ], [ 289659.324343981221318, 1660580.649094386724755 ], [ 290755.749908528872766, 1660570.97379415621981 ] ], [ [ 290610.148219520808198, 1663293.388130238745362 ], [ 291706.52117950131651, 1663283.740644519682974 ], [ 292023.783584381453693, 1664188.023401835234836 ], [ 289831.066992859181482, 1664207.35048338631168 ], [ 289513.769480618531816, 1663303.086337173124775 ], [ 288417.384932501532603, 1663312.835266752634197 ], [ 287783.262804999365471, 1661504.366020262241364 ], [ 289976.096302224497776, 1661484.881912578595802 ], [ 290610.148219520808198, 1663293.388130238745362 ] ], [ [ 288734.700012601679191, 1664217.090148015180603 ], [ 287638.327202293789014, 1664226.880563789978623 ], [ 287320.994544879358727, 1663322.634920413605869 ], [ 288417.384932501532603, 1663312.835266752634197 ], [ 288734.700012601679191, 1664217.090148015180603 ] ], [ [ 283060.410939170746133, 1654290.858321537962183 ], [ 284156.982675582286902, 1654280.91714077629149 ], [ 283526.212737112073228, 1652472.733744671335444 ], [ 284622.813501217286102, 1652462.825088746612892 ], [ 285569.169976567849517, 1655175.147047065431252 ], [ 283376.067490655346774, 1655194.96097971405834 ], [ 283060.410939170746133, 1654290.858321537962183 ] ], [ [ 289955.304097130545415, 1655136.124936307780445 ], [ 291051.823043523123488, 1655126.495599080342799 ], [ 291367.526512157346588, 1656030.67509644292295 ], [ 290271.025032350036781, 1656040.295274146599695 ], [ 289955.304097130545415, 1655136.124936307780445 ] ], [ [ 288858.779347572941333, 1655145.804748289519921 ], [ 288543.210282016778365, 1654241.656952203484252 ], [ 289639.752500499482267, 1654231.968031442258507 ], [ 289955.304097130545415, 1655136.124936307780445 ], [ 288858.779347572941333, 1655145.804748289519921 ] ], [ [ 296214.71987310872646, 1635133.135213974863291 ], [ 296526.50764958828222, 1636037.119926404440776 ], [ 295429.687537365593016, 1636046.387290232116356 ], [ 294806.246886388165876, 1634238.449016426922753 ], [ 296999.950273956696037, 1634219.928412085864693 ], [ 297311.55154860613402, 1635123.90877281781286 ], [ 296214.71987310872646, 1635133.135213974863291 ] ], [ [ 308049.998486808617599, 1615095.398005918832496 ], [ 307127.692273687454872, 1612383.945589816430584 ], [ 308224.856372538488358, 1612375.338482835097238 ], [ 309147.111972579616122, 1615086.817509446060285 ], [ 308049.998486808617599, 1615095.398005918832496 ] ], [ [ 308665.715527432621457, 1616903.099294577492401 ], [ 306471.54014621936949, 1616920.372471667593345 ], [ 306163.563192151370458, 1616016.532977840164676 ], [ 307260.67046445334563, 1616007.862854442093521 ], [ 306952.87967122788541, 1615104.027746262261644 ], [ 308049.998486808617599, 1615095.398005918832496 ], [ 308665.715527432621457, 1616903.099294577492401 ] ], [ [ 309762.795235560799483, 1616894.536653787363321 ], [ 310070.89071838662494, 1617798.416220247512683 ], [ 308973.827909747196827, 1617806.969898551236838 ], [ 308665.715527432621457, 1616903.099294577492401 ], [ 309762.795235560799483, 1616894.536653787363321 ] ], [ [ 307917.776327770436183, 1611471.538649666588753 ], [ 309014.951947484747507, 1611462.97185278031975 ], [ 309322.015144614153542, 1612366.780537141254172 ], [ 308224.856372538488358, 1612375.338482835097238 ], [ 307917.776327770436183, 1611471.538649666588753 ] ], [ [ 330158.268284685153048, 1595905.704353919019923 ], [ 329060.929957498447038, 1595913.250318498117849 ], [ 328757.295525608758908, 1595009.4756469943095 ], [ 329854.650354820594657, 1595001.920592580456287 ], [ 330158.268284685153048, 1595905.704353919019923 ] ], [ [ 331255.601885220035911, 1595898.207032705191523 ], [ 331559.372427747468464, 1596802.013412159634754 ], [ 330462.055327347537968, 1596809.501593613065779 ], [ 330158.268284685153048, 1595905.704353919019923 ], [ 331255.601885220035911, 1595898.207032705191523 ] ], [ [ 329668.706178516091313, 1597720.840046883327886 ], [ 328571.396137447620276, 1597728.416462162975222 ], [ 327963.586873092513997, 1595920.844927556114271 ], [ 329060.929957498447038, 1595913.250318498117849 ], [ 329668.706178516091313, 1597720.840046883327886 ] ], [ [ 333296.553839679225348, 1572336.53980366140604 ], [ 332198.836989822098985, 1572343.83540976815857 ], [ 331899.763296840596013, 1571440.317848256323487 ], [ 332997.496374155161902, 1571433.013468623161316 ], [ 333296.553839679225348, 1572336.53980366140604 ] ], [ [ 329513.262069578515366, 1564212.650406126864254 ], [ 330611.124708906281739, 1564205.27664426737465 ], [ 330908.829249912116211, 1565108.697848066920415 ], [ 329810.982780758989975, 1565116.063015380408615 ], [ 329513.262069578515366, 1564212.650406126864254 ] ], [ [ 324183.213455671211705, 1547953.435330114793032 ], [ 323300.200718002975918, 1545243.969460268039256 ], [ 324398.401269371272065, 1545236.420345767633989 ], [ 325281.365928611136042, 1547945.910668384749442 ], [ 324183.213455671211705, 1547953.435330114793032 ] ], [ [ 325496.596903502126224, 1545228.918343676486984 ], [ 325202.629704329243395, 1544325.772158326813951 ], [ 324104.418067292950582, 1544333.282294416101649 ], [ 323810.604044740903191, 1543430.15690827020444 ], [ 326007.054406167648267, 1543415.16746912826784 ], [ 326300.83644613699289, 1544318.309106392320246 ], [ 327399.03832349111326, 1544310.893137506442145 ], [ 327692.973543139174581, 1545214.055672285147011 ], [ 325496.596903502126224, 1545228.918343676486984 ] ], [ [ 326811.675360086141154, 1542504.606243921210989 ], [ 327909.904335340601392, 1542497.220992141170427 ], [ 328497.235367173794657, 1544303.524250571150333 ], [ 327399.03832349111326, 1544310.893137506442145 ], [ 326811.675360086141154, 1542504.606243921210989 ] ], [ [ 335380.141412724275142, 1545163.520202192710713 ], [ 335674.13408462179359, 1546066.753718314692378 ], [ 334575.997252155037131, 1546073.8233575404156 ], [ 334281.988648890284821, 1545170.598241778556257 ], [ 335380.141412724275142, 1545163.520202192710713 ] ], [ [ 345557.162234253482893, 1546005.247636251384392 ], [ 344969.631910195399541, 1544198.640054672490805 ], [ 346067.75580068945419, 1544192.024335188325495 ], [ 346655.254443504381925, 1545998.649238678626716 ], [ 345557.162234253482893, 1546005.247636251384392 ] ], [ [ 355071.12638340779813, 1541424.525502179982141 ], [ 354778.279619284556247, 1540521.193645775550976 ], [ 355876.424719012109563, 1540515.013060005614534 ], [ 356169.255761421867646, 1541418.35375011106953 ], [ 355071.12638340779813, 1541424.525502179982141 ] ], [ [ 355657.326843362767249, 1543231.228981074644253 ], [ 354559.224887970951386, 1543237.43002845463343 ], [ 353972.992945845238864, 1541430.74422854068689 ], [ 355071.12638340779813, 1541424.525502179982141 ], [ 355657.326843362767249, 1543231.228981074644253 ] ], [ [ 347896.55025876138825, 1539655.996756910346448 ], [ 346798.36026013258379, 1539662.514613601379097 ], [ 346505.741265125048812, 1538759.269969381159171 ], [ 347603.947031698422506, 1538752.743513121968135 ], [ 347896.55025876138825, 1539655.996756910346448 ] ], [ [ 336773.805980639881454, 1532484.331820240942761 ], [ 335675.454284205392469, 1532491.291561624500901 ], [ 335967.016035892884247, 1533394.378696053987369 ], [ 334868.675526863138657, 1533401.37695283559151 ], [ 334285.689549010188784, 1531595.231808069860563 ], [ 336482.429117944964673, 1531581.249220841098577 ], [ 336773.805980639881454, 1532484.331820240942761 ] ], [ [ 326295.651912334607914, 1513551.037615952314809 ], [ 327394.347920086001977, 1513543.771644222084433 ], [ 327106.475841816456523, 1512640.976212467765436 ], [ 328205.182642668834887, 1512633.748692378634587 ], [ 329069.259441214962862, 1515342.195159192662686 ], [ 330167.914483822591137, 1515335.036998494993895 ], [ 330744.7801726461621, 1517140.745490351459011 ], [ 329646.156452640076168, 1517147.888050842564553 ], [ 329357.623367270745803, 1516245.035402113804594 ], [ 328258.979187760618515, 1516252.232002998702228 ], [ 327682.389172084629536, 1514446.579408394405618 ], [ 326583.708824635483325, 1514453.837688264902681 ], [ 326295.651912334607914, 1513551.037615952314809 ] ], [ [ 327048.386082304292358, 1526213.114925788715482 ], [ 327338.858617690566462, 1527116.06534626125358 ], [ 326240.379083510721102, 1527123.399906062055379 ], [ 325949.89075128530385, 1526220.457371968310326 ], [ 327048.386082304292358, 1526213.114925788715482 ] ], [ [ 306693.689071462955326, 1524546.81070897099562 ], [ 305595.069209234905429, 1524555.005682399962097 ], [ 305304.802978601190262, 1523652.236637121066451 ], [ 306403.438772424531635, 1523644.034330977592617 ], [ 306693.689071462955326, 1524546.81070897099562 ] ], [ [ 303916.048870307626203, 1522757.735680014593527 ], [ 303626.10534758499125, 1521854.997928030323237 ], [ 305823.446101442794316, 1521838.517695263959467 ], [ 306113.357781606144272, 1522741.269998787203804 ], [ 303916.048870307626203, 1522757.735680014593527 ] ], [ [ 308829.721721406443976, 1520911.383224571822211 ], [ 307731.054469286056701, 1520919.468228063546121 ], [ 307441.513196046813391, 1520016.725357146468014 ], [ 308540.196324247517623, 1520008.633026262046769 ], [ 308829.721721406443976, 1520911.383224571822211 ] ], [ [ 295586.294071652228013, 1517392.256261746166274 ], [ 294487.501877268834505, 1517400.87959815794602 ], [ 294198.462943277321756, 1516498.262566995806992 ], [ 295297.271080235950649, 1516489.632288053166121 ], [ 295586.294071652228013, 1517392.256261746166274 ] ], [ [ 291423.195826584007591, 1514710.49047093722038 ], [ 290324.338331102393568, 1514719.273212581640109 ], [ 290035.759773329889867, 1513816.711746376473457 ], [ 291134.633215405803639, 1513807.922208277508616 ], [ 291423.195826584007591, 1514710.49047093722038 ] ], [ [ 247058.228241367149167, 1537733.710550006479025 ], [ 244860.708219235966681, 1537755.380179718602449 ], [ 244567.110140865144785, 1536852.843647416448221 ], [ 246764.663271775381872, 1536831.161912106210366 ], [ 247058.228241367149167, 1537733.710550006479025 ] ], [ [ 247135.11889288702514, 1527773.928186886012554 ], [ 246036.20229030540213, 1527784.665064023807645 ], [ 245744.537103697861312, 1526882.224981994135305 ], [ 246843.470146672887495, 1526871.482197353849187 ], [ 247135.11889288702514, 1527773.928186886012554 ] ], [ [ 243839.381747028470272, 1541387.445443836739287 ], [ 244428.51115983305499, 1543192.615348743507639 ], [ 243329.825703502341639, 1543203.578332950361073 ], [ 242740.663036337500671, 1541398.420585463987663 ], [ 243839.381747028470272, 1541387.445443836739287 ] ], [ [ 245527.189453989209142, 1543181.699494204018265 ], [ 244055.721860616322374, 1538668.826929079601541 ], [ 245154.476012812723638, 1538657.927703054621816 ], [ 246036.797658494033385, 1541365.636385591933504 ], [ 247135.494920966390055, 1541354.802465739892796 ], [ 246253.22301938207238, 1538647.075468146707863 ], [ 247351.962911179900402, 1538636.270222745137289 ], [ 247645.867278588702902, 1539538.840946972602978 ], [ 248744.583530630246969, 1539528.088826690567657 ], [ 248450.695719071372878, 1538625.511965247336775 ], [ 250648.14020655702916, 1538604.13640758395195 ], [ 250941.99493344509392, 1539506.72562466096133 ], [ 249843.292738631018437, 1539517.383719782577828 ], [ 250725.924602487270022, 1542225.199535934720188 ], [ 246331.244286617235048, 1542268.22803948353976 ], [ 246625.860616816324182, 1543170.830767712322995 ], [ 247724.524679150490556, 1543160.009167657000944 ], [ 248904.620478177734185, 1546770.556062081130221 ], [ 250003.211017075489508, 1546759.806598615832627 ], [ 250298.642544983449625, 1547662.477538604522124 ], [ 251397.209458156023175, 1547651.781641697743908 ], [ 251692.794026953459252, 1548554.470157828647643 ], [ 250594.24374428729061, 1548565.159697619732469 ], [ 251185.955146609281655, 1550370.557740177027881 ], [ 250087.43118083284935, 1550381.28183928434737 ], [ 250976.32076233101543, 1553089.444212689530104 ], [ 249877.839834499027347, 1553100.196479148929939 ], [ 250174.492384678596864, 1554002.933408776298165 ], [ 247977.542909383832011, 1554024.56742571410723 ], [ 247384.340666834963486, 1552219.130378320580348 ], [ 248482.852331231930293, 1552208.276902682613581 ], [ 247890.362226628960343, 1550402.872063125716522 ], [ 248988.900217775837518, 1550392.053279734682292 ], [ 248101.487706942629302, 1547684.011109687387943 ], [ 247002.899720433342736, 1547694.848787057213485 ], [ 246707.418269078334561, 1546792.196689876494929 ], [ 247806.02290578521206, 1546781.35275863413699 ], [ 247215.602372916444438, 1544976.069514071568847 ], [ 245018.319430253905011, 1544997.829442020738497 ], [ 244428.51115983305499, 1543192.615348743507639 ], [ 245527.189453989209142, 1543181.699494204018265 ] ], [ [ 245313.47813048856915, 1545900.453101082472131 ], [ 246495.809970151516609, 1549511.058877796866 ], [ 245397.241139680962078, 1549521.978617832995951 ], [ 244214.842611825326458, 1545911.397684246534482 ], [ 245313.47813048856915, 1545900.453101082472131 ] ], [ [ 248960.727578213147353, 1560354.79540840908885 ], [ 248662.837117268441943, 1559451.998680208111182 ], [ 249761.221940162125975, 1559441.149082841584459 ], [ 250059.095628516719444, 1560343.95232074148953 ], [ 248960.727578213147353, 1560354.79540840908885 ] ], [ [ 258791.685821257502539, 1546675.511092234170064 ], [ 258496.556639390939381, 1545772.800092303194106 ], [ 259595.101807262311922, 1545762.469126148847863 ], [ 259890.214445706253173, 1546665.186655665514991 ], [ 258791.685821257502539, 1546675.511092234170064 ] ], [ [ 268465.736814105766825, 1549302.598984944401309 ], [ 269564.163040139479563, 1549292.672616699943319 ], [ 269859.821830604050774, 1550195.489767400547862 ], [ 268761.41210565448273, 1550205.409301208565012 ], [ 268465.736814105766825, 1549302.598984944401309 ] ], [ [ 270747.815416572848335, 1552904.011159300105646 ], [ 271846.169178067822941, 1552894.159656444564462 ], [ 272142.489581405534409, 1553797.03044085088186 ], [ 271044.152341527165845, 1553806.874993745004758 ], [ 270747.815416572848335, 1552904.011159300105646 ] ], [ [ 265925.664558829448652, 1568344.027853823732585 ], [ 268121.916772881813813, 1568323.753552328096703 ], [ 268421.252090694615617, 1569226.768338363617659 ], [ 266225.033323921845295, 1569247.028443651972339 ], [ 265925.664558829448652, 1568344.027853823732585 ] ], [ [ 267622.667535997577943, 1570139.893948497716337 ], [ 268720.756943398155272, 1570129.794977021869272 ], [ 269020.431328403297812, 1571032.833485753275454 ], [ 267922.358654786134139, 1571042.925300823990256 ], [ 267622.667535997577943, 1570139.893948497716337 ] ], [ [ 263243.078793691529427, 1580145.377634308533743 ], [ 262145.121884152991697, 1580155.782446500146762 ], [ 261843.600726186210522, 1579252.689727809047326 ], [ 262941.574515902204439, 1579242.277751122834161 ], [ 263243.078793691529427, 1580145.377634308533743 ] ], [ [ 262446.81261184066534, 1581058.887025661533698 ], [ 261348.865963833319256, 1581069.332909186603501 ], [ 261047.15833946983912, 1580166.235489994753152 ], [ 262145.121884152991697, 1580155.782446500146762 ], [ 262446.81261184066534, 1581058.887025661533698 ] ], [ [ 267535.306851941568311, 1638112.398322591325268 ], [ 266438.358034345554188, 1638122.99675403512083 ], [ 266125.745897176617291, 1637219.226782793179154 ], [ 267222.712189529440366, 1637208.620095634832978 ], [ 267535.306851941568311, 1638112.398322591325268 ] ], [ [ 266751.139674066798761, 1639026.779421732062474 ], [ 264557.257596302777529, 1639048.109762875596061 ], [ 263931.793849488778505, 1637240.590031348867342 ], [ 262834.808033302251715, 1637251.346595898270607 ], [ 262522.312942090327851, 1636347.613837163895369 ], [ 264716.313018349814229, 1636326.134339366806671 ], [ 265341.402748653199524, 1638133.645170080009848 ], [ 266438.358034345554188, 1638122.99675403512083 ], [ 266751.139674066798761, 1639026.779421732062474 ] ], [ [ 245908.182469005900202, 1639237.49635487771593 ], [ 246534.922560238192091, 1641044.794186383485794 ], [ 245437.89163506127079, 1641056.369331279536709 ], [ 244811.11617970521911, 1639249.087046963395551 ], [ 245908.182469005900202, 1639237.49635487771593 ] ], [ [ 248728.963387864117976, 1641021.794185279402882 ], [ 249042.552524603466736, 1641925.47725065308623 ], [ 246848.547054257971467, 1641948.461553150322288 ], [ 246534.922560238192091, 1641044.794186383485794 ], [ 248728.963387864117976, 1641021.794185279402882 ] ], [ [ 247162.341176928806817, 1642852.141245177481323 ], [ 246065.345644794084365, 1642863.700749065261334 ], [ 245751.533821990073193, 1641960.028889275854453 ], [ 246848.547054257971467, 1641948.461553150322288 ], [ 247162.341176928806817, 1642852.141245177481323 ] ], [ [ 229784.851037341926713, 1653020.029339971020818 ], [ 230881.780674352543429, 1653007.649181447224692 ], [ 231514.252556036342867, 1654815.035534082911909 ], [ 230417.358844847884029, 1654827.400411459151655 ], [ 229784.851037341926713, 1653020.029339971020818 ] ], [ [ 232927.611404572031461, 1655706.440300134010613 ], [ 233244.253673598228488, 1656610.171611797297373 ], [ 231050.545562792685814, 1656634.820027285953984 ], [ 230733.867341403034516, 1655731.104142087046057 ], [ 232927.611404572031461, 1655706.440300134010613 ] ], [ [ 241596.124344702024246, 1686464.385189082007855 ], [ 241273.846759700682014, 1685560.257694654399529 ], [ 242370.12532436507172, 1685548.167166694067419 ], [ 242692.384691495040897, 1686452.303149808198214 ], [ 241596.124344702024246, 1686464.385189082007855 ] ], [ [ 246821.783629287063377, 1691853.482656801817939 ], [ 247145.193796505744103, 1692757.726179390912876 ], [ 246049.075171812321059, 1692769.64478770410642 ], [ 245725.646756449830718, 1691865.409977074945346 ], [ 246821.783629287063377, 1691853.482656801817939 ] ], [ [ 250433.508069816511124, 1692722.280331942718476 ], [ 250110.152588540368015, 1691818.010511464439332 ], [ 251206.261789186712122, 1691806.289729043375701 ], [ 250883.094081391056534, 1690902.024169353069738 ], [ 251979.214631824928802, 1690890.346194311277941 ], [ 252302.364147270913236, 1691794.620576752582565 ], [ 253398.459692985197762, 1691783.003052874933928 ], [ 253075.328360165440245, 1690878.71982067450881 ], [ 254171.435296603274764, 1690867.145046731922776 ], [ 253525.717616929206997, 1689058.600211263168603 ], [ 254621.854096798633691, 1689047.059300373308361 ], [ 255267.535471336304909, 1690855.621870778268203 ], [ 257459.715656468179077, 1690832.730306060984731 ], [ 257136.826481551106554, 1689928.424611329566687 ], [ 258232.924679323361488, 1689917.047258591977879 ], [ 257910.22315164457541, 1689012.745814569760114 ], [ 255717.983825740026077, 1689035.569931754143909 ], [ 254750.787727720162366, 1686322.797920258482918 ], [ 255846.965082309790887, 1686311.333509079646319 ], [ 256169.176131606654963, 1687215.586572019150481 ], [ 257265.328667908412172, 1687204.1824825941585 ], [ 256621.112297820334788, 1685395.671762459678575 ], [ 254428.728115353122121, 1685418.566779467510059 ], [ 254106.838051019818522, 1684514.348704573931172 ], [ 255203.05160109809367, 1684502.866692032897845 ], [ 254559.816294574236963, 1682694.452157692285255 ], [ 253463.566577382385731, 1682705.951675141230226 ], [ 253142.185173539677635, 1681801.772681981092319 ], [ 254238.452963640040252, 1681790.264448215253651 ], [ 253596.234960055036936, 1679981.928048187168315 ], [ 254692.532087315077661, 1679970.453722747275606 ], [ 254051.028389704966685, 1678162.151901305653155 ], [ 256243.674498675158247, 1678139.322251293575391 ], [ 255923.213008430262562, 1677235.173462611390278 ], [ 259212.18584539621952, 1677201.286862462991849 ], [ 258891.947845308255637, 1676297.124940865440294 ], [ 259988.276777072955156, 1676285.923003807431087 ], [ 260628.886367531609721, 1678094.277454043272883 ], [ 259532.59336832727422, 1678105.461844670819119 ], [ 260173.916971881029895, 1679913.851068011717871 ], [ 261270.174010141694453, 1679902.684319884516299 ], [ 260949.44543367283768, 1678998.474325362825766 ], [ 262045.713870656618383, 1678987.349974031094462 ], [ 262366.424472742015496, 1679891.568828840972856 ], [ 263462.66838992619887, 1679880.504593244986609 ], [ 263783.530520723084919, 1680784.745525984326378 ], [ 262687.304575374582782, 1680795.80085022142157 ], [ 263650.961859484668821, 1683508.576107501983643 ], [ 264747.133846873999573, 1683497.547661750810221 ], [ 266356.529007752658799, 1688019.150179408024997 ], [ 267452.604495444858912, 1688008.218510378384963 ], [ 267774.973920158285182, 1688912.588188438443467 ], [ 269967.069708532304503, 1688890.897727025207132 ], [ 270289.572555987513624, 1689795.299254851648584 ], [ 268097.512804300757125, 1689816.971275986870751 ], [ 268743.098940109484829, 1691625.77775795920752 ], [ 267647.09559779491974, 1691636.672660181298852 ], [ 267970.160898020432796, 1692541.086841639131308 ], [ 269066.146186385769397, 1692530.201191645814106 ], [ 269389.362881315639243, 1693434.638113341061398 ], [ 268293.395653938292526, 1693445.514486866770312 ], [ 268616.799862852145452, 1694349.955615533515811 ], [ 267520.844342747703195, 1694360.874374581500888 ], [ 267197.422056141193025, 1693456.442519607488066 ], [ 266101.44205775676528, 1693467.422213171375915 ], [ 266748.492270073620602, 1695276.280884382547811 ], [ 267844.436086687026545, 1695265.319708419730887 ], [ 268168.197285260888748, 1696169.778540820581838 ], [ 267072.271570083568804, 1696180.730421570129693 ], [ 267396.220329057774507, 1697085.193452744977549 ], [ 266300.30633033066988, 1697096.18778452463448 ], [ 266624.442670754157007, 1698000.655012623639777 ], [ 265528.540384736610577, 1698011.691826790571213 ], [ 265852.864327657094691, 1698916.163249942008406 ], [ 266948.74847176426556, 1698905.135749863693491 ], [ 267273.223730656551197, 1699809.630016000242904 ], [ 268369.083332763519138, 1699798.663707569008693 ], [ 268693.709900587331504, 1700703.180912174284458 ], [ 269789.545003227423877, 1700692.275872173253447 ], [ 270764.386916977819055, 1703405.937519039493054 ], [ 271860.161273954203352, 1703395.112833842867985 ], [ 272185.429287987644784, 1704299.703584603499621 ], [ 271089.673085875692777, 1704310.518728419439867 ], [ 271415.128682438284159, 1705215.113634511595592 ], [ 270319.384367646882311, 1705225.971224690089002 ], [ 269668.606266034708824, 1703416.814162347232923 ], [ 268572.819290999206714, 1703427.742765363538638 ], [ 268247.66622760228347, 1702523.194185661384836 ], [ 267151.854721347452141, 1702534.184185896534473 ], [ 268127.876793959410861, 1705247.842447929782793 ], [ 267032.113474832382053, 1705258.856084208004177 ], [ 267357.811268988880329, 1706163.426616269629449 ], [ 266262.059772321837954, 1706174.482816030504182 ], [ 264635.174341059231665, 1701651.813177621923387 ], [ 262443.469890846055932, 1701674.17537800502032 ], [ 264070.537502675841097, 1706196.751358915586025 ], [ 262974.766669465810992, 1706207.963705314556137 ], [ 263626.816546669928357, 1708017.070095710922033 ], [ 262531.075741666834801, 1708028.315726837376133 ], [ 260251.739343286899384, 1701696.745240146061406 ], [ 261347.607894303189823, 1701685.434350528288633 ], [ 261022.684604100766592, 1700780.968884761910886 ], [ 258830.904465052502928, 1700803.661005794070661 ], [ 260783.205455673654797, 1706230.544556273613125 ], [ 259687.415014853293542, 1706241.91306415409781 ], [ 260013.410035361739574, 1707146.43144547031261 ], [ 261109.182193190354155, 1707135.07225505518727 ], [ 261435.328420314064715, 1708039.613465815316886 ], [ 257052.273369172966341, 1708085.325533588882536 ], [ 255748.412703094363678, 1704467.389918863773346 ], [ 256844.259626124519855, 1704455.846834897296503 ], [ 256518.736558756645536, 1703551.387204603059217 ], [ 255422.871344520914136, 1703562.939451714977622 ], [ 255097.49951461161254, 1702658.502319710562006 ], [ 256193.383013013022719, 1702646.940933858975768 ], [ 255868.198991627228679, 1701742.508002953603864 ], [ 254772.29721610218985, 1701754.078503156313673 ], [ 254447.264451733091846, 1700849.667982378974557 ], [ 252255.404095101170242, 1700872.982865008991212 ], [ 252580.473428914760007, 1701777.375286853406578 ], [ 253676.388705245597521, 1701765.700930552789941 ], [ 254001.609290644206339, 1702670.115659762406722 ], [ 252905.712310969975078, 1702681.780955722089857 ], [ 253231.120738523750333, 1703586.199891260825098 ], [ 252135.235286482726224, 1703597.908087119227275 ], [ 252460.831577321572695, 1704502.331226865760982 ], [ 253556.698708826792426, 1704490.632113138446584 ], [ 253882.446219131379621, 1705395.077641044044867 ], [ 254978.288266549992841, 1705383.439672499196604 ], [ 255304.186989274283405, 1706287.907684127334505 ], [ 254208.363266691303579, 1706299.53649468999356 ], [ 254534.449848759453744, 1707204.008693808456883 ], [ 253438.637721113918815, 1707215.680414585396647 ], [ 254091.356182214949513, 1709024.646544034592807 ], [ 252995.574011537537444, 1709036.352028935216367 ], [ 252342.818826417293167, 1707227.404229719657451 ], [ 250151.160615376837086, 1707251.008149967994541 ], [ 250477.49018278773292, 1708155.457156786229461 ], [ 251573.304323857970303, 1708143.638246635906398 ], [ 252226.435350094281603, 1709952.594412540551275 ], [ 253322.205915972532239, 1709940.845952396048233 ], [ 253649.007357986265561, 1710845.353251470485702 ], [ 254744.752776513836579, 1710833.666194749763235 ], [ 255071.705366737674922, 1711738.19614010443911 ], [ 253975.978334828745574, 1711749.873945971019566 ], [ 254303.118843743402977, 1712654.408055732492357 ], [ 253207.40346714379848, 1712666.128844302380458 ], [ 253534.731915858981665, 1713570.6671162545681 ], [ 252439.028191132238135, 1713582.430918711237609 ], [ 251784.503996474290034, 1711773.386252684285864 ], [ 252880.244554773438722, 1711761.603982922621071 ], [ 252553.255181505723158, 1710857.092512275557965 ], [ 250361.730434258381138, 1710880.727653053123504 ], [ 250688.756629833223997, 1711785.220756989205256 ], [ 249593.002424745209282, 1711797.107497577089816 ], [ 249920.216606407775544, 1712701.604775802930817 ], [ 245537.204629583546193, 1712749.637736450880766 ], [ 244882.798194490547758, 1710940.729198273038492 ], [ 245978.598519634309923, 1710928.62446010299027 ], [ 245324.907358408730943, 1709119.750722954748198 ], [ 246420.737604490772355, 1709107.680150885367766 ], [ 246094.164841197169153, 1708203.254080408485606 ], [ 247190.0065534307505, 1708191.226653542136773 ], [ 247516.560892311827047, 1709095.661739390343428 ], [ 248612.377251986938063, 1709083.695486702257767 ], [ 247959.474974654527614, 1707274.820468442048877 ], [ 249055.321238787786569, 1707262.888258553808555 ], [ 248077.294785705249524, 1704549.647832624148577 ], [ 246981.393370722129475, 1704561.607030478073284 ], [ 247307.250993401568849, 1705465.998324095504358 ], [ 245115.464074535149848, 1705490.054925667587668 ], [ 245441.528073442488676, 1706394.441487454110757 ], [ 244345.642545797833009, 1706406.53895126003772 ], [ 244998.316160867660074, 1708215.333640858530998 ], [ 243902.460482324822806, 1708227.46533666877076 ], [ 244229.07012394227786, 1709131.873457375913858 ], [ 243133.225870977737941, 1709144.048355930484831 ], [ 242480.139286435412942, 1707335.263099120697007 ], [ 243576.020440174150281, 1707323.070356237934902 ], [ 242597.717938342539128, 1704609.964060338679701 ], [ 245885.485008633200778, 1704573.618250405648723 ], [ 245559.778588963468792, 1703669.249036454362795 ], [ 242271.956321870209649, 1703705.621444856747985 ], [ 241946.364318766049109, 1702801.291871679481119 ], [ 244138.289650948194321, 1702776.973943677498028 ], [ 243812.904043379065115, 1701872.639785538893193 ], [ 246004.838007661601296, 1701848.512028368422762 ], [ 245679.658730859926436, 1700944.173255297122523 ], [ 244583.676893952942919, 1700956.220009424025193 ], [ 244258.648859515349614, 1700051.903140188194811 ], [ 243162.641645316121867, 1700064.010605801362544 ], [ 242837.764860374707496, 1699159.715545190963894 ], [ 243933.790428313513985, 1699147.599308308912441 ], [ 243609.101603113958845, 1698243.308494300348684 ], [ 244705.1384718476329, 1698231.235345371766016 ], [ 245029.808960185881006, 1699135.534933308372274 ], [ 246125.820486156793777, 1699123.522418413776904 ], [ 245476.685758234903915, 1697314.918687739176676 ], [ 247668.761148557940032, 1697291.013914172537625 ], [ 248642.607755211181939, 1700003.992148778634146 ], [ 256314.271116801013704, 1699922.145297617884353 ], [ 255665.126273733214475, 1698113.354387761559337 ], [ 256761.08762900417787, 1698101.851306999567896 ], [ 256112.657347592816222, 1696293.095391946379095 ], [ 251728.625653971394058, 1696339.490568054607138 ], [ 251404.591914566815831, 1695435.168326957151294 ], [ 250308.548759276396595, 1695446.905423889867961 ], [ 249660.953491232241504, 1693638.318032490089536 ], [ 248564.866979260899825, 1693650.124524192651734 ], [ 248888.59807098301826, 1694554.402860133210197 ], [ 247792.522897930757608, 1694566.252253718208522 ], [ 247145.193796505744103, 1692757.726179390912876 ], [ 250433.508069816511124, 1692722.280331942718476 ] ], [ [ 252429.574355928605655, 1689070.192666122922674 ], [ 252106.951689995679772, 1688165.948704938637093 ], [ 253203.113102649745997, 1688154.347445901948959 ], [ 253525.717616929206997, 1689058.600211263168603 ], [ 252429.574355928605655, 1689070.192666122922674 ] ], [ [ 252752.366580232803244, 1689974.449698233511299 ], [ 250560.09594065224519, 1689997.771671000868082 ], [ 250237.267369719629642, 1689093.532214586157352 ], [ 252429.574355928605655, 1689070.192666122922674 ], [ 252752.366580232803244, 1689974.449698233511299 ] ], [ [ 251010.783456293313066, 1688177.601482643280178 ], [ 250688.312197189370636, 1687273.379326002206653 ], [ 249592.118948240939062, 1687285.092350085033104 ], [ 248947.648838918481488, 1685476.704421079950407 ], [ 250043.878394548519282, 1685464.974017462693155 ], [ 250366.01050902766292, 1686369.170177384279668 ], [ 251462.215044182259589, 1686357.499917834298685 ], [ 252106.951689995679772, 1688165.948704938637093 ], [ 251010.783456293313066, 1688177.601482643280178 ] ], [ [ 253785.117537453799741, 1683610.143676239065826 ], [ 252688.879121387813939, 1683621.685831787995994 ], [ 252367.310071625513956, 1682717.502544081071392 ], [ 253463.566577382385731, 1682705.951675141230226 ], [ 253785.117537453799741, 1683610.143676239065826 ] ], [ [ 252954.695185707358178, 1678173.643545023631305 ], [ 251993.657251746219117, 1675461.313760668504983 ], [ 254186.424977870454313, 1675438.330010579200462 ], [ 254506.565371261793189, 1676342.444212130038068 ], [ 253410.20291470902157, 1676353.901919050142169 ], [ 254051.028389704966685, 1678162.151901305653155 ], [ 252954.695185707358178, 1678173.643545023631305 ] ], [ [ 253275.380292863730574, 1679077.77931911428459 ], [ 252179.05832666659262, 1679089.313557452056557 ], [ 251858.355175030388637, 1678185.186403471976519 ], [ 252954.695185707358178, 1678173.643545023631305 ], [ 253275.380292863730574, 1679077.77931911428459 ] ], [ [ 266808.374035082408227, 1686199.519304433139041 ], [ 267904.479135673493147, 1686188.62083846074529 ], [ 268548.673584936303087, 1687997.338336793938652 ], [ 267452.604495444858912, 1688008.218510378384963 ], [ 266808.374035082408227, 1686199.519304433139041 ] ], [ [ 269712.749022216536105, 1694339.088542727986351 ], [ 270036.304606385761872, 1695243.552499511977658 ], [ 268940.37352207058575, 1695254.410247331019491 ], [ 268616.799862852145452, 1694349.955615533515811 ], [ 269712.749022216536105, 1694339.088542727986351 ] ], [ [ 272228.147842475620564, 1695221.992137297755107 ], [ 272875.695045593427494, 1697030.998319806996733 ], [ 273971.571144563378766, 1697020.314587246626616 ], [ 274295.58081213477999, 1697924.847600441658869 ], [ 272103.858516788459383, 1697946.247897237539291 ], [ 272428.073753689066507, 1698850.775610295124352 ], [ 273523.919933381024748, 1698840.059043348534033 ], [ 273848.286502314091194, 1699744.609907563542947 ], [ 274944.108379021054134, 1699733.954684859840199 ], [ 274619.759891180903651, 1698829.394293028395623 ], [ 276811.421261682990007, 1698808.220235995482653 ], [ 277460.215363140567206, 1700617.393060144269839 ], [ 274172.822484359901864, 1700649.17446654709056 ], [ 274497.527876832929906, 1701553.752740178257227 ], [ 275593.313570353435352, 1701543.116645769681782 ], [ 276243.196364684088621, 1703352.333642417797819 ], [ 275147.446882330696099, 1703362.950511023169383 ], [ 274822.402677051606588, 1702458.344748363597319 ], [ 273726.628902458702214, 1702469.023166820406914 ], [ 273077.012493214977439, 1700659.872007975354791 ], [ 271981.196269404725172, 1700670.621421666583046 ], [ 271656.62408212228911, 1699766.075885520549491 ], [ 270560.783478353405371, 1699776.886643931036815 ], [ 270236.362608052790165, 1698872.364200379000977 ], [ 271332.221321963239461, 1698861.543995443265885 ], [ 270683.924093779292889, 1697052.521074192598462 ], [ 269588.029180627549067, 1697063.360099184792489 ], [ 269264.116628892719746, 1696158.878401971189305 ], [ 270360.029631139012054, 1696148.030003418214619 ], [ 270036.304606385761872, 1695243.552499511977658 ], [ 272228.147842475620564, 1695221.992137297755107 ] ], [ [ 252766.544600761495531, 1714486.973350617801771 ], [ 251670.852524489513598, 1714498.780198130756617 ], [ 251343.317677710874705, 1713594.247009705519304 ], [ 252439.028191132238135, 1713582.430918711237609 ], [ 252766.544600761495531, 1714486.973350617801771 ] ], [ [ 251998.556916142144473, 1715403.326787736732513 ], [ 250902.876484919921495, 1715415.176711467560381 ], [ 250575.153639261145145, 1714510.639362916117534 ], [ 251670.852524489513598, 1714498.780198130756617 ], [ 251998.556916142144473, 1715403.326787736732513 ] ], [ [ 246863.621792852674844, 1707286.80478138756007 ], [ 246537.406613345752703, 1706382.396103246835992 ], [ 247633.278195635124575, 1706370.402796867769212 ], [ 247959.474974654527614, 1707274.820468442048877 ], [ 246863.621792852674844, 1707286.80478138756007 ] ], [ [ 242716.926521081186365, 1701884.781580194365233 ], [ 242391.692140572704375, 1700980.469267062144354 ], [ 243487.688040575245395, 1700968.318679419346154 ], [ 243812.904043379065115, 1701872.639785538893193 ], [ 242716.926521081186365, 1701884.781580194365233 ] ], [ [ 254569.158204420295078, 1698124.909284284571186 ], [ 254244.821845899859909, 1697220.542757678311318 ], [ 255340.808147322328296, 1697208.978841538308188 ], [ 255665.126273733214475, 1698113.354387761559337 ], [ 254569.158204420295078, 1698124.909284284571186 ] ], [ [ 243732.144628062349511, 1695518.414640101604164 ], [ 244056.306303018995095, 1696422.675218215445057 ], [ 242960.232781824161066, 1696434.765842052875087 ], [ 242636.052791275695199, 1695530.51396494731307 ], [ 243732.144628062349511, 1695518.414640101604164 ] ], [ [ 243284.582386695925379, 1697339.030678695999086 ], [ 242188.520132534991717, 1697351.164385126903653 ], [ 241864.152195191272767, 1696446.908246791921556 ], [ 242960.232781824161066, 1696434.765842052875087 ], [ 243284.582386695925379, 1697339.030678695999086 ] ], [ [ 239996.374336568638682, 1697375.587228824617341 ], [ 240320.948601075302577, 1698279.838957559783012 ], [ 239224.883367878122954, 1698292.11945677944459 ], [ 238900.290734408859862, 1697387.876369686797261 ], [ 239996.374336568638682, 1697375.587228824617341 ] ], [ [ 241827.731139151466778, 1705526.530227053444833 ], [ 242153.85040674591437, 1706430.890124797588214 ], [ 239962.029955125821289, 1706455.449638190213591 ], [ 239635.873792580154259, 1705551.107381533132866 ], [ 241827.731139151466778, 1705526.530227053444833 ] ], [ [ 244329.663654968841001, 1724569.46364896860905 ], [ 244000.078280908608576, 1723664.875611214200035 ], [ 245095.654056762024993, 1723652.636600979138166 ], [ 245425.220817766792607, 1724557.23388333641924 ], [ 244329.663654968841001, 1724569.46364896860905 ] ], [ [ 248052.998197210399667, 1722711.623456207336858 ], [ 246957.424697535752784, 1722723.713963416405022 ], [ 247616.314260444254614, 1724532.932240476133302 ], [ 246520.771009576274082, 1724545.056747769005597 ], [ 245861.844267176580615, 1722735.857043144758791 ], [ 244766.25687607753207, 1722748.05269717797637 ], [ 244437.029278498492204, 1721843.482151987031102 ], [ 247723.826337310252711, 1721807.025163503363729 ], [ 248052.998197210399667, 1722711.623456207336858 ] ], [ [ 249148.564796254766406, 1722699.585519740590826 ], [ 249477.887651756958803, 1723604.20657297433354 ], [ 248382.33961917180568, 1723616.235181601950899 ], [ 248052.998197210399667, 1722711.623456207336858 ], [ 249148.564796254766406, 1722699.585519740590826 ] ], [ [ 280479.533249901724048, 1724193.660609692335129 ], [ 280150.556901064584963, 1723288.753244552528486 ], [ 281245.918170354096219, 1723278.249232524540275 ], [ 281574.876230662455782, 1724183.166733518475667 ], [ 280479.533249901724048, 1724193.660609692335129 ] ], [ [ 277959.81627356656827, 1723309.918918978888541 ], [ 277302.298479198012501, 1721500.186908988514915 ], [ 278397.708413105458021, 1721489.557706729043275 ], [ 278069.221866571926512, 1720584.702822856605053 ], [ 279164.644008798117284, 1720574.116082960972562 ], [ 279821.749909478705376, 1722383.860048640752211 ], [ 278726.364329191856086, 1722394.426694387104362 ], [ 279055.189612145768479, 1723299.309806186705828 ], [ 277959.81627356656827, 1723309.918918978888541 ] ], [ [ 280917.129460375406779, 1722373.345925469417125 ], [ 280588.510103399690706, 1721468.456791948294267 ], [ 281683.901919862197246, 1721457.985076326178387 ], [ 282012.503011913620867, 1722362.884323328500614 ], [ 280917.129460375406779, 1722373.345925469417125 ] ], [ [ 244107.971266811713576, 1720938.924945479491726 ], [ 243779.082843810494523, 1720034.381057753926143 ], [ 245970.362128175998805, 1720009.987057976191863 ], [ 246299.213410920405295, 1720914.549318366218358 ], [ 244107.971266811713576, 1720938.924945479491726 ] ], [ [ 280260.060102115559857, 1720563.581811577314511 ], [ 279931.779459204641171, 1719658.720963995438069 ], [ 278836.345105070213322, 1719669.265272476244718 ], [ 278508.215569332707673, 1718764.428549784934148 ], [ 279603.66817734122742, 1718753.874228862347081 ], [ 278947.953707501525059, 1716944.223014690447599 ], [ 280043.436744597100187, 1716933.701101623475552 ], [ 281355.47017657593824, 1720553.100007156841457 ], [ 280260.060102115559857, 1720563.581811577314511 ] ], [ [ 239067.646586013870547, 1719179.304747658781707 ], [ 238739.023005748545984, 1718274.823662243550643 ], [ 239834.731613734591519, 1718262.372368350625038 ], [ 240163.336593405867461, 1719166.862469388637692 ], [ 239067.646586013870547, 1719179.304747658781707 ] ], [ [ 244546.025717711541802, 1719117.618074175203219 ], [ 244217.495041448390111, 1718213.091640835162252 ], [ 245313.168297716096276, 1718200.902561913942918 ], [ 245641.680422846809961, 1719105.438145787920803 ], [ 244546.025717711541802, 1719117.618074175203219 ] ], [ [ 240930.433091214654269, 1718249.973521081963554 ], [ 240602.016313360480126, 1717345.487587391166016 ], [ 241697.729264175606659, 1717333.132139965659007 ], [ 242026.127468274935381, 1718237.627118615666404 ], [ 240930.433091214654269, 1718249.973521081963554 ] ], [ [ 253422.086030831182143, 1716296.098511570831761 ], [ 253094.230548244551755, 1715391.529208274092525 ], [ 254189.897411316866055, 1715379.783971346449107 ], [ 254517.734452548960689, 1716284.362594274571165 ], [ 253422.086030831182143, 1716296.098511570831761 ] ], [ [ 277524.843196910514962, 1716050.002705539111048 ], [ 276870.108504474745132, 1714240.455543340882286 ], [ 277965.652277687448077, 1714229.851529540028423 ], [ 278620.350524886744097, 1716039.418495079036802 ], [ 277524.843196910514962, 1716050.002705539111048 ] ], [ [ 237754.170027417247184, 1715561.459291180130094 ], [ 237426.224964806286152, 1714657.03073008172214 ], [ 238522.007904680125648, 1714644.543619798962027 ], [ 238849.934394899872132, 1715548.981098106130958 ], [ 237754.170027417247184, 1715561.459291180130094 ] ], [ [ 284865.943467301898636, 1715072.161606376990676 ], [ 284538.788141583325341, 1714167.325225145090371 ], [ 285634.289936975692399, 1714157.087123184232041 ], [ 285961.427111580036581, 1715061.933583052596077 ], [ 284865.943467301898636, 1715072.161606376990676 ] ], [ [ 286729.785855807363987, 1714146.901288263034075 ], [ 286402.836144211818464, 1713242.058910152409226 ], [ 287498.344341333257034, 1713231.915232621133327 ], [ 287825.27592814079253, 1714136.767718882998452 ], [ 286729.785855807363987, 1714146.901288263034075 ] ], [ [ 278407.205623208661564, 1712409.769032287411392 ], [ 278080.467514876683708, 1711505.024624358396977 ], [ 279176.053701414377429, 1711494.495481517631561 ], [ 279502.773630927142221, 1712399.249759216792881 ], [ 278407.205623208661564, 1712409.769032287411392 ] ], [ [ 282136.27994416304864, 1710558.451211832929403 ], [ 281809.953196347225457, 1709653.695248431991786 ], [ 282905.55159831000492, 1709643.354988255770877 ], [ 283231.860220035305247, 1710548.1208805302158 ], [ 282136.27994416304864, 1710558.451211832929403 ] ], [ [ 277427.499435602396261, 1709695.577653037384152 ], [ 276775.208890726789832, 1707886.186340279411525 ], [ 277870.867722920258529, 1707875.617963513126597 ], [ 278523.12195890257135, 1709685.028844229876995 ], [ 277427.499435602396261, 1709695.577653037384152 ] ], [ [ 265048.811746945255436, 1708910.459574650740251 ], [ 264722.55086543597281, 1708005.876570782391354 ], [ 265818.278728068922646, 1707994.735150404740125 ], [ 266144.521351600065827, 1708899.32762872823514 ], [ 265048.811746945255436, 1708910.459574650740251 ] ], [ [ 268009.715205379063264, 1707972.608616757206619 ], [ 267683.678513406426646, 1707068.010787146631628 ], [ 269875.125961241777986, 1707046.073563039768487 ], [ 270201.126219456258696, 1707950.690481753554195 ], [ 268009.715205379063264, 1707972.608616757206619 ] ], [ [ 272836.473575365263969, 1706108.92626946629025 ], [ 273162.249843320809305, 1707013.558243482373655 ], [ 272066.548147772438824, 1707024.344616587506607 ], [ 271740.753703969763592, 1706119.722257249988616 ], [ 272836.473575365263969, 1706108.92626946629025 ] ], [ [ 272510.866722689243034, 1705204.308056495850906 ], [ 273606.598518513317686, 1705193.554489053087309 ], [ 273932.187212045420893, 1706098.182319283718243 ], [ 272836.473575365263969, 1706108.92626946629025 ], [ 272510.866722689243034, 1705204.308056495850906 ] ], [ [ 275353.634589522145689, 1706992.141689582262188 ], [ 275027.894644118845463, 1706087.490405122749507 ], [ 276123.595901699038222, 1706076.850525411544368 ], [ 276449.317700390820391, 1706981.51150563871488 ], [ 275353.634589522145689, 1706992.141689582262188 ] ], [ [ 274702.324100023368374, 1705182.852930602617562 ], [ 274376.92295992479194, 1704278.22924602474086 ], [ 276568.391856272995938, 1704256.962828999618068 ], [ 276893.75674057129072, 1705161.605834387475625 ], [ 274702.324100023368374, 1705182.852930602617562 ] ], [ [ 271535.062683281314094, 1702490.535784287145361 ], [ 271210.133518663060386, 1701585.97241603420116 ], [ 272305.937881119723897, 1701575.180623735068366 ], [ 272630.848914577858523, 1702479.753511602524668 ], [ 271535.062683281314094, 1702490.535784287145361 ] ], [ [ 239874.577543483639602, 1700100.644353741314262 ], [ 240199.679080049681943, 1701004.926202453207225 ], [ 239103.661859211162664, 1701017.232553799636662 ], [ 238778.54192258240073, 1700112.959392746677622 ], [ 239874.577543483639602, 1700100.644353741314262 ] ], [ [ 239549.645638498826884, 1699196.375444993376732 ], [ 240645.692495634488296, 1699184.103611737955362 ], [ 240970.606017461599549, 1700088.38121078396216 ], [ 239874.577543483639602, 1700100.644353741314262 ], [ 239549.645638498826884, 1699196.375444993376732 ] ], [ [ 291380.711557227303274, 1699580.346535489195958 ], [ 291056.633127315784805, 1698675.639984561596066 ], [ 292152.377633933618199, 1698665.804092061938718 ], [ 292476.438137018471025, 1699570.520603321492672 ], [ 291380.711557227303274, 1699580.346535489195958 ] ], [ [ 249089.216091555426829, 1698183.461063109571114 ], [ 248764.788426193088526, 1697279.139229507185519 ], [ 249860.808799038117286, 1697267.316343920305371 ], [ 250185.218183513410622, 1698171.647062117932364 ], [ 249089.216091555426829, 1698183.461063109571114 ] ], [ [ 252377.201803025032859, 1698148.174531425116584 ], [ 252052.828951038129162, 1697243.82596303219907 ], [ 253148.828790527331876, 1697232.158464273205027 ], [ 253473.183390904043335, 1698136.515998270129785 ], [ 252377.201803025032859, 1698148.174531425116584 ] ], [ [ 277583.117819876701105, 1697893.135561534902081 ], [ 277259.162295556277968, 1696988.573949258308858 ], [ 278355.013731083716266, 1696978.097251303028315 ], [ 278678.951226968609262, 1697882.668450680794194 ], [ 277583.117819876701105, 1697893.135561534902081 ] ], [ [ 244504.255653575673932, 1694602.110749960877001 ], [ 244180.451493011292769, 1693697.867401826195419 ], [ 245276.565840701921843, 1693685.854142287746072 ], [ 245600.351719412341481, 1694590.106196876848117 ], [ 244504.255653575673932, 1694602.110749960877001 ] ], [ [ 247594.69119553710334, 1690937.367720141308382 ], [ 247271.638440622424241, 1690033.141455384436995 ], [ 248367.797852990566753, 1690021.29994825203903 ], [ 248690.832393446617061, 1690925.534930537454784 ], [ 247594.69119553710334, 1690937.367720141308382 ] ], [ [ 278413.012453530333005, 1687901.733807782409713 ], [ 278090.992148182238452, 1686997.284720418974757 ], [ 279187.016829193395097, 1686986.90998581238091 ], [ 279509.019221724127419, 1687891.368501805933192 ], [ 278413.012453530333005, 1687901.733807782409713 ] ], [ [ 283193.974100020248443, 1679690.11121282633394 ], [ 282873.603186048974749, 1678785.718876227969304 ], [ 283969.746267159411218, 1678775.618792068446055 ], [ 284290.099398568156175, 1679680.020529718138278 ], [ 283193.974100020248443, 1679690.11121282633394 ] ], [ [ 290226.403538001934066, 1677811.648437537951395 ], [ 289906.495544206351042, 1676907.217249875422567 ], [ 291002.633018242078833, 1676897.456406753044575 ], [ 291322.523310226679314, 1677801.897136816522107 ], [ 290226.403538001934066, 1677811.648437537951395 ] ], [ [ 248248.706248535716441, 1677316.033668224001303 ], [ 247928.288090677873697, 1676411.957872783066705 ], [ 249024.684828531171661, 1676400.244353795889765 ], [ 249345.08492714582826, 1677304.328640292864293 ], [ 248248.706248535716441, 1677316.033668224001303 ] ], [ [ 250121.074649595480878, 1676388.58200064394623 ], [ 249800.862183020886732, 1675484.502045520348474 ], [ 250897.263150345213944, 1675472.882335398113355 ], [ 251217.45758414035663, 1676376.970811608014628 ], [ 250121.074649595480878, 1676388.58200064394623 ] ], [ [ 289586.75687561702216, 1676002.799794952152297 ], [ 289267.187534851254895, 1675098.396053130505607 ], [ 290363.360391453781631, 1675088.616197209106758 ], [ 290682.912044445169158, 1675993.029433433897793 ], [ 289586.75687561702216, 1676002.799794952152297 ] ], [ [ 258571.879370767826913, 1675392.976060626329854 ], [ 257293.300782313424861, 1671776.510569022968411 ], [ 258389.71942115566344, 1671765.26518547302112 ], [ 258070.516535093542188, 1670861.172606551088393 ], [ 259166.94642212492181, 1670849.969592374749482 ], [ 260444.703462903213222, 1674466.452522408217192 ], [ 259348.345260409987532, 1674477.620814991183579 ], [ 259668.226258165930631, 1675381.765386345330626 ], [ 258571.879370767826913, 1675392.976060626329854 ] ], [ [ 253546.652863936848007, 1673630.140367009909824 ], [ 253866.454141184396576, 1674534.228735256241634 ], [ 251673.650412022107048, 1674557.22961463383399 ], [ 251353.81314598096651, 1673653.158327751792967 ], [ 250257.383019715925911, 1673664.74392676516436 ], [ 249937.697328347276198, 1672760.693956140195951 ], [ 252130.58671975316247, 1672737.556858336087316 ], [ 252450.236417297361186, 1673641.623808399774134 ], [ 253546.652863936848007, 1673630.140367009909824 ] ], [ [ 253227.021148841071408, 1672726.064886705251411 ], [ 254323.448773886048002, 1672714.623964327853173 ], [ 254643.062516172853066, 1673618.708001889521256 ], [ 253546.652863936848007, 1673630.140367009909824 ], [ 253227.021148841071408, 1672726.064886705251411 ] ], [ [ 254004.004589354037307, 1671810.552819535834715 ], [ 255100.443396691902308, 1671799.15438438532874 ], [ 255419.869625170453219, 1672703.234089517965913 ], [ 254323.448773886048002, 1672714.623964327853173 ], [ 254004.004589354037307, 1671810.552819535834715 ] ], [ [ 254462.099602488975506, 1669991.033647783100605 ], [ 255558.56752820010297, 1669979.669128534384072 ], [ 256196.875450917548733, 1671787.806968105025589 ], [ 255100.443396691902308, 1671799.15438438532874 ], [ 254462.099602488975506, 1669991.033647783100605 ] ], [ [ 263414.098768087802455, 1673529.087626063963398 ], [ 263733.738572445698082, 1674433.254197912523523 ], [ 262637.400088657741435, 1674444.269215503474697 ], [ 262317.742381331103388, 1673540.1114410397131 ], [ 263414.098768087802455, 1673529.087626063963398 ] ], [ [ 262456.19635472248774, 1670816.666454489575699 ], [ 263552.599857023044024, 1670805.667371289804578 ], [ 262914.881497631489765, 1668997.434417961863801 ], [ 261818.44227250671247, 1669008.450934670167044 ], [ 261499.819497496297117, 1668104.36269561573863 ], [ 263692.727100001764484, 1668082.363197928061709 ], [ 264968.092406095238402, 1671698.864118096185848 ], [ 263871.713286761543714, 1671709.80344298412092 ], [ 264510.448632869403809, 1673518.114872467471287 ], [ 263414.098768087802455, 1673529.087626063963398 ], [ 262456.19635472248774, 1670816.666454489575699 ] ], [ [ 263374.309516995796002, 1667178.270606109406799 ], [ 264470.77134917397052, 1667167.338490901747718 ], [ 264789.171107699687127, 1668071.439793842379004 ], [ 263692.727100001764484, 1668082.363197928061709 ], [ 263374.309516995796002, 1667178.270606109406799 ] ], [ [ 241266.923874255939154, 1663780.044364648172632 ], [ 242363.586885916127358, 1663768.11290290649049 ], [ 242999.879571092984406, 1665575.905784371076152 ], [ 244096.499525588180404, 1665564.041396520333365 ], [ 243778.286339135462185, 1664660.130536985350773 ], [ 244874.917196999303997, 1664648.308812334435061 ], [ 244556.89160204376094, 1663744.402351260185242 ], [ 245653.533367162017385, 1663732.62325785914436 ], [ 245335.69534246972762, 1662828.721197010716423 ], [ 243142.368866137316218, 1662852.346463827649131 ], [ 242507.129944658401655, 1661044.612459854688495 ], [ 245797.216686508356361, 1661009.20195496105589 ], [ 246114.697543084796052, 1661913.087044019252062 ], [ 247211.361134428239893, 1661901.393117226427421 ], [ 246893.898186578415334, 1660997.499862035503611 ], [ 247990.572696937713772, 1660985.848470580531284 ], [ 248308.017745669989381, 1661889.74991891765967 ], [ 249404.667407132103108, 1661878.157447376055643 ], [ 249722.264163917425321, 1662782.079757004976273 ], [ 248625.632399138208712, 1662793.66398461535573 ], [ 248943.416654617991298, 1663697.590686522657052 ], [ 247846.795863124891184, 1663709.21742721577175 ], [ 248164.76763850855059, 1664613.148519703419879 ], [ 247068.157816367893247, 1664624.817805425496772 ], [ 247704.646057503094198, 1666432.701413348317146 ], [ 246608.065154985146364, 1666444.40501792752184 ], [ 246926.581646385689965, 1667348.357526685111225 ], [ 245830.011722198163625, 1667360.103743325686082 ], [ 246148.715801572136115, 1668264.060632496839389 ], [ 245052.156851844280027, 1668275.849493099842221 ], [ 245690.109847655025078, 1670083.784678005380556 ], [ 243497.042867920361459, 1670107.482186130946502 ], [ 243177.945527524047066, 1669203.524787038331851 ], [ 242081.383408819499891, 1669215.458231721771881 ], [ 242400.498780282912776, 1670119.40741231222637 ], [ 240207.389257964590797, 1670143.410817701602355 ], [ 240526.71037229479407, 1671047.356191100319847 ], [ 238333.608329434413463, 1671071.547249895054847 ], [ 237376.045554990763776, 1668359.797501201974228 ], [ 238472.654379052401055, 1668347.652132278541103 ], [ 238153.824182512966217, 1667443.752438415540382 ], [ 240347.056295230140677, 1667419.598297506337985 ], [ 239709.977026959270006, 1665611.804026221157983 ], [ 240806.618352098361356, 1665599.787097460590303 ], [ 240488.351208966545528, 1664695.900616663973778 ], [ 241585.003375439555384, 1664683.926437396323308 ], [ 241266.923874255939154, 1663780.044364648172632 ] ], [ [ 236279.429484793508891, 1668371.993806987768039 ], [ 235960.563167805841658, 1667468.110211616149172 ], [ 237057.197303064574953, 1667455.905870083952323 ], [ 237376.045554990763776, 1668359.797501201974228 ], [ 236279.429484793508891, 1668371.993806987768039 ] ], [ [ 252588.266416004276834, 1670917.952513509895653 ], [ 252269.143403708381811, 1670013.915582459419966 ], [ 253365.624904418829829, 1670002.449131864355877 ], [ 253684.729965291917324, 1670906.494548408780247 ], [ 252588.266416004276834, 1670917.952513509895653 ] ], [ [ 256336.14699204658973, 1669064.297444506548345 ], [ 256017.434819475398399, 1668160.252204691525549 ], [ 257113.925095883227186, 1668148.972494611516595 ], [ 257432.619369749620091, 1669053.026280225720257 ], [ 256336.14699204658973, 1669064.297444506548345 ] ], [ [ 253824.434043401328381, 1668182.964348861481994 ], [ 253505.855608820565976, 1667278.9489409069065 ], [ 254602.377288281481015, 1667267.558946372242644 ], [ 254920.937812080112053, 1668171.582822217838839 ], [ 253824.434043401328381, 1668182.964348861481994 ] ], [ [ 285302.346029975102283, 1666969.291301734512672 ], [ 284984.452484769281, 1666065.032843777211383 ], [ 286080.807734359288588, 1666055.10855073411949 ], [ 286398.683652673964389, 1666959.376236872281879 ], [ 285302.346029975102283, 1666969.291301734512672 ] ], [ [ 264439.872212186804973, 1660817.160624698968604 ], [ 265709.60003385017626, 1664433.348896650830284 ], [ 264613.097794410597999, 1664444.205431318376213 ], [ 265249.01422808796633, 1666252.36026661330834 ], [ 264152.541086320532486, 1666263.250228798482567 ], [ 262881.315045344992541, 1662647.027206473052502 ], [ 261784.764197507000063, 1662658.00251977937296 ], [ 261467.363671549072023, 1661753.98774354532361 ], [ 262563.932301143999211, 1661743.003862024983391 ], [ 261612.801150029787095, 1659031.011310895672068 ], [ 262709.416497910977341, 1659020.052491332869977 ], [ 263343.298907849937677, 1660828.051696080015972 ], [ 264439.872212186804973, 1660817.160624698968604 ] ], [ [ 284349.17348816152662, 1664256.556332454318181 ], [ 284666.728303290670738, 1665160.787860474083573 ], [ 283570.349492127657868, 1665170.772141879191622 ], [ 283252.777054745471105, 1664266.549767315154895 ], [ 284349.17348816152662, 1664256.556332454318181 ] ], [ [ 284031.788042011088692, 1663352.338240367360413 ], [ 285128.196129927877337, 1663342.386405765777454 ], [ 285445.563970365968999, 1664246.613654555287212 ], [ 284349.17348816152662, 1664256.556332454318181 ], [ 284031.788042011088692, 1663352.338240367360413 ] ], [ [ 234368.776861905993428, 1662948.878169749164954 ], [ 234050.928675926057622, 1662045.068817258113995 ], [ 235147.671050483942963, 1662032.81676167389378 ], [ 235783.501066901662853, 1663840.463603134732693 ], [ 233590.081094919529278, 1663864.986899058800191 ], [ 233272.045174758299254, 1662961.173109168186784 ], [ 234368.776861905993428, 1662948.878169749164954 ] ], [ [ 278549.657586146204267, 1663402.858391521731392 ], [ 278232.353376197861508, 1662498.698974706232548 ], [ 279328.809216582740191, 1662488.484478146070614 ], [ 279646.095780481467955, 1663392.652892586542293 ], [ 278549.657586146204267, 1663402.858391521731392 ] ], [ [ 237658.928037850419059, 1662912.298004304990172 ], [ 237341.133888556854799, 1662008.464892304735258 ], [ 236244.406111246731598, 1662020.615453955950215 ], [ 235926.763643163605593, 1661116.802644683048129 ], [ 237023.509415846376214, 1661104.644159964751452 ], [ 236071.654084841837175, 1658393.256054125027731 ], [ 237168.446508722205181, 1658381.124578956980258 ], [ 238755.63056911304011, 1662900.206160767236724 ], [ 237658.928037850419059, 1662912.298004304990172 ] ], [ [ 282618.140310738235712, 1662458.145235233940184 ], [ 281984.181091946084052, 1660649.794197215000167 ], [ 283080.647943692456465, 1660639.764386515831575 ], [ 283714.57196746498812, 1662448.133564883843064 ], [ 282618.140310738235712, 1662458.145235233940184 ] ], [ [ 275722.253193369484507, 1661615.151828317670152 ], [ 275405.252513080253266, 1660711.036768013611436 ], [ 276501.755935925641097, 1660700.703033637721092 ], [ 276818.738965356722474, 1661604.826989910332486 ], [ 275722.253193369484507, 1661615.151828317670152 ] ], [ [ 250792.877443065372063, 1656420.26745627541095 ], [ 251426.098286870284937, 1658228.022497896570712 ], [ 253619.478504987288034, 1658205.227604213403538 ], [ 252986.328917685779743, 1656397.439622781937942 ], [ 254083.044401985418517, 1656386.101538604591042 ], [ 254399.516611774364719, 1657289.997460135724396 ], [ 255496.207514556037495, 1657278.7182194320485 ], [ 256129.625041142076952, 1659086.564801797736436 ], [ 251742.96309055769234, 1659131.918964864918962 ], [ 252377.201447910338175, 1660939.749885215889663 ], [ 251280.554593070730334, 1660951.198487895540893 ], [ 250963.332770061620977, 1660047.284967828076333 ], [ 249866.66118368061143, 1660058.79251558938995 ], [ 249549.591093359689694, 1659154.899873175658286 ], [ 248452.894733097258722, 1659166.466289937030524 ], [ 247819.227641269244486, 1657358.735139704309404 ], [ 248915.959711163915927, 1657347.152394757373258 ], [ 248599.398424730374245, 1656443.297521189088002 ], [ 250792.877443065372063, 1656420.26745627541095 ] ], [ [ 255667.101105456997175, 1660905.708228189265355 ], [ 255349.95063927344745, 1660001.761436163913459 ], [ 257543.218912765587447, 1659979.303642491111532 ], [ 257860.333757969958242, 1660883.267232634825632 ], [ 255667.101105456997175, 1660905.708228189265355 ] ], [ [ 241093.037245308223646, 1660152.677137351594865 ], [ 240775.823961550631793, 1659248.849335983395576 ], [ 241872.569596651155734, 1659236.928374918410555 ], [ 242189.764947596297134, 1660140.764186878222972 ], [ 241093.037245308223646, 1660152.677137351594865 ] ], [ [ 246259.481137533148285, 1659189.751057198969647 ], [ 246576.60485336947022, 1660093.61918162368238 ], [ 245479.905451751692453, 1660105.329416924854741 ], [ 245162.763841548963683, 1659201.469411134254187 ], [ 246259.481137533148285, 1659189.751057198969647 ] ], [ [ 245942.527041803114116, 1658285.895469988230616 ], [ 247039.255206455651205, 1658274.219641577219591 ], [ 247356.191424603341147, 1659178.083350706845522 ], [ 246259.481137533148285, 1659189.751057198969647 ], [ 245942.527041803114116, 1658285.895469988230616 ] ], [ [ 278377.965950661106035, 1659776.058970854151994 ], [ 278061.357012744701933, 1658871.943649726686999 ], [ 279157.87723716662731, 1658861.744000955251977 ], [ 279474.468566864554305, 1659765.868251704843715 ], [ 278377.965950661106035, 1659776.058970854151994 ] ], [ [ 270385.542123546008952, 1658944.758092548465356 ], [ 270068.979125346872024, 1658040.717580626485869 ], [ 271165.560559120320249, 1658030.154979237122461 ], [ 271482.105889790342189, 1658934.20420771301724 ], [ 270385.542123546008952, 1658944.758092548465356 ] ], [ [ 274771.759442439186387, 1658902.846205580048263 ], [ 274455.267057379183825, 1657998.770665172021836 ], [ 275551.82339020492509, 1657988.410385376540944 ], [ 275868.298145703854971, 1658892.49475052440539 ], [ 274771.759442439186387, 1658902.846205580048263 ] ], [ [ 260199.456783832341898, 1658138.057474788744003 ], [ 259882.903879387566121, 1657234.107021843316033 ], [ 260979.561310736578889, 1657223.080655528465286 ], [ 261296.096469114068896, 1658127.039557975716889 ], [ 260199.456783832341898, 1658138.057474788744003 ] ], [ [ 269752.585592638934031, 1657136.690108898794279 ], [ 269436.361528086941689, 1656232.675658329855651 ], [ 270532.978275566711091, 1656222.09569496428594 ], [ 270849.184686826949473, 1657126.118814670015126 ], [ 269752.585592638934031, 1657136.690108898794279 ] ], [ [ 277428.647378837573342, 1657063.752664372790605 ], [ 277112.546688125759829, 1656159.676961867604405 ], [ 278209.119694630731829, 1656149.450666551012546 ], [ 278525.202798413054552, 1657053.535227530868724 ], [ 277428.647378837573342, 1657063.752664372790605 ] ], [ [ 280718.295314164017327, 1657033.251987258903682 ], [ 280402.247355857747607, 1656129.14962816471234 ], [ 281498.802071240963414, 1656119.07488210266456 ], [ 281814.83247099496657, 1657023.186180837685242 ], [ 280718.295314164017327, 1657033.251987258903682 ] ], [ [ 234024.472349014598876, 1655694.184218365000561 ], [ 233708.017744854325429, 1654790.45737856416963 ], [ 234804.889283235417679, 1654778.244096795329824 ], [ 235121.32594252214767, 1655681.978693654993549 ], [ 234024.472349014598876, 1655694.184218365000561 ] ], [ [ 257056.900877878069878, 1655448.482463301857933 ], [ 256424.910878513997886, 1653640.704346710350364 ], [ 257521.652596436993917, 1653629.54349067946896 ], [ 258153.607115606369916, 1655437.338232369162142 ], [ 257056.900877878069878, 1655448.482463301857933 ] ], [ [ 253450.608697710471461, 1654578.347688312642276 ], [ 253134.645208640984492, 1653674.489721972495317 ], [ 254231.407214976730756, 1653663.177460699575022 ], [ 254547.352938912285026, 1654567.043646677630022 ], [ 253450.608697710471461, 1654578.347688312642276 ] ], [ [ 233391.732846606173553, 1653886.742745824856684 ], [ 233075.617657034366857, 1652983.040301635628566 ], [ 234172.52506346849259, 1652970.811576716834679 ], [ 234488.622322632232681, 1653874.521730657434091 ], [ 233391.732846606173553, 1653886.742745824856684 ] ], [ [ 236682.379285625938792, 1653850.231202283874154 ], [ 236366.3178584423149, 1652946.505547831533477 ], [ 237463.203307739458978, 1652934.428240278037265 ], [ 237779.246833345619962, 1653838.161685493774712 ], [ 236682.379285625938792, 1653850.231202283874154 ] ], [ [ 269585.375834591221064, 1653510.104414857225493 ], [ 269269.847294067149051, 1652606.133284543640912 ], [ 270366.528205788054038, 1652595.569301819428802 ], [ 270682.039131016295869, 1653499.549033646006137 ], [ 269585.375834591221064, 1653510.104414857225493 ] ], [ [ 286034.673616742133163, 1653357.069825527025387 ], [ 285404.312376021232922, 1651548.877143185352907 ], [ 286500.918731440557167, 1651539.060300739016384 ], [ 287131.245032066246495, 1653347.270974119426683 ], [ 286034.673616742133163, 1653357.069825527025387 ] ], [ [ 252818.851298560184659, 1652770.644369820365682 ], [ 252503.226970179443015, 1651866.811613116413355 ], [ 253600.024485252506565, 1651855.482983490685001 ], [ 253915.631062853994081, 1652759.323912554420531 ], [ 252818.851298560184659, 1652770.644369820365682 ] ], [ [ 260496.167854560160777, 1652692.460415025474504 ], [ 260180.667581493587932, 1651788.569884220371023 ], [ 261277.418048602266936, 1651777.594132068334147 ], [ 261592.900637561513577, 1652681.493024439550936 ], [ 260496.167854560160777, 1652692.460415025474504 ] ], [ [ 267542.57612115656957, 1650808.861336034722626 ], [ 267857.783320855640341, 1651712.798058178275824 ], [ 266761.071996334125288, 1651723.471407164586708 ], [ 267076.466307288908865, 1652627.412512911017984 ], [ 265979.766171517432667, 1652638.127761692972854 ], [ 265349.111774804478046, 1650830.275403863284737 ], [ 267542.57612115656957, 1650808.861336034722626 ] ], [ [ 256890.376278486830415, 1651821.799584096064791 ], [ 256574.99245170535869, 1650917.946647001896054 ], [ 258768.562059021787718, 1650895.726564696757123 ], [ 259083.910484348307364, 1651799.596042523859069 ], [ 256890.376278486830415, 1651821.799584096064791 ] ], [ [ 282896.120325993513688, 1650664.60337725863792 ], [ 282266.705463178805076, 1648856.52588580804877 ], [ 283363.376126033137552, 1648846.58165324665606 ], [ 284307.700088767393027, 1651558.74435643106699 ], [ 281017.827332489541732, 1651588.648235550383106 ], [ 280702.83083441585768, 1650684.607401604764163 ], [ 282896.120325993513688, 1650664.60337725863792 ] ], [ [ 234322.205298281740397, 1650247.55288394796662 ], [ 234637.775537435954902, 1651151.234178137267008 ], [ 233540.839660531783011, 1651163.427831429056823 ], [ 233225.251522285398096, 1650259.754203135147691 ], [ 234322.205298281740397, 1650247.55288394796662 ] ], [ [ 234006.804764381085988, 1649343.883751651737839 ], [ 236200.726058072526939, 1649319.6169201831799 ], [ 236516.0908370706602, 1650223.301418100716546 ], [ 234322.205298281740397, 1650247.55288394796662 ], [ 234006.804764381085988, 1649343.883751651737839 ] ], [ [ 268639.298638683510944, 1650798.229854805860668 ], [ 268324.278529144008644, 1649894.297517557395622 ], [ 269421.012243947596289, 1649883.707872036611661 ], [ 269736.0147595963208, 1650787.648739940254018 ], [ 268639.298638683510944, 1650798.229854805860668 ] ], [ [ 246388.218561019632034, 1650116.663817133987322 ], [ 244194.462275202706223, 1650140.008412455907091 ], [ 243879.222336456616176, 1649236.269284087000415 ], [ 242782.315791594533948, 1649248.025029626907781 ], [ 242467.227697422320489, 1648344.306118728592992 ], [ 243564.152040668879636, 1648332.542511380044743 ], [ 242934.520388898527017, 1646525.125958811258897 ], [ 244031.47319465703913, 1646513.396966033382341 ], [ 243716.929611299856333, 1645609.699330982984975 ], [ 247007.798901271540672, 1645574.790323802037165 ], [ 247322.28924038624973, 1646478.511575475800782 ], [ 245128.418918226263486, 1646501.718239032430574 ], [ 245757.979477102606324, 1648309.166259573306888 ], [ 244661.069290432933485, 1648320.829225571360439 ], [ 244976.121797392668668, 1649224.563887102995068 ], [ 246073.014204791776137, 1649212.908836945425719 ], [ 246388.218561019632034, 1650116.663817133987322 ] ], [ [ 241522.981343306339113, 1645633.223193377489224 ], [ 241208.571877182053868, 1644729.553425760939717 ], [ 242305.567341738438699, 1644717.758606683462858 ], [ 241677.292921043350361, 1642910.440307254903018 ], [ 244968.343083555169869, 1642875.310405499534681 ], [ 245596.511066902516177, 1644682.675423386739567 ], [ 244499.536906190100126, 1644694.31960722617805 ], [ 244185.350362048862735, 1643790.638765848008916 ], [ 243088.351387292175787, 1643802.340957862325013 ], [ 243716.929611299856333, 1645609.699330982984975 ], [ 241522.981343306339113, 1645633.223193377489224 ] ], [ [ 285871.269883511704393, 1649730.902863085502759 ], [ 285556.69951083388878, 1648826.844059861497954 ], [ 287749.999176817480475, 1648807.30761910090223 ], [ 288064.534687258827034, 1649711.384329291293398 ], [ 285871.269883511704393, 1649730.902863085502759 ] ], [ [ 252654.222226595855318, 1649144.035723588895053 ], [ 252339.29397411699756, 1648240.245083752321079 ], [ 253436.155570088565582, 1648228.934308656025678 ], [ 253751.066110064275563, 1649132.733053486095741 ], [ 252654.222226595855318, 1649144.035723588895053 ] ], [ [ 288532.29144747153623, 1647893.54244543146342 ], [ 288218.112056106096134, 1646989.483366768574342 ], [ 287121.436228989216033, 1646999.194075967650861 ], [ 286807.408796805771999, 1646095.157204868271947 ], [ 291194.14660909131635, 1646056.579884626204148 ], [ 291822.231753669970203, 1647864.738693613326177 ], [ 288532.29144747153623, 1647893.54244543146342 ] ], [ [ 290880.358039866085164, 1645152.520493273390457 ], [ 289783.664965691044927, 1645162.098503292305395 ], [ 289470.02838187047746, 1644258.061386123299599 ], [ 291663.443442695133854, 1644238.937595236115158 ], [ 292290.816547073074616, 1646047.061054049292579 ], [ 291194.14660909131635, 1646056.579884626204148 ], [ 290880.358039866085164, 1645152.520493273390457 ] ], [ [ 234473.512876550492365, 1647524.408034069929272 ], [ 234158.639335501589812, 1646620.767678307369351 ], [ 236352.653125744313002, 1646596.555594262667 ], [ 236667.490974511194509, 1647500.211228271247819 ], [ 234473.512876550492365, 1647524.408034069929272 ] ], [ [ 233997.924178418354131, 1642994.165740587050095 ], [ 234940.96390502009308, 1645705.000650333240628 ], [ 231649.856573776050936, 1645741.567768054781482 ], [ 231020.886659244773909, 1643934.377647308632731 ], [ 228826.706559102341998, 1643959.036903072847053 ], [ 228512.440487323619891, 1643055.474740583915263 ], [ 229609.55213556525996, 1643043.11258614808321 ], [ 229295.473665917059407, 1642139.554968133801594 ], [ 232586.817321142123546, 1642102.747209575027227 ], [ 232900.842289368039928, 1643006.327189770061523 ], [ 233997.924178418354131, 1642994.165740587050095 ] ], [ [ 239014.559431354835397, 1644753.293711319100112 ], [ 238700.28407592343865, 1643849.651590570341796 ], [ 239797.311676449055085, 1643837.7486492106691 ], [ 240111.569250526721589, 1644741.398460056399927 ], [ 239014.559431354835397, 1644753.293711319100112 ] ], [ [ 242460.451771750609623, 1641995.031657675048336 ], [ 242146.756448976550018, 1641091.395363868912682 ], [ 243243.808609857107513, 1641079.669918301748112 ], [ 243557.486211154726334, 1641983.313939819810912 ], [ 242460.451771750609623, 1641995.031657675048336 ] ], [ [ 231332.414704222173896, 1638488.547307947650552 ], [ 231645.760764536331408, 1639392.07931697438471 ], [ 228354.256735945993569, 1639428.953739796066657 ], [ 228667.825963337905705, 1640332.475563173182309 ], [ 227570.660778016317636, 1640344.85984737589024 ], [ 226317.331116471264977, 1636730.873030359158292 ], [ 228511.796496233844664, 1636706.096095498418435 ], [ 229138.050568477017805, 1638513.094935438828543 ], [ 230235.236372563405894, 1638500.796101503772661 ], [ 229922.042258261411916, 1637597.283403561450541 ], [ 232116.427045761956833, 1637572.82110029971227 ], [ 232429.585593895928469, 1638476.348552962066606 ], [ 231332.414704222173896, 1638488.547307947650552 ] ], [ [ 298559.649654938140884, 1638739.963590194936842 ], [ 298247.371182328672148, 1637835.929841680685058 ], [ 299344.145654867053963, 1637826.780313207302243 ], [ 299656.406917005719151, 1638730.823125767055899 ], [ 298559.649654938140884, 1638739.963590194936842 ] ], [ [ 230706.231787977565546, 1636681.519113391637802 ], [ 230393.39493756426964, 1635778.022891510743648 ], [ 232587.835902881517541, 1635753.631132480455562 ], [ 232900.637235354981385, 1636657.142069521360099 ], [ 230706.231787977565546, 1636681.519113391637802 ] ], [ [ 296541.412587963510305, 1629690.995669470401481 ], [ 297785.378723695408553, 1633306.766853097127751 ], [ 296688.518305206787772, 1633315.961350847268477 ], [ 296377.255644927034155, 1632412.007570161251351 ], [ 295280.372416591504589, 1632421.260771400760859 ], [ 294969.261897287797183, 1631517.329125691903755 ], [ 293872.355817222734913, 1631526.640954286092892 ], [ 292629.53832668508403, 1627911.08152903849259 ], [ 294823.482060419861227, 1627892.43721354031004 ], [ 295444.48354058113182, 1629700.225722324335948 ], [ 296541.412587963510305, 1629690.995669470401481 ] ], [ [ 232761.294851934362669, 1626682.743553247302771 ], [ 232450.413638983329292, 1625779.341449182247743 ], [ 233547.795341431046836, 1625767.289621820440516 ], [ 233858.658918487781193, 1626670.698948662960902 ], [ 232761.294851934362669, 1626682.743553247302771 ] ], [ [ 311999.603607153054327, 1610533.744169435463846 ], [ 313096.774992257822305, 1610525.364960084203631 ], [ 313403.601677314378321, 1611429.195981847355142 ], [ 312306.447096197749488, 1611437.566254590870813 ], [ 311999.603607153054327, 1610533.744169435463846 ] ], [ [ 310902.426999031915329, 1610542.172480838373303 ], [ 310595.735926499706693, 1609638.372578877722844 ], [ 309498.537249736778904, 1609646.858852960402146 ], [ 308885.62919472088106, 1607839.316445189993829 ], [ 309982.86148034123471, 1607830.812521303072572 ], [ 310289.214086102321744, 1608734.585931922309101 ], [ 311386.424299086793326, 1608726.139870528131723 ], [ 311999.603607153054327, 1610533.744169435463846 ], [ 310902.426999031915329, 1610542.172480838373303 ] ], [ [ 306384.914881542033982, 1606952.737460999051109 ], [ 306078.850365436868742, 1606049.016688294010237 ], [ 307176.126921223476529, 1606040.39726716815494 ], [ 307788.391597687499598, 1607847.869392303749919 ], [ 305593.900347287766635, 1607865.122361273970455 ], [ 305287.649749005446211, 1606961.39716749638319 ], [ 306384.914881542033982, 1606952.737460999051109 ] ], [ [ 303884.281051195051987, 1606066.402446483494714 ], [ 304190.379204354365356, 1606970.105873929103836 ], [ 303093.10321705363458, 1606978.863581585464999 ], [ 302786.988231670868117, 1606075.168786115711555 ], [ 303884.281051195051987, 1606066.402446483494714 ] ], [ [ 303578.352175920794252, 1605162.712084798375145 ], [ 304675.65635960677173, 1605153.98608314525336 ], [ 304981.568418939248659, 1606057.685080972267315 ], [ 303884.281051195051987, 1606066.402446483494714 ], [ 303578.352175920794252, 1605162.712084798375145 ] ], [ [ 308273.398116825788748, 1606031.826816320419312 ], [ 307967.53645057848189, 1605128.10174744320102 ], [ 309064.819095992716029, 1605119.571521045872942 ], [ 309370.663982780883089, 1606023.305334484903142 ], [ 308273.398116825788748, 1606031.826816320419312 ] ], [ [ 273517.132816666387953, 1600889.582204150501639 ], [ 273211.780354243819602, 1599986.181309179868549 ], [ 274309.338624195079319, 1599976.135134052950889 ], [ 274614.674075419432484, 1600879.543823624961078 ], [ 273517.132816666387953, 1600889.582204150501639 ] ], [ [ 261762.078984386404045, 1585595.456329328473657 ], [ 260664.203677539888304, 1585605.962866441579536 ], [ 260361.614312991907354, 1584702.820458531146869 ], [ 262557.392179463116918, 1584681.841316525824368 ], [ 262859.947649815992918, 1585584.998188987839967 ], [ 263957.809704474115279, 1585574.588443871820346 ], [ 262748.672906628868077, 1581962.003482855390757 ], [ 263846.596033808367793, 1581951.613067282596603 ], [ 264148.608990909298882, 1582854.748652242124081 ], [ 265246.508638927945867, 1582844.413779777707532 ], [ 264944.51257483480731, 1581941.27093560132198 ], [ 267140.326021099230275, 1581920.731517798267305 ], [ 268046.721532908326481, 1584630.239877499174327 ], [ 265851.009406159748323, 1584650.735360899241641 ], [ 266153.514104079687968, 1585553.914133158978075 ], [ 265055.66517901327461, 1585564.227092440240085 ], [ 265661.217042275471613, 1587370.605966920498759 ], [ 264563.395437966799363, 1587380.952650612220168 ], [ 264260.517795519554056, 1586477.764555335510522 ], [ 263162.672681502590422, 1586488.167004961986095 ], [ 263465.56727190699894, 1587391.347782115219161 ], [ 262367.732513454509899, 1587401.791362967109308 ], [ 261762.078984386404045, 1585595.456329328473657 ] ], [ [ 267251.356510327546857, 1585543.649564502760768 ], [ 267554.013834530138411, 1586446.847724820254371 ], [ 266456.188341388711706, 1586457.104916793294251 ], [ 266153.514104079687968, 1585553.914133158978075 ], [ 267251.356510327546857, 1585543.649564502760768 ] ], [ [ 270052.438454807852395, 1587329.703679751371965 ], [ 269447.021888950490393, 1585523.265592994634062 ], [ 270544.844922615739051, 1585513.146187125705183 ], [ 271150.227709960308857, 1587319.599212292581797 ], [ 270052.438454807852395, 1587329.703679751371965 ] ], [ [ 273043.044728021661285, 1586396.28797743562609 ], [ 272740.471831879287492, 1585493.052527672611177 ], [ 273838.27576877118554, 1585483.07827111473307 ], [ 274443.557330459589139, 1587289.57643636665307 ], [ 272248.010587195691187, 1587309.543183566071093 ], [ 271945.251323483302258, 1586406.303103581303731 ], [ 273043.044728021661285, 1586396.28797743562609 ] ], [ [ 256463.125582097651204, 1582928.445552844787017 ], [ 256160.99411707604304, 1582025.360024652676657 ], [ 257258.957405159977498, 1582014.679873179411516 ], [ 257561.071912928833626, 1582917.772471158765256 ], [ 256463.125582097651204, 1582928.445552844787017 ] ], [ [ 258356.91392308610375, 1582004.048014933709055 ], [ 257451.638817486295011, 1579294.819692462449893 ], [ 258549.63936849575839, 1579284.214889501454309 ], [ 258851.211221968260361, 1580187.286277088103816 ], [ 259949.18812896750751, 1580176.736766339046881 ], [ 260250.912659173918655, 1581079.827052623732015 ], [ 259152.952667191129876, 1581090.369457527529448 ], [ 259454.86370152948075, 1581993.464448341401294 ], [ 258356.91392308610375, 1582004.048014933709055 ] ], [ [ 254761.045212579629151, 1581133.021723121870309 ], [ 254459.236015511327423, 1580229.966695472598076 ], [ 255557.240015252580633, 1580219.224231415893883 ], [ 255859.032260582782328, 1581122.286256676306948 ], [ 254761.045212579629151, 1581133.021723121870309 ] ], [ [ 274416.726509576197714, 1577324.602415301138535 ], [ 274717.706737207714468, 1578227.758685679640621 ], [ 276913.526910477259662, 1578208.124621701892465 ], [ 277214.643107724608853, 1579111.307948351139203 ], [ 273920.953724999213591, 1579140.80888182297349 ], [ 273318.790245190728456, 1577334.499102500732988 ], [ 274416.726509576197714, 1577324.602415301138535 ] ], [ [ 287892.25924443610711, 1578112.843447216553614 ], [ 287591.479488801560365, 1577209.596057638758793 ], [ 285395.748020601342432, 1577228.282568342750892 ], [ 284494.325300615513697, 1574518.660517829935998 ], [ 285592.243965053232387, 1574509.270193746546283 ], [ 286192.989730966975912, 1576315.687932804692537 ], [ 287290.869135373330209, 1576306.361015914706513 ], [ 286990.428186686476693, 1575403.138304234482348 ], [ 288088.318288165377453, 1575393.851750935427845 ], [ 289291.031927587231621, 1579006.84768155310303 ], [ 287095.378963602473959, 1579025.406892626080662 ], [ 286794.413144951686263, 1578122.154902118025348 ], [ 287892.25924443610711, 1578112.843447216553614 ] ], [ [ 284992.175867575220764, 1572702.901542799081653 ], [ 287188.061749866174068, 1572684.234380051493645 ], [ 287487.977858383907005, 1573587.427865252830088 ], [ 286390.054513719631359, 1573596.729799857828766 ], [ 286690.156645289971493, 1574499.927904806099832 ], [ 285592.243965053232387, 1574509.270193746546283 ], [ 284992.175867575220764, 1572702.901542799081653 ] ], [ [ 277710.497658797481563, 1577295.201140231685713 ], [ 277409.737139550794382, 1576392.034601052291691 ], [ 276311.802935971238185, 1576401.794372414238751 ], [ 276011.195163857657462, 1575498.647414406295866 ], [ 278207.090796790318564, 1575479.161038250429556 ], [ 278507.66513162618503, 1576382.322930315509439 ], [ 279605.586942880705465, 1576372.659358766628429 ], [ 279906.314028424327262, 1577275.840931135462597 ], [ 277710.497658797481563, 1577295.201140231685713 ] ], [ [ 284592.999473139760084, 1568177.798361458815634 ], [ 283995.336520194076002, 1566371.585435307351872 ], [ 290583.583229340147227, 1566316.126857025548816 ], [ 291181.047693099593744, 1568122.430733171058819 ], [ 292279.035136814578436, 1568113.370228749932721 ], [ 293176.45262300822651, 1570822.941563007188961 ], [ 289882.62159169325605, 1570850.197259970474988 ], [ 290481.846093118889257, 1572656.5934690060094 ], [ 291579.762468900065869, 1572647.4757820146624 ], [ 291879.612225033342838, 1573550.700166079914197 ], [ 292977.506217099493369, 1573541.638244302244857 ], [ 293277.508776445058174, 1574444.88283221446909 ], [ 294375.38042625086382, 1574435.876750949304551 ], [ 294675.535780783742666, 1575339.141632544342428 ], [ 296871.22877969534602, 1575321.289351742248982 ], [ 297171.520361160044558, 1576224.582558047026396 ], [ 296073.693271501222625, 1576233.476732289884239 ], [ 296374.170759890694171, 1577136.774507384514436 ], [ 294178.532641730620526, 1577154.691242733737454 ], [ 293878.021991287590936, 1576251.409313566982746 ], [ 292780.177739394363016, 1576260.447723255027086 ], [ 293080.704984407988377, 1577163.721770107280463 ], [ 291982.871554039069451, 1577172.800405726302415 ], [ 291381.953232492262032, 1575366.280442437157035 ], [ 290284.080780394258909, 1575375.422821400687099 ], [ 288186.086167529399972, 1569053.046693726675585 ], [ 287088.091765690594912, 1569062.290950792841613 ], [ 287387.313655927195214, 1569965.443011020077392 ], [ 286289.32988026808016, 1569974.727542102104053 ], [ 285691.022372571111191, 1568168.450821148697287 ], [ 284592.999473139760084, 1568177.798361458815634 ] ], [ [ 270220.824139659292996, 1574645.106571126496419 ], [ 270521.346147335949354, 1575548.204692679457366 ], [ 269423.357252689136658, 1575558.260389409959316 ], [ 269122.818474558764137, 1574655.169536412926391 ], [ 270220.824139659292996, 1574645.106571126496419 ] ], [ [ 269620.288684963306878, 1572838.946183340623975 ], [ 270718.321436982718296, 1572828.91674940707162 ], [ 271318.823390958015807, 1574635.091661093756557 ], [ 270220.824139659292996, 1574645.106571126496419 ], [ 269620.288684963306878, 1572838.946183340623975 ] ], [ [ 274612.782968948886264, 1574605.335247720591724 ], [ 274913.237985830346588, 1575508.462714246939868 ], [ 272717.304753228789195, 1575528.237544717732817 ], [ 272116.497269775951281, 1573722.024067481281236 ], [ 273214.500521373585798, 1573712.097936189034954 ], [ 273514.802774914831389, 1574615.206000862875953 ], [ 274612.782968948886264, 1574605.335247720591724 ] ], [ [ 272914.367767801799346, 1572809.001878920244053 ], [ 275110.388738972600549, 1572789.278995123691857 ], [ 275410.488062787218951, 1573692.389743387466297 ], [ 273214.500521373585798, 1573712.097936189034954 ], [ 272914.367767801799346, 1572809.001878920244053 ] ], [ [ 274810.458903070772067, 1571886.180281554581597 ], [ 275908.476649470627308, 1571876.38346732314676 ], [ 276208.389791428751778, 1572779.489544579293579 ], [ 275110.388738972600549, 1572789.278995123691857 ], [ 274810.458903070772067, 1571886.180281554581597 ] ], [ [ 325413.263753880164586, 1575106.695750529645011 ], [ 325113.568741533439606, 1574203.19965680828318 ], [ 326211.286417830327991, 1574195.585767311742529 ], [ 326510.965119049767964, 1575099.090511912945658 ], [ 325413.263753880164586, 1575106.695750529645011 ] ], [ [ 330302.664510117901955, 1573262.083658661227673 ], [ 330602.10893451271113, 1574165.610085338586941 ], [ 329504.410472305084113, 1574173.032026654807851 ], [ 329804.040293545927852, 1575076.562886725412682 ], [ 328706.353358231601305, 1575084.024081125622615 ], [ 328107.230282501666807, 1573276.992973485728726 ], [ 330302.664510117901955, 1573262.083658661227673 ] ], [ [ 331999.39994887780631, 1575061.784534392878413 ], [ 331400.374504942796193, 1573254.700937507441267 ], [ 332498.079794654040597, 1573247.366172400303185 ], [ 333097.072730194078758, 1575054.467374273808673 ], [ 331999.39994887780631, 1575061.784534392878413 ] ], [ [ 320722.648928179056384, 1574234.135124604217708 ], [ 320423.057767998077907, 1573330.686353740515187 ], [ 321520.811488479201216, 1573322.871978155104443 ], [ 321820.386309057474136, 1574226.329268901841715 ], [ 320722.648928179056384, 1574234.135124604217708 ] ], [ [ 277606.450526440283284, 1573672.873633914161474 ], [ 277006.488138972315937, 1571866.634618311887607 ], [ 278104.493402271065861, 1571856.933733077254146 ], [ 278704.422430834209081, 1573663.187606809427962 ], [ 277606.450526440283284, 1573672.873633914161474 ] ], [ [ 326710.181877365917899, 1572381.032379383454099 ], [ 327009.505988391872961, 1573284.519569362746552 ], [ 324814.042886280978564, 1573299.716643614228815 ], [ 324514.686190559994429, 1572396.246692717308179 ], [ 326710.181877365917899, 1572381.032379383454099 ] ], [ [ 326411.026913973852061, 1571477.558278356678784 ], [ 329704.283034944033716, 1571455.070310624316335 ], [ 330003.389209455461241, 1572358.570406516548246 ], [ 326710.181877365917899, 1572381.032379383454099 ], [ 326411.026913973852061, 1571477.558278356678784 ] ], [ [ 283594.427400150336325, 1571809.148713523056358 ], [ 283294.800294004264288, 1570906.002528571290895 ], [ 285490.764603423478547, 1570887.209074463928118 ], [ 285790.358490244136192, 1571790.370402410393581 ], [ 283594.427400150336325, 1571809.148713523056358 ] ], [ [ 274211.107705303118564, 1570080.0188882087823 ], [ 276407.203654922253918, 1570060.443850527750328 ], [ 276706.76115773525089, 1570963.533212237991393 ], [ 274510.69855765812099, 1570983.093585102818906 ], [ 274211.107705303118564, 1570080.0188882087823 ] ], [ [ 273113.050287238496821, 1570089.878275088733062 ], [ 272514.343717244337313, 1568283.779326261254027 ], [ 273612.4344900730066, 1568273.905422959942371 ], [ 273313.35213234310504, 1567370.866619584150612 ], [ 274411.453238623798825, 1567361.033322891918942 ], [ 275009.754132892470807, 1569167.137402486056089 ], [ 273911.686348585761152, 1569176.956173334270716 ], [ 274211.107705303118564, 1570080.0188882087823 ], [ 273113.050287238496821, 1570089.878275088733062 ] ], [ [ 273813.830328449781518, 1565554.977050781715661 ], [ 274911.958407058031298, 1565545.17709329049103 ], [ 275509.548042694106698, 1567351.247856013709679 ], [ 274411.453238623798825, 1567361.033322891918942 ], [ 273813.830328449781518, 1565554.977050781715661 ] ], [ [ 274613.417828700970858, 1564642.159629547270015 ], [ 275711.556234944378957, 1564632.400207355851308 ], [ 276010.080196079041343, 1565535.424909999826923 ], [ 274911.958407058031298, 1565545.17709329049103 ], [ 274613.417828700970858, 1564642.159629547270015 ] ], [ [ 277804.783089527045377, 1570953.82493156963028 ], [ 277205.870879922294989, 1569147.643511272734031 ], [ 278303.919904067530297, 1569137.968388020759448 ], [ 278902.798816751630511, 1570944.164586157305166 ], [ 277804.783089527045377, 1570953.82493156963028 ] ], [ [ 324416.766444247274194, 1568774.831824588123709 ], [ 324715.430209369049408, 1569678.258224534569308 ], [ 323617.631084953143727, 1569685.915031796554103 ], [ 323916.480287457932718, 1570589.34590499009937 ], [ 322818.692522566532716, 1570597.042054838500917 ], [ 322221.130725681199692, 1568790.210298786638305 ], [ 324416.766444247274194, 1568774.831824588123709 ] ], [ [ 326112.041100645787083, 1570574.097248063888401 ], [ 325514.576933910546359, 1568767.21432689926587 ], [ 326612.382551396032795, 1568759.64465397852473 ], [ 327209.814210285199806, 1570566.544738728553057 ], [ 326112.041100645787083, 1570574.097248063888401 ] ], [ [ 329106.578074075747281, 1569648.109514579875395 ], [ 329405.345989010995254, 1570551.583352726185694 ], [ 328307.582496185437776, 1570559.040107319597155 ], [ 328008.798341493471526, 1569655.574916442856193 ], [ 329106.578074075747281, 1569648.109514579875395 ] ], [ [ 328807.979292560659815, 1568744.648777965689078 ], [ 329905.770477592363022, 1568737.222572654252872 ], [ 330204.353035384439863, 1569640.691961287287995 ], [ 329106.578074075747281, 1569648.109514579875395 ], [ 328807.979292560659815, 1568744.648777965689078 ] ], [ [ 284093.344394229934551, 1569993.440296406624839 ], [ 283794.072759397444315, 1569090.310938206734136 ], [ 284892.085092328954488, 1569080.923071653349325 ], [ 285191.340136603976134, 1569984.059970103669912 ], [ 284093.344394229934551, 1569993.440296406624839 ] ], [ [ 280200.847400746657513, 1568215.666977828135714 ], [ 279901.864851185819134, 1567312.584257765673101 ], [ 280999.92860494623892, 1567303.037918361835182 ], [ 281298.894551459234208, 1568206.128052669810131 ], [ 280200.847400746657513, 1568215.666977828135714 ] ], [ [ 306571.464255723694805, 1558039.383930585579947 ], [ 306274.78885968180839, 1557136.229869844624773 ], [ 307372.877696737181395, 1557127.886096138972789 ], [ 307076.387864651740529, 1556224.736627711681649 ], [ 308174.487579622655176, 1556216.43243555049412 ], [ 307878.183290564804338, 1555313.287558989599347 ], [ 308976.293889173539355, 1555305.022915089037269 ], [ 310162.461666924878955, 1558917.709255042951554 ], [ 312358.536895825061947, 1558901.386136410525069 ], [ 312061.773563977098092, 1557998.179699874483049 ], [ 314257.8602868556045, 1557982.030583732994273 ], [ 314554.591140063479543, 1558885.253164941444993 ], [ 315652.610469750361517, 1558877.257981401868165 ], [ 316543.769706021994352, 1561587.026241607964039 ], [ 315445.79909774963744, 1561594.996952646644786 ], [ 315148.560547959757969, 1560691.73633153620176 ], [ 314050.568525026727002, 1560699.762810980668291 ], [ 314645.247372266836464, 1562506.28044141153805 ], [ 312449.312796691840049, 1562522.44367875601165 ], [ 312151.856201555114239, 1561619.19478521682322 ], [ 311053.864776646252722, 1561627.355966539354995 ], [ 311648.979801598121412, 1563433.850211094133556 ], [ 312746.938638341729529, 1563425.705239083617926 ], [ 313044.733724038116634, 1564328.979484087554738 ], [ 310848.84340616222471, 1564345.300853867083788 ], [ 311146.840366660326254, 1565248.571507776156068 ], [ 308950.961577829672024, 1565265.06750499131158 ], [ 309547.528638171497732, 1567071.614353982498869 ], [ 302959.959762244427111, 1567122.151759196072817 ], [ 303258.595539353904314, 1568025.395868478575721 ], [ 302160.664732348639518, 1568033.978086320217699 ], [ 301563.529645577305928, 1566227.518290800740942 ], [ 302661.493291644728743, 1566218.920182842761278 ], [ 302363.196130044350866, 1565315.701121587306261 ], [ 301265.216075321892276, 1565324.307141093304381 ], [ 300669.096893552108668, 1563517.922248804476112 ], [ 301767.109743822016753, 1563509.300473154056817 ], [ 301469.320524176233448, 1562606.118850412778556 ], [ 302567.344212830998003, 1562597.536889019887894 ], [ 302269.740682839998044, 1561694.359860798809677 ], [ 303367.775215474597644, 1561685.817680448293686 ], [ 302773.108802298549563, 1559879.485265458934009 ], [ 303871.170522840693593, 1559870.974973767297342 ], [ 303574.107613921631128, 1558967.819591182749718 ], [ 304672.180173508357257, 1558959.349009199533612 ], [ 304969.226760284916963, 1559862.512255818583071 ], [ 307165.322908791946247, 1559845.729536144994199 ], [ 307759.858693355577998, 1561652.125238822540268 ], [ 308857.866053265926894, 1561643.821192122995853 ], [ 307966.365207537426613, 1558934.222530508646742 ], [ 309064.416106405667961, 1558925.942122563021258 ], [ 308767.603990010451525, 1558022.759699600748718 ], [ 306571.464255723694805, 1558039.383930585579947 ] ], [ [ 301171.700623498763889, 1561702.949671646114439 ], [ 300874.250044276355766, 1560799.79291912028566 ], [ 301972.306467045389581, 1560791.195281086023897 ], [ 302269.740682839998044, 1561694.359860798809677 ], [ 301171.700623498763889, 1561702.949671646114439 ] ], [ [ 304375.30288659397047, 1558056.198224644875154 ], [ 305473.38629087980371, 1558047.767319110687822 ], [ 305770.247271818632726, 1558950.925972589757293 ], [ 304672.180173508357257, 1558959.349009199533612 ], [ 304375.30288659397047, 1558056.198224644875154 ] ], [ [ 315037.022797700425144, 1567030.814002715749666 ], [ 315335.478510094282683, 1567934.147420234745368 ], [ 314237.606458116031718, 1567942.203669319860637 ], [ 313939.134420828369912, 1567038.878506336128339 ], [ 315037.022797700425144, 1567030.814002715749666 ] ], [ [ 314440.619056351017207, 1565224.185486022615805 ], [ 316636.445545283844694, 1565208.166773525299504 ], [ 316934.530207004165277, 1566111.491152550792322 ], [ 315836.635831823572516, 1566119.468381959479302 ], [ 316134.906008445075713, 1567022.797280013794079 ], [ 315037.022797700425144, 1567030.814002715749666 ], [ 314440.619056351017207, 1565224.185486022615805 ] ], [ [ 318236.654949575429782, 1563385.695459373062477 ], [ 317047.492275683616754, 1559772.561872032936662 ], [ 318145.485112616792321, 1559764.669943261425942 ], [ 318442.505737855448388, 1560667.942420413950458 ], [ 319540.477277241763659, 1560660.106288528535515 ], [ 319837.650889477576129, 1561563.399791420670226 ], [ 318739.695571173913777, 1561571.227662164252251 ], [ 319037.054610128863715, 1562474.525686444481835 ], [ 322330.856831762182992, 1562451.209838005015627 ], [ 322033.546451100497507, 1561547.886882093502209 ], [ 326425.278134334716015, 1561517.432360072154552 ], [ 327019.938540993374772, 1563324.158472514245659 ], [ 325922.045330920489505, 1563331.683779033599421 ], [ 325624.61436883918941, 1562428.322713092435151 ], [ 324526.700103586015757, 1562435.904120676685125 ], [ 325419.549055256240536, 1565146.000802244059741 ], [ 324321.678508196724579, 1565153.60453390236944 ], [ 324917.789396609179676, 1566960.383470529923216 ], [ 326015.627493243664503, 1566952.796723537612706 ], [ 325717.503695517429151, 1566049.392270808573812 ], [ 326815.353152852738276, 1566041.844762545311823 ], [ 327113.460730642545968, 1566945.257745914626867 ], [ 328211.289139486034401, 1566937.766536545241252 ], [ 328509.549646891537122, 1567841.201124681625515 ], [ 323020.440190224268008, 1567879.092235985677689 ], [ 322423.925992122094613, 1566072.321253486676142 ], [ 320228.182773456326686, 1566087.845968176610768 ], [ 319334.582852278195787, 1563377.836511205881834 ], [ 318236.654949575429782, 1563385.695459373062477 ] ], [ [ 317848.633697901444975, 1558861.410212793387473 ], [ 318946.637657810933888, 1558853.55762537708506 ], [ 319243.472865873540286, 1559756.825572489993647 ], [ 318145.485112616792321, 1559764.669943261425942 ], [ 317848.633697901444975, 1558861.410212793387473 ] ], [ [ 326517.414725350972731, 1565138.444785677827895 ], [ 327615.275549169164151, 1565130.936483085155487 ], [ 327913.197772773331963, 1566034.344995394814759 ], [ 326815.353152852738276, 1566041.844762545311823 ], [ 326517.414725350972731, 1565138.444785677827895 ] ], [ [ 267822.750992549932562, 1567420.750601481413469 ], [ 267523.754752288921736, 1566517.759468411561102 ], [ 268621.904525753459893, 1566507.67990665580146 ], [ 268920.88407069479581, 1567410.678133729845285 ], [ 267822.750992549932562, 1567420.750601481413469 ] ], [ [ 271916.31517971114954, 1566477.728076003026217 ], [ 272215.244693130371161, 1567380.747747546993196 ], [ 271117.130890263302717, 1567390.676708244020119 ], [ 270818.184708737535402, 1566487.664211934199557 ], [ 271916.31517971114954, 1566477.728076003026217 ] ], [ [ 271020.54372936434811, 1563768.740329998545349 ], [ 272118.717760717438068, 1563758.830526738427579 ], [ 273014.439277971978299, 1566467.839745727134869 ], [ 271916.31517971114954, 1566477.728076003026217 ], [ 271020.54372936434811, 1563768.740329998545349 ] ], [ [ 294881.060798549791798, 1562658.611500246450305 ], [ 295775.231901702936739, 1565368.053386718267575 ], [ 294677.218072008050513, 1565376.945874531054869 ], [ 294975.630282293597702, 1566280.110124232247472 ], [ 293877.627187341218814, 1566289.042639531893656 ], [ 293280.939193613012321, 1564482.741902443114668 ], [ 294378.975224067689851, 1564473.793965867953375 ], [ 293782.997625260031782, 1562667.527100890642032 ], [ 294881.060798549791798, 1562658.611500246450305 ] ], [ [ 294583.342486008594278, 1561755.488848901586607 ], [ 295681.416350814979523, 1561746.613228110130876 ], [ 295979.118239008705132, 1562649.743566257180646 ], [ 294881.060798549791798, 1562658.611500246450305 ], [ 294583.342486008594278, 1561755.488848901586607 ] ], [ [ 295086.520650402759202, 1559940.389478885103017 ], [ 296184.621613093942869, 1559931.546135301701725 ], [ 296779.484504560939968, 1561737.78524555452168 ], [ 295681.416350814979523, 1561746.613228110130876 ], [ 295086.520650402759202, 1559940.389478885103017 ] ], [ [ 289187.062259535188787, 1565422.124579458963126 ], [ 288888.737001242523547, 1564519.010897171450779 ], [ 289986.79632135189604, 1564509.872058546636254 ], [ 290285.105079611588735, 1565412.993331909878179 ], [ 289187.062259535188787, 1565422.124579458963126 ] ], [ [ 296873.240025457635056, 1565359.208646873943508 ], [ 296575.030078835319728, 1564456.041257945355028 ], [ 297673.048964576679282, 1564447.236483968561515 ], [ 297971.242473985999823, 1565350.411653688410297 ], [ 296873.240025457635056, 1565359.208646873943508 ] ], [ [ 332006.670995563268661, 1565101.380390323698521 ], [ 331708.982615889166482, 1564197.950564832892269 ], [ 332806.83582122460939, 1564190.672166738659143 ], [ 333104.508048397430684, 1565094.110641066916287 ], [ 332006.670995563268661, 1565101.380390323698521 ] ], [ [ 275413.2017628729227, 1563729.387448824709281 ], [ 275115.016782420279924, 1562826.386616960400715 ], [ 276213.182115134550259, 1562816.660475383047014 ], [ 276511.350502068526112, 1563719.668528629466891 ], [ 275413.2017628729227, 1563729.387448824709281 ] ], [ [ 291884.790981096215546, 1563588.613304440397769 ], [ 291586.853957306244411, 1562685.501307432539761 ], [ 292684.928688421379775, 1562676.490369509905577 ], [ 292982.849253693479113, 1563579.609994291327894 ], [ 291884.790981096215546, 1563588.613304440397769 ] ], [ [ 267129.549882345250808, 1561992.865764555288479 ], [ 266831.587588031194173, 1561089.938213340705261 ], [ 267929.830859618086834, 1561079.864203754579648 ], [ 268227.776511831325479, 1561982.798742243787274 ], [ 267129.549882345250808, 1561992.865764555288479 ] ], [ [ 297877.546977978548966, 1561729.004899927182123 ], [ 297580.047254888399038, 1560825.871466296492144 ], [ 298678.120468927372713, 1560817.131010441342369 ], [ 298975.60380179079948, 1561720.2721899272874 ], [ 297877.546977978548966, 1561729.004899927182123 ] ], [ [ 331914.833821867709048, 1561480.435296166921034 ], [ 331617.838057498447597, 1560577.049129665596411 ], [ 332715.751094873645343, 1560569.783930871635675 ], [ 333012.730744249769486, 1561473.178684193873778 ], [ 331914.833821867709048, 1561480.435296166921034 ] ], [ [ 320638.443772536993492, 1560652.317740614758804 ], [ 320044.636555913602933, 1558845.752567666815594 ], [ 321142.630422930466011, 1558837.995038506807759 ], [ 321736.405254451383371, 1560644.576775518478826 ], [ 320638.443772536993492, 1560652.317740614758804 ] ], [ [ 246168.292007759388071, 1558571.06822574371472 ], [ 245870.707355542195728, 1557668.306986907497048 ], [ 246969.139827727805823, 1557657.349306696560234 ], [ 247266.70770400101901, 1558560.116956674493849 ], [ 246168.292007759388071, 1558571.06822574371472 ] ], [ [ 293097.291450068587437, 1557240.059629390481859 ], [ 292800.589365794148762, 1556337.010469774948433 ], [ 294996.928116766386665, 1556319.215396433137357 ], [ 295590.4361438206397, 1558125.356232557911426 ], [ 294492.302401324966922, 1558134.214848209638149 ], [ 294195.447327305562794, 1557231.145908321952447 ], [ 293097.291450068587437, 1557240.059629390481859 ] ], [ [ 301585.807738683011848, 1556266.969517749967054 ], [ 301289.405771181918681, 1555363.871536504011601 ], [ 302387.549074307782575, 1555355.322282345034182 ], [ 302683.93473983759759, 1556258.428011685609818 ], [ 301585.807738683011848, 1556266.969517749967054 ] ], [ [ 254063.578165325365262, 1555776.38499415689148 ], [ 253766.636379177187337, 1554873.605940457899123 ], [ 254865.063149530091323, 1554863.00899253343232 ], [ 255161.988254734722432, 1555765.794607306830585 ], [ 254063.578165325365262, 1555776.38499415689148 ] ], [ [ 273537.293848350003827, 1554690.122828261228278 ], [ 273240.820445175108034, 1553787.233308627270162 ], [ 274339.144963609869592, 1553777.48359562153928 ], [ 274635.60185578733217, 1554680.380141530651599 ], [ 273537.293848350003827, 1554690.122828261228278 ] ], [ [ 306483.916059468523599, 1554418.475099805276841 ], [ 306187.934091305185575, 1553515.363004957791418 ], [ 307286.082557052373886, 1553507.035228257300332 ], [ 307582.048282218456734, 1554410.155162454582751 ], [ 306483.916059468523599, 1554418.475099805276841 ] ], [ [ 308088.445418505638372, 1552595.63949540280737 ], [ 309186.599349732568953, 1552587.398601427674294 ], [ 308595.579183602938429, 1550781.189587011933327 ], [ 307497.392838180297986, 1550789.446157498983666 ], [ 307202.120475445932243, 1549886.368118179729208 ], [ 303907.480349596764427, 1549911.444857762660831 ], [ 303612.328655209043063, 1549008.402400994440541 ], [ 306907.017400949378498, 1548983.302475133212283 ], [ 306612.08361715497449, 1548080.249210772104561 ], [ 307710.318529338925146, 1548071.969291268149391 ], [ 307415.570213073049672, 1547168.920649164356291 ], [ 308513.815907534328289, 1547160.680176192428917 ], [ 308219.253037863527425, 1546257.636155775049701 ], [ 307120.991185152786784, 1546265.884372678585351 ], [ 306532.341004195506684, 1544459.848846404347569 ], [ 307630.635151550057344, 1544451.585207732394338 ], [ 306748.977991525141988, 1541742.601254859939218 ], [ 308945.646848861186299, 1541726.169105351436883 ], [ 308652.131919787207153, 1540823.183737695915624 ], [ 309750.474392144184094, 1540815.030498748645186 ], [ 309457.144827546260785, 1539912.049768833443522 ], [ 310555.498041235841811, 1539903.935822083614767 ], [ 310262.353820176562294, 1539000.959729211870581 ], [ 313557.429873929184396, 1538976.876465827459469 ], [ 314143.791283002356067, 1540782.887437568046153 ], [ 315242.107410085620359, 1540774.96913996944204 ], [ 315535.525942633568775, 1541678.00107429549098 ], [ 314437.225859654834494, 1541685.911542956484482 ], [ 314730.829681138275191, 1542588.94808473601006 ], [ 315829.113712740596384, 1542581.045466981362551 ], [ 316122.870717972982675, 1543484.102335599483922 ], [ 315024.602745016047265, 1543491.997080464381725 ], [ 315318.545048846805003, 1544395.058547718450427 ], [ 313122.025687121320516, 1544410.973532118834555 ], [ 313416.169401219463907, 1545314.031736097531393 ], [ 312317.917984547559172, 1545322.052037374582142 ], [ 312612.247055104759056, 1546225.1148465143051 ], [ 315906.937366638332605, 1546201.218967204447836 ], [ 316201.387375722639263, 1547104.317954685771838 ], [ 315103.178564081608783, 1547112.228163710096851 ], [ 315397.81390712223947, 1548015.331737338099629 ], [ 316496.006615015096031, 1548007.429484189720824 ], [ 316790.795082083495799, 1548910.553573388140649 ], [ 315692.618485186016187, 1548918.447848596377298 ], [ 315987.592295838578139, 1549821.576515161432326 ], [ 313791.2558571936097, 1549837.490841872990131 ], [ 313496.249783584324177, 1548934.378093951847404 ], [ 312398.057617341401055, 1548942.414066459285095 ], [ 312988.271305911708623, 1550748.636231775162742 ], [ 311890.106202715891413, 1550756.703633996425197 ], [ 312776.744626342144329, 1553466.106985821388662 ], [ 311678.622811236302368, 1553474.197886220645159 ], [ 311382.891225980129093, 1552571.058856654446572 ], [ 310284.747941973037086, 1552579.205055583035573 ], [ 310876.412776905694045, 1554385.479774430627003 ], [ 309778.296610190882348, 1554393.657500989502296 ], [ 309482.363344400946517, 1553490.521806729026139 ], [ 308384.225631165551022, 1553498.754829257028177 ], [ 308088.445418505638372, 1552595.63949540280737 ] ], [ [ 306990.286117530369665, 1552603.927738728467375 ], [ 306694.658966122718994, 1551700.832676216727123 ], [ 307792.834486688836478, 1551692.536610698094591 ], [ 308088.445418505638372, 1552595.63949540280737 ], [ 306990.286117530369665, 1552603.927738728467375 ] ], [ [ 317221.133540638722479, 1543476.254656854784116 ], [ 317515.043721447349526, 1544379.331941013922915 ], [ 316416.796955894737039, 1544387.171697739278898 ], [ 316122.870717972982675, 1543484.102335599483922 ], [ 317221.133540638722479, 1543476.254656854784116 ] ], [ [ 313874.861203570617363, 1553458.063457058975473 ], [ 314170.729656942887232, 1554361.230996934464201 ], [ 313072.629269537515938, 1554369.266523604048416 ], [ 312776.744626342144329, 1553466.106985821388662 ], [ 313874.861203570617363, 1553458.063457058975473 ] ], [ [ 252371.413892739103176, 1553981.489196609007195 ], [ 252074.794720073288772, 1553078.739368764683604 ], [ 253173.26173852768261, 1553068.08194578718394 ], [ 253469.864236039691605, 1553970.83826333610341 ], [ 252371.413892739103176, 1553981.489196609007195 ] ], [ [ 292713.712562611268368, 1552715.984261196805164 ], [ 293811.944469420879614, 1552707.08036200935021 ], [ 294107.936324153793976, 1553610.095834712032229 ], [ 293009.72075980680529, 1553618.992242050822824 ], [ 292713.712562611268368, 1552715.984261196805164 ] ], [ [ 291615.474855394393671, 1552724.935527566121891 ], [ 291319.619697008398362, 1551821.947128634899855 ], [ 292417.873748296522535, 1551812.988419653149322 ], [ 292713.712562611268368, 1552715.984261196805164 ], [ 291615.474855394393671, 1552724.935527566121891 ] ], [ [ 297106.605695068370551, 1552680.652854377869517 ], [ 296515.227996895322576, 1550874.613298588199541 ], [ 297613.46960148087237, 1550865.883720821002498 ], [ 298204.8147079051123, 1552671.938410794129595 ], [ 297106.605695068370551, 1552680.652854377869517 ] ], [ [ 313579.161992308334447, 1552554.908494725357741 ], [ 313283.632025604019873, 1551651.766092201694846 ], [ 314381.775735921226442, 1551643.753941865405068 ], [ 314677.289536143303849, 1552546.904329332057387 ], [ 313579.161992308334447, 1552554.908494725357741 ] ], [ [ 317971.64117935358081, 1552523.175881230970845 ], [ 317676.175825559650548, 1551620.001376154599711 ], [ 318774.298944190260954, 1551612.178478773450479 ], [ 319069.748166830977425, 1552515.36107731773518 ], [ 317971.64117935358081, 1552523.175881230970845 ] ], [ [ 251778.345203083299566, 1552176.00086137605831 ], [ 251482.065344388509402, 1551273.273657491896302 ], [ 252580.565690847492078, 1551262.603321487549692 ], [ 252876.82888925721636, 1552165.336970826145262 ], [ 251778.345203083299566, 1552176.00086137605831 ] ], [ [ 300105.491169306682423, 1551751.602905463660136 ], [ 299809.935848297202028, 1550848.566483299480751 ], [ 300908.160552068264224, 1550839.978820979129523 ], [ 301203.699607522110455, 1551743.022880512988195 ], [ 300105.491169306682423, 1551751.602905463660136 ] ], [ [ 319872.41699178511044, 1551604.402891716454178 ], [ 319577.153095028945245, 1550701.224847381701693 ], [ 320675.282208627555519, 1550693.488443878712133 ], [ 320970.529999103629962, 1551596.674613831797615 ], [ 319872.41699178511044, 1551604.402891716454178 ] ], [ [ 326461.020507852896117, 1551558.742822164669633 ], [ 326165.853116682730615, 1550655.515617045806721 ], [ 327263.952581594698131, 1550648.062881940277293 ], [ 327559.103919294197112, 1551551.298375515965745 ], [ 326461.020507852896117, 1551558.742822164669633 ] ], [ [ 322871.525411569862626, 1550678.157478405628353 ], [ 322576.478991515352391, 1549774.967699157772586 ], [ 324772.734503627521917, 1549759.809451177250594 ], [ 325067.748787213000469, 1550663.015627417014912 ], [ 322871.525411569862626, 1550678.157478405628353 ] ], [ [ 253382.982209553854773, 1550349.251559640746564 ], [ 253087.074957069766242, 1549446.534082400379702 ], [ 254185.594743154651951, 1549435.945542421424761 ], [ 254481.485368333000224, 1550338.66947505204007 ], [ 253382.982209553854773, 1550349.251559640746564 ] ], [ [ 256086.925928130425746, 1548512.184823305346072 ], [ 256382.613696852262365, 1549414.910384772811085 ], [ 259678.091043318854645, 1549383.712430734420195 ], [ 259973.898667509347433, 1550286.46904635662213 ], [ 255579.981653058639495, 1550328.134725488722324 ], [ 254988.403275631833822, 1548522.685236382065341 ], [ 256086.925928130425746, 1548512.184823305346072 ] ], [ [ 295121.529590993421152, 1549980.396211005980149 ], [ 294531.1354865093017, 1548174.444707242306322 ], [ 295629.431645760487299, 1548165.645367549732327 ], [ 295334.504924324457534, 1547262.680361416656524 ], [ 297531.112625266076066, 1547245.208397418726236 ], [ 298121.070385428378358, 1549051.180519306799397 ], [ 297022.801900455961004, 1549059.877890629693866 ], [ 297318.051074048678856, 1549962.874706997070462 ], [ 295121.529590993421152, 1549980.396211005980149 ] ], [ [ 321183.45049485884374, 1548879.448761808220297 ], [ 320888.72638368664775, 1547976.292489510029554 ], [ 323085.056061046489049, 1547961.007186796283349 ], [ 323379.748047071043402, 1548864.179713465506211 ], [ 321183.45049485884374, 1548879.448761808220297 ] ], [ [ 253003.728706868598238, 1545825.162832758389413 ], [ 253889.873761809023563, 1548533.232928784331307 ], [ 252791.337355854979251, 1548543.827902076067403 ], [ 252200.371117692848202, 1546738.449364579748362 ], [ 251101.79455330784549, 1546749.104366644751281 ], [ 250511.473745915427571, 1544943.783472378039733 ], [ 251610.08351597719593, 1544933.115812150062993 ], [ 251905.142485972843133, 1545835.776973657310009 ], [ 253003.728706868598238, 1545825.162832758389413 ] ], [ [ 252708.686326955066761, 1544922.49532611342147 ], [ 253807.282209678523941, 1544911.922012693947181 ], [ 254102.308008534833789, 1545814.595891544595361 ], [ 253003.728706868598238, 1545825.162832758389413 ], [ 252708.686326955066761, 1544922.49532611342147 ] ], [ [ 257185.441750122321537, 1548501.731687997234985 ], [ 256889.94019830293837, 1547599.010980278253555 ], [ 259086.984617599053308, 1547578.233470648527145 ], [ 259382.453025817580055, 1548480.96724449377507 ], [ 257185.441750122321537, 1548501.731687997234985 ] ], [ [ 269776.6731253961334, 1546574.391330956714228 ], [ 270875.135883548646234, 1546564.539001277415082 ], [ 271465.539877468603663, 1548370.14251030003652 ], [ 270367.110048610717058, 1548379.981173102743924 ], [ 269776.6731253961334, 1546574.391330956714228 ] ], [ [ 268678.203919266816229, 1546584.290864635491744 ], [ 268383.223304371058475, 1545681.520123667316511 ], [ 269481.708973025029991, 1545671.613816695054993 ], [ 269776.6731253961334, 1546574.391330956714228 ], [ 268678.203919266816229, 1546584.290864635491744 ] ], [ [ 268892.289299574622419, 1543866.093516479479149 ], [ 271089.30704876431264, 1543846.395308250794187 ], [ 271383.899244195432402, 1544749.163215765263885 ], [ 270285.410021429008339, 1544758.981975806877017 ], [ 270580.188184733444359, 1545661.754686639178544 ], [ 269481.708973025029991, 1545671.613816695054993 ], [ 268892.289299574622419, 1543866.093516479479149 ] ], [ [ 304120.800654045189731, 1547193.925185353029519 ], [ 303826.173098343017045, 1546290.911977933719754 ], [ 304924.451246175332926, 1546282.522282525198534 ], [ 305513.843290949589573, 1548088.576344018336385 ], [ 303317.346273372299038, 1548105.372256680158898 ], [ 303022.533206551452167, 1547202.354407291393727 ], [ 304120.800654045189731, 1547193.925185353029519 ] ], [ [ 256299.445977479655994, 1545793.603601910406724 ], [ 255709.630284419748932, 1543988.241493597161025 ], [ 256808.222113913361682, 1543977.803257240448147 ], [ 257398.004706401959993, 1545783.178250377532095 ], [ 256299.445977479655994, 1545793.603601910406724 ] ], [ [ 320005.569252647692338, 1545266.899489450268447 ], [ 319711.521951209870167, 1544363.793702684110031 ], [ 320809.7534769854974, 1544356.095218776725233 ], [ 321103.784740418253932, 1545259.209030980244279 ], [ 320005.569252647692338, 1545266.899489450268447 ] ], [ [ 258201.597074589750264, 1544870.10045392694883 ], [ 257612.186806576472009, 1543064.735194224398583 ], [ 258710.781560115632601, 1543054.384771398035809 ], [ 259300.158778452750994, 1544859.762980210362002 ], [ 258201.597074589750264, 1544870.10045392694883 ] ], [ [ 262595.803553560748696, 1544829.033532843925059 ], [ 262301.079668684920762, 1543926.319134451914579 ], [ 264498.175856113259215, 1543906.055417727911845 ], [ 264792.866764792590402, 1544808.783030913677067 ], [ 262595.803553560748696, 1544829.033532843925059 ] ], [ [ 260103.956842001498444, 1543946.771377897588536 ], [ 259809.369552369695157, 1543044.081457735970616 ], [ 260907.950814164621988, 1543033.82525171013549 ], [ 261202.521600662963465, 1543936.52168957865797 ], [ 260103.956842001498444, 1543946.771377897588536 ] ], [ [ 267499.298771812464111, 1542973.277191224973649 ], [ 267793.770728075760417, 1543876.013303983490914 ], [ 266695.245650880096946, 1543885.980215706629679 ], [ 266400.757245340035297, 1542983.250783130759373 ], [ 267499.298771812464111, 1542973.277191224973649 ] ], [ [ 266616.90026135003427, 1540265.137837422313169 ], [ 267715.484549627290107, 1540255.19135269173421 ], [ 268597.833783622831106, 1542963.350696454755962 ], [ 267499.298771812464111, 1542973.277191224973649 ], [ 266616.90026135003427, 1540265.137837422313169 ] ], [ [ 317732.110635791381355, 1541662.321171368705109 ], [ 318830.395307563710958, 1541654.551734779495746 ], [ 319123.934976244810969, 1542557.619842989603058 ], [ 316927.392585262015928, 1542573.189888213993981 ], [ 316047.185096025350504, 1539864.070499459281564 ], [ 317145.506919893377926, 1539856.238308886997402 ], [ 317732.110635791381355, 1541662.321171368705109 ] ], [ [ 314948.858117534196936, 1539871.94964645174332 ], [ 314655.778067406150512, 1538968.942576207686216 ], [ 315754.121066678722855, 1538961.055617042817175 ], [ 316047.185096025350504, 1539864.070499459281564 ], [ 314948.858117534196936, 1539871.94964645174332 ] ], [ [ 343284.617854901182, 1542398.764771190704778 ], [ 342991.428523725131527, 1541495.515284328954294 ], [ 344089.604249613475986, 1541488.82676322828047 ], [ 343796.599792315275408, 1540585.581749195000157 ], [ 344894.786959185265005, 1540578.931649944279343 ], [ 344601.967355072498322, 1539675.6911075997632 ], [ 345700.165969165624119, 1539669.079396840417758 ], [ 346579.08451479615178, 1542378.865910186432302 ], [ 343284.617854901182, 1542398.764771190704778 ] ], [ [ 304552.287477138219401, 1541759.221490092109889 ], [ 304258.708107634156477, 1540856.266624350566417 ], [ 305357.072210691112559, 1540847.925410611787811 ], [ 305650.635456866119057, 1541750.887861147290096 ], [ 304552.287477138219401, 1541759.221490092109889 ] ], [ [ 339696.874834182206541, 1541515.862760490505025 ], [ 339403.807056726829614, 1540612.651722685899585 ], [ 340502.011912415386178, 1540605.813790841028094 ], [ 340795.063846793724224, 1541509.033281958661973 ], [ 339696.874834182206541, 1541515.862760490505025 ] ], [ [ 251530.213402263500029, 1541311.937477377476171 ], [ 251236.019332885189215, 1540409.325975683517754 ], [ 252334.698009063227801, 1540398.721131114987656 ], [ 252628.875534673017683, 1541301.338895100634545 ], [ 251530.213402263500029, 1541311.937477377476171 ] ], [ [ 320733.611011799890548, 1540736.082399558275938 ], [ 320440.441771796671674, 1539833.023464113473892 ], [ 321538.74328520684503, 1539825.37908768071793 ], [ 321831.896540995570831, 1540728.445992923108861 ], [ 320733.611011799890548, 1540736.082399558275938 ] ], [ [ 328128.448430885619018, 1539780.498754295986146 ], [ 327835.5600519903237, 1538877.396146862534806 ], [ 328933.843123696395196, 1538870.0722639572341 ], [ 329226.715586826438084, 1539773.183009253349155 ], [ 328128.448430885619018, 1539780.498754295986146 ] ], [ [ 331423.235574463382363, 1539758.69234693585895 ], [ 331130.394916689197998, 1538855.565244466532022 ], [ 332228.66369957360439, 1538848.382105731405318 ], [ 332521.488467749324627, 1539751.517427514307201 ], [ 331423.235574463382363, 1539758.69234693585895 ] ], [ [ 339110.908360088826157, 1539709.453608743380755 ], [ 338818.178746634745039, 1538806.268400828819722 ], [ 339916.41526687896112, 1538799.413628221023828 ], [ 340209.129051654948853, 1539702.60724554467015 ], [ 339110.908360088826157, 1539709.453608743380755 ] ], [ [ 352289.267945640953258, 1539630.394576412858441 ], [ 351996.727703804557677, 1538727.106662628706545 ], [ 353094.912427231029142, 1538720.814688892569393 ], [ 353387.436944383662194, 1539624.11133811250329 ], [ 352289.267945640953258, 1539630.394576412858441 ] ], [ [ 319049.119207353098318, 1538937.676310620969161 ], [ 318756.272403512964956, 1538034.650322353234515 ], [ 319854.610912497795653, 1538026.943174599204212 ], [ 320147.441737887740601, 1538929.977061654208228 ], [ 319049.119207353098318, 1538937.676310620969161 ] ], [ [ 312166.133596839616075, 1538081.878121685003862 ], [ 311873.3600000977749, 1537178.911300726002082 ], [ 314070.12570417067036, 1537162.965635504573584 ], [ 314362.867262143059634, 1538065.947911723982543 ], [ 312166.133596839616075, 1538081.878121685003862 ] ], [ [ 323955.316950129345059, 1537093.530379560776055 ], [ 324247.91476731246803, 1537996.58354766247794 ], [ 323149.596269161207601, 1538004.103112041950226 ], [ 322856.98251577076735, 1537101.057929374044761 ], [ 323955.316950129345059, 1537093.530379560776055 ] ], [ [ 323662.888317259494215, 1536190.489779361989349 ], [ 324761.233737416914664, 1536183.001104768598452 ], [ 324468.990204226458445, 1535279.965086106676608 ], [ 323370.628871105203871, 1535287.461729487171397 ], [ 322494.865677022840828, 1532578.452706282027066 ], [ 321396.451670515933074, 1532586.019855006132275 ], [ 321104.85310266650049, 1531683.049685224657878 ], [ 322203.283001805481035, 1531675.474682275205851 ], [ 321911.869525340734981, 1530772.509120973758399 ], [ 325207.1770293226582, 1530750.04066580766812 ], [ 325498.542901968816295, 1531653.029887185432017 ], [ 323301.707914179656655, 1531667.946382362162694 ], [ 323593.274705480318516, 1532570.932287736795843 ], [ 324691.678786718402989, 1532563.458598255645484 ], [ 324983.398884624824859, 1533466.46493600285612 ], [ 326081.782175715197809, 1533459.045931970467791 ], [ 326665.698138091247529, 1535265.112229734659195 ], [ 325567.346616282593459, 1535272.515253223944455 ], [ 326444.537017359572928, 1537981.68509691557847 ], [ 325346.228339778084774, 1537989.110876322723925 ], [ 325053.646450067288242, 1537086.04969564313069 ], [ 323955.316950129345059, 1537093.530379560776055 ], [ 323662.888317259494215, 1536190.489779361989349 ] ], [ [ 324915.980336026987061, 1529847.063955089775845 ], [ 326014.422166909091175, 1529839.659897454781458 ], [ 326305.603016937966458, 1530742.644527348922566 ], [ 325207.1770293226582, 1530750.04066580766812 ], [ 324915.980336026987061, 1529847.063955089775845 ] ], [ [ 327764.044800466974266, 1535257.756014541024342 ], [ 328641.13981110509485, 1537966.97420950117521 ], [ 327542.840830868459307, 1537974.306208339519799 ], [ 326665.698138091247529, 1535265.112229734659195 ], [ 327764.044800466974266, 1535257.756014541024342 ] ], [ [ 337427.361351773492061, 1537910.006120398640633 ], [ 336842.71592341986252, 1536103.71672937925905 ], [ 337941.004429079475813, 1536096.790035214042291 ], [ 338525.618218739982694, 1537903.096081129740924 ], [ 337427.361351773492061, 1537910.006120398640633 ] ], [ [ 292101.489866425166838, 1537330.861599116353318 ], [ 291808.595733071793802, 1536428.040925949113443 ], [ 292907.097018049564213, 1536419.193448569625616 ], [ 293199.974976380064618, 1537322.021325735142455 ], [ 292101.489866425166838, 1537330.861599116353318 ] ], [ [ 331643.521552146878093, 1537042.149714343715459 ], [ 331351.204177665174939, 1536139.052609330276027 ], [ 332449.51585850759875, 1536131.89177531003952 ], [ 332741.817373783967923, 1537034.997061038855463 ], [ 331643.521552146878093, 1537042.149714343715459 ] ], [ [ 341235.842813602823298, 1536076.290897824103013 ], [ 342334.113333652145229, 1536069.551497020525858 ], [ 342626.272507151705213, 1536972.73163125407882 ], [ 341528.017768139252439, 1536979.462606913875788 ], [ 341235.842813602823298, 1536076.290897824103013 ] ], [ [ 340137.567843363038264, 1536083.077120452187955 ], [ 339845.546177356969565, 1535179.926688010105863 ], [ 338747.250934947107453, 1535186.768082395894453 ], [ 338455.38256558473222, 1534283.638837904203683 ], [ 340652.000119992648251, 1534269.986163538880646 ], [ 341235.842813602823298, 1536076.290897824103013 ], [ 340137.567843363038264, 1536083.077120452187955 ] ], [ [ 319269.456896931515075, 1536220.912876464892179 ], [ 318977.133711595088243, 1535317.91643031523563 ], [ 320075.515037165139802, 1535310.232533761532977 ], [ 320367.822274600388482, 1536213.236840131459758 ], [ 319269.456896931515075, 1536220.912876464892179 ] ], [ [ 299205.372129702591337, 1535464.233263036236167 ], [ 298912.929732767341193, 1534561.385712848044932 ], [ 300011.423226073384285, 1534552.851594994775951 ], [ 300303.849524451768957, 1535455.706495218211785 ], [ 299205.372129702591337, 1535464.233263036236167 ] ], [ [ 317586.577394339372404, 1534422.670953312888741 ], [ 317878.747310858569108, 1535325.647142993053421 ], [ 315681.959160607832018, 1535341.249021311989054 ], [ 315389.75731910741888, 1534438.288372635608539 ], [ 317586.577394339372404, 1534422.670953312888741 ] ], [ [ 317294.576705703162588, 1533519.707169546280056 ], [ 318392.994997905567288, 1533511.960856315214187 ], [ 318684.97974444628926, 1534414.932429427979514 ], [ 317586.577394339372404, 1534422.670953312888741 ], [ 317294.576705703162588, 1533519.707169546280056 ] ], [ [ 320881.769223771756515, 1534399.595747474115342 ], [ 320589.816335213836282, 1533496.608514252118766 ], [ 321688.219441976340022, 1533489.002483144169673 ], [ 321980.156414641998708, 1534391.997587131103501 ], [ 320881.769223771756515, 1534399.595747474115342 ] ], [ [ 328570.375818565837108, 1534347.391083420952782 ], [ 328278.534158158116043, 1533444.348184817703441 ], [ 329376.90291115862783, 1533437.069439518498257 ], [ 329668.728716670768335, 1534340.120398906990886 ], [ 328570.375818565837108, 1534347.391083420952782 ] ], [ [ 288733.812580858357251, 1533737.528626786079258 ], [ 288441.56373895710567, 1532834.769664772320539 ], [ 289540.14142613846343, 1532825.800057736691087 ], [ 289832.374104774440639, 1533728.56608206522651 ], [ 288733.812580858357251, 1533737.528626786079258 ] ], [ [ 332088.931389577453956, 1531609.401159859960899 ], [ 332671.980587152647786, 1533415.513703800039366 ], [ 331573.62609483639244, 1533422.652200078126043 ], [ 330990.545261351740919, 1531616.555875087389722 ], [ 332088.931389577453956, 1531609.401159859960899 ] ], [ [ 331797.660489763773512, 1530706.363885337486863 ], [ 332896.057707120897248, 1530699.247759460005909 ], [ 333187.312808521674015, 1531602.293137872125953 ], [ 332088.931389577453956, 1531609.401159859960899 ], [ 331797.660489763773512, 1530706.363885337486863 ] ], [ [ 278554.093817087705247, 1532917.600858595222235 ], [ 278261.868597302993294, 1532014.915844599250704 ], [ 279360.517037744284607, 1532005.518478564685211 ], [ 279652.726021970447619, 1532908.210289118578658 ], [ 278554.093817087705247, 1532917.600858595222235 ] ], [ [ 280751.352045906707644, 1532898.866498725954443 ], [ 280459.159288374590687, 1531996.167864515446126 ], [ 281557.795380052528344, 1531986.864001064561307 ], [ 281849.971919759176672, 1532889.569486030843109 ], [ 280751.352045906707644, 1532898.866498725954443 ] ], [ [ 282948.585674381291028, 1532880.319249654654413 ], [ 282656.425343643582892, 1531977.606886832043529 ], [ 283755.049210004624911, 1531968.396520444424823 ], [ 284047.193340628757142, 1532871.115788224851713 ], [ 282948.585674381291028, 1532880.319249654654413 ] ], [ [ 285145.794949356466532, 1532861.959100376581773 ], [ 284561.70851852663327, 1531056.518421536544338 ], [ 285660.336458032252267, 1531047.394609401468188 ], [ 286244.390531418146566, 1532852.849184751277789 ], [ 285145.794949356466532, 1532861.959100376581773 ] ], [ [ 309313.560229656693991, 1532672.343008647672832 ], [ 309021.786266542039812, 1531769.457444246625528 ], [ 310120.273055312456563, 1531761.368632242549211 ], [ 310412.031029670964926, 1532664.261752374470234 ], [ 309313.560229656693991, 1532672.343008647672832 ] ], [ [ 286758.958384041441604, 1531038.317513928748667 ], [ 286467.201669426518492, 1530135.600880581652746 ], [ 287565.833762776106596, 1530126.563530673738569 ], [ 287857.574327417591121, 1531029.287133771693334 ], [ 286758.958384041441604, 1531038.317513928748667 ] ], [ [ 295480.859713886165991, 1527347.675827295752242 ], [ 296063.236209628405049, 1529153.176937046227977 ], [ 297161.831831832532771, 1529144.552529566455632 ], [ 297453.258079072111286, 1530047.328132019843906 ], [ 295256.093247544602491, 1530064.609239448327571 ], [ 294382.226247049868107, 1527356.361148423980922 ], [ 295480.859713886165991, 1527347.675827295752242 ] ], [ [ 279808.295101202325895, 1526570.875261233653873 ], [ 280099.454782784858253, 1527473.511067990446463 ], [ 279000.737712974543683, 1527482.848858205601573 ], [ 279292.083058018237352, 1528385.489493913482875 ], [ 280390.783947016461752, 1528376.158445494249463 ], [ 280682.282591373077594, 1529278.817410635296255 ], [ 278484.907004311215132, 1529297.512649651383981 ], [ 277610.82240271626506, 1526589.610869754571468 ], [ 279808.295101202325895, 1526570.875261233653873 ] ], [ [ 279517.304904780408833, 1525668.251008352497593 ], [ 280616.048123975167982, 1525658.946359299821779 ], [ 280907.022163242567331, 1526561.577337588649243 ], [ 279808.295101202325895, 1526570.875261233653873 ], [ 279517.304904780408833, 1525668.251008352497593 ] ], [ [ 283978.299889293673914, 1529251.124558061128482 ], [ 283686.849756549112499, 1528348.445139629766345 ], [ 284785.526176821440458, 1528339.300646237097681 ], [ 285076.960156702785753, 1529241.986936638131738 ], [ 283978.299889293673914, 1529251.124558061128482 ] ], [ [ 322428.022698779124767, 1528959.063503489131108 ], [ 322137.132687821867876, 1528056.127431409433484 ], [ 323235.6160723947105, 1528048.614417438162491 ], [ 323526.490237227757461, 1528951.558310828637332 ], [ 322428.022698779124767, 1528959.063503489131108 ] ], [ [ 275995.943101312150247, 1528413.762497945688665 ], [ 275704.549160728463903, 1527511.141925032949075 ], [ 276803.284932828741148, 1527501.66428533103317 ], [ 277094.662666044547223, 1528404.291518744314089 ], [ 275995.943101312150247, 1528413.762497945688665 ] ], [ [ 299293.765705207595602, 1525507.889619986293837 ], [ 302589.660166035173461, 1525482.628800556063652 ], [ 303171.134987625351641, 1527288.18316940125078 ], [ 299875.336488947505131, 1527313.400480460608378 ], [ 299293.765705207595602, 1525507.889619986293837 ] ], [ [ 297096.474611970945261, 1525524.962842794135213 ], [ 297387.207351561577525, 1526427.697955005103722 ], [ 296288.569301602314226, 1526436.297241107327864 ], [ 295997.820536923129112, 1525533.569260943448171 ], [ 293800.495175595628098, 1525550.921717117307708 ], [ 293509.883725965744816, 1524648.219739133724943 ], [ 296805.91124183346983, 1524622.239615192869678 ], [ 296515.517243621696252, 1523719.528255151119083 ], [ 297614.197633298288565, 1523710.954122084891424 ], [ 297323.989003701251931, 1522808.247518537333235 ], [ 298422.679696280742064, 1522799.712747064884752 ], [ 298132.656414270401001, 1521897.010899245971814 ], [ 302527.426713973167352, 1521863.307675309479237 ], [ 302817.386171071091667, 1522766.038192213512957 ], [ 300620.044131012109574, 1522782.78256594017148 ], [ 300910.204830478643999, 1523685.510614304570481 ], [ 299811.541395846405067, 1523693.945302923209965 ], [ 300101.887415576726198, 1524596.678091513458639 ], [ 299003.234344210708514, 1524605.152090384857729 ], [ 299293.765705207595602, 1525507.889619986293837 ], [ 297096.474611970945261, 1525524.962842794135213 ] ], [ [ 295416.831140492751729, 1523728.148872234392911 ], [ 295126.59051368519431, 1522825.45642963424325 ], [ 296225.292619798274245, 1522816.828745635924861 ], [ 296515.517243621696252, 1523719.528255151119083 ], [ 295416.831140492751729, 1523728.148872234392911 ] ], [ [ 303107.514960865140893, 1523668.780672732973471 ], [ 303397.813080900232308, 1524571.535133962985128 ], [ 301200.534874894074164, 1524588.250599984545261 ], [ 300910.204830478643999, 1523685.510614304570481 ], [ 303107.514960865140893, 1523668.780672732973471 ] ], [ [ 306176.109607388381846, 1526360.579913855297491 ], [ 305885.504752978740726, 1525457.786768925143406 ], [ 306984.10867627087282, 1525449.599149921676144 ], [ 307274.697584414971061, 1526352.399671001592651 ], [ 306176.109607388381846, 1526360.579913855297491 ] ], [ [ 276221.037983592716046, 1525696.444318152498454 ], [ 275930.168772627483122, 1524793.851550743216649 ], [ 277028.946830758650322, 1524784.400596593972296 ], [ 277319.799865479930304, 1525686.999986387556419 ], [ 276221.037983592716046, 1525696.444318152498454 ] ], [ [ 277837.051258569175843, 1523872.401636844035238 ], [ 278935.832977492711507, 1523863.037096822634339 ], [ 279226.484196039498784, 1524765.63829249329865 ], [ 278127.718628264265135, 1524774.996177642606199 ], [ 277837.051258569175843, 1523872.401636844035238 ] ], [ [ 276738.263301079743542, 1523881.812683567637578 ], [ 276447.749278965988196, 1522979.236230519367382 ], [ 277546.553389010485262, 1522969.818577720783651 ], [ 277837.051258569175843, 1523872.401636844035238 ], [ 276738.263301079743542, 1523881.812683567637578 ] ], [ [ 277256.225022103986703, 1522067.246983489021659 ], [ 278355.039021053933538, 1522057.86919880239293 ], [ 278645.351251660031267, 1522960.447404525009915 ], [ 277546.553389010485262, 1522969.818577720783651 ], [ 277256.225022103986703, 1522067.246983489021659 ] ], [ [ 326177.983502769842744, 1523504.33852637372911 ], [ 326467.948522454767954, 1524407.251533271512017 ], [ 325369.421619579894468, 1524414.609687002608553 ], [ 325079.440824881079607, 1523511.704501304775476 ], [ 326177.983502769842744, 1523504.33852637372911 ] ], [ [ 325888.187659763381816, 1522601.437955845613033 ], [ 328085.289916350739077, 1522586.829680727561936 ], [ 328375.05424985854188, 1523489.745931707788259 ], [ 326177.983502769842744, 1523504.33852637372911 ], [ 325888.187659763381816, 1522601.437955845613033 ] ], [ [ 273669.538063031213824, 1521193.118518933653831 ], [ 273379.500291759497486, 1520290.589346108026803 ], [ 274478.36545533494791, 1520281.059204316465184 ], [ 274768.387078705243766, 1521183.59486401011236 ], [ 273669.538063031213824, 1521193.118518933653831 ] ], [ [ 297842.802496844204143, 1520994.320911286398768 ], [ 297553.117946464335546, 1520091.642766181845218 ], [ 298651.850864547304809, 1520083.133134301519021 ], [ 298941.519460312498268, 1520985.818362667458132 ], [ 297842.802496844204143, 1520994.320911286398768 ] ], [ [ 271990.744373566703871, 1519397.654505451908335 ], [ 271122.108474787441082, 1516690.188152551883832 ], [ 273319.974238076596521, 1516671.030112482374534 ], [ 274188.51335706433747, 1519378.534915989730507 ], [ 271990.744373566703871, 1519397.654505451908335 ] ], [ [ 292868.550041034235619, 1519223.506692477269098 ], [ 292579.140385246486403, 1518320.880070913815871 ], [ 293677.928192524123006, 1518312.171054730890319 ], [ 293967.321873470209539, 1519214.804607809521258 ], [ 292868.550041034235619, 1519223.506692477269098 ] ] ], [ [ [ 308013.963686934846919, 1621439.769313792465255 ], [ 307705.140484492469113, 1620535.863299639662728 ], [ 306608.1125011210097, 1620544.538175045512617 ], [ 306916.952659010305069, 1621448.435215483419597 ], [ 308013.963686934846919, 1621439.769313792465255 ] ] ], [ [ [ 308013.963686934846919, 1621439.769313792465255 ], [ 308322.956131480226759, 1622343.688688478665426 ], [ 309419.944879485294223, 1622335.081246916204691 ], [ 309110.969388303754386, 1621431.152848243014887 ], [ 308013.963686934846919, 1621439.769313792465255 ] ] ], [ [ [ 306438.15828552498715, 1623264.966703667072579 ], [ 305341.170482082990929, 1623273.713572936365381 ], [ 305650.552361109876074, 1624177.632676825858653 ], [ 304553.576162482029758, 1624186.420078330440447 ], [ 304863.144308804534376, 1625090.343544614966959 ], [ 305960.103495961637236, 1625081.56512828473933 ], [ 306269.82388409646228, 1625985.510946203954518 ], [ 305172.881715509807691, 1625994.280354135436937 ], [ 305792.864299942739308, 1627802.194078484317288 ], [ 307986.675166770000942, 1627784.741065360140055 ], [ 307676.633303205715492, 1626880.759375789901242 ], [ 308773.547751171980053, 1626872.098203396191821 ], [ 307535.140719879302196, 1623256.26932730502449 ], [ 308632.117815598205198, 1623247.621442566392943 ], [ 308322.956131480226759, 1622343.688688478665426 ], [ 306128.962652903283015, 1622361.051962613128126 ], [ 306438.15828552498715, 1623264.966703667072579 ] ] ], [ [ [ 274456.196365948184393, 1626259.956884259358048 ], [ 275553.301311953458935, 1626249.798810061067343 ], [ 275243.100905715837143, 1625346.094988902565092 ], [ 274145.978681460372172, 1625356.261313281487674 ], [ 274456.196365948184393, 1626259.956884259358048 ] ] ], [ [ [ 311277.351620307774283, 1627758.933755567995831 ], [ 312374.233267446048558, 1627750.430569856194779 ], [ 311754.454757217783481, 1625942.40751334070228 ], [ 310657.539143751841038, 1625950.92905659484677 ], [ 311277.351620307774283, 1627758.933755567995831 ] ] ], [ [ [ 311422.188336945837364, 1631383.621425907127559 ], [ 312519.007161411922425, 1631375.105501558864489 ], [ 312208.339458940317854, 1630471.042223955271766 ], [ 313305.170103513868526, 1630462.566749084740877 ], [ 312684.376339224923868, 1628654.462397965602577 ], [ 311587.511685869423673, 1628662.956370014231652 ], [ 311897.840966252260841, 1629566.992519796360284 ], [ 310800.988100437796675, 1629575.526933712419122 ], [ 311422.188336945837364, 1631383.621425907127559 ] ] ], [ [ [ 319410.546995778218843, 1632229.187423384515569 ], [ 320507.313127991510555, 1632221.029073729878291 ], [ 320196.59517931152368, 1631316.886486251605675 ], [ 318003.023968834429979, 1631333.271850251359865 ], [ 318624.696921374415979, 1633141.532929635839537 ], [ 319721.451073704753071, 1633133.334292981307954 ], [ 319410.546995778218843, 1632229.187423384515569 ] ] ], [ [ [ 310784.667372068855911, 1635921.183646831195801 ], [ 311881.411358224286232, 1635912.614613899961114 ], [ 311569.863516373094171, 1635008.501901634968817 ], [ 313763.370018701010849, 1634991.494728432735428 ], [ 313452.025502308330033, 1634087.376965993549675 ], [ 311258.484885820304044, 1634104.402811697451398 ], [ 310947.275469083571807, 1633200.31732494267635 ], [ 309850.480270126019605, 1633208.914244673680514 ], [ 310784.667372068855911, 1635921.183646831195801 ] ] ], [ [ [ 312193.128408842021599, 1636816.740967647405341 ], [ 313289.850109631370287, 1636808.231175236171111 ], [ 312978.150134826428257, 1635904.095452025067061 ], [ 311881.411358224286232, 1635912.614613899961114 ], [ 312193.128408842021599, 1636816.740967647405341 ] ] ], [ [ [ 308430.267892180127092, 1638659.498145694145933 ], [ 309526.976329791650642, 1638650.807345374021679 ], [ 309214.869543960783631, 1637746.681737329345196 ], [ 308118.143979415646754, 1637755.38184552709572 ], [ 308430.267892180127092, 1638659.498145694145933 ] ] ], [ [ [ 309367.654996765777469, 1641371.928755152970552 ], [ 310464.312011226429604, 1641363.266019099857658 ], [ 309839.25233796867542, 1639554.946582213044167 ], [ 308742.561034354148433, 1639563.628051226260141 ], [ 308430.267892180127092, 1638659.498145694145933 ], [ 307333.55415119510144, 1638668.238903466612101 ], [ 307958.343955993943382, 1640476.493707220535725 ], [ 309055.023403396422509, 1640467.771581310313195 ], [ 309367.654996765777469, 1641371.928755152970552 ] ] ], [ [ [ 297774.080664844950661, 1646000.219827958615497 ], [ 298870.716586534865201, 1645991.002158427610993 ], [ 299184.553180713963229, 1646895.138675862690434 ], [ 300281.166246498003602, 1646885.980416268343106 ], [ 299967.34694511431735, 1645981.834677602862939 ], [ 301063.971770957461558, 1645972.717384132090956 ], [ 300750.339025588240474, 1645068.575944723794237 ], [ 299653.696923347306438, 1645077.702462970744818 ], [ 299340.216183764743619, 1644173.58375318069011 ], [ 297146.880756046797615, 1644192.005593087989837 ], [ 297774.080664844950661, 1646000.219827958615497 ] ] ], [ [ [ 294329.758290591242258, 1648749.905097911134362 ], [ 294644.189439605281223, 1649654.036178685724735 ], [ 297933.939760078326799, 1649626.041224766289815 ], [ 297619.560665255063213, 1648721.882593180984259 ], [ 294329.758290591242258, 1648749.905097911134362 ] ] ], [ [ [ 284956.890911649446934, 1659715.674018149031326 ], [ 286053.357445559115149, 1659705.787033517379314 ], [ 285736.871566403773613, 1658801.608636851655319 ], [ 284640.387481046200264, 1658811.504713450558484 ], [ 284956.890911649446934, 1659715.674018149031326 ] ] ], [ [ [ 289864.397396034386475, 1670556.979361181380227 ], [ 287671.880840157158673, 1670576.58235478727147 ], [ 287990.60350247414317, 1671480.917824893957004 ], [ 289086.847039922024123, 1671471.100231004878879 ], [ 289405.72138350259047, 1672375.45871492405422 ], [ 290501.941455981403124, 1672365.701517205219716 ], [ 290820.967473639640957, 1673270.083109404891729 ], [ 291917.164123354770709, 1673260.386384482728317 ], [ 290960.646967804757878, 1670547.254278147127479 ], [ 293153.128850310225971, 1670527.95693245367147 ], [ 292516.367790093238, 1668719.232830737251788 ], [ 290323.815472006273922, 1668738.567910498939455 ], [ 290642.146557373751421, 1669642.904270358849317 ], [ 289545.879358977545053, 1669652.638758260058239 ], [ 289864.397396034386475, 1670556.979361181380227 ] ] ], [ [ [ 330642.154188318178058, 1680207.285750460810959 ], [ 328450.38068161951378, 1680223.196720029693097 ], [ 328770.368451540009119, 1681128.025938508100808 ], [ 329866.240142806491349, 1681120.055414821719751 ], [ 330186.379573024867568, 1682024.909866861533374 ], [ 331282.229174827167299, 1682017.001178077422082 ], [ 330642.154188318178058, 1680207.285750460810959 ] ] ], [ [ [ 330186.379573024867568, 1682024.909866861533374 ], [ 327994.666317042603623, 1682040.880999280139804 ], [ 328956.203598696098197, 1684755.468891814583912 ], [ 327860.392228079901543, 1684763.499604830751196 ], [ 328181.260265491669998, 1685668.380996344378218 ], [ 330372.843386322143488, 1685652.392184168798849 ], [ 329731.346205434005242, 1683842.601574211148545 ], [ 330827.165629807743244, 1683834.662873854395002 ], [ 330186.379573024867568, 1682024.909866861533374 ] ] ], [ [ [ 327406.516222022939473, 1686581.337918190285563 ], [ 328502.297379810246639, 1686573.277090820949525 ], [ 328181.260265491669998, 1685668.380996344378218 ], [ 327085.461629628669471, 1685676.452446662588045 ], [ 327406.516222022939473, 1686581.337918190285563 ] ] ], [ [ [ 330375.368071435950696, 1701077.449014842044562 ], [ 328184.334476654417813, 1701093.586931405588984 ], [ 327536.843474095338024, 1699283.443172846455127 ], [ 326441.284352111630142, 1699291.611602618359029 ], [ 327088.810618482064456, 1701101.733634169446304 ], [ 325993.282012989511713, 1701109.932168181519955 ], [ 326317.316411894571502, 1702015.00465795956552 ], [ 325221.800690145755652, 1702023.244178562890738 ], [ 325546.021836582338437, 1702928.320699107134715 ], [ 324450.51899431127822, 1702936.601237325929105 ], [ 325099.503911743231583, 1704746.777231090469286 ], [ 326194.971378403599374, 1704738.518452439224347 ], [ 325870.412066849356052, 1703833.412116863997653 ], [ 326965.892445693258196, 1703825.194361197063699 ], [ 326641.519890310824849, 1702920.092048764927313 ], [ 328832.501752510084771, 1702903.790406879968941 ], [ 328508.333581686369143, 1701998.68119422881864 ], [ 330699.331920496886596, 1701982.565159148070961 ], [ 330375.368071435950696, 1701077.449014842044562 ] ] ], [ [ [ 321899.488407706841826, 1711124.555352891096845 ], [ 322994.855809734668583, 1711116.112826006487012 ], [ 322343.361706485273317, 1709305.815179576398805 ], [ 323438.75980293052271, 1709297.402905203634873 ], [ 323113.28416400984861, 1708392.265565432142466 ], [ 324208.695172215462662, 1708383.894440513569862 ], [ 323883.406376463768538, 1707478.761115393601358 ], [ 321692.544004332215991, 1707495.577210589544848 ], [ 322017.868303990573622, 1708400.688745737075806 ], [ 320922.447562093613669, 1708409.163982667261735 ], [ 321247.958737688837573, 1709314.279537671245635 ], [ 319057.138062788522802, 1709331.364510014187545 ], [ 319382.853934046521317, 1710236.473234466742724 ], [ 320478.24893869983498, 1710227.915554337669164 ], [ 321130.152414857177064, 1712038.199395215604454 ], [ 318939.42870895419037, 1712055.323380462592468 ], [ 318613.356781386653893, 1711150.195773512590677 ], [ 315327.180393481277861, 1711176.305480538634583 ], [ 315653.305845322029199, 1712081.400636685546488 ], [ 317844.059425101382658, 1712063.963627487188205 ], [ 318170.318311395589262, 1712969.09524913970381 ], [ 319265.669756529503502, 1712960.465870690299198 ], [ 319918.659201445872895, 1714770.795583786908537 ], [ 321013.970013321377337, 1714762.24026749515906 ], [ 320361.016247272142209, 1712951.888689355226234 ], [ 322551.694485781947151, 1712934.89091299357824 ], [ 321899.488407706841826, 1711124.555352891096845 ] ] ], [ [ [ 315653.305845322029199, 1712081.400636685546488 ], [ 314557.921489283093251, 1712090.197401422075927 ], [ 314884.233949138666503, 1712995.296579890651628 ], [ 315979.600437754765153, 1712986.510602460242808 ], [ 315653.305845322029199, 1712081.400636685546488 ] ] ], [ [ [ 309834.117888178559951, 1720298.984108982607722 ], [ 308738.853762154874858, 1720308.102290358161554 ], [ 309723.296637614083011, 1723023.584934670245275 ], [ 310818.506725032697432, 1723014.49920403631404 ], [ 310162.078331731725484, 1721204.14098077476956 ], [ 312352.555006602779031, 1721186.083566637011245 ], [ 312024.630546184023842, 1720280.905029168818146 ], [ 310929.376806182670407, 1720289.918355696368963 ], [ 310601.603524350328371, 1719384.765488181030378 ], [ 309506.32661682338221, 1719393.842036091722548 ], [ 309834.117888178559951, 1720298.984108982607722 ] ] ], [ [ [ 306876.32425645517651, 1721231.620519095100462 ], [ 304685.795147401746362, 1721250.202505080262199 ], [ 305014.014921345748007, 1722155.320382700767368 ], [ 306109.26408365071984, 1722146.013868044363335 ], [ 306437.6350005667191, 1723051.157195877982304 ], [ 307532.860805391799659, 1723041.91392924473621 ], [ 306876.32425645517651, 1721231.620519095100462 ] ] ], [ [ [ 309723.296637614083011, 1723023.584934670245275 ], [ 308628.081341072451323, 1723032.723175958963111 ], [ 308956.585348416119814, 1723937.902863392606378 ], [ 307861.382858605356887, 1723947.082804502453655 ], [ 308190.07409417454619, 1724852.266487556276843 ], [ 310380.437748518888839, 1724833.980845292564481 ], [ 309723.296637614083011, 1723023.584934670245275 ] ] ], [ [ [ 294192.273188703227788, 1495689.250684787984937 ], [ 290894.825718817068264, 1495715.055082651320845 ], [ 291179.92067422834225, 1496617.426333859795704 ], [ 293378.193343226797879, 1496600.190853275591508 ], [ 293663.42622666421812, 1497502.586647772463039 ], [ 294762.538079818128608, 1497494.044010464567691 ], [ 294192.273188703227788, 1495689.250684787984937 ] ] ], [ [ [ 290366.055675835465081, 1497528.488711714046076 ], [ 291465.185055664507672, 1497519.808997117914259 ], [ 291179.92067422834225, 1496617.426333859795704 ], [ 290080.775532422936521, 1496626.11257339338772 ], [ 290366.055675835465081, 1497528.488711714046076 ] ] ], [ [ [ 290366.055675835465081, 1497528.488711714046076 ], [ 289266.920391796622425, 1497537.214121309341863 ], [ 289552.385744310682639, 1498439.595147771062329 ], [ 290651.505250265821815, 1498430.876257298048586 ], [ 290366.055675835465081, 1497528.488711714046076 ] ] ], [ [ [ 292564.308562276768498, 1497511.174976231530309 ], [ 293421.070933561422862, 1500218.411387643544003 ], [ 294520.141319297603332, 1500209.842924610013142 ], [ 293663.42622666421812, 1497502.586647772463039 ], [ 292564.308562276768498, 1497511.174976231530309 ] ] ], [ [ [ 288211.636421392438933, 1501164.342533991672099 ], [ 292607.936792546417564, 1501129.454101298237219 ], [ 292894.048267271486111, 1502031.894072953844443 ], [ 293993.092895676614717, 1502023.293132206425071 ], [ 293421.070933561422862, 1500218.411387643544003 ], [ 291222.912682337861042, 1500235.685636369278654 ], [ 290937.12425324972719, 1499333.275226668687537 ], [ 288738.910894530476071, 1499350.745677266269922 ], [ 289024.730918234447017, 1500253.142990539083257 ], [ 287925.631141398567706, 1500261.940335402963683 ], [ 288211.636421392438933, 1501164.342533991672099 ] ] ], [ [ [ 312149.235633263364434, 1503697.059205100638792 ], [ 311050.311398201971315, 1503704.912796176970005 ], [ 311336.679133881581947, 1504607.498173336032778 ], [ 310237.765264670015313, 1504615.390498561086133 ], [ 310524.317976381746121, 1505517.980628477176651 ], [ 312722.109034034889191, 1505502.256198743125424 ], [ 312149.235633263364434, 1503697.059205100638792 ] ] ], [ [ [ 311097.931269132939633, 1507323.196603608550504 ], [ 310524.317976381746121, 1505517.980628477176651 ], [ 309425.414466680958867, 1505525.911721885437146 ], [ 309712.152175376715604, 1506428.506605741335079 ], [ 305316.547120609204285, 1506460.661886457121 ], [ 305603.517066321568564, 1507363.240268734050915 ], [ 303405.713323388074059, 1507379.579583875834942 ], [ 303692.884129100479186, 1508282.155713808257133 ], [ 299297.273211683845147, 1508315.358307500602677 ], [ 299010.039227179193404, 1507412.81000875425525 ], [ 296812.168378767324612, 1507429.701138227479532 ], [ 297099.434004723909311, 1508332.235684136860073 ], [ 298198.356446347141173, 1508323.773988132597879 ], [ 298485.775619116961025, 1509226.327089525992051 ], [ 302881.345689174719155, 1509192.968255318468437 ], [ 303168.870958769926801, 1510095.560960606206208 ], [ 304267.733742883312516, 1510087.343390428693965 ], [ 304555.412546082166955, 1510989.954970865743235 ], [ 307851.920637285162229, 1510965.599987779278308 ], [ 308427.691438885289244, 1512770.901614183094352 ], [ 309526.485062094405293, 1512762.889869472943246 ], [ 308663.130146345472895, 1510054.933732148492709 ], [ 309761.965718622202985, 1510046.946467171655968 ], [ 308900.18174550117692, 1507339.076140313176438 ], [ 311097.931269132939633, 1507323.196603608550504 ] ], [ [ 303980.224269746628124, 1509184.743643704336137 ], [ 305079.097337414161302, 1509176.565068413736299 ], [ 305366.591022765031084, 1510079.171883703907952 ], [ 304267.733742883312516, 1510087.343390428693965 ], [ 303980.224269746628124, 1509184.743643704336137 ] ] ], [ [ [ 291945.123521592235193, 1512896.615415110485628 ], [ 293044.001173302065581, 1512887.911423193057999 ], [ 292755.809234638058115, 1511985.35279826936312 ], [ 291656.915668615023606, 1511994.063597791129723 ], [ 291945.123521592235193, 1512896.615415110485628 ] ] ], [ [ [ 316983.730165526329074, 1515423.984519914025441 ], [ 316695.362677949771751, 1514521.240318611962721 ], [ 318892.808201592066325, 1514505.938673872500658 ], [ 318604.64142576046288, 1513603.191684390883893 ], [ 315308.418214257690124, 1513626.235774541506544 ], [ 315020.373478709661867, 1512723.523223039926961 ], [ 313921.606318918638863, 1512731.304279284318909 ], [ 314497.89654740889091, 1514536.726712701376528 ], [ 315596.632203996763565, 1514528.96042141597718 ], [ 315885.015445518540218, 1515431.697180761490017 ], [ 316983.730165526329074, 1515423.984519914025441 ] ] ], [ [ [ 318892.808201592066325, 1514505.938673872500658 ], [ 319469.649440276436508, 1516311.469201470958069 ], [ 320568.33308845909778, 1516303.90272560948506 ], [ 319991.52331309200963, 1514498.357129665790126 ], [ 318892.808201592066325, 1514505.938673872500658 ] ] ], [ [ [ 299115.035868986044079, 1514650.305239187786356 ], [ 296917.395980867790058, 1514667.269968258915469 ], [ 297206.048366936738603, 1515569.884365864796564 ], [ 298304.85524800082203, 1515561.385878182947636 ], [ 298593.661099498625845, 1516464.019040893064812 ], [ 299692.446411758428439, 1516455.57381750526838 ], [ 299115.035868986044079, 1514650.305239187786356 ] ] ], [ [ [ 315074.863812361843884, 1516342.197509771911427 ], [ 316173.567936415667646, 1516334.446069695521146 ], [ 315885.015445518540218, 1515431.697180761490017 ], [ 314786.295551531715319, 1515439.45605723047629 ], [ 315074.863812361843884, 1516342.197509771911427 ] ] ], [ [ [ 318659.650928808376193, 1517221.85794972977601 ], [ 319758.323898332426324, 1517214.252773922402412 ], [ 319469.649440276436508, 1516311.469201470958069 ], [ 318370.96071947470773, 1516319.081916684750468 ], [ 318659.650928808376193, 1517221.85794972977601 ] ] ], [ [ [ 297783.861259902652819, 1517375.148466386366636 ], [ 298882.636315587093122, 1517366.664004898630083 ], [ 298593.661099498625845, 1516464.019040893064812 ], [ 297494.870127434027381, 1516472.510526272235438 ], [ 297783.861259902652819, 1517375.148466386366636 ] ] ], [ [ [ 317849.848070934123825, 1518132.290099423844367 ], [ 318948.510368066024967, 1518124.64618985936977 ], [ 318659.650928808376193, 1517221.85794972977601 ], [ 317560.972864424344152, 1517229.509393161395565 ], [ 317849.848070934123825, 1518132.290099423844367 ] ] ], [ [ [ 317908.436983841704205, 1521751.195085552753881 ], [ 313513.968592414283194, 1521782.299002102343366 ], [ 313803.769098257413134, 1522685.103090606862679 ], [ 314902.378126902505755, 1522677.265005431137979 ], [ 315192.332037562562618, 1523580.08880246640183 ], [ 316290.920023135025986, 1523572.304708695271984 ], [ 316871.303877291793469, 1525378.004153714049608 ], [ 317969.855008990620263, 1525370.281751926988363 ], [ 317679.59431371896062, 1524467.418274477589875 ], [ 318778.156179077050183, 1524459.734735098201782 ], [ 318488.080552160565276, 1523556.875906531931832 ], [ 319586.653157354157884, 1523549.231195851461962 ], [ 318717.489089856564533, 1520840.705503056757152 ], [ 317618.869047259446234, 1520848.373058589175344 ], [ 317908.436983841704205, 1521751.195085552753881 ] ] ], [ [ [ 312186.707598100416362, 1524506.533316927030683 ], [ 313285.295362629520241, 1524498.617325173458084 ], [ 312995.140469942591153, 1523595.796381161781028 ], [ 311896.536826147930697, 1523603.71986841596663 ], [ 312186.707598100416362, 1524506.533316927030683 ] ] ], [ [ [ 314674.186162230209447, 1525393.588507799897343 ], [ 315772.747605327051133, 1525385.773071954259649 ], [ 315192.332037562562618, 1523580.08880246640183 ], [ 314093.738863455713727, 1523587.919359567807987 ], [ 314674.186162230209447, 1525393.588507799897343 ] ] ], [ [ [ 316353.840152230579406, 1527191.506357176462188 ], [ 316935.609658938483335, 1528997.288796608801931 ], [ 318034.102416075358633, 1528989.550490241730586 ], [ 317452.364681378705427, 1527183.752701367950067 ], [ 316353.840152230579406, 1527191.506357176462188 ] ] ], [ [ [ 324468.990204226458445, 1535279.965086106676608 ], [ 325567.346616282593459, 1535272.515253223944455 ], [ 325275.288161947741173, 1534369.483815142186359 ], [ 324176.915852907404769, 1534376.94162208144553 ], [ 324468.990204226458445, 1535279.965086106676608 ] ] ], [ [ [ 313496.249783584324177, 1548934.378093951847404 ], [ 315692.618485186016187, 1548918.447848596377298 ], [ 315397.81390712223947, 1548015.331737338099629 ], [ 313201.412957068299875, 1548031.277857181848958 ], [ 313496.249783584324177, 1548934.378093951847404 ] ] ], [ [ [ 332246.64595820842078, 1552425.275428046006709 ], [ 331148.597687893605325, 1552432.522256856085733 ], [ 330853.325326502439566, 1551529.248839027713984 ], [ 329755.256297868851107, 1551536.551385040394962 ], [ 330346.002225479460321, 1553343.094328474020585 ], [ 332542.071415850252379, 1553328.570201111026108 ], [ 332246.64595820842078, 1552425.275428046006709 ] ] ], [ [ [ 331825.82684363075532, 1557859.677922118222341 ], [ 332923.783480945741758, 1557852.434585499810055 ], [ 332627.496381646720693, 1556949.083414393709973 ], [ 331529.523666862864047, 1556956.335276035359129 ], [ 331825.82684363075532, 1557859.677922118222341 ] ] ], [ [ [ 333516.865020875877235, 1559659.176011566072702 ], [ 334614.784828068804927, 1559651.997334036510438 ], [ 334318.17558503994951, 1558748.611504386877641 ], [ 333220.239694823336322, 1558755.798778535798192 ], [ 333516.865020875877235, 1559659.176011566072702 ] ] ], [ [ [ 312952.571304408367723, 1560707.836880268761888 ], [ 314050.568525026727002, 1560699.762810980668291 ], [ 313753.48295563319698, 1559796.523018071195111 ], [ 312655.469476788071916, 1559804.605190600734204 ], [ 312952.571304408367723, 1560707.836880268761888 ] ] ], [ [ [ 330406.931594258290716, 1566922.927418138831854 ], [ 330705.159691742155701, 1567826.379247965989634 ], [ 331802.957607358286623, 1567819.039998293621466 ], [ 332101.338629935402423, 1568722.513621926307678 ], [ 333199.115658601105679, 1568715.230874332599342 ], [ 332602.555103035178035, 1566908.279359532287344 ], [ 330406.931594258290716, 1566922.927418138831854 ] ] ], [ [ [ 333199.115658601105679, 1568715.230874332599342 ], [ 333497.649598391493782, 1569618.726381886284798 ], [ 334595.405781327979639, 1569611.500211966689676 ], [ 334296.888029829016887, 1568707.995943813584745 ], [ 333199.115658601105679, 1568715.230874332599342 ] ] ], [ [ [ 339189.314407997881062, 1566865.481456354493275 ], [ 338091.532597089651972, 1566872.49504300695844 ], [ 338389.647538529825397, 1567776.008073866600171 ], [ 336194.102606960979756, 1567790.160898909904063 ], [ 336492.41892266809009, 1568693.669529721140862 ], [ 337590.177505626401398, 1568686.578044028021395 ], [ 337888.646745324134827, 1569590.108756876783445 ], [ 336790.904324124683626, 1569597.191400520503521 ], [ 337089.558808934991248, 1570500.72652960405685 ], [ 338187.285061237635091, 1570493.652750403853133 ], [ 338486.092450960364658, 1571397.210042939521372 ], [ 339583.79801899753511, 1571390.193044882733375 ], [ 339285.006796466768719, 1570486.626838342752308 ], [ 340382.724045297596604, 1570479.64879238139838 ], [ 340084.118040668778121, 1569576.086988507537171 ], [ 341181.846976149943657, 1569569.147861706791446 ], [ 340585.174418495735154, 1567762.046387380221859 ], [ 339487.41321962676011, 1567769.003338822862133 ], [ 339189.314407997881062, 1566865.481456354493275 ] ] ], [ [ [ 339683.012699985178187, 1575011.572570465970784 ], [ 340780.653527966234833, 1575004.591452777385712 ], [ 340481.186062690627296, 1574100.971776738297194 ], [ 337188.201515954569913, 1574122.086069419980049 ], [ 337787.402749916363973, 1575929.284907785709947 ], [ 339982.665422778809443, 1575915.196633686544374 ], [ 339683.012699985178187, 1575011.572570465970784 ] ] ], [ [ [ 336898.432902336819097, 1583179.892514995997772 ], [ 337995.949920012266375, 1583172.752197498455644 ], [ 337694.879661513259634, 1582269.056895571528003 ], [ 336597.346339706797153, 1582276.206283857813105 ], [ 336898.432902336819097, 1583179.892514995997772 ] ] ], [ [ [ 310364.457123791100457, 1586084.567583044525236 ], [ 311462.047350586391985, 1586076.24593057250604 ], [ 310858.240040387783665, 1584269.227998595684767 ], [ 309760.616721855476499, 1584277.56654906552285 ], [ 310364.457123791100457, 1586084.567583044525236 ] ] ], [ [ [ 319337.521540637186263, 1583300.700675833271816 ], [ 320435.114968713547569, 1583292.788186647230759 ], [ 319531.625941272126511, 1580582.167151473928243 ], [ 316238.682478981907479, 1580606.126713192090392 ], [ 317443.870313639286906, 1584220.211102445842698 ], [ 316346.278167133685201, 1584228.259828498587012 ], [ 316648.014624685631134, 1585131.804920279653743 ], [ 317745.590282885415945, 1585123.764794633258134 ], [ 319559.463197290897369, 1590545.362156716641039 ], [ 320656.934750119340606, 1590537.422598807141185 ], [ 320354.216144321719185, 1589633.781420077895746 ], [ 321451.699215744272806, 1589625.881560126785189 ], [ 320242.582596904307138, 1586011.413617311045527 ], [ 319145.033543964440469, 1586019.348412889055908 ], [ 318541.457371979602613, 1584212.210676254238933 ], [ 319639.039372769766487, 1584204.258548740064725 ], [ 319337.521540637186263, 1583300.700675833271816 ] ] ], [ [ [ 342988.490522696520202, 1584952.17783644166775 ], [ 337501.113252384355292, 1584987.305329894181341 ], [ 337802.707034975697752, 1585891.031950783450156 ], [ 338900.175097624305636, 1585883.918981301598251 ], [ 339201.921616161882412, 1586787.668263870989904 ], [ 340299.368866464938037, 1586780.612815708620474 ], [ 339997.638671562308446, 1585876.854344721883535 ], [ 341095.097787388775032, 1585869.838039999362081 ], [ 341396.811667564266827, 1586773.605726555455476 ], [ 342494.250050054339226, 1586766.646995375398546 ], [ 342192.552475704986136, 1585862.870066097006202 ], [ 343290.002767103607766, 1585855.950421983608976 ], [ 342988.490522696520202, 1584952.17783644166775 ] ] ], [ [ [ 309266.861612501787022, 1586092.93759809108451 ], [ 309871.412140984088182, 1587899.973435653373599 ], [ 310968.974513788241893, 1587891.62035491829738 ], [ 310364.457123791100457, 1586084.567583044525236 ], [ 309266.861612501787022, 1586092.93759809108451 ] ] ], [ [ [ 324330.938640654378105, 1585076.538866328541189 ], [ 323233.392998372437432, 1585084.289047649363056 ], [ 322931.755336010595784, 1584180.691946538630873 ], [ 321834.188324170012493, 1584188.499185047810897 ], [ 321532.703391505521722, 1583284.923966665752232 ], [ 320435.114968713547569, 1583292.788186647230759 ], [ 321038.286904830601998, 1585099.934374885400757 ], [ 322135.842429968412034, 1585092.087550117168576 ], [ 322437.665706445113756, 1585995.689080256270245 ], [ 323535.1998242661939, 1585987.899336453992873 ], [ 324441.635258615075145, 1588698.8095132925082 ], [ 325539.115091579093132, 1588691.094611038221046 ], [ 325236.817252834967803, 1587787.435794824967161 ], [ 326334.308680213987827, 1587779.760440219426528 ], [ 327847.406973766162992, 1592298.232179372105747 ], [ 328944.811266400909517, 1592290.649992048973218 ], [ 328339.097482875280548, 1590483.203308300115168 ], [ 329436.529935032536741, 1590475.65162660786882 ], [ 328831.52555494767148, 1588668.240470941178501 ], [ 327734.060209151124582, 1588675.810090992832556 ], [ 326827.772797200945206, 1585964.820190143072978 ], [ 324632.729024924105033, 1585980.157940929289907 ], [ 324330.938640654378105, 1585076.538866328541189 ] ] ], [ [ [ 347185.761455199914053, 1587643.12350191664882 ], [ 342796.116662115906365, 1587670.437534297583625 ], [ 343400.356989756692201, 1589478.059515845030546 ], [ 344497.742050961649511, 1589471.177087224787101 ], [ 344195.553688860381953, 1588567.349935048492625 ], [ 345292.95072861504741, 1588560.506578782573342 ], [ 345595.122781450860202, 1589464.34309599827975 ], [ 346692.49921180534875, 1589457.557541154325008 ], [ 346390.343459333933424, 1588553.711631740676239 ], [ 347487.731911601498723, 1588546.965092918369919 ], [ 347185.761455199914053, 1587643.12350191664882 ] ] ], [ [ [ 338143.177670350007247, 1596758.106342499377206 ], [ 337839.505940064205788, 1595854.244554514298216 ], [ 336742.200057692476548, 1595861.45003856276162 ], [ 337045.888234255544376, 1596765.302523932652548 ], [ 338143.177670350007247, 1596758.106342499377206 ] ] ], [ [ [ 339848.280347179796081, 1598558.742116718785837 ], [ 339544.286949297762476, 1597654.843621194595471 ], [ 340641.550972961646039, 1597647.754144231090322 ], [ 340337.743061762419529, 1596743.859967292752117 ], [ 338143.177670350007247, 1596758.106342499377206 ], [ 338751.02831071766559, 1598565.870907296426594 ], [ 339848.280347179796081, 1598558.742116718785837 ] ] ], [ [ [ 325583.645240906334948, 1598655.216644383734092 ], [ 326680.953123633982614, 1598647.503175808815286 ], [ 326376.761715424130671, 1597743.715393462916836 ], [ 325279.437273350195028, 1597751.437911743996665 ], [ 325583.645240906334948, 1598655.216644383734092 ] ] ], [ [ [ 337957.96716115414165, 1599476.941858459729701 ], [ 339055.20721595780924, 1599469.773721749195829 ], [ 338751.02831071766559, 1598565.870907296426594 ], [ 337653.771788409794681, 1598573.048415075289086 ], [ 337957.96716115414165, 1599476.941858459729701 ] ] ], [ [ [ 326985.313665700494312, 1599551.304401331348345 ], [ 328082.600169114535674, 1599543.64876168849878 ], [ 327778.256184483296238, 1598639.83843649784103 ], [ 326680.953123633982614, 1598647.503175808815286 ], [ 326985.313665700494312, 1599551.304401331348345 ] ] ], [ [ [ 334177.991491589113139, 1601313.855146824615076 ], [ 335275.21673120802734, 1601306.510615584440529 ], [ 334970.633740985824261, 1600402.617860148893669 ], [ 337165.103515776689164, 1600388.056507515022531 ], [ 337469.653497803257778, 1601291.967960766050965 ], [ 338566.86508585017873, 1601284.769835038809106 ], [ 337957.96716115414165, 1599476.941858459729701 ], [ 333568.961562385666184, 1599506.101870079990476 ], [ 334177.991491589113139, 1601313.855146824615076 ] ] ], [ [ [ 327594.542141577345319, 1601358.947256725979969 ], [ 328691.795508828072343, 1601351.309884963091463 ], [ 328387.113278047414497, 1600447.472571599530056 ], [ 327289.843339164275676, 1600455.119088731240481 ], [ 327594.542141577345319, 1601358.947256725979969 ] ] ], [ [ [ 323149.245727222121786, 1607732.588796251919121 ], [ 322052.074797964654863, 1607740.50453734700568 ], [ 322358.243195174611174, 1608644.37668500165455 ], [ 323455.397432728321292, 1608636.470082717482001 ], [ 323761.718287575349677, 1609540.364881261251867 ], [ 324858.850929808802903, 1609532.516502477461472 ], [ 324552.546764685888775, 1608628.612515017623082 ], [ 325649.691221558197867, 1608620.803980741184205 ], [ 325343.57287225255277, 1607716.90433527668938 ], [ 324246.411741813179106, 1607724.722062616143376 ], [ 323940.445863663218915, 1606820.845126443076879 ], [ 322843.263173529296182, 1606828.721003049751744 ], [ 323149.245727222121786, 1607732.588796251919121 ] ] ], [ [ [ 325955.978706028952729, 1609524.717184243956581 ], [ 330344.441760856891051, 1609494.010493884561583 ], [ 330038.220908384595532, 1608590.060154910199344 ], [ 325649.691221558197867, 1608620.803980741184205 ], [ 325955.978706028952729, 1609524.717184243956581 ] ] ], [ [ [ 350220.038915102020837, 1612988.855339695466682 ], [ 352413.959670800250024, 1612975.542920627631247 ], [ 351800.964251272846013, 1611167.178681309567764 ], [ 352897.95144416129915, 1611160.576291428646073 ], [ 352591.723660192918032, 1610256.405484195332974 ], [ 350397.712192923529074, 1610269.679153099190444 ], [ 351010.402664547262248, 1612077.995288942009211 ], [ 349913.423712209390942, 1612084.685976023087278 ], [ 350220.038915102020837, 1612988.855339695466682 ] ] ], [ [ [ 354650.663654927397147, 1635617.310009204084054 ], [ 354029.054661222151481, 1633808.329928738065064 ], [ 355125.647387074655853, 1633801.734045354649425 ], [ 355436.350710134836845, 1634706.227199404267594 ], [ 356532.922728186007589, 1634699.691496265120804 ], [ 356222.236100745154545, 1633795.187934171874076 ], [ 357318.820832621771842, 1633788.691594223491848 ], [ 357008.319811512017623, 1632884.192181480117142 ], [ 358104.917262524948455, 1632877.735172804212198 ], [ 357794.601827206322923, 1631973.239909274037927 ], [ 358891.212002693035174, 1631966.822199942078441 ], [ 358581.082132633193396, 1631062.331085466546938 ], [ 359677.705037940875627, 1631055.952643539058045 ], [ 359367.760712609975599, 1630151.465677937259898 ], [ 360464.396353114803787, 1630145.126471464987844 ], [ 360154.637551985331811, 1629240.643654535524547 ], [ 361251.285933067905717, 1629234.343651558738202 ], [ 360941.71263561717933, 1628329.864983073901385 ], [ 358748.378789998474531, 1628342.535454572876915 ], [ 359057.985295832389966, 1629246.99328816938214 ], [ 357961.329134205821902, 1629253.392553396290168 ], [ 357651.706010632740799, 1628348.945096489042044 ], [ 356555.029286348784808, 1628355.404343773843721 ], [ 356245.558463240449782, 1627450.98172634630464 ], [ 358438.941197506559547, 1627438.092157513368875 ], [ 358129.672520754567813, 1626533.663377369521186 ], [ 357032.966526755713858, 1626540.093702810350806 ], [ 356723.850171246333048, 1625635.68972684815526 ], [ 354530.393043019343168, 1625648.719564014114439 ], [ 354839.54261939029675, 1626553.10300774872303 ], [ 353742.824645193177275, 1626559.681989166652784 ], [ 354361.663881402870174, 1628368.471658270340413 ], [ 353264.975139920017682, 1628375.079727409873158 ], [ 352955.454403077834286, 1627470.687925687292591 ], [ 351858.744939036318101, 1627477.355821627890691 ], [ 350313.592385385243688, 1622955.663169958163053 ], [ 351410.385024911607616, 1622948.944534961599857 ], [ 350485.370929572614841, 1620236.070293630706146 ], [ 348291.681829080509488, 1620249.617259136633947 ], [ 350143.430148947285488, 1625675.373555647442117 ], [ 347949.923896345542744, 1625688.997725845547393 ], [ 348259.173352332087234, 1626593.320224786875769 ], [ 350452.646275527076796, 1626579.716260883724317 ], [ 351381.308446850045584, 1629292.830461593810469 ], [ 350284.624095573206432, 1629299.577174816979095 ], [ 350594.532763219671324, 1630203.967125279130414 ], [ 349497.860960354446433, 1630210.753295163623989 ], [ 349807.955296272644773, 1631115.147428931668401 ], [ 350904.610395046765916, 1631108.371465049451217 ], [ 352146.610515793552622, 1634726.133108897134662 ], [ 351050.022303009813186, 1634732.86801534681581 ], [ 351360.961458359495737, 1635637.334272818639874 ], [ 354650.663654927397147, 1635617.310009204084054 ] ], [ [ 353718.503574075642973, 1632903.861670012818649 ], [ 353408.121429951977916, 1631999.407906076638028 ], [ 354504.747544347774237, 1631992.791331032291055 ], [ 354815.112997676478699, 1632897.255429120734334 ], [ 353718.503574075642973, 1632903.861670012818649 ] ] ], [ [ [ 350284.624095573206432, 1629299.577174816979095 ], [ 349665.313662488013506, 1627490.840363642200828 ], [ 348568.591789145488292, 1627497.657011705450714 ], [ 349187.93559557851404, 1629306.373527390416712 ], [ 350284.624095573206432, 1629299.577174816979095 ] ] ], [ [ [ 349642.643028265913017, 1633835.211203834973276 ], [ 349953.429965586168692, 1634739.652725090505555 ], [ 351050.022303009813186, 1634732.86801534681581 ], [ 350739.252106709522195, 1633828.416221850784495 ], [ 349642.643028265913017, 1633835.211203834973276 ] ] ], [ [ [ 375798.790408751112409, 1496085.634687116136774 ], [ 374700.007525758759584, 1496090.807858577463776 ], [ 374984.099037187115755, 1496993.76585367671214 ], [ 376082.866813387488946, 1496988.601298760389909 ], [ 375798.790408751112409, 1496085.634687116136774 ] ] ], [ [ [ 379663.34930687060114, 1497876.387077681021765 ], [ 378564.606992824585177, 1497881.406070904806256 ], [ 377996.345714499126188, 1496075.425106266047806 ], [ 379095.11819914978696, 1496070.388695362024009 ], [ 378811.255905842175707, 1495167.409186417935416 ], [ 375514.882866774802096, 1495182.681127179879695 ], [ 375798.790408751112409, 1496085.634687116136774 ], [ 376897.569794680224732, 1496080.507103265728801 ], [ 377465.861260329489596, 1497886.470704652369022 ], [ 376367.112078442703933, 1497891.580979675985873 ], [ 376651.526201684959233, 1498794.573747442569584 ], [ 381046.441955660353415, 1498774.441400875570253 ], [ 380477.903340644901618, 1496968.399219757411629 ], [ 379379.149333568464499, 1496973.381319915177301 ], [ 379663.34930687060114, 1497876.387077681021765 ] ] ], [ [ [ 376122.153736607637256, 1500605.728489409666508 ], [ 377220.861013805726543, 1500600.598613945301622 ], [ 376651.526201684959233, 1498794.573747442569584 ], [ 375552.78866062668385, 1498799.721005314262584 ], [ 376122.153736607637256, 1500605.728489409666508 ] ] ], [ [ [ 319363.959618310327642, 1509074.432351895608008 ], [ 320462.758753396978136, 1509066.89816074911505 ], [ 320175.654411055147648, 1508164.201675330055878 ], [ 319076.839616490120534, 1508171.743293494917452 ], [ 319363.959618310327642, 1509074.432351895608008 ] ] ], [ [ [ 332887.755807515175547, 1513508.134000796591863 ], [ 333986.423171059461311, 1513501.144907752983272 ], [ 333698.644830200006254, 1512598.302883888129145 ], [ 332599.961865236749873, 1512605.299810176948085 ], [ 332887.755807515175547, 1513508.134000796591863 ] ] ], [ [ [ 326407.688566766679287, 1520788.331116650253534 ], [ 327506.268745252862573, 1520781.034548460971564 ], [ 327217.011912423186004, 1519878.155632416717708 ], [ 326118.416005351115018, 1519885.4599893912673 ], [ 326407.688566766679287, 1520788.331116650253534 ] ] ], [ [ [ 369497.921548756596167, 1535012.894644990796223 ], [ 369206.491866641270462, 1534109.521971510024741 ], [ 368108.291481390304398, 1534115.109276937553659 ], [ 368399.736714796163142, 1535018.472889528144151 ], [ 369497.921548756596167, 1535012.894644990796223 ] ] ], [ [ [ 369497.921548756596167, 1535012.894644990796223 ], [ 370081.287572025379632, 1536819.680365030420944 ], [ 371179.437641173659358, 1536814.167133244685829 ], [ 370596.102724724099971, 1535007.363171366043389 ], [ 369497.921548756596167, 1535012.894644990796223 ] ] ], [ [ [ 377768.263322208018508, 1536782.071028772043064 ], [ 378866.388767413736787, 1536776.885551668936387 ], [ 378574.745529473060742, 1535873.412140138214454 ], [ 377476.604587183275726, 1535878.606939538381994 ], [ 377768.263322208018508, 1536782.071028772043064 ] ] ], [ [ [ 365396.820811322308145, 1535938.83821412967518 ], [ 363200.448645571479574, 1535950.39774149749428 ], [ 363784.339522791909985, 1537757.101847637444735 ], [ 364882.496283338055946, 1537751.316642101155594 ], [ 365174.67948487366084, 1538654.697760510258377 ], [ 366272.816845088440459, 1538648.968451383756474 ], [ 365396.820811322308145, 1535938.83821412967518 ] ] ], [ [ [ 369275.085771259095054, 1537728.644378393655643 ], [ 370373.223908605519682, 1537723.09344787709415 ], [ 370081.287572025379632, 1536819.680365030420944 ], [ 368983.13386201846879, 1536825.240422125905752 ], [ 369275.085771259095054, 1537728.644378393655643 ] ] ], [ [ [ 376961.977532200457063, 1537690.771739155054092 ], [ 375863.86072678794153, 1537696.041566714411601 ], [ 375280.312370140920393, 1535889.136916701216251 ], [ 374182.161033811687957, 1535894.472096024313942 ], [ 374473.866311364166904, 1536797.908381611341611 ], [ 372277.584100254345685, 1536808.700725951930508 ], [ 372569.48931723786518, 1537712.132143553346395 ], [ 373667.616650089621544, 1537706.721768122399226 ], [ 373959.675179042038508, 1538610.175965782254934 ], [ 376155.888173320679925, 1538599.514306192751974 ], [ 376448.084462302329484, 1539503.000679658493027 ], [ 377546.170203875866719, 1539497.749497472541407 ], [ 377253.989450360066257, 1538594.253790350630879 ], [ 380548.272770418785512, 1538578.753489304566756 ], [ 380256.307386067113839, 1537675.243339705048129 ], [ 378060.090890028164722, 1537685.548759315162897 ], [ 377768.263322208018508, 1536782.071028772043064 ], [ 376670.134451655496377, 1536787.303325611865148 ], [ 376961.977532200457063, 1537690.771739155054092 ] ] ], [ [ [ 368469.080355800164398, 1538637.650481390068308 ], [ 369567.206567861721851, 1538632.06181884650141 ], [ 369275.085771259095054, 1537728.644378393655643 ], [ 368176.943970845080912, 1537734.242162241833284 ], [ 368469.080355800164398, 1538637.650481390068308 ] ] ], [ [ [ 366565.153338947449811, 1539552.372046064818278 ], [ 367663.271339677157812, 1539546.698708821088076 ], [ 367370.950458467006683, 1538643.28602529107593 ], [ 366272.816845088440459, 1538648.968451383756474 ], [ 366565.153338947449811, 1539552.372046064818278 ] ] ], [ [ [ 372055.706575790303759, 1539524.474445415660739 ], [ 373153.806347004836425, 1539519.035646840697154 ], [ 372569.48931723786518, 1537712.132143553346395 ], [ 370373.223908605519682, 1537723.09344787709415 ], [ 371250.046190700260922, 1540433.413805846124887 ], [ 372348.133960848674178, 1540427.937320765806362 ], [ 372055.706575790303759, 1539524.474445415660739 ] ] ], [ [ [ 373446.218155223876238, 1540422.507768981158733 ], [ 372348.133960848674178, 1540427.937320765806362 ], [ 372933.49532753607491, 1542234.903837837977335 ], [ 370737.378582151373848, 1542245.866786334430799 ], [ 371323.477853970834985, 1544052.850648703053594 ], [ 372421.506783623888623, 1544047.364218853414059 ], [ 372128.388333312759642, 1543143.856210572877899 ], [ 374324.466725877020508, 1543133.005836530355737 ], [ 374031.548346943105571, 1542229.492845541099086 ], [ 375129.597838509536814, 1542224.128840140532702 ], [ 374836.863896650145762, 1541320.62017245288007 ], [ 373738.798822631069925, 1541325.99349578958936 ], [ 373446.218155223876238, 1540422.507768981158733 ] ] ], [ [ [ 365833.278546452522278, 1544080.988470256095752 ], [ 368029.36932434811024, 1544069.59220386040397 ], [ 367736.188332780613564, 1543166.121153705287725 ], [ 365540.066232607583515, 1543177.535735987592489 ], [ 365833.278546452522278, 1544080.988470256095752 ] ] ], [ [ [ 332085.669169636501465, 1545184.895629977574572 ], [ 333183.831244786852039, 1545177.723384022014216 ], [ 332889.975820765306707, 1544274.519500596215948 ], [ 331791.797803980996832, 1544281.700070580933243 ], [ 332085.669169636501465, 1545184.895629977574572 ] ] ], [ [ [ 380107.610992562433239, 1544010.276366691337898 ], [ 377911.598464340087958, 1544020.63769721146673 ], [ 378204.807760266936384, 1544924.206259118625894 ], [ 379302.800140227307566, 1544919.011540343984962 ], [ 379889.694032249506563, 1546726.20896684913896 ], [ 380987.651873138325755, 1546721.080365147441626 ], [ 380107.610992562433239, 1544010.276366691337898 ] ] ], [ [ [ 352145.651708181074355, 1545966.364011616678908 ], [ 353243.718620122992434, 1545960.04831166821532 ], [ 352949.979664953309111, 1545056.676695803878829 ], [ 351851.896960915648378, 1545063.001230750232935 ], [ 352145.651708181074355, 1545966.364011616678908 ] ] ], [ [ [ 370518.763903555052821, 1544961.887186903506517 ], [ 368322.719208567752503, 1544973.076799787115306 ], [ 368616.237983137369156, 1545876.574959754245356 ], [ 367518.225792167708278, 1545882.231160282855853 ], [ 367811.929132939432748, 1546785.73366494406946 ], [ 371105.907694056164473, 1546768.93415879458189 ], [ 370518.763903555052821, 1544961.887186903506517 ] ] ], [ [ [ 376595.800215183291584, 1546741.877493870910257 ], [ 373301.875310883740894, 1546757.970120085868984 ], [ 373889.631953116971999, 1548565.109134720172733 ], [ 374987.579135171486996, 1548559.716615988407284 ], [ 374693.632035758637358, 1547656.130837279371917 ], [ 375791.591360044316389, 1547650.776051697786897 ], [ 376085.522818807687145, 1548554.371275373036042 ], [ 377183.463034768996295, 1548549.073112082667649 ], [ 377477.547693070839159, 1549452.691599854035303 ], [ 378575.468841581605375, 1549447.450134569313377 ], [ 378281.399813787662424, 1548543.822125331964344 ], [ 380477.263183958712034, 1548533.461678348015994 ], [ 379889.694032249506563, 1546726.20896684913896 ], [ 378791.732829457265325, 1546731.384688357822597 ], [ 379085.448598172864877, 1547634.994592535076663 ], [ 376889.547208045842126, 1547645.468416235875338 ], [ 376595.800215183291584, 1546741.877493870910257 ] ] ], [ [ [ 356321.976171769900247, 1548657.806331280386075 ], [ 357419.983509210404009, 1548651.658849325962365 ], [ 357125.784986198181286, 1547748.220491382060573 ], [ 356027.761861256498378, 1547754.376956037478521 ], [ 356321.976171769900247, 1548657.806331280386075 ] ] ], [ [ [ 334655.645107263349928, 1549693.936045413604006 ], [ 335753.722738859360106, 1549686.852989734616131 ], [ 335459.037710908334702, 1548783.576170506654307 ], [ 334360.94411041715648, 1548790.667687631910667 ], [ 334655.645107263349928, 1549693.936045413604006 ] ] ], [ [ [ 354420.364295357372612, 1549573.667693537194282 ], [ 355518.363893624395132, 1549567.434775805333629 ], [ 355223.964813295053318, 1548664.001005878206342 ], [ 354125.949403042031918, 1548670.242874036775902 ], [ 354420.364295357372612, 1549573.667693537194282 ] ] ], [ [ [ 341538.816942499717698, 1550555.478881951887161 ], [ 342636.85153241903754, 1550548.687887828797102 ], [ 342342.093077107681893, 1549645.346626397920772 ], [ 341244.042563560418785, 1549652.146267007337883 ], [ 341538.816942499717698, 1550555.478881951887161 ] ] ], [ [ [ 354501.773307580326218, 1553193.74484181473963 ], [ 353403.828919700114056, 1553200.036398400552571 ], [ 353699.120402204105631, 1554103.51009093830362 ], [ 354797.048925051116385, 1554097.227541046915576 ], [ 355092.493516394984908, 1555000.723655568202958 ], [ 356190.402114697557408, 1554994.497520188335329 ], [ 355894.97338680177927, 1554090.992349629988894 ], [ 358090.810249913367443, 1554078.66403853148222 ], [ 357500.523055591853335, 1552271.657737254397944 ], [ 355304.622833606554195, 1552284.022302606143057 ], [ 355009.701012977922801, 1551380.557389618596062 ], [ 353911.729003623418976, 1551386.819616208551452 ], [ 354501.773307580326218, 1553193.74484181473963 ] ] ], [ [ [ 352601.187787536182441, 1554109.840000233612955 ], [ 350405.310159836313687, 1554122.641900792717934 ], [ 350700.81829208903946, 1555026.102062921738252 ], [ 351798.743284274649341, 1555019.686379336984828 ], [ 352094.404511137632653, 1555923.168855831027031 ], [ 353192.309462054923642, 1555916.809557393193245 ], [ 352601.187787536182441, 1554109.840000233612955 ] ] ], [ [ [ 345802.812701841990929, 1556865.762727250810713 ], [ 346900.726972282922361, 1556859.127776515902951 ], [ 345718.101668875780888, 1553245.402649966767058 ], [ 344620.123616324912291, 1553252.072891059098765 ], [ 344915.542332891840488, 1554155.475508235627785 ], [ 343817.575877506635152, 1554162.184327097609639 ], [ 344113.179582888493314, 1555065.591375754214823 ], [ 345211.130087575817015, 1555058.891341221751645 ], [ 345802.812701841990929, 1556865.762727250810713 ] ] ], [ [ [ 350490.475276121520437, 1557742.998870759969577 ], [ 351588.356679706193972, 1557736.562691387021914 ], [ 351292.341554377984721, 1556833.062439969507977 ], [ 352390.234728565032128, 1556826.664717607432976 ], [ 352094.404511137632653, 1555923.168855831027031 ], [ 350996.495424386812374, 1555929.575569900684059 ], [ 350700.81829208903946, 1555026.102062921738252 ], [ 349602.889124630892184, 1555032.565135915763676 ], [ 350490.475276121520437, 1557742.998870759969577 ] ] ], [ [ [ 358386.207277013396379, 1554982.187402699608356 ], [ 356190.402114697557408, 1554994.497520188335329 ], [ 356781.766461385646835, 1556801.548246841644868 ], [ 357879.639307176636066, 1556795.387729172362015 ], [ 358471.647733525605872, 1558602.510747170541435 ], [ 359569.484863914491143, 1558596.416043844772503 ], [ 358386.207277013396379, 1554982.187402699608356 ] ] ], [ [ [ 358471.647733525605872, 1558602.510747170541435 ], [ 357373.806647017132491, 1558608.652943031163886 ], [ 357966.522652885993011, 1560415.811755610629916 ], [ 356868.70938469900284, 1560421.983088529901579 ], [ 357759.09827650396619, 1563132.795396057888865 ], [ 359954.625347717781551, 1563120.555762707954273 ], [ 358471.647733525605872, 1558602.510747170541435 ] ] ], [ [ [ 360846.439170226862188, 1565831.5463466856163 ], [ 363041.855072755250148, 1565819.553439426003024 ], [ 362744.446719910716638, 1564915.857454986311495 ], [ 359451.269258321961388, 1564933.946512773865834 ], [ 360046.350487690302543, 1566741.29589364817366 ], [ 361144.048306045355275, 1566735.237248095683753 ], [ 360846.439170226862188, 1565831.5463466856163 ] ] ], [ [ [ 352362.354611019720323, 1566785.043129501864314 ], [ 354557.802158953738399, 1566772.305210600374267 ], [ 353962.561232158564962, 1564965.048628775402904 ], [ 351767.04968263610499, 1564977.823286839062348 ], [ 352362.354611019720323, 1566785.043129501864314 ] ] ], [ [ [ 339189.314407997881062, 1566865.481456354493275 ], [ 340287.09172786178533, 1566858.515626148087904 ], [ 339989.178099209151696, 1565954.998157780617476 ], [ 338891.384665494784713, 1565961.972844397183508 ], [ 339189.314407997881062, 1566865.481456354493275 ] ] ], [ [ [ 357647.266112132754643, 1569470.800827662926167 ], [ 358744.927784833416808, 1569464.626972610363737 ], [ 357850.943095599184744, 1566753.556399858789518 ], [ 356753.233460523595568, 1566759.758262331597507 ], [ 356158.056465215573553, 1564952.464723951183259 ], [ 355060.310872905130964, 1564958.73283267673105 ], [ 355953.377746061887592, 1567669.66578157292679 ], [ 357051.07539225241635, 1567663.425464555155486 ], [ 357647.266112132754643, 1569470.800827662926167 ] ] ], [ [ [ 340585.174418495735154, 1567762.046387380221859 ], [ 341682.93116581736831, 1567755.137218508403748 ], [ 341384.864587354823016, 1566851.597551356302574 ], [ 340287.09172786178533, 1566858.515626148087904 ], [ 340585.174418495735154, 1567762.046387380221859 ] ] ], [ [ [ 363339.432340711937286, 1566723.263167615281418 ], [ 361144.048306045355275, 1566735.237248095683753 ], [ 361441.826368796173483, 1567638.941867124056444 ], [ 359246.45874083833769, 1567651.088133533485234 ], [ 359544.437659329269081, 1568554.787681247573346 ], [ 360642.107453107717447, 1568548.700055579654872 ], [ 360940.239330985816196, 1569452.422725854674354 ], [ 362037.889265753794461, 1569446.392332345945761 ], [ 362336.174095289257821, 1570350.138215745566413 ], [ 364531.43051706685219, 1570338.239889810327441 ], [ 364829.852325632586144, 1571242.018615869572386 ], [ 365927.458893138100393, 1571236.15078565152362 ], [ 365330.816084711812437, 1569428.588060609530658 ], [ 364233.177611960098147, 1569434.475000604987144 ], [ 363339.432340711937286, 1566723.263167615281418 ] ] ], [ [ [ 360940.239330985816196, 1569452.422725854674354 ], [ 358744.927784833416808, 1569464.626972610363737 ], [ 359043.260566666023806, 1570368.344551174901426 ], [ 361238.540135863120668, 1570356.159147127298638 ], [ 360940.239330985816196, 1569452.422725854674354 ] ] ], [ [ [ 342377.220730045926757, 1573183.511131807463244 ], [ 343474.880654628155753, 1573176.655868648318574 ], [ 343175.799797234882135, 1572273.035924647469074 ], [ 342078.123717725044116, 1572279.900228135986254 ], [ 342377.220730045926757, 1573183.511131807463244 ] ] ], [ [ [ 342377.220730045926757, 1573183.511131807463244 ], [ 340181.887654504389502, 1573197.365495687583461 ], [ 340481.186062690627296, 1574100.971776738297194 ], [ 342676.48678761505289, 1574087.135456943418831 ], [ 342377.220730045926757, 1573183.511131807463244 ] ] ], [ [ [ 342975.921888037584722, 1574990.77322199405171 ], [ 344073.549481415306218, 1574983.936106855515391 ], [ 343774.130550149595365, 1574080.289256562944502 ], [ 342676.48678761505289, 1574087.135456943418831 ], [ 342975.921888037584722, 1574990.77322199405171 ] ] ], [ [ [ 342177.910239778924733, 1575901.300479834899306 ], [ 343275.526028930325992, 1575894.424445427488536 ], [ 342975.921888037584722, 1574990.77322199405171 ], [ 340780.653527966234833, 1575004.591452777385712 ], [ 341380.095620212203357, 1576811.871063606115058 ], [ 340282.487204989884049, 1576818.834106307476759 ], [ 340582.4780442166375, 1577722.485006796196103 ], [ 343875.241422552498989, 1577701.767341417027637 ], [ 343575.299207899020985, 1576798.08914573257789 ], [ 342477.699610972660594, 1576804.956077088601887 ], [ 342177.910239778924733, 1575901.300479834899306 ] ] ], [ [ [ 361419.76702901313547, 1626514.669697800418362 ], [ 362516.457475239643827, 1626508.437567080603912 ], [ 362207.424013949465007, 1625603.981785097159445 ], [ 364400.826598684536293, 1625591.645249213092029 ], [ 363783.332504203950521, 1623782.735692052403465 ], [ 361589.863771925680339, 1623795.113913716981187 ], [ 361898.559445383492857, 1624699.540573846083134 ], [ 360801.835884485626593, 1624705.793512412812561 ], [ 361419.76702901313547, 1626514.669697800418362 ] ] ], [ [ [ 361419.76702901313547, 1626514.669697800418362 ], [ 360323.072741468029562, 1626520.951375802280381 ], [ 360941.71263561717933, 1628329.864983073901385 ], [ 362038.373762684524991, 1628323.604151621460915 ], [ 361419.76702901313547, 1626514.669697800418362 ] ] ] ] } }
]
}
