{
"type": "FeatureCollection",
"name": "urban-1985",
"crs": { "type": "name", "properties": { "name": "urn:ogc:def:crs:EPSG::32651" } },
"features": [
{ "type": "Feature", "properties": { "year": 1985 }, "geometry": { "type": "MultiPolygon", "coordinates": [ [ [ [ 220204.173479823337402, 1641336.428403689526021 ], [ 219263.037047950318083, 1638626.036560037871823 ], [ 218165.774844720377587, 1638638.835898881778121 ], [ 219106.965000235359184, 1641349.206401398638263 ], [ 220204.173479823337402, 1641336.428403689526021 ] ] ], [ [ [ 220987.510163426224608, 1640420.217714039376006 ], [ 221301.374211277347058, 1641323.700545836705714 ], [ 220204.173479823337402, 1641336.428403689526021 ], [ 220518.225239000108559, 1642239.915815237909555 ], [ 219421.034681906050537, 1642252.686652340227738 ], [ 219735.274173833080567, 1643156.178641820326447 ], [ 217540.905610788788181, 1643181.856536946259439 ], [ 217855.350813245982863, 1644085.345948942238465 ], [ 221146.838163415377494, 1644046.925942495232448 ], [ 220832.446801128739025, 1643143.414988793665543 ], [ 223026.768899453862105, 1643118.038262390298769 ], [ 223341.124416411155835, 1644021.56371219153516 ], [ 224438.256040065374691, 1644008.957923609763384 ], [ 223495.752551562211011, 1641298.395242188358679 ], [ 224592.930221279035322, 1641285.817792655434459 ], [ 224279.119832530675922, 1640382.313306456664577 ], [ 220987.510163426224608, 1640420.217714039376006 ] ] ], [ [ [ 210329.01457706571091, 1641453.235645888373256 ], [ 210957.611262428225018, 1643260.095072083640844 ], [ 209860.367705259181093, 1643273.31055539730005 ], [ 210489.679909538011998, 1645080.202303915750235 ], [ 211586.887411623378284, 1645067.000773450592533 ], [ 211272.16440546058584, 1644163.54212935641408 ], [ 215660.986910955689382, 1644111.210415964014828 ], [ 215346.505766891234089, 1643207.735230154357851 ], [ 216443.709614166698884, 1643194.770782837411389 ], [ 216129.4162750976393, 1642291.300183638464659 ], [ 211740.481546556635294, 1642343.48734318674542 ], [ 211426.286137836286798, 1641440.056460773805156 ], [ 210329.01457706571091, 1641453.235645888373256 ] ] ], [ [ [ 224752.763424273580313, 1644912.502530745929107 ], [ 225849.869514024874661, 1644899.954296428710222 ], [ 225535.380035734851845, 1643996.402350256917998 ], [ 224438.256040065374691, 1644008.957923609763384 ], [ 224752.763424273580313, 1644912.502530745929107 ] ] ], [ [ [ 231649.856573776050936, 1645741.567768054781482 ], [ 231335.286751970590558, 1644837.966693645110354 ], [ 230238.218297747953329, 1644850.26374447462149 ], [ 230867.56340531114256, 1646657.462921073893085 ], [ 233061.621421825839207, 1646632.949141871649772 ], [ 232746.899736557505094, 1645729.328472995897755 ], [ 231649.856573776050936, 1645741.567768054781482 ] ] ], [ [ [ 226794.356530357908923, 1647610.681671104859561 ], [ 226479.357764118642081, 1646707.093938590027392 ], [ 225382.287508037174121, 1646719.627424290869385 ], [ 225697.304202025232371, 1647623.207747197709978 ], [ 226794.356530357908923, 1647610.681671104859561 ] ] ], [ [ [ 227109.525053687742911, 1648514.281368959927931 ], [ 228206.551897514844313, 1648501.813074388541281 ], [ 227891.401299580407795, 1647598.205916377017274 ], [ 226794.356530357908923, 1647610.681671104859561 ], [ 227109.525053687742911, 1648514.281368959927931 ] ] ], [ [ [ 226012.490660370502155, 1648526.800011892803013 ], [ 225697.304202025232371, 1647623.207747197709978 ], [ 223503.176746379409451, 1647648.41087088175118 ], [ 223818.399103635223582, 1648551.988350244471803 ], [ 226012.490660370502155, 1648526.800011892803013 ] ] ], [ [ [ 232909.83309653197648, 1649356.092713143210858 ], [ 232594.584386039583478, 1648452.443343031685799 ], [ 231497.587436116533354, 1648464.710262482753024 ], [ 231812.854040815553162, 1649368.352040872676298 ], [ 232909.83309653197648, 1649356.092713143210858 ] ] ], [ [ [ 233225.251522285398096, 1650259.754203135147691 ], [ 234322.205298281740397, 1650247.55288394796662 ], [ 234006.804764381085988, 1649343.883751651737839 ], [ 232909.83309653197648, 1649356.092713143210858 ], [ 233225.251522285398096, 1650259.754203135147691 ] ] ], [ [ [ 229934.345803155563772, 1650296.660527383442968 ], [ 230249.987696342926938, 1651200.311320002423599 ], [ 228056.04913841484813, 1651225.152437796117738 ], [ 228371.89666229969589, 1652128.800180346472189 ], [ 229468.851731947506778, 1652116.361962190596387 ], [ 229784.851037341926713, 1653020.029339971020818 ], [ 230881.780674352543429, 1653007.649181447224692 ], [ 231197.93175362033071, 1653911.336287136888131 ], [ 232294.836000395880546, 1653899.014264047611505 ], [ 232611.138845913519617, 1654802.721190390642732 ], [ 234804.889283235417679, 1654778.244096795329824 ], [ 234488.622322632232681, 1653874.521730657434091 ], [ 235585.504458845767658, 1653862.351216742303222 ], [ 234637.775537435954902, 1651151.234178137267008 ], [ 233540.839660531783011, 1651163.427831429056823 ], [ 233225.251522285398096, 1650259.754203135147691 ], [ 232128.290368029032834, 1650272.005915563553572 ], [ 231812.854040815553162, 1649368.352040872676298 ], [ 230715.867566838336643, 1649380.661736648762599 ], [ 231031.321805115789175, 1650284.308023041579872 ], [ 229934.345803155563772, 1650296.660527383442968 ] ], [ [ 233391.732846606173553, 1653886.742745824856684 ], [ 233075.617657034366857, 1652983.040301635628566 ], [ 234172.52506346849259, 1652970.811576716834679 ], [ 234488.622322632232681, 1653874.521730657434091 ], [ 233391.732846606173553, 1653886.742745824856684 ] ] ], [ [ [ 233098.4023182624951, 1659333.714535312959924 ], [ 232147.403319213364739, 1656622.470525700598955 ], [ 231050.545562792685814, 1656634.820027285953984 ], [ 230733.867341403034516, 1655731.104142087046057 ], [ 229636.98416193475714, 1655743.511905910912901 ], [ 230587.581983133684844, 1658454.673009996768087 ], [ 231684.411168972437736, 1658442.28833545721136 ], [ 232001.598548213893082, 1659346.040795515757054 ], [ 233098.4023182624951, 1659333.714535312959924 ] ] ], [ [ [ 235501.860215872293338, 1669288.129053658805788 ], [ 237695.063478538184427, 1669263.701595653546974 ], [ 237376.045554990763776, 1668359.797501201974228 ], [ 236279.429484793508891, 1668371.993806987768039 ], [ 235960.563167805841658, 1667468.110211616149172 ], [ 233767.273008600866888, 1667492.671631474047899 ], [ 234086.175484750419855, 1668396.539236346259713 ], [ 235182.806138150452171, 1668384.241051433607936 ], [ 235501.860215872293338, 1669288.129053658805788 ] ] ], [ [ [ 236779.773331231437624, 1672903.805594897596166 ], [ 236460.040537265944295, 1671999.86774205439724 ], [ 235363.482293429842684, 1672012.133761159842834 ], [ 235683.233207742217928, 1672916.063512782100588 ], [ 236779.773331231437624, 1672903.805594897596166 ] ] ], [ [ [ 241596.124344702024246, 1686464.385189082007855 ], [ 241273.846759700682014, 1685560.257694654399529 ], [ 239081.268233543873066, 1685584.593112555099651 ], [ 240048.71931520223734, 1688296.96316771931015 ], [ 241144.957421023573261, 1688284.79510770062916 ], [ 240499.856885453104042, 1686476.51870874944143 ], [ 241596.124344702024246, 1686464.385189082007855 ] ] ], [ [ [ 242241.188403670996195, 1688272.678583851782605 ], [ 243337.412293355620932, 1688260.613594387890771 ], [ 242692.384691495040897, 1686452.303149808198214 ], [ 241596.124344702024246, 1686464.385189082007855 ], [ 242241.188403670996195, 1688272.678583851782605 ] ] ], [ [ [ 240371.542291347519495, 1689201.112065202556551 ], [ 239275.315300631074933, 1689213.32318301522173 ], [ 238952.474055983911967, 1688309.1827657003887 ], [ 237856.221613153320504, 1688321.453903442947194 ], [ 237533.531743772851769, 1687417.334676649887115 ], [ 236437.253806207911111, 1687429.6657579774037 ], [ 238052.49113642660086, 1691950.34720565751195 ], [ 235860.096567866450641, 1691975.079820336773992 ], [ 236507.45240520365769, 1693783.407816724618897 ], [ 237603.616627732757479, 1693771.032645086757839 ], [ 237927.530684751225635, 1694675.224321364192292 ], [ 240119.800842046650359, 1694650.64621366141364 ], [ 239472.215707445488079, 1692842.241482025710866 ], [ 241664.530533283425029, 1692817.835896947653964 ], [ 241341.029027747252258, 1691913.635664189234376 ], [ 240244.856885241344571, 1691925.821196348872036 ], [ 239921.50671803689329, 1691021.642379089025781 ], [ 241017.697150396037614, 1691009.448294173227623 ], [ 240371.542291347519495, 1689201.112065202556551 ] ], [ [ 237279.872221795783844, 1692866.853773198788986 ], [ 238376.047562193300109, 1692854.52178844739683 ], [ 238699.773634705430595, 1693758.709180581849068 ], [ 237603.616627732757479, 1693771.032645086757839 ], [ 237279.872221795783844, 1692866.853773198788986 ] ] ], [ [ [ 243732.144628062349511, 1695518.414640101604164 ], [ 243084.330110916198464, 1693709.932357726851478 ], [ 241988.201664231863106, 1693722.049011764815077 ], [ 242636.052791275695199, 1695530.51396494731307 ], [ 243732.144628062349511, 1695518.414640101604164 ] ] ], [ [ [ 251728.625653971394058, 1696339.490568054607138 ], [ 250632.600745902425842, 1696351.218774987850338 ], [ 250308.548759276396595, 1695446.905423889867961 ], [ 249212.498740020440891, 1695458.694262423086911 ], [ 248888.59807098301826, 1694554.402860133210197 ], [ 247792.522897930757608, 1694566.252253718208522 ], [ 247468.773553638486192, 1693661.982705227797851 ], [ 246372.673184183251578, 1693673.892577341990545 ], [ 246049.075171812321059, 1692769.64478770410642 ], [ 242760.677274268411566, 1692805.710614697774872 ], [ 243084.330110916198464, 1693709.932357726851478 ], [ 245276.565840701921843, 1693685.854142287746072 ], [ 245600.351719412341481, 1694590.106196876848117 ], [ 244504.255653575673932, 1694602.110749960877001 ], [ 244828.229419811395928, 1695506.3670673831366 ], [ 243732.144628062349511, 1695518.414640101604164 ], [ 244705.1384718476329, 1698231.235345371766016 ], [ 245801.168324890866643, 1698219.214029553579167 ], [ 245476.685758234903915, 1697314.918687739176676 ], [ 247668.761148557940032, 1697291.013914172537625 ], [ 248317.822641047241632, 1699099.652961876010522 ], [ 250509.797134293621639, 1699075.990924643352628 ], [ 250185.218183513410622, 1698171.647062117932364 ], [ 251281.213410615106113, 1698159.88488546712324 ], [ 251930.504312281758757, 1699968.603670562617481 ], [ 256314.271116801013704, 1699922.145297617884353 ], [ 255989.61393113838858, 1699017.743199915159494 ], [ 253797.707536393543705, 1699040.886749556288123 ], [ 253473.183390904043335, 1698136.515998270129785 ], [ 252377.201803025032859, 1698148.174531425116584 ], [ 251728.625653971394058, 1696339.490568054607138 ] ], [ [ 246696.440790802473202, 1694578.153365382226184 ], [ 247020.377988911932334, 1695482.42717124032788 ], [ 245924.307196699199267, 1695494.371245017740875 ], [ 245600.351719412341481, 1694590.106196876848117 ], [ 246696.440790802473202, 1694578.153365382226184 ] ], [ [ 249089.216091555426829, 1698183.461063109571114 ], [ 248440.530336964991875, 1696374.830496398964897 ], [ 249536.568983624631073, 1696362.998750524362549 ], [ 250185.218183513410622, 1698171.647062117932364 ], [ 249089.216091555426829, 1698183.461063109571114 ] ] ], [ [ [ 228913.894745595811401, 1700226.130367560544983 ], [ 228263.83189700631192, 1698417.776065012672916 ], [ 227167.68617212632671, 1698430.626928135519847 ], [ 226842.890831758501008, 1697526.477118223905563 ], [ 225746.719121428148355, 1697539.388161689043045 ], [ 226396.516498613811564, 1699347.683755027363077 ], [ 227492.651227911119349, 1699334.789371642051265 ], [ 227817.785996290331241, 1700238.964468003017828 ], [ 228913.894745595811401, 1700226.130367560544983 ] ] ], [ [ [ 240645.692495634488296, 1699184.103611737955362 ], [ 240320.948601075302577, 1698279.838957559783012 ], [ 238128.810968135570874, 1698304.45179807045497 ], [ 238778.54192258240073, 1700112.959392746677622 ], [ 239874.577543483639602, 1700100.644353741314262 ], [ 239549.645638498826884, 1699196.375444993376732 ], [ 240645.692495634488296, 1699184.103611737955362 ] ] ], [ [ [ 232202.176422565302346, 1700187.939545827917755 ], [ 233298.255558478005696, 1700175.313092202180997 ], [ 232973.213148314098362, 1699271.095758547540754 ], [ 231877.115560456644744, 1699283.730713585624471 ], [ 232202.176422565302346, 1700187.939545827917755 ] ] ], [ [ [ 233744.449100231227931, 1698354.299620382487774 ], [ 234719.521001604851335, 1701066.977225884562358 ], [ 236911.605885581229813, 1701042.001032853499055 ], [ 237236.932301882829051, 1701946.269785878248513 ], [ 238332.945460601244122, 1701933.868241067044437 ], [ 237032.731371674104594, 1698316.835983250057325 ], [ 233744.449100231227931, 1698354.299620382487774 ] ] ], [ [ [ 232527.406965972855687, 1701092.16114759654738 ], [ 232202.176422565302346, 1700187.939545827917755 ], [ 228913.894745595811401, 1700226.130367560544983 ], [ 229239.180725275247823, 1701130.326553910039365 ], [ 232527.406965972855687, 1701092.16114759654738 ] ] ], [ [ [ 248847.537972554768203, 1703633.344599723583087 ], [ 249943.443933638976887, 1703621.48043961613439 ], [ 249617.980536281684181, 1702717.088596254121512 ], [ 248522.056232354429085, 1702728.961733087897301 ], [ 248847.537972554768203, 1703633.344599723583087 ] ] ], [ [ [ 251809.808545447012875, 1702693.498209306737408 ], [ 250713.897963930183323, 1702705.267422240227461 ], [ 251039.343028235103702, 1703609.668269326677546 ], [ 252135.235286482726224, 1703597.908087119227275 ], [ 251809.808545447012875, 1702693.498209306737408 ] ] ], [ [ [ 252460.831577321572695, 1704502.331226865760982 ], [ 253556.698708826792426, 1704490.632113138446584 ], [ 253231.120738523750333, 1703586.199891260825098 ], [ 252135.235286482726224, 1703597.908087119227275 ], [ 252460.831577321572695, 1704502.331226865760982 ] ] ], [ [ [ 250920.851498112664558, 1706334.735327085712925 ], [ 252016.695551234501181, 1706322.950314447283745 ], [ 251039.343028235103702, 1703609.668269326677546 ], [ 249943.443933638976887, 1703621.48043961613439 ], [ 250920.851498112664558, 1706334.735327085712925 ] ] ], [ [ [ 248403.134031824592967, 1705454.048097794875503 ], [ 248077.294785705249524, 1704549.647832624148577 ], [ 246981.393370722129475, 1704561.607030478073284 ], [ 247307.250993401568849, 1705465.998324095504358 ], [ 248403.134031824592967, 1705454.048097794875503 ] ] ], [ [ [ 238866.109036771027604, 1706467.807526844087988 ], [ 238539.934411983151222, 1705563.474050252931193 ], [ 237443.987852995982394, 1705575.892782382201403 ], [ 237770.180949868285097, 1706480.217505891108885 ], [ 238866.109036771027604, 1706467.807526844087988 ] ] ], [ [ [ 247633.278195635124575, 1706370.402796867769212 ], [ 247307.250993401568849, 1705465.998324095504358 ], [ 246211.361017684976105, 1705478.000599464634433 ], [ 246537.406613345752703, 1706382.396103246835992 ], [ 247633.278195635124575, 1706370.402796867769212 ] ] ], [ [ [ 253438.637721113918815, 1707215.680414585396647 ], [ 253112.532797386316815, 1706311.217370890779421 ], [ 252016.695551234501181, 1706322.950314447283745 ], [ 252342.818826417293167, 1707227.404229719657451 ], [ 253438.637721113918815, 1707215.680414585396647 ] ] ], [ [ [ 249055.321238787786569, 1707262.888258553808555 ], [ 248729.142850440752227, 1706358.461566550424322 ], [ 247633.278195635124575, 1706370.402796867769212 ], [ 247959.474974654527614, 1707274.820468442048877 ], [ 249055.321238787786569, 1707262.888258553808555 ] ] ], [ [ [ 251573.304323857970303, 1708143.638246635906398 ], [ 252669.111647438432556, 1708131.87146129948087 ], [ 252342.818826417293167, 1707227.404229719657451 ], [ 251246.993134545773501, 1707239.180140936747193 ], [ 251573.304323857970303, 1708143.638246635906398 ] ] ], [ [ [ 238096.543687139026588, 1707384.55520819989033 ], [ 238749.778071695414837, 1709193.26962742372416 ], [ 239845.650699873192934, 1709180.886054346337914 ], [ 239192.453294873936102, 1707372.154006680008024 ], [ 238096.543687139026588, 1707384.55520819989033 ] ] ], [ [ [ 238300.761248161288677, 1720096.28475397801958 ], [ 239396.439788688323461, 1720083.799013557611033 ], [ 238739.023005748545984, 1718274.823662243550643 ], [ 239834.731613734591519, 1718262.372368350625038 ], [ 240492.111188444920117, 1720071.365775549551472 ], [ 241587.775477500923444, 1720058.985038124956191 ], [ 242245.796285914810142, 1721868.049553565913811 ], [ 243341.41629758477211, 1721855.739577318774536 ], [ 243670.662494182877708, 1722760.300927308155224 ], [ 242575.06109143566573, 1722772.60173533577472 ], [ 243234.099491134489654, 1724581.746046462561935 ], [ 242138.528296217788011, 1724594.081077624112368 ], [ 242468.320524709619349, 1725498.664031480904669 ], [ 247946.013388559571467, 1725437.561540960334241 ], [ 247616.314260444254614, 1724532.932240476133302 ], [ 246520.771009576274082, 1724545.056747769005597 ], [ 246191.222851724684006, 1723640.450193824945018 ], [ 245095.654056762024993, 1723652.636600979138166 ], [ 244437.029278498492204, 1721843.482151987031102 ], [ 247723.826337310252711, 1721807.025163503363729 ], [ 247394.824042250023922, 1720902.440283522941172 ], [ 244107.971266811713576, 1720938.924945479491726 ], [ 243779.082843810494523, 1720034.381057753926143 ], [ 244874.725981199822854, 1720022.157811190700158 ], [ 244217.495041448390111, 1718213.091640835162252 ], [ 245313.168297716096276, 1718200.902561913942918 ], [ 245970.362128175998805, 1720009.987057976191863 ], [ 248161.613571150723146, 1719985.803024445427582 ], [ 247504.493900002504233, 1718176.68171504791826 ], [ 246408.834573875297792, 1718188.765920579666272 ], [ 245424.371289060800336, 1715475.211555411573499 ], [ 246520.086167155444855, 1715463.099884045310318 ], [ 246192.289407011383446, 1714558.599229775834829 ], [ 249479.447914989694254, 1714522.550846718251705 ], [ 249807.189224498550175, 1715427.07898121024482 ], [ 248711.495104786619777, 1715439.033598714275286 ], [ 249039.424451181403128, 1716343.565893448656425 ], [ 253422.086030831182143, 1716296.098511570831761 ], [ 253094.230548244551755, 1715391.529208274092525 ], [ 250902.876484919921495, 1715415.176711467560381 ], [ 250247.600345499376999, 1713606.115390975959599 ], [ 248056.145104340364924, 1713630.009031334193423 ], [ 247728.724455828341888, 1712725.516719037201256 ], [ 243345.656886873446638, 1712773.967842234298587 ], [ 243018.331901029450819, 1711869.525001493981108 ], [ 244114.127768982376438, 1711857.324806224554777 ], [ 243786.990870531735709, 1710952.886154555249959 ], [ 245978.598519634309923, 1710928.62446010299027 ], [ 245324.907358408730943, 1709119.750722954748198 ], [ 246420.737604490772355, 1709107.680150885367766 ], [ 246094.164841197169153, 1708203.254080408485606 ], [ 247190.0065534307505, 1708191.226653542136773 ], [ 247516.560892311827047, 1709095.661739390343428 ], [ 248612.377251986938063, 1709083.695486702257767 ], [ 247959.474974654527614, 1707274.820468442048877 ], [ 246863.621792852674844, 1707286.80478138756007 ], [ 246537.406613345752703, 1706382.396103246835992 ], [ 244345.642545797833009, 1706406.53895126003772 ], [ 244998.316160867660074, 1708215.333640858530998 ], [ 243902.460482324822806, 1708227.46533666877076 ], [ 244555.849362260545604, 1710036.294738017953932 ], [ 243460.023570269549964, 1710048.460677686147392 ], [ 242480.139286435412942, 1707335.263099120697007 ], [ 243576.020440174150281, 1707323.070356237934902 ], [ 242597.717938342539128, 1704609.964060338679701 ], [ 243693.647322583303321, 1704597.796763556776568 ], [ 243367.904114863427822, 1703693.445308909518644 ], [ 242271.956321870209649, 1703705.621444856747985 ], [ 241946.364318766049109, 1702801.291871679481119 ], [ 243042.330513437424088, 1702789.106920969905332 ], [ 242391.692140572704375, 1700980.469267062144354 ], [ 243487.688040575245395, 1700968.318679419346154 ], [ 243812.904043379065115, 1701872.639785538893193 ], [ 244908.874528855987592, 1701860.549935523653403 ], [ 244258.648859515349614, 1700051.903140188194811 ], [ 243162.641645316121867, 1700064.010605801362544 ], [ 242837.764860374707496, 1699159.715545190963894 ], [ 243933.790428313513985, 1699147.599308308912441 ], [ 243609.101603113958845, 1698243.308494300348684 ], [ 242513.057688520435477, 1698255.433478116989136 ], [ 241215.92518752880278, 1694638.43475646735169 ], [ 240119.800842046650359, 1694650.64621366141364 ], [ 240768.064512941637076, 1696459.102434219559655 ], [ 238575.867740874615265, 1696483.646164329489693 ], [ 238900.290734408859862, 1697387.876369686797261 ], [ 239996.374336568638682, 1697375.587228824617341 ], [ 240320.948601075302577, 1698279.838957559783012 ], [ 241417.006697896984406, 1698267.610298606334254 ], [ 242066.627374685602263, 1700076.169962069485337 ], [ 239874.577543483639602, 1700100.644353741314262 ], [ 240199.679080049681943, 1701004.926202453207225 ], [ 239103.661859211162664, 1701017.232553799636662 ], [ 239428.951431725727161, 1701921.518649907317013 ], [ 238332.945460601244122, 1701933.868241067044437 ], [ 238658.423090286029037, 1702838.158582280622795 ], [ 240850.391036784334574, 1702813.528797599254176 ], [ 242153.85040674591437, 1706430.890124797588214 ], [ 238866.109036771027604, 1706467.807526844087988 ], [ 239192.453294873936102, 1707372.154006680008024 ], [ 241384.251064392738044, 1707347.507953952765092 ], [ 241710.728010096383514, 1708251.885141515638679 ], [ 240614.851156158692902, 1708264.173254145076498 ], [ 241268.350839849532349, 1710072.949137558229268 ], [ 240172.503841184457997, 1710085.271661363309249 ], [ 240499.52660464856308, 1710989.670349993510172 ], [ 239403.690984308574116, 1711002.036196682834998 ], [ 239076.649713393126149, 1710097.646383497165516 ], [ 235789.044254073116463, 1710135.083758103661239 ], [ 236116.141106564376969, 1711039.447106844745576 ], [ 233924.405039625999052, 1711064.64887372800149 ], [ 234251.708657673210837, 1711969.007668574107811 ], [ 236443.407606684311759, 1711943.823458790080622 ], [ 236770.843751633772627, 1712848.212833553086966 ], [ 237866.66381511252257, 1712835.70796254533343 ], [ 238194.251043814932927, 1713740.119247842347249 ], [ 237098.449538607324939, 1713752.61525076511316 ], [ 237426.224964806286152, 1714657.03073008172214 ], [ 238522.007904680125648, 1714644.543619798962027 ], [ 239178.030511681718053, 1716453.431702474365011 ], [ 238082.284723647666397, 1716465.90095375594683 ], [ 238410.569050692545716, 1717370.355737531092018 ], [ 237314.834678671555594, 1717382.868443902814761 ], [ 238300.761248161288677, 1720096.28475397801958 ] ], [ [ 245425.220817766792607, 1724557.23388333641924 ], [ 244329.663654968841001, 1724569.46364896860905 ], [ 244000.078280908608576, 1723664.875611214200035 ], [ 245095.654056762024993, 1723652.636600979138166 ], [ 245425.220817766792607, 1724557.23388333641924 ] ], [ [ 237539.246221368608531, 1711931.309744238620624 ], [ 238635.077636318659643, 1711918.848287458298728 ], [ 238962.476688738039229, 1712823.255376286804676 ], [ 237866.66381511252257, 1712835.70796254533343 ], [ 237539.246221368608531, 1711931.309744238620624 ] ], [ [ 240602.016313360480126, 1717345.487587391166016 ], [ 241697.729264175606659, 1717333.132139965659007 ], [ 242026.127468274935381, 1718237.627118615666404 ], [ 240930.433091214654269, 1718249.973521081963554 ], [ 240602.016313360480126, 1717345.487587391166016 ] ] ], [ [ [ 249265.957803277327912, 1710892.623536501312628 ], [ 250361.730434258381138, 1710880.727653053123504 ], [ 249708.186713629693259, 1709071.78139106137678 ], [ 248612.377251986938063, 1709083.695486702257767 ], [ 249265.957803277327912, 1710892.623536501312628 ] ] ], [ [ [ 247401.473378815746401, 1711821.03769460413605 ], [ 247074.391876076115295, 1710916.571938265115023 ], [ 245978.598519634309923, 1710928.62446010299027 ], [ 246305.698477766563883, 1711833.081154562300071 ], [ 247401.473378815746401, 1711821.03769460413605 ] ] ], [ [ [ 249593.002424745209282, 1711797.107497577089816 ], [ 249265.957803277327912, 1710892.623536501312628 ], [ 248170.178293920005672, 1710904.571630986407399 ], [ 248497.241351105447393, 1711809.04647619696334 ], [ 249593.002424745209282, 1711797.107497577089816 ] ] ], [ [ [ 250247.600345499376999, 1713606.115390975959599 ], [ 252439.028191132238135, 1713582.430918711237609 ], [ 251784.503996474290034, 1711773.386252684285864 ], [ 252880.244554773438722, 1711761.603982922621071 ], [ 252553.255181505723158, 1710857.092512275557965 ], [ 250361.730434258381138, 1710880.727653053123504 ], [ 251015.952378571615554, 1712689.727202602894977 ], [ 249920.216606407775544, 1712701.604775802930817 ], [ 250247.600345499376999, 1713606.115390975959599 ] ] ], [ [ [ 236330.434824753610883, 1714669.570180909475312 ], [ 236658.398469650011975, 1715573.989851776743308 ], [ 235562.619691505504306, 1715586.57278173789382 ], [ 235890.771576325874776, 1716490.99664166290313 ], [ 238082.284723647666397, 1716465.90095375594683 ], [ 237426.224964806286152, 1714657.03073008172214 ], [ 236330.434824753610883, 1714669.570180909475312 ] ] ], [ [ [ 249367.523357996484265, 1717248.111555349081755 ], [ 249039.424451181403128, 1716343.565893448656425 ], [ 247943.741932669625385, 1716355.563675815472379 ], [ 248600.146306173555786, 1718164.649943541968241 ], [ 250791.430478945549112, 1718140.743695540120825 ], [ 250463.180509244673885, 1717236.175385738955811 ], [ 249367.523357996484265, 1717248.111555349081755 ] ] ], [ [ [ 249914.989773834560765, 1721782.983226262964308 ], [ 251010.561201467557112, 1721771.041068855440244 ], [ 250024.229841811407823, 1719057.243060183245689 ], [ 248928.602837164304219, 1719069.213140943553299 ], [ 249257.228927286661929, 1719973.789740573847666 ], [ 248161.613571150723146, 1719985.803024445427582 ], [ 248490.427753174793907, 1720890.383765445789322 ], [ 249586.024573767790571, 1720878.379762363154441 ], [ 249914.989773834560765, 1721782.983226262964308 ] ] ], [ [ [ 240821.055396050069248, 1720975.882306652376428 ], [ 240492.111188444920117, 1720071.365775549551472 ], [ 239396.439788688323461, 1720083.799013557611033 ], [ 239725.40261096766335, 1720988.306479746475816 ], [ 240821.055396050069248, 1720975.882306652376428 ] ] ], [ [ [ 237534.075618162227329, 1721013.312415938591585 ], [ 237205.075536790420301, 1720108.822998645249754 ], [ 236109.382624501420651, 1720121.413749404251575 ], [ 236438.401350294763688, 1721025.894182713003829 ], [ 237534.075618162227329, 1721013.312415938591585 ] ] ], [ [ [ 232493.355324645934161, 1719255.060465965187177 ], [ 233151.335100003809202, 1721063.954699968220666 ], [ 232055.631767430575565, 1721076.746617582859471 ], [ 232714.327568578184582, 1722885.675313886953518 ], [ 233809.993511688138824, 1722872.901222482090816 ], [ 233480.579477715422399, 1721968.421415282413363 ], [ 234576.2568177380017, 1721955.690965913468972 ], [ 233917.975076870759949, 1720146.752776607871056 ], [ 236109.382624501420651, 1720121.413749404251575 ], [ 235451.854097949282732, 1718312.492242024512962 ], [ 234356.116667127353139, 1718325.153340805089101 ], [ 234684.814748870325275, 1719229.598633489571512 ], [ 232493.355324645934161, 1719255.060465965187177 ] ] ], [ [ [ 236767.589714021130931, 1721930.387762141413987 ], [ 236438.401350294763688, 1721025.894182713003829 ], [ 235342.719861361838412, 1721038.528484402457252 ], [ 235671.926886482106056, 1721943.013082154793665 ], [ 236767.589714021130931, 1721930.387762141413987 ] ] ], [ [ [ 242575.06109143566573, 1722772.60173533577472 ], [ 242245.796285914810142, 1721868.049553565913811 ], [ 241150.169213426561328, 1721880.412082538474351 ], [ 241479.452637778333155, 1722784.955123069463298 ], [ 242575.06109143566573, 1722772.60173533577472 ] ] ], [ [ [ 238522.093636370351305, 1723726.859771836316213 ], [ 237863.245330419420497, 1721917.815004017669708 ], [ 236767.589714021130931, 1721930.387762141413987 ], [ 237426.475344025529921, 1723739.414438606007025 ], [ 238522.093636370351305, 1723726.859771836316213 ] ] ], [ [ [ 228661.267594319186173, 1723841.74609954142943 ], [ 229756.944258552161045, 1723828.770453750621527 ], [ 229427.285690189164598, 1722924.313173626083881 ], [ 228331.590280817064922, 1722937.297661691438407 ], [ 228661.267594319186173, 1723841.74609954142943 ] ] ], [ [ [ 252435.223490137344925, 1722663.787117139436305 ], [ 250244.12452472228324, 1722687.600152246886864 ], [ 249914.989773834560765, 1721782.983226262964308 ], [ 247723.826337310252711, 1721807.025163503363729 ], [ 248052.998197210399667, 1722711.623456207336858 ], [ 249148.564796254766406, 1722699.585519740590826 ], [ 249477.887651756958803, 1723604.20657297433354 ], [ 250573.428823652444407, 1723592.230560308787972 ], [ 250902.902667858084897, 1724496.874470464652404 ], [ 249807.380059540068032, 1724508.841103594284505 ], [ 250137.042016825347673, 1725413.489131625974551 ], [ 252328.043281433056109, 1725389.627322065643966 ], [ 251998.418455414706841, 1724484.960458528716117 ], [ 253093.927452253177762, 1724473.099066034192219 ], [ 253423.53372746342211, 1725377.775387813104317 ], [ 254519.01742269191891, 1725365.976098253158852 ], [ 253860.011475661100121, 1723556.618080523563549 ], [ 252764.490705556032481, 1723568.43631583172828 ], [ 252435.223490137344925, 1722663.787117139436305 ] ] ], [ [ [ 248382.33961917180568, 1723616.235181601950899 ], [ 248711.850600417004898, 1724520.860359675716609 ], [ 249807.380059540068032, 1724508.841103594284505 ], [ 249477.887651756958803, 1723604.20657297433354 ], [ 248382.33961917180568, 1723616.235181601950899 ] ] ], [ [ [ 240713.308767454436747, 1723701.908278431510553 ], [ 238522.093636370351305, 1723726.859771836316213 ], [ 238851.77222444981453, 1724631.40199128142558 ], [ 239947.364692924864357, 1724618.909048208734021 ], [ 240277.194230985158356, 1725523.473652280401438 ], [ 241372.760918478365056, 1725511.042509741615504 ], [ 241042.950040163763333, 1724606.468744265846908 ], [ 242138.528296217788011, 1724594.081077624112368 ], [ 241479.452637778333155, 1722784.955123069463298 ], [ 240383.837103152647614, 1722797.361092324368656 ], [ 240713.308767454436747, 1723701.908278431510553 ] ] ], [ [ [ 229321.131276122119743, 1725650.682018841383979 ], [ 228661.267594319186173, 1723841.74609954142943 ], [ 227565.583498317922931, 1723854.774376213317737 ], [ 228225.48471151344711, 1725663.692590751685202 ], [ 229321.131276122119743, 1725650.682018841383979 ] ] ], [ [ [ 239181.620432188647101, 1725535.957460925914347 ], [ 238851.77222444981453, 1724631.40199128142558 ], [ 237756.172604686755221, 1724643.947575320722535 ], [ 238086.039492035924923, 1725548.493937512626871 ], [ 239181.620432188647101, 1725535.957460925914347 ] ] ], [ [ [ 230416.770428911608178, 1725637.72413173597306 ], [ 231512.402199940057471, 1725624.81892753043212 ], [ 231182.423026042524725, 1724720.326643657172099 ], [ 230086.772505736968014, 1724733.240766528761014 ], [ 230416.770428911608178, 1725637.72413173597306 ] ] ], [ [ [ 233876.204275595315266, 1597659.199359013466164 ], [ 233265.824588576157112, 1595853.012711743358523 ], [ 231070.034456082619727, 1595876.738403658149764 ], [ 231375.174051490612328, 1596779.812604046892375 ], [ 232473.055529004719574, 1596767.93206596118398 ], [ 232778.34756356314756, 1597671.024396605556831 ], [ 233876.204275595315266, 1597659.199359013466164 ] ] ], [ [ [ 230401.783431229705457, 1600416.077682824805379 ], [ 230095.930070337664802, 1599512.971127861877903 ], [ 233389.440893513499759, 1599477.243479197146371 ], [ 233083.809352637792472, 1598574.12819518474862 ], [ 231985.962533456273377, 1598585.995305300224572 ], [ 231375.174051490612328, 1596779.812604046892375 ], [ 230277.285093991318718, 1596791.741914772428572 ], [ 229972.128171140735503, 1595888.674367156345397 ], [ 227776.293010694964323, 1595912.692538067465648 ], [ 228081.484616508241743, 1596815.746861211257055 ], [ 226983.57303526630858, 1596827.822500476613641 ], [ 227288.951790806604549, 1597730.881588443182409 ], [ 228386.846009123953991, 1597718.812543665291741 ], [ 229303.948880434501916, 1600428.077921233838424 ], [ 230401.783431229705457, 1600416.077682824805379 ] ] ], [ [ [ 227288.951790806604549, 1597730.881588443182409 ], [ 223995.223454524879344, 1597767.381570552708581 ], [ 224300.824168767896481, 1598670.43232271168381 ], [ 226496.615906053863, 1598646.063291620230302 ], [ 226802.351628877338953, 1599549.138491804944351 ], [ 227900.218673537368886, 1599537.033843609504402 ], [ 227288.951790806604549, 1597730.881588443182409 ] ] ], [ [ [ 240944.367515064019244, 1618433.684841042384505 ], [ 239708.672787224029889, 1614820.28480237419717 ], [ 237513.61291071632877, 1614843.719768829876557 ], [ 238131.190780173841631, 1616650.367318042553961 ], [ 237033.6848900137702, 1616662.14447875181213 ], [ 237342.745879809663165, 1617565.478788807755336 ], [ 238440.234273406327702, 1617553.708808396942914 ], [ 238749.447468675265554, 1618457.062133110128343 ], [ 240944.367515064019244, 1618433.684841042384505 ] ] ], [ [ [ 222286.605299596500117, 1618638.694004436256364 ], [ 222596.251854967791587, 1619541.953620591200888 ], [ 226986.438003398885485, 1619492.458405445562676 ], [ 227296.183818030520342, 1620395.757192682242021 ], [ 228393.693713407556061, 1620383.51404233998619 ], [ 228083.965511877380777, 1619480.208275637123734 ], [ 230278.997908217017539, 1619455.856412091758102 ], [ 229969.474659606581554, 1618552.548290623817593 ], [ 227774.407080164295621, 1618576.914147884817794 ], [ 227465.018421030661557, 1617673.631641278741881 ], [ 226367.455708370602224, 1617685.895660652080551 ], [ 226676.861965924676042, 1618589.171234032372013 ], [ 222286.605299596500117, 1618638.694004436256364 ] ] ], [ [ [ 232783.658191161521245, 1620335.036352688446641 ], [ 233881.130687303142622, 1620323.040649247355759 ], [ 234190.940695866651367, 1621226.393490963848308 ], [ 235288.388240135100204, 1621214.454436250729486 ], [ 234050.236809933499899, 1617601.085112713743001 ], [ 232952.71905516210245, 1617613.052687421208248 ], [ 233262.019864212546963, 1618516.370265358593315 ], [ 231066.997185880143661, 1618540.439515908248723 ], [ 231376.502857146086171, 1619443.754674755036831 ], [ 232474.000347286404576, 1619431.702397988410667 ], [ 232783.658191161521245, 1620335.036352688446641 ] ] ], [ [ [ 240775.516347557801055, 1621155.501766921253875 ], [ 240156.276496709120693, 1619348.721207854570821 ], [ 239058.830363268818473, 1619360.427310103084892 ], [ 238749.447468675265554, 1618457.062133110128343 ], [ 237651.976578956237063, 1618468.824910123599693 ], [ 238270.947094423812814, 1620275.552658181171864 ], [ 239368.382954461703775, 1620263.804357316112146 ], [ 239678.105239534197608, 1621167.193292709533125 ], [ 240775.516347557801055, 1621155.501766921253875 ] ] ], [ [ [ 233547.795341431046836, 1625767.289621820440516 ], [ 233237.101492998714093, 1624863.892128785373643 ], [ 234334.493422096362337, 1624851.882724528433755 ], [ 234956.015602077415679, 1626658.704020768404007 ], [ 236053.364933205535635, 1626646.758767791325226 ], [ 235742.536599476297852, 1625743.334914348321036 ], [ 236839.896216075110715, 1625731.432030698750168 ], [ 237150.706942365097348, 1626634.863187966868281 ], [ 238248.041660051007057, 1626623.017279537394643 ], [ 237937.248531723453198, 1625719.578791425330564 ], [ 239034.593576919956831, 1625707.775194778107107 ], [ 238413.551576389581896, 1623900.919334531994537 ], [ 239510.924517805484356, 1623889.150678652105853 ], [ 238890.596414632193046, 1622082.327866419916973 ], [ 239987.997215769224567, 1622070.594134262762964 ], [ 239678.105239534197608, 1621167.193292709533125 ], [ 236385.828436117735691, 1621202.56489082169719 ], [ 236695.773040002735797, 1622105.943925647065043 ], [ 234500.920432130165864, 1622129.758123070932925 ], [ 234811.069893359497655, 1623033.134563500527292 ], [ 231518.788426715764217, 1623069.205928627867252 ], [ 232139.702161961991806, 1624875.951155701885 ], [ 231042.295398485613987, 1624888.059807061450556 ], [ 231353.02451358071994, 1625791.442928000120446 ], [ 233547.795341431046836, 1625767.289621820440516 ] ] ], [ [ [ 230865.490174332167953, 1633958.830632387893274 ], [ 230553.180300528823864, 1633055.362760352436453 ], [ 229455.902850291866343, 1633067.605509783839807 ], [ 229768.230465964530595, 1633971.066107822349295 ], [ 230865.490174332167953, 1633958.830632387893274 ] ] ], [ [ [ 232275.204297992808279, 1634850.132134919287637 ], [ 231962.742423438641708, 1633946.645058683352545 ], [ 230865.490174332167953, 1633958.830632387893274 ], [ 231177.969788509246428, 1634862.310384272132069 ], [ 232275.204297992808279, 1634850.132134919287637 ] ] ], [ [ [ 230393.39493756426964, 1635778.022891510743648 ], [ 230080.727829306269996, 1634874.538562363246456 ], [ 228983.478389916999731, 1634886.816670997999609 ], [ 229296.163264175469521, 1635790.293706449214369 ], [ 230393.39493756426964, 1635778.022891510743648 ] ] ], [ [ [ 233685.045255728706252, 1635741.510184785583988 ], [ 233372.431388214521576, 1634838.003812504466623 ], [ 232275.204297992808279, 1634850.132134919287637 ], [ 232587.835902881517541, 1635753.631132480455562 ], [ 233685.045255728706252, 1635741.510184785583988 ] ] ], [ [ [ 231489.710213702754118, 1642114.966313424985856 ], [ 231175.837151353945956, 1641211.405810996890068 ], [ 232272.962075758259743, 1641199.179249551845714 ], [ 232586.817321142123546, 1642102.747209575027227 ], [ 233683.917024853348266, 1642090.578252320876345 ], [ 233056.411867202899884, 1640283.439388430677354 ], [ 234153.539786014822312, 1640271.305576211772859 ], [ 233840.0595707395114, 1639367.746699333656579 ], [ 234937.19790130952606, 1639355.655484385089949 ], [ 234623.905169086414389, 1638452.101151502225548 ], [ 236818.195341701270081, 1638428.053882803302258 ], [ 235566.863432731712237, 1634813.896941334707662 ], [ 236664.068447946570814, 1634801.918389017693698 ], [ 235727.404528499406297, 1632091.404429347952828 ], [ 237921.898776924441336, 1632067.552384951384738 ], [ 237610.052216487878468, 1631164.056870615342632 ], [ 235415.522637241345365, 1631187.923720855033025 ], [ 234792.26799400994787, 1629380.998112180270255 ], [ 236986.868191188084893, 1629357.101790053071454 ], [ 236675.530731797160115, 1628453.642187580931932 ], [ 235578.216656399599742, 1628465.572817220119759 ], [ 234956.015602077415679, 1626658.704020768404007 ], [ 233858.658918487781193, 1626670.698948662960902 ], [ 234169.692221429024357, 1627574.120127316564322 ], [ 233072.345798074966297, 1627586.157485886942595 ], [ 234630.14643058279762, 1632103.405208826996386 ], [ 233532.880976232176181, 1632115.455828854814172 ], [ 234782.24722931283759, 1635729.439189248951152 ], [ 233685.045255728706252, 1635741.510184785583988 ], [ 233997.828843547205906, 1636645.028519919840619 ], [ 229609.017887879221234, 1636693.782611260656267 ], [ 229296.163264175469521, 1635790.293706449214369 ], [ 228198.924089685955551, 1635802.614480749703944 ], [ 228824.838656753185205, 1637609.589574347715825 ], [ 232116.427045761956833, 1637572.82110029971227 ], [ 232429.585593895928469, 1638476.348552962066606 ], [ 231332.414704222173896, 1638488.547307947650552 ], [ 231645.760764536331408, 1639392.07931697438471 ], [ 230548.600228020746727, 1639404.320723259123042 ], [ 230862.133821874391288, 1640307.857287019258365 ], [ 229764.983634476957377, 1640320.141376994317397 ], [ 229451.432228637917433, 1639416.612196928123012 ], [ 228354.256735945993569, 1639428.953739796066657 ], [ 228981.564940919575747, 1641236.00929988315329 ], [ 227884.417594010708854, 1641248.386230957461521 ], [ 227570.660778016317636, 1640344.85984737589024 ], [ 226473.488048069528304, 1640357.29423143225722 ], [ 227101.207138032186776, 1642164.344230968970805 ], [ 226004.06255547166802, 1642176.814095004694536 ], [ 226946.968015825143084, 1644887.456302484264597 ], [ 225849.869514024874661, 1644899.954296428710222 ], [ 226479.357764118642081, 1646707.093938590027392 ], [ 228673.475600510486402, 1646682.177848448976874 ], [ 228358.682406248233747, 1645778.58720984775573 ], [ 229455.74793903628597, 1645766.197134663583711 ], [ 229141.14237726299325, 1644862.611028341110796 ], [ 230238.218297747953329, 1644850.26374447462149 ], [ 229923.800347098440398, 1643946.682172173401341 ], [ 228826.706559102341998, 1643959.036903072847053 ], [ 228198.344164703448769, 1642151.924522623652592 ], [ 231489.710213702754118, 1642114.966313424985856 ] ] ], [ [ [ 242616.96236917184433, 1639272.418566244421527 ], [ 242930.300661618181039, 1640176.038133238675073 ], [ 241833.230786508356687, 1640187.771283061942086 ], [ 242146.756448976550018, 1641091.395363868912682 ], [ 243243.808609857107513, 1641079.669918301748112 ], [ 243557.486211154726334, 1641983.313939819810912 ], [ 242460.451771750609623, 1641995.031657675048336 ], [ 242774.316752098733559, 1642898.680182869313285 ], [ 244968.343083555169869, 1642875.310405499534681 ], [ 244654.513551094918512, 1641971.646350927418098 ], [ 246848.547054257971467, 1641948.461553150322288 ], [ 246534.922560238192091, 1641044.794186383485794 ], [ 245437.89163506127079, 1641056.369331279536709 ], [ 245124.419086725480156, 1640152.722056645900011 ], [ 244027.363418215769343, 1640164.355058341287076 ], [ 243714.042823240160942, 1639260.727783513022587 ], [ 242616.96236917184433, 1639272.418566244421527 ] ] ], [ [ [ 241363.410202454950195, 1642006.799506223294884 ], [ 242460.451771750609623, 1641995.031657675048336 ], [ 242146.756448976550018, 1641091.395363868912682 ], [ 241049.697148679901147, 1641103.170913111185655 ], [ 241363.410202454950195, 1642006.799506223294884 ] ] ], [ [ [ 241677.292921043350361, 1642910.440307254903018 ], [ 241363.410202454950195, 1642006.799506223294884 ], [ 240266.361472847289406, 1642018.617487201467156 ], [ 240580.261939216085011, 1642922.250591085990891 ], [ 241677.292921043350361, 1642910.440307254903018 ] ] ], [ [ [ 244813.893092489801347, 1645598.0127587930765 ], [ 244185.350362048862735, 1643790.638765848008916 ], [ 243088.351387292175787, 1643802.340957862325013 ], [ 243716.929611299856333, 1645609.699330982984975 ], [ 244813.893092489801347, 1645598.0127587930765 ] ] ], [ [ [ 244976.121797392668668, 1649224.563887102995068 ], [ 246073.014204791776137, 1649212.908836945425719 ], [ 245757.979477102606324, 1648309.166259573306888 ], [ 244661.069290432933485, 1648320.829225571360439 ], [ 244976.121797392668668, 1649224.563887102995068 ] ] ], [ [ [ 238560.081498749321327, 1652922.401401605689898 ], [ 238244.225540411804104, 1652018.672426843317226 ], [ 237147.329464653157629, 1652030.707059652311727 ], [ 237463.203307739458978, 1652934.428240278037265 ], [ 238560.081498749321327, 1652922.401401605689898 ] ] ], [ [ [ 250329.397892807843164, 1658239.495861736591905 ], [ 250012.684844003117178, 1657335.620238078758121 ], [ 248915.959711163915927, 1657347.152394757373258 ], [ 249232.69060161334346, 1658251.019839162239805 ], [ 250329.397892807843164, 1658239.495861736591905 ] ] ], [ [ [ 246259.481137533148285, 1659189.751057198969647 ], [ 246576.60485336947022, 1660093.61918162368238 ], [ 247673.297255670710001, 1660081.959620779147372 ], [ 247356.191424603341147, 1659178.083350706845522 ], [ 246259.481137533148285, 1659189.751057198969647 ] ] ], [ [ [ 235783.501066901662853, 1663840.463603134732693 ], [ 233590.081094919529278, 1663864.986899058800191 ], [ 233272.045174758299254, 1662961.173109168186784 ], [ 232175.306122796435375, 1662973.518827071879059 ], [ 232493.36009137815563, 1663877.324754337780178 ], [ 231396.631702359882183, 1663889.71341691701673 ], [ 231714.873443308053538, 1664793.523782870499417 ], [ 232811.583767022879329, 1664781.142979717347771 ], [ 233129.977146963239647, 1665684.973521894076839 ], [ 237516.672793801641092, 1665635.990437029860914 ], [ 237835.1636531741824, 1666539.865212932461873 ], [ 235641.8665323931491, 1666564.239036919781938 ], [ 235960.563167805841658, 1667468.110211616149172 ], [ 239250.443836462101899, 1667431.649914817418903 ], [ 238931.801345658255741, 1666527.754623441258445 ], [ 240028.43183329544263, 1666515.694913234561682 ], [ 239709.977026959270006, 1665611.804026221157983 ], [ 240806.618352098361356, 1665599.787097460590303 ], [ 240488.351208966545528, 1664695.900616663973778 ], [ 241585.003375439555384, 1664683.926437396323308 ], [ 240949.014022567338543, 1662876.174780394416302 ], [ 242045.69500542365131, 1662864.235240016365424 ], [ 242681.648408720851876, 1664672.003078089328483 ], [ 244874.917196999303997, 1664648.308812334435061 ], [ 244556.89160204376094, 1663744.402351260185242 ], [ 243460.242785070149694, 1663756.232232361799106 ], [ 242507.129944658401655, 1661044.612459854688495 ], [ 243603.832595883548493, 1661032.758252133382484 ], [ 243286.485529207333457, 1660128.901917814277112 ], [ 244383.199020477768499, 1660117.090328410733491 ], [ 244066.039506304339739, 1659213.238414240768179 ], [ 246259.481137533148285, 1659189.751057198969647 ], [ 245625.742568910180125, 1657382.052401241613552 ], [ 242335.46217368717771, 1657417.407748509664088 ], [ 242018.793679157999577, 1656513.601240925490856 ], [ 240922.00144794897642, 1656525.495518071576953 ], [ 240605.484708912088536, 1655621.709363215137273 ], [ 241702.294834525877377, 1655609.807143301935866 ], [ 241385.965642525698058, 1654706.025436990195885 ], [ 239192.302438573620748, 1654729.896234360989183 ], [ 238876.10713238484459, 1653826.142664591316134 ], [ 237779.246833345619962, 1653838.161685493774712 ], [ 238095.460038723918842, 1654741.907413847511634 ], [ 236998.610399798548315, 1654753.969116227701306 ], [ 236682.379285625938792, 1653850.231202283874154 ], [ 235585.504458845767658, 1653862.351216742303222 ], [ 236218.172215463710018, 1655669.823724202346057 ], [ 232927.611404572031461, 1655706.440300134010613 ], [ 234830.010577378852759, 1661129.011848466470838 ], [ 233733.250188143167179, 1661141.271773116197437 ], [ 234050.928675926057622, 1662045.068817258113995 ], [ 236244.406111246731598, 1662020.615453955950215 ], [ 235609.290861632267479, 1660213.002172625390813 ], [ 236706.054622481518891, 1660200.835788597818464 ], [ 236071.654084841837175, 1658393.256054125027731 ], [ 238265.231671282730531, 1658369.043738264357671 ], [ 238899.560357319394825, 1660176.655089564155787 ], [ 237802.811110930342693, 1660188.720094839343801 ], [ 238755.63056911304011, 1662900.206160767236724 ], [ 237658.928037850419059, 1662912.298004304990172 ], [ 237976.891860969917616, 1663816.143514678347856 ], [ 236880.20009600976482, 1663828.278158872621134 ], [ 236562.218263116374146, 1662924.440619119908661 ], [ 235465.501214579038788, 1662936.634007001761347 ], [ 235783.501066901662853, 1663840.463603134732693 ] ], [ [ 238613.328517633955926, 1665623.871805484173819 ], [ 238295.02535515135969, 1664720.001442154170945 ], [ 239391.691878978424938, 1664707.925617658998817 ], [ 239709.977026959270006, 1665611.804026221157983 ], [ 238613.328517633955926, 1665623.871805484173819 ] ], [ [ 239852.325887242885074, 1662888.165086722001433 ], [ 239534.567714159347815, 1661984.316000040387735 ], [ 240631.273823129246011, 1661972.317665865644813 ], [ 240949.014022567338543, 1662876.174780394416302 ], [ 239852.325887242885074, 1662888.165086722001433 ] ], [ [ 237948.321836707385955, 1657465.256600629538298 ], [ 239045.117705945624039, 1657453.218483496923 ], [ 239362.009602871839888, 1658357.013530265772715 ], [ 238265.231671282730531, 1658369.043738264357671 ], [ 237948.321836707385955, 1657465.256600629538298 ] ], [ [ 240775.823961550631793, 1659248.849335983395576 ], [ 241872.569596651155734, 1659236.928374918410555 ], [ 242189.764947596297134, 1660140.764186878222972 ], [ 241093.037245308223646, 1660152.677137351594865 ], [ 240775.823961550631793, 1659248.849335983395576 ] ], [ [ 240141.906364951719297, 1657441.230970276519656 ], [ 241238.687844079307979, 1657429.294059201609343 ], [ 241555.543894562142668, 1658333.105005257762969 ], [ 240458.780333848466398, 1658345.033953185891733 ], [ 240141.906364951719297, 1657441.230970276519656 ] ], [ [ 237315.011198206921108, 1655657.719308214262128 ], [ 238411.842921118717641, 1655645.665443904697895 ], [ 238728.39547777644475, 1656549.435794252669439 ], [ 237631.581678094575182, 1656561.481796817388386 ], [ 237315.011198206921108, 1655657.719308214262128 ] ] ], [ [ [ 245653.533367162017385, 1663732.62325785914436 ], [ 245335.69534246972762, 1662828.721197010716423 ], [ 244239.035635043808725, 1662840.508450074354187 ], [ 244556.89160204376094, 1663744.402351260185242 ], [ 245653.533367162017385, 1663732.62325785914436 ] ] ], [ [ [ 252907.558998620748753, 1671822.002275236183777 ], [ 254004.004589354037307, 1671810.552819535834715 ], [ 253684.729965291917324, 1670906.494548408780247 ], [ 251491.796043409121921, 1670929.461473832139745 ], [ 252130.58671975316247, 1672737.556858336087316 ], [ 253227.021148841071408, 1672726.064886705251411 ], [ 252907.558998620748753, 1671822.002275236183777 ] ] ], [ [ [ 251993.657251746219117, 1675461.313760668504983 ], [ 251673.650412022107048, 1674557.22961463383399 ], [ 250577.238294624228729, 1674568.806713486555964 ], [ 250897.263150345213944, 1675472.882335398113355 ], [ 251993.657251746219117, 1675461.313760668504983 ] ] ], [ [ [ 256059.230731291434495, 1674511.432269030017778 ], [ 256699.270018196664751, 1676319.682268563425168 ], [ 253410.20291470902157, 1676353.901919050142169 ], [ 253730.530873019917635, 1677258.020439882529899 ], [ 258115.868241553602275, 1677212.531215971335769 ], [ 257155.608924869768089, 1674500.110686645144597 ], [ 256059.230731291434495, 1674511.432269030017778 ] ] ], [ [ [ 259853.170411395461997, 1679009.649906756589189 ], [ 260949.44543367283768, 1678998.474325362825766 ], [ 260628.886367531609721, 1678094.277454043272883 ], [ 259532.59336832727422, 1678105.461844670819119 ], [ 259853.170411395461997, 1679009.649906756589189 ] ] ], [ [ [ 256564.305530360812554, 1679043.484047802165151 ], [ 256243.674498675158247, 1678139.322251293575391 ], [ 255147.354817278741393, 1678150.711470623966306 ], [ 255468.003864464320941, 1679054.864565977128223 ], [ 256564.305530360812554, 1679043.484047802165151 ] ] ], [ [ [ 253332.525899965985445, 1685430.09143591998145 ], [ 253654.603623313189019, 1686334.313790978863835 ], [ 255846.965082309790887, 1686311.333509079646319 ], [ 256169.176131606654963, 1687215.586572019150481 ], [ 257265.328667908412172, 1687204.1824825941585 ], [ 256621.112297820334788, 1685395.671762459678575 ], [ 253332.525899965985445, 1685430.09143591998145 ] ] ], [ [ [ 252880.678142383199884, 1687250.107756252633408 ], [ 252558.412738870829344, 1686345.881122936028987 ], [ 251462.215044182259589, 1686357.499917834298685 ], [ 251784.498585165565601, 1687261.717795297270641 ], [ 252880.678142383199884, 1687250.107756252633408 ] ] ], [ [ [ 247399.711746572400443, 1687308.672885288717225 ], [ 247077.355558585637482, 1686404.489761169534177 ], [ 245981.12335938072647, 1686416.365896589122713 ], [ 246303.497733418509597, 1687320.540399882942438 ], [ 247399.711746572400443, 1687308.672885288717225 ] ] ], [ [ [ 255717.983825740026077, 1689035.569931754143909 ], [ 255073.016885392309632, 1687227.042146311607212 ], [ 252880.678142383199884, 1687250.107756252633408 ], [ 253525.717616929206997, 1689058.600211263168603 ], [ 255717.983825740026077, 1689035.569931754143909 ] ] ], [ [ [ 249463.950342932803323, 1690009.510020702611655 ], [ 248495.918808108806843, 1687296.856869269628078 ], [ 247399.711746572400443, 1687308.672885288717225 ], [ 247722.237526805489324, 1688212.868944966001436 ], [ 246626.041706809832249, 1688224.727814580081031 ], [ 246948.755276794632664, 1689128.92815997521393 ], [ 248044.932896527316188, 1689117.077959510730579 ], [ 248367.797852990566753, 1690021.29994825203903 ], [ 249463.950342932803323, 1690009.510020702611655 ] ] ], [ [ [ 257136.826481551106554, 1689928.424611329566687 ], [ 256814.106833953002933, 1689024.132103714626282 ], [ 255717.983825740026077, 1689035.569931754143909 ], [ 256040.72160295365029, 1689939.853529976215214 ], [ 257136.826481551106554, 1689928.424611329566687 ] ] ], [ [ [ 254171.435296603274764, 1690867.145046731922776 ], [ 253848.491682492895052, 1689962.866071734111756 ], [ 249463.950342932803323, 1690009.510020702611655 ], [ 249786.966678664291976, 1690913.753747519571334 ], [ 246498.543054741603555, 1690949.252118073869497 ], [ 246821.783629287063377, 1691853.482656801817939 ], [ 247917.913538783672266, 1691841.606973606161773 ], [ 248241.305467612284701, 1692745.859235157025978 ], [ 249337.410215318115661, 1692734.043953254120424 ], [ 249014.036515138344839, 1691829.782925740815699 ], [ 251206.261789186712122, 1691806.289729043375701 ], [ 250883.094081391056534, 1690902.024169353069738 ], [ 251979.214631824928802, 1690890.346194311277941 ], [ 252302.364147270913236, 1691794.620576752582565 ], [ 253398.459692985197762, 1691783.003052874933928 ], [ 253075.328360165440245, 1690878.71982067450881 ], [ 254171.435296603274764, 1690867.145046731922776 ] ] ], [ [ [ 253721.760575963562587, 1692687.299414280802011 ], [ 254817.831159521942027, 1692675.742418095702305 ], [ 254494.54845652426593, 1691771.437155698658898 ], [ 253398.459692985197762, 1691783.003052874933928 ], [ 253721.760575963562587, 1692687.299414280802011 ] ] ], [ [ [ 252949.171847116871504, 1693603.208676036447287 ], [ 252302.364147270913236, 1691794.620576752582565 ], [ 251206.261789186712122, 1691806.289729043375701 ], [ 251853.105894976499258, 1693614.860110138775781 ], [ 252949.171847116871504, 1693603.208676036447287 ] ] ], [ [ [ 249984.666340136929648, 1694542.605182882864028 ], [ 249660.953491232241504, 1693638.318032490089536 ], [ 248564.866979260899825, 1693650.124524192651734 ], [ 248888.59807098301826, 1694554.402860133210197 ], [ 249984.666340136929648, 1694542.605182882864028 ] ] ], [ [ [ 254368.870981419546297, 1694495.931602604920045 ], [ 254045.231006351765245, 1693591.608924360945821 ], [ 252949.171847116871504, 1693603.208676036447287 ], [ 253272.830026038252981, 1694507.522431808756664 ], [ 254368.870981419546297, 1694495.931602604920045 ] ] ], [ [ [ 269140.49758181424113, 1698883.236226692795753 ], [ 268492.127935773169156, 1697074.250891502248123 ], [ 266300.30633033066988, 1697096.18778452463448 ], [ 267273.223730656551197, 1699809.630016000242904 ], [ 268369.083332763519138, 1699798.663707569008693 ], [ 268044.626213100622408, 1698894.160075985593721 ], [ 269140.49758181424113, 1698883.236226692795753 ] ] ], [ [ [ 253676.388705245597521, 1701765.700930552789941 ], [ 254001.609290644206339, 1702670.115659762406722 ], [ 252905.712310969975078, 1702681.780955722089857 ], [ 253231.120738523750333, 1703586.199891260825098 ], [ 254326.999414490594063, 1703574.543680031085387 ], [ 254978.288266549992841, 1705383.439672499196604 ], [ 256074.123587586625945, 1705371.853740876307711 ], [ 255748.412703094363678, 1704467.389918863773346 ], [ 256844.259626124519855, 1704455.846834897296503 ], [ 256518.736558756645536, 1703551.387204603059217 ], [ 255422.871344520914136, 1703562.939451714977622 ], [ 254447.264451733091846, 1700849.667982378974557 ], [ 252255.404095101170242, 1700872.982865008991212 ], [ 252580.473428914760007, 1701777.375286853406578 ], [ 253676.388705245597521, 1701765.700930552789941 ] ] ], [ [ [ 261761.644134314003168, 1708944.168208412593231 ], [ 262088.129332471376983, 1709848.736502728657797 ], [ 263183.840072298480663, 1709837.457575056469068 ], [ 260251.739343286899384, 1701696.745240146061406 ], [ 261347.607894303189823, 1701685.434350528288633 ], [ 261022.684604100766592, 1700780.968884761910886 ], [ 258830.904465052502928, 1700803.661005794070661 ], [ 261435.328420314064715, 1708039.613465815316886 ], [ 259243.814108112623217, 1708062.365273979026824 ], [ 259570.166425940522458, 1708966.901310793124139 ], [ 261761.644134314003168, 1708944.168208412593231 ] ] ], [ [ [ 269875.125961241777986, 1707046.073563039768487 ], [ 269549.29513658687938, 1706141.470351979834959 ], [ 268453.556380370398983, 1706152.422462125308812 ], [ 268779.405410039355047, 1707057.01613958273083 ], [ 269875.125961241777986, 1707046.073563039768487 ] ] ], [ [ [ 271296.822253051563166, 1707939.809559708228335 ], [ 270970.840197115554474, 1707035.183055908652022 ], [ 269875.125961241777986, 1707046.073563039768487 ], [ 270201.126219456258696, 1707950.690481753554195 ], [ 271296.822253051563166, 1707939.809559708228335 ] ] ], [ [ [ 265818.278728068922646, 1707994.735150404740125 ], [ 266144.521351600065827, 1708899.32762872823514 ], [ 265048.811746945255436, 1708910.459574650740251 ], [ 264396.459449771908112, 1707101.307172170840204 ], [ 263300.706870279158466, 1707112.510120064485818 ], [ 264279.544315303734038, 1709826.23080926341936 ], [ 266470.933431266923435, 1709803.933756717480719 ], [ 267124.265948141226545, 1711613.187041535507888 ], [ 268219.91434986051172, 1711602.13587694033049 ], [ 268546.816505440510809, 1712506.792673252988607 ], [ 269642.440283803618513, 1712495.803344542859122 ], [ 269969.493604253861122, 1713400.483546084491536 ], [ 271065.092801874503493, 1713389.55613022739999 ], [ 270738.057745094993152, 1712484.866250597406179 ], [ 271833.668919404735789, 1712473.981389808468521 ], [ 271506.821533899987116, 1711569.29563285713084 ], [ 269315.556394665385596, 1711591.136921705678105 ], [ 268662.296921158500481, 1709781.845331975026056 ], [ 267566.618364421883598, 1709792.86346668517217 ], [ 266914.000164682453033, 1707983.645832940237597 ], [ 265818.278728068922646, 1707994.735150404740125 ] ] ], [ [ [ 256282.900311303237686, 1709001.392017605016008 ], [ 258474.417691448092228, 1708978.346070948056877 ], [ 258148.047057042858796, 1708073.819346512202173 ], [ 257052.273369172966341, 1708085.325533588882536 ], [ 256400.00399525676039, 1706276.330937491497025 ], [ 254208.363266691303579, 1706299.53649468999356 ], [ 254534.449848759453744, 1707204.008693808456883 ], [ 255630.25523946917383, 1707192.389065673109144 ], [ 255956.493014394480269, 1708096.883836901979521 ], [ 253764.912183641688898, 1708120.156799045624211 ], [ 254091.356182214949513, 1709024.646544034592807 ], [ 251899.785063291812548, 1709048.109663918614388 ], [ 252226.435350094281603, 1709952.594412540551275 ], [ 254417.969714088598266, 1709929.149669334990904 ], [ 255071.705366737674922, 1711738.19614010443911 ], [ 253975.978334828745574, 1711749.873945971019566 ], [ 254303.118843743402977, 1712654.408055732492357 ], [ 253207.40346714379848, 1712666.128844302380458 ], [ 253534.731915858981665, 1713570.6671162545681 ], [ 252439.028191132238135, 1713582.430918711237609 ], [ 253094.230548244551755, 1715391.529208274092525 ], [ 254189.897411316866055, 1715379.783971346449107 ], [ 254517.734452548960689, 1716284.362594274571165 ], [ 253422.086030831182143, 1716296.098511570831761 ], [ 253750.111045761674177, 1717200.681280421791598 ], [ 255941.364273181447061, 1717177.280529093230143 ], [ 254957.908446802990511, 1714463.516600472386926 ], [ 256053.580276744731236, 1714451.866694390540943 ], [ 255398.827482017048169, 1712642.739525247598067 ], [ 256494.529412054049317, 1712631.123251132899895 ], [ 255513.726774548296817, 1709917.505561638157815 ], [ 256609.477127458521863, 1709905.91362759238109 ], [ 256282.900311303237686, 1709001.392017605016008 ] ] ], [ [ [ 268105.535576624854002, 1714327.169840859482065 ], [ 267451.186379926395603, 1712517.834238344104961 ], [ 265259.906967089627869, 1712540.074084166903049 ], [ 265914.329369108774699, 1714349.371303489431739 ], [ 267009.935666759149171, 1714338.244425339857116 ], [ 267664.999243692902382, 1716147.615789885399863 ], [ 269856.119483626505826, 1716125.557600792264566 ], [ 269528.539591119159013, 1715220.845667408546433 ], [ 271719.67117761913687, 1715198.977379587246105 ], [ 272047.214491181308404, 1716103.708789550233632 ], [ 275333.810217975173146, 1716071.328128088265657 ], [ 275006.321699641179293, 1715166.56730057974346 ], [ 273910.777733236609492, 1715177.318348677363247 ], [ 273583.440361873828806, 1714272.581266775960103 ], [ 268105.535576624854002, 1714327.169840859482065 ] ] ], [ [ [ 265473.853530833963305, 1716169.88336979970336 ], [ 265801.676153861626517, 1717074.570410382002592 ], [ 267992.785195631266106, 1717052.32214009272866 ], [ 267664.999243692902382, 1716147.615789885399863 ], [ 265473.853530833963305, 1716169.88336979970336 ] ] ], [ [ [ 268648.865412865765393, 1718861.776276946999133 ], [ 269744.373718384769745, 1718850.750169222941622 ], [ 269088.330163805454504, 1717041.276567844441161 ], [ 267992.785195631266106, 1717052.32214009272866 ], [ 268648.865412865765393, 1718861.776276946999133 ] ] ], [ [ [ 270183.868803595774807, 1717030.283368693199009 ], [ 270511.787548312742729, 1717935.022991251898929 ], [ 271607.301581487699877, 1717924.091937570599839 ], [ 271935.371432996063959, 1718828.855233567301184 ], [ 273030.860902200452983, 1718817.986402417300269 ], [ 273687.472207807179075, 1720627.574498782865703 ], [ 274782.918846063141245, 1720616.777869206853211 ], [ 274454.546801519813016, 1719711.966936808545142 ], [ 275550.005570553126745, 1719701.212853034492582 ], [ 275221.821214674739167, 1718796.406005487311631 ], [ 274126.344152742356528, 1718807.169993587303907 ], [ 273798.310902427998371, 1717902.387019293382764 ], [ 272702.809356173384003, 1717913.213280783733353 ], [ 272374.927218266355339, 1717008.45408322615549 ], [ 270183.868803595774807, 1717030.283368693199009 ] ] ], [ [ [ 259228.194020406896016, 1717142.572346022585407 ], [ 259884.568244166817749, 1718951.872711685486138 ], [ 258789.00180662094499, 1718963.370737476274371 ], [ 259446.09085382099147, 1720772.706620746757835 ], [ 260541.620424297405407, 1720761.227671829983592 ], [ 260213.009591056819772, 1719856.543357415590435 ], [ 261308.551029030262725, 1719845.107326739002019 ], [ 261637.143435070844134, 1720749.801218922249973 ], [ 262732.659916194330435, 1720738.427260344848037 ], [ 261747.446370097226463, 1718024.357903338037431 ], [ 260651.874657787848264, 1718035.760602299589664 ], [ 260323.79069806158077, 1717131.107729900395498 ], [ 259228.194020406896016, 1717142.572346022585407 ] ] ], [ [ [ 270072.649636476300657, 1719755.507765379501507 ], [ 271168.133301173220389, 1719744.543881024466828 ], [ 270839.875715075701009, 1718839.776488633826375 ], [ 269744.373718384769745, 1718850.750169222941622 ], [ 270072.649636476300657, 1719755.507765379501507 ] ] ], [ [ [ 263828.169897720043082, 1720727.105794425355271 ], [ 262732.659916194330435, 1720738.427260344848037 ], [ 263061.403374510118738, 1721643.144495411776006 ], [ 265252.380048761668149, 1721620.573394480859861 ], [ 264923.673409702256322, 1720715.836819500196725 ], [ 266019.17048218625132, 1720704.620333913713694 ], [ 265690.651686766766943, 1719799.887860569171607 ], [ 266786.160727937938645, 1719788.71414985251613 ], [ 266457.829755135753658, 1718883.985780288930982 ], [ 264266.768501419108361, 1718906.405011718394235 ], [ 264595.136226347705815, 1719811.114031961886212 ], [ 263499.614316620747559, 1719822.392665681429207 ], [ 263828.169897720043082, 1720727.105794425355271 ] ] ], [ [ [ 267772.17030237801373, 1722502.982238868251443 ], [ 266676.716416501323693, 1722514.126737110549584 ], [ 266347.858726339531131, 1721609.366619367618114 ], [ 265252.380048761668149, 1721620.573394480859861 ], [ 265581.25614079774823, 1722525.323777069570497 ], [ 263390.31629974511452, 1722547.875488725258037 ], [ 263719.398689167690463, 1723452.620260446565226 ], [ 267005.743549950479064, 1723418.900707344757393 ], [ 267334.940123964217491, 1724323.688550295773894 ], [ 269525.767945533501916, 1724301.491344787878916 ], [ 269196.608173676300794, 1723396.683851679554209 ], [ 268101.179036803310737, 1723407.765995965106413 ], [ 267772.17030237801373, 1722502.982238868251443 ] ] ], [ [ [ 276098.100927959545515, 1724236.161896310048178 ], [ 275002.727597625693306, 1724246.918671250808984 ], [ 275331.964924870990217, 1725151.789828594774008 ], [ 278618.01155237108469, 1725119.707408227026463 ], [ 276973.793645403929986, 1720595.342032819287851 ], [ 275878.359315246692859, 1720606.03371441247873 ], [ 276206.882446067873389, 1721510.868609907338396 ], [ 274016.031961986795068, 1721532.389514007605612 ], [ 274344.761113483342342, 1722437.218534290092066 ], [ 275440.171111662290059, 1722426.441782640758902 ], [ 276098.100927959545515, 1724236.161896310048178 ] ] ], [ [ [ 273141.236472229007632, 1725173.441163661889732 ], [ 272811.9624269597698, 1724268.58997611142695 ], [ 273907.348107303259894, 1724257.728030655300245 ], [ 273578.261822095140815, 1723352.88091302011162 ], [ 271387.447517633496318, 1723374.67725788266398 ], [ 271716.570526570081711, 1724279.50450921501033 ], [ 269525.767945533501916, 1724301.491344787878916 ], [ 269855.097141329315491, 1725206.312780304113403 ], [ 273141.236472229007632, 1725173.441163661889732 ] ] ], [ [ [ 238267.557336097263033, 1597612.387152844341472 ], [ 237962.351788700616453, 1596709.260903849732131 ], [ 236864.50725172192324, 1596720.897604963043705 ], [ 237169.730077873566188, 1597624.01701622735709 ], [ 238267.557336097263033, 1597612.387152844341472 ] ] ], [ [ [ 238267.557336097263033, 1597612.387152844341472 ], [ 238572.932601149397669, 1598515.524983771145344 ], [ 236377.305348754103761, 1598538.819807462394238 ], [ 236988.634228343493305, 1600345.10276043554768 ], [ 239184.192273409193149, 1600321.835461704991758 ], [ 238878.477581154322252, 1599418.674414196284488 ], [ 239976.262991555646295, 1599407.107137981103733 ], [ 240893.864297713385895, 1602116.646070339018479 ], [ 241991.590601972304285, 1602105.148584944196045 ], [ 241379.721282938728109, 1600298.763644295744598 ], [ 242477.474975890334463, 1600287.301036815159023 ], [ 242171.812130120204529, 1599384.119108603335917 ], [ 241074.041164341091644, 1599395.588703351793811 ], [ 240768.530743284180062, 1598492.425425144610927 ], [ 239670.735295692022191, 1598503.95079718157649 ], [ 239365.377307423244929, 1597600.806078693596646 ], [ 238267.557336097263033, 1597612.387152844341472 ] ] ], [ [ [ 235099.00059357349528, 1601271.710682600503787 ], [ 234487.262951168406289, 1599465.431969241471961 ], [ 233389.440893513499759, 1599477.243479197146371 ], [ 234001.213219786062837, 1601283.508573611732572 ], [ 235099.00059357349528, 1601271.710682600503787 ] ] ], [ [ [ 243395.481627428845968, 1602996.917111390735954 ], [ 243089.309727235435275, 1602093.700020533520728 ], [ 241991.590601972304285, 1602105.148584944196045 ], [ 242297.779797020921251, 1603008.3586199732963 ], [ 243395.481627428845968, 1602996.917111390735954 ] ] ], [ [ [ 239924.372814512054902, 1605752.613989027915522 ], [ 241022.044232891668798, 1605741.046692814910784 ], [ 241328.946835243521491, 1606644.289553971961141 ], [ 240231.292769130144734, 1606655.84978384943679 ], [ 241153.070809986180393, 1609365.62765260762535 ], [ 242250.672775313578313, 1609354.088759399950504 ], [ 241943.261109156679595, 1608450.810569491004571 ], [ 243040.873274081910495, 1608439.313654715195298 ], [ 242426.593707959051244, 1606632.778383644297719 ], [ 243524.233417848387035, 1606621.31627116468735 ], [ 242910.667244698968716, 1604814.813907901290804 ], [ 239617.622560565796448, 1604849.38991202134639 ], [ 239924.372814512054902, 1605752.613989027915522 ] ] ], [ [ [ 237552.740397144807503, 1608497.289381834212691 ], [ 238167.872547934850445, 1610303.800724477041513 ], [ 239265.478782785445219, 1610292.121476142201573 ], [ 239573.282006165478379, 1611195.401845181593671 ], [ 237378.097101839142852, 1611218.795343295205384 ], [ 237686.104882503801491, 1612122.073271718341857 ], [ 236588.51893983228365, 1612133.83675584429875 ], [ 236896.713882059440948, 1613037.119342509657145 ], [ 239091.843585823487956, 1613013.655815668171272 ], [ 239708.672787224029889, 1614820.28480237419717 ], [ 240806.191863490646938, 1614808.641284517012537 ], [ 240497.70986000855919, 1613905.313694523647428 ], [ 241595.239172627421794, 1613893.71226543141529 ], [ 240978.819093214522582, 1612087.078194365603849 ], [ 242076.37605953720049, 1612075.511621173936874 ], [ 241153.070809986180393, 1609365.62765260762535 ], [ 238957.845261204551207, 1609388.852867786539719 ], [ 238650.381444137485232, 1608485.596002333564684 ], [ 237552.740397144807503, 1608497.289381834212691 ] ] ], [ [ [ 267222.712189529440366, 1637208.620095634832978 ], [ 266910.287025143858045, 1636304.854569909628481 ], [ 264716.313018349814229, 1636326.134339366806671 ], [ 265341.402748653199524, 1638133.645170080009848 ], [ 266438.358034345554188, 1638122.99675403512083 ], [ 266125.745897176617291, 1637219.226782793179154 ], [ 267222.712189529440366, 1637208.620095634832978 ] ] ], [ [ [ 254231.407214976730756, 1653663.177460699575022 ], [ 255328.162428147421451, 1653651.915669498965144 ], [ 255012.404024442279479, 1652748.053898335900158 ], [ 253915.631062853994081, 1652759.323912554420531 ], [ 254231.407214976730756, 1653663.177460699575022 ] ] ], [ [ [ 279621.752100079029333, 1657043.368335659848526 ], [ 279305.686573765822686, 1656139.274889149703085 ], [ 278209.119694630731829, 1656149.450666551012546 ], [ 278525.202798413054552, 1657053.535227530868724 ], [ 279621.752100079029333, 1657043.368335659848526 ] ] ], [ [ [ 265366.125306927831843, 1657179.480873816413805 ], [ 265049.830534193431959, 1656275.500829382566735 ], [ 262856.526210100040771, 1656297.216627592220902 ], [ 263172.856393996858969, 1657201.179631188744679 ], [ 265366.125306927831843, 1657179.480873816413805 ] ] ], [ [ [ 267095.812654162815306, 1658976.723421214148402 ], [ 269288.972015744715463, 1658955.362588700372726 ], [ 269605.722160925448406, 1659859.407446626806632 ], [ 271798.820676177332643, 1659838.266519162571058 ], [ 271482.105889790342189, 1658934.20420771301724 ], [ 270385.542123546008952, 1658944.758092548465356 ], [ 269752.585592638934031, 1657136.690108898794279 ], [ 268655.980137890437618, 1657147.311960357706994 ], [ 268972.391340510454029, 1658051.330766289960593 ], [ 266779.196596334106289, 1658072.708896702853963 ], [ 267095.812654162815306, 1658976.723421214148402 ] ] ], [ [ [ 276184.942328491364606, 1659796.59229356306605 ], [ 275868.298145703854971, 1658892.49475052440539 ], [ 274771.759442439186387, 1658902.846205580048263 ], [ 275088.421261887648143, 1659806.934900150867179 ], [ 276184.942328491364606, 1659796.59229356306605 ] ] ], [ [ [ 273846.468494861503132, 1662540.064079090952873 ], [ 274799.101465530926362, 1665252.474796005291864 ], [ 276991.950152473058552, 1665231.744377666851506 ], [ 276674.271782299387269, 1664327.576355685479939 ], [ 277770.704559176636394, 1664317.278347861487418 ], [ 277135.891414136509411, 1662508.964181564049795 ], [ 276039.423300099442713, 1662519.280100231990218 ], [ 275405.252513080253266, 1660711.036768013611436 ], [ 274308.742888959939592, 1660721.42116162343882 ], [ 274942.949003775604069, 1662529.646732232067734 ], [ 273846.468494861503132, 1662540.064079090952873 ] ] ], [ [ [ 279963.551744277589023, 1664296.834628436714411 ], [ 281059.966213095933199, 1664286.688913822639734 ], [ 280742.527892938582227, 1663382.498129496583715 ], [ 279646.095780481467955, 1663392.652892586542293 ], [ 279963.551744277589023, 1664296.834628436714411 ] ] ], [ [ [ 277770.704559176636394, 1664317.278347861487418 ], [ 278088.365250140370335, 1665221.455360976280645 ], [ 276991.950152473058552, 1665231.744377666851506 ], [ 277309.797938494361006, 1666135.92568815103732 ], [ 279502.586647279560566, 1666115.416504699736834 ], [ 278867.131203069700859, 1664307.031105948844925 ], [ 277770.704559176636394, 1664317.278347861487418 ] ] ], [ [ [ 270589.774659235728905, 1668921.744600214762613 ], [ 270271.294422208680771, 1668017.586156830890104 ], [ 269174.882554878015071, 1668028.255105081247166 ], [ 269493.380575685645454, 1668932.40467830048874 ], [ 270589.774659235728905, 1668921.744600214762613 ] ] ], [ [ [ 268715.665417335112579, 1669847.269552310463041 ], [ 269812.048058399173897, 1669836.567426200956106 ], [ 269493.380575685645454, 1668932.40467830048874 ], [ 268396.980134190293029, 1668943.11567141697742 ], [ 268715.665417335112579, 1669847.269552310463041 ] ] ], [ [ [ 272004.794325637514703, 1669815.315998617559671 ], [ 271686.162415119470097, 1668911.135435588192195 ], [ 270589.774659235728905, 1668921.744600214762613 ], [ 270908.424351074150763, 1669825.916242160368711 ], [ 272004.794325637514703, 1669815.315998617559671 ] ] ], [ [ [ 266841.771362127445173, 1670772.975987284677103 ], [ 267160.831233162607532, 1671677.138478989480063 ], [ 268257.191001440922264, 1671666.352161570219323 ], [ 267300.573304470162839, 1668953.877581142354757 ], [ 266204.16005623905221, 1668964.690409062197432 ], [ 265885.608626747620292, 1668060.567284113029018 ], [ 263692.727100001764484, 1668082.363197928061709 ], [ 264330.07076361158397, 1669890.587509086588398 ], [ 265426.479101023578551, 1669879.681598857510835 ], [ 265745.387330448138528, 1670783.822139296680689 ], [ 266841.771362127445173, 1670772.975987284677103 ] ] ], [ [ [ 270449.891398848034441, 1671644.93252305034548 ], [ 271546.23208851669915, 1671634.299198794644326 ], [ 270908.424351074150763, 1669825.916242160368711 ], [ 269812.048058399173897, 1669836.567426200956106 ], [ 270449.891398848034441, 1671644.93252305034548 ] ] ], [ [ [ 270769.067251239204779, 1672549.134910556254908 ], [ 270449.891398848034441, 1671644.93252305034548 ], [ 269353.544379914470483, 1671655.616843450581655 ], [ 269672.738053999550175, 1672559.810292226728052 ], [ 270769.067251239204779, 1672549.134910556254908 ] ] ], [ [ [ 279858.678879512357526, 1673369.856875363504514 ], [ 280497.593087934539653, 1675178.473911226028576 ], [ 281593.813247714017052, 1675168.28537252987735 ], [ 282233.369468085700646, 1676976.974994970252737 ], [ 283329.548093228950165, 1676966.8561807917431 ], [ 283009.703055986494292, 1676062.49526799749583 ], [ 284105.893463621090632, 1676052.418240904575214 ], [ 283466.746984517667443, 1674243.718463103985414 ], [ 282370.521094142342918, 1674253.814130331156775 ], [ 281732.016633430379443, 1672445.187113126274198 ], [ 280635.749271395849064, 1672455.352332501206547 ], [ 280954.93454607820604, 1673359.649852683069184 ], [ 279858.678879512357526, 1673369.856875363504514 ] ] ], [ [ [ 267662.395796551485546, 1676208.941524694673717 ], [ 268758.672661963268183, 1676198.148733993060887 ], [ 268438.76544199034106, 1675293.92024579574354 ], [ 267342.470697821467184, 1675304.721989944577217 ], [ 267662.395796551485546, 1676208.941524694673717 ] ] ], [ [ [ 282553.401641187141649, 1677881.340143470093608 ], [ 282233.369468085700646, 1676976.974994970252737 ], [ 281137.184843271912541, 1676987.144953770795837 ], [ 281457.234794418909587, 1677891.500776322558522 ], [ 282553.401641187141649, 1677881.340143470093608 ] ] ], [ [ [ 280361.061927288537845, 1677901.712582346517593 ], [ 280040.994188550452236, 1676997.366058692801744 ], [ 278944.797473683138378, 1677007.638311240589246 ], [ 279264.883009567856789, 1677911.975563044426963 ], [ 280361.061927288537845, 1677901.712582346517593 ] ] ], [ [ [ 282097.842830443463754, 1679700.253121712477878 ], [ 282418.400910032680258, 1680604.649683704134077 ], [ 284610.621889422822278, 1680584.435914854519069 ], [ 284290.099398568156175, 1679680.020529718138278 ], [ 282097.842830443463754, 1679700.253121712477878 ] ] ], [ [ [ 281322.281447903602384, 1680614.833448865683749 ], [ 281001.705559616151731, 1679710.446257869480178 ], [ 282097.842830443463754, 1679700.253121712477878 ], [ 281457.234794418909587, 1677891.500776322558522 ], [ 280361.061927288537845, 1677901.712582346517593 ], [ 280681.299051862326451, 1678806.07264222111553 ], [ 279585.137938327970915, 1678816.326327050803229 ], [ 280546.91905532637611, 1681529.459887780947611 ], [ 281643.026714075240307, 1681519.234234805451706 ], [ 282285.025369487295393, 1683328.076669999398291 ], [ 283381.091363348532468, 1683317.921162243466824 ], [ 283060.025179126532748, 1682413.483684329548851 ], [ 284156.103030197322369, 1682403.370041777612641 ], [ 283835.224024737894069, 1681498.936775967245921 ], [ 282739.128360474365763, 1681509.059864700073376 ], [ 282418.400910032680258, 1680604.649683704134077 ], [ 281322.281447903602384, 1680614.833448865683749 ] ] ], [ [ [ 278996.791307780775242, 1683358.851221100892872 ], [ 279318.098259578226134, 1684263.264669980620965 ], [ 281510.22461272473447, 1684242.715763003798202 ], [ 280546.91905532637611, 1681529.459887780947611 ], [ 279450.80535400507506, 1681539.736825132276863 ], [ 280092.875371909816749, 1683348.541697922162712 ], [ 278996.791307780775242, 1683358.851221100892872 ] ] ], [ [ [ 270870.967126311850734, 1685251.86790381767787 ], [ 270227.897238577599637, 1683443.175829610554501 ], [ 269131.757332206936553, 1683453.9474818399176 ], [ 269774.863130918645766, 1685262.621246285736561 ], [ 270870.967126311850734, 1685251.86790381767787 ] ] ], [ [ [ 272288.835967154882383, 1686145.541356486501172 ], [ 271967.064815396035556, 1685241.165969332214445 ], [ 270870.967126311850734, 1685251.86790381767787 ], [ 271192.756234508939087, 1686156.234072871971875 ], [ 272288.835967154882383, 1686145.541356486501172 ] ] ], [ [ [ 281379.047994385764468, 1686966.314868678338826 ], [ 280735.622925780015066, 1685157.400993338320404 ], [ 279639.57459974125959, 1685167.69172004936263 ], [ 280283.035434529941995, 1686976.586702405242249 ], [ 281379.047994385764468, 1686966.314868678338826 ] ] ], [ [ [ 273706.8320634974516, 1687039.298201503930613 ], [ 273384.909433324239217, 1686134.900073543190956 ], [ 272288.835967154882383, 1686145.541356486501172 ], [ 272610.776551183778793, 1687049.930215170141309 ], [ 273706.8320634974516, 1687039.298201503930613 ] ] ], [ [ [ 275898.924438358400948, 1687018.188549349550158 ], [ 275577.037687041098252, 1686113.7718017231673 ], [ 274480.976663219043985, 1686124.310222474858165 ], [ 274802.881349154748023, 1687028.717646749457344 ], [ 275898.924438358400948, 1687018.188549349550158 ] ] ], [ [ [ 276673.09253499127226, 1686103.284809736302122 ], [ 276994.961361302412115, 1687007.710907753091305 ], [ 275898.924438358400948, 1687018.188549349550158 ], [ 276220.980598167516291, 1687922.618860575836152 ], [ 278413.012453530333005, 1687901.733807782409713 ], [ 277769.14123727241531, 1686092.849244970362633 ], [ 276673.09253499127226, 1686103.284809736302122 ] ] ], [ [ [ 285633.296666608308442, 1689649.367594704264775 ], [ 284988.962675380869769, 1687840.314115332439542 ], [ 283892.985935662523843, 1687850.422045195708051 ], [ 284537.355677603336517, 1689659.456324309809133 ], [ 285633.296666608308442, 1689649.367594704264775 ] ] ], [ [ [ 275318.986499166465364, 1691561.491963745327666 ], [ 276414.945958203054033, 1691550.958253177814186 ], [ 276092.194221382262185, 1690646.48293493478559 ], [ 277188.165501833136659, 1690635.991372642340139 ], [ 276220.980598167516291, 1687922.618860575836152 ], [ 275124.955450613400899, 1687933.138610468246043 ], [ 275447.198964916809928, 1688837.573133286321536 ], [ 274351.185588825726882, 1688848.135022931033745 ], [ 275318.986499166465364, 1691561.491963745327666 ] ] ], [ [ [ 284732.252065915963612, 1693287.792219052556902 ], [ 284086.491707954322919, 1691478.666784626664594 ], [ 285182.402825204539113, 1691468.545771655859426 ], [ 284537.355677603336517, 1689659.456324309809133 ], [ 283441.408762457431294, 1689669.59658023272641 ], [ 283763.865557324141264, 1690574.124788595130667 ], [ 281571.989647587761283, 1690594.54074777290225 ], [ 282540.483699273143429, 1693308.150474791182205 ], [ 284732.252065915963612, 1693287.792219052556902 ] ] ], [ [ [ 278678.951226968609262, 1697882.668450680794194 ], [ 277583.117819876701105, 1697893.135561534902081 ], [ 276935.376164378947578, 1696084.026069467654452 ], [ 278031.245621339126956, 1696073.539808720815927 ], [ 277707.646900406165514, 1695168.996103065554053 ], [ 278803.528262023930438, 1695158.552004521014169 ], [ 280747.553232760867104, 1700586.078447919106111 ], [ 284034.836906797485426, 1700555.230588412377983 ], [ 284359.379791550221853, 1701459.896022343775257 ], [ 285455.111105245305225, 1701449.726937945000827 ], [ 284806.230692573008128, 1699640.390388997271657 ], [ 285901.992104702163488, 1699630.253517916658893 ], [ 285577.823896433808841, 1698725.596362836891785 ], [ 287769.365048882202245, 1698705.458422514842823 ], [ 287445.402105781831779, 1697800.795581533573568 ], [ 288541.181870524131227, 1697790.794452517526224 ], [ 288217.406196760595776, 1696886.135752291418612 ], [ 284929.99549926596228, 1696916.323860507691279 ], [ 285253.825027069891803, 1697820.953150364104658 ], [ 284158.027652822842356, 1697831.109593143919483 ], [ 284482.044499755371362, 1698735.743031935067847 ], [ 283386.259182592271827, 1698745.941502312896773 ], [ 281444.590563676843885, 1693318.407060409663245 ], [ 280348.691419684095308, 1693328.715286538703367 ], [ 280025.654803626530338, 1692424.184113363269717 ], [ 281121.571902505296748, 1692413.866313373902813 ], [ 280153.532158385321964, 1689700.326520862057805 ], [ 281249.497033028048463, 1689690.031677004881203 ], [ 280283.035434529941995, 1686976.586702405242249 ], [ 279187.016829193395097, 1686986.90998581238091 ], [ 279831.190999006270431, 1688795.84067357936874 ], [ 278735.202150649623945, 1688806.196526753949001 ], [ 279702.787566030980088, 1691519.666670586215332 ], [ 278606.846461459412239, 1691530.045608137501404 ], [ 278929.731656557880342, 1692434.553528335643932 ], [ 274545.977983028511517, 1692476.547368694329634 ], [ 274223.020861623459496, 1691572.077268408611417 ], [ 273127.049015394877642, 1691582.714168726000935 ], [ 271192.756234508939087, 1686156.234072871971875 ], [ 269000.577848971239291, 1686177.773812273517251 ], [ 268357.097205148660578, 1684369.091563924914226 ], [ 267260.96252824383555, 1684379.956839990103617 ], [ 268548.673584936303087, 1687997.338336793938652 ], [ 269644.73630641924683, 1687986.509657053276896 ], [ 270289.572555987513624, 1689795.299254851648584 ], [ 271385.592938961694017, 1689784.540564546594396 ], [ 271708.247218166827224, 1690688.964854734949768 ], [ 269516.236165170441382, 1690710.515238922555 ], [ 269193.545854497584514, 1689806.109491468174383 ], [ 268097.512804300757125, 1689816.971275986870751 ], [ 269389.362881315639243, 1693434.638113341061398 ], [ 268293.395653938292526, 1693445.514486866770312 ], [ 268616.799862852145452, 1694349.955615533515811 ], [ 269712.749022216536105, 1694339.088542727986351 ], [ 270036.304606385761872, 1695243.552499511977658 ], [ 273324.06005457486026, 1695211.28951973025687 ], [ 273000.5586375198327, 1694306.797425810713321 ], [ 274096.482655581668951, 1694296.137082057772204 ], [ 274419.966036255587824, 1695200.638609087094665 ], [ 275515.865817683399655, 1695190.039403800154105 ], [ 275839.500577129248995, 1696094.564059497322887 ], [ 274743.618829437938984, 1696105.153780360007659 ], [ 275067.441032448317856, 1697009.682615677127615 ], [ 276163.304739394632634, 1696999.102403533412144 ], [ 277460.215363140567206, 1700617.393060144269839 ], [ 278556.000724966172129, 1700606.902992109302431 ], [ 278880.63379513414111, 1701511.519733265740797 ], [ 279976.395018562790938, 1701501.091214175336063 ], [ 278678.951226968609262, 1697882.668450680794194 ] ], [ [ 283710.463369591510855, 1699650.579088404076174 ], [ 281518.910870545660146, 1699671.111978198867291 ], [ 279899.403544021304697, 1695148.159605140332133 ], [ 280995.272776552475989, 1695137.818903394043446 ], [ 282290.467914806678891, 1698756.191775470273569 ], [ 283386.259182592271827, 1698745.941502312896773 ], [ 283710.463369591510855, 1699650.579088404076174 ] ], [ [ 271904.628379382309504, 1694317.509449454722926 ], [ 271581.278345510130748, 1693413.040337540907785 ], [ 272677.226642666733824, 1693402.318932086927816 ], [ 273000.5586375198327, 1694306.797425810713321 ], [ 271904.628379382309504, 1694317.509449454722926 ] ], [ [ 270485.3237684481428, 1693423.813397430116311 ], [ 269839.095922842796426, 1691614.934459294890985 ], [ 270935.086576185538433, 1691604.142762592295185 ], [ 271581.278345510130748, 1693413.040337540907785 ], [ 270485.3237684481428, 1693423.813397430116311 ] ], [ [ 275192.400463732541539, 1694285.52841662731953 ], [ 276288.312092139502056, 1694274.97142795776017 ], [ 276611.75942901300732, 1695179.491902310634032 ], [ 275515.865817683399655, 1695190.039403800154105 ], [ 275192.400463732541539, 1694285.52841662731953 ] ], [ [ 277060.957635660248343, 1693359.949823189293966 ], [ 278156.874985840986483, 1693349.486666399752721 ], [ 278480.116930360789411, 1694254.012474695919082 ], [ 277384.217570957611315, 1694264.466114496113732 ], [ 277060.957635660248343, 1693359.949823189293966 ] ] ], [ [ [ 268168.197285260888748, 1696169.778540820581838 ], [ 269264.116628892719746, 1696158.878401971189305 ], [ 268616.799862852145452, 1694349.955615533515811 ], [ 267520.844342747703195, 1694360.874374581500888 ], [ 267197.422056141193025, 1693456.442519607488066 ], [ 266101.44205775676528, 1693467.422213171375915 ], [ 266748.492270073620602, 1695276.280884382547811 ], [ 267844.436086687026545, 1695265.319708419730887 ], [ 268168.197285260888748, 1696169.778540820581838 ] ] ], [ [ [ 274743.618829437938984, 1696105.153780360007659 ], [ 274419.966036255587824, 1695200.638609087094665 ], [ 273324.06005457486026, 1695211.28951973025687 ], [ 273647.730891149607487, 1696115.795233613578603 ], [ 274743.618829437938984, 1696105.153780360007659 ] ] ], [ [ [ 275715.593657235731371, 1698818.781357764033601 ], [ 275067.441032448317856, 1697009.682615677127615 ], [ 273971.571144563378766, 1697020.314587246626616 ], [ 274619.759891180903651, 1698829.394293028395623 ], [ 275715.593657235731371, 1698818.781357764033601 ] ] ], [ [ [ 293696.308044430217706, 1696836.85704422253184 ], [ 292600.539132383128162, 1696846.609312075423077 ], [ 292277.004424874554388, 1695941.925092091085389 ], [ 291181.211917881795671, 1695951.739009795477614 ], [ 291504.764521731180139, 1696856.413315362529829 ], [ 290408.984182341897395, 1696866.269055526005104 ], [ 290732.724001474038232, 1697770.947497927350923 ], [ 288541.181870524131227, 1697790.794452517526224 ], [ 288865.126864923746325, 1698695.467148330062628 ], [ 292152.377633933618199, 1698665.804092061938718 ], [ 292476.438137018471025, 1699570.520603321492672 ], [ 293572.159016870253254, 1699560.746489203069359 ], [ 294220.752048556809314, 1701370.241905864328146 ], [ 295316.431422513152938, 1701360.53971032355912 ], [ 294343.849548676342238, 1698646.287678598426282 ], [ 293248.116431009781081, 1698656.019990553846583 ], [ 292924.243135303375311, 1697751.307604874717072 ], [ 294019.994153639010619, 1697741.565302808303386 ], [ 293696.308044430217706, 1696836.85704422253184 ] ] ], [ [ [ 274944.108379021054134, 1699733.954684859840199 ], [ 274619.759891180903651, 1698829.394293028395623 ], [ 272428.073753689066507, 1698850.775610295124352 ], [ 272752.45841339364415, 1699755.316973925568163 ], [ 274944.108379021054134, 1699733.954684859840199 ] ] ], [ [ [ 292800.667934584780596, 1700475.251223306870088 ], [ 292476.438137018471025, 1699570.520603321492672 ], [ 290284.979247370851226, 1699590.224287151591852 ], [ 290609.244922115816735, 1700494.934964826796204 ], [ 292800.667934584780596, 1700475.251223306870088 ] ] ], [ [ [ 271622.973732852726243, 1708844.449815605767071 ], [ 272718.645291415392421, 1708833.630624981131405 ], [ 272392.512011153390631, 1707928.980732498457655 ], [ 271296.822253051563166, 1707939.809559708228335 ], [ 271622.973732852726243, 1708844.449815605767071 ] ] ], [ [ [ 282253.442403913242742, 1707833.865294982213527 ], [ 281157.807770635117777, 1707844.225339412223548 ], [ 281483.795804280962329, 1708748.953297674655914 ], [ 282579.412325380719267, 1708738.603133127326146 ], [ 282253.442403913242742, 1707833.865294982213527 ] ] ], [ [ [ 282905.55159831000492, 1709643.354988255770877 ], [ 284001.144045165623538, 1709633.066861417144537 ], [ 283675.022881682496518, 1708728.305074877338484 ], [ 282579.412325380719267, 1708738.603133127326146 ], [ 282905.55159831000492, 1709643.354988255770877 ] ] ], [ [ [ 276331.870806741004344, 1709706.178602860774845 ], [ 275236.236042228993028, 1709716.831695259315893 ], [ 275562.671750347828493, 1710621.528653191635385 ], [ 276658.288330529874656, 1710610.885327452793717 ], [ 276331.870806741004344, 1709706.178602860774845 ] ] ], [ [ [ 277753.898784780991264, 1710600.294171321438625 ], [ 278849.503143181093037, 1710589.755183239467442 ], [ 278523.12195890257135, 1709685.028844229876995 ], [ 277427.499435602396261, 1709695.577653037384152 ], [ 277753.898784780991264, 1710600.294171321438625 ] ] ], [ [ [ 283770.45392610388808, 1715082.441925287479535 ], [ 284865.943467301898636, 1715072.161606376990676 ], [ 284538.788141583325341, 1714167.325225145090371 ], [ 286729.785855807363987, 1714146.901288263034075 ], [ 286402.836144211818464, 1713242.058910152409226 ], [ 285307.3220908989897, 1713252.254826181335375 ], [ 284653.894394996052142, 1711442.632639645365998 ], [ 281367.207936427672394, 1711473.593774899840355 ], [ 281040.693692787201144, 1710568.833705032942817 ], [ 283231.860220035305247, 1710548.1208805302158 ], [ 282905.55159831000492, 1709643.354988255770877 ], [ 280714.348809182993136, 1709664.087643466424197 ], [ 279085.164885246893391, 1705140.566755352541804 ], [ 280180.859846909996122, 1705130.125218405388296 ], [ 278880.63379513414111, 1701511.519733265740797 ], [ 277784.866499374329578, 1701522.000143866287544 ], [ 277460.215363140567206, 1700617.393060144269839 ], [ 275268.626272972964216, 1700638.528795808553696 ], [ 275918.170268483809195, 1702447.718254660721868 ], [ 278109.687022372032516, 1702426.621035272954032 ], [ 278434.676929467066657, 1703331.255754328100011 ], [ 275147.446882330696099, 1703362.950511023169383 ], [ 274822.402677051606588, 1702458.344748363597319 ], [ 273726.628902458702214, 1702469.023166820406914 ], [ 273077.012493214977439, 1700659.872007975354791 ], [ 271981.196269404725172, 1700670.621421666583046 ], [ 271656.62408212228911, 1699766.075885520549491 ], [ 268369.083332763519138, 1699798.663707569008693 ], [ 268693.709900587331504, 1700703.180912174284458 ], [ 269789.545003227423877, 1700692.275872173253447 ], [ 270764.386916977819055, 1703405.937519039493054 ], [ 272955.92936708900379, 1703384.340105162700638 ], [ 273281.179235964082181, 1704288.940424333093688 ], [ 272185.429287987644784, 1704299.703584603499621 ], [ 272510.866722689243034, 1705204.308056495850906 ], [ 273606.598518513317686, 1705193.554489053087309 ], [ 273932.187212045420893, 1706098.182319283718243 ], [ 272836.473575365263969, 1706108.92626946629025 ], [ 273162.249843320809305, 1707013.558243482373655 ], [ 272066.548147772438824, 1707024.344616587506607 ], [ 272392.512011153390631, 1707928.980732498457655 ], [ 274583.872821302386001, 1707907.479356222786009 ], [ 274909.969731649907771, 1708812.148602958535776 ], [ 276005.622673519013915, 1708801.48576840152964 ], [ 276331.870806741004344, 1709706.178602860774845 ], [ 277427.499435602396261, 1709695.577653037384152 ], [ 276775.208890726789832, 1707886.186340279411525 ], [ 277870.867722920258529, 1707875.617963513126597 ], [ 278196.910151253454387, 1708780.316444356692955 ], [ 279292.544747308886144, 1708769.80995175614953 ], [ 279945.101435822783969, 1710579.268361657392234 ], [ 278849.503143181093037, 1710589.755183239467442 ], [ 279502.773630927142221, 1712399.249759216792881 ], [ 278407.205623208661564, 1712409.769032287411392 ], [ 278734.11310709756799, 1713314.527415265096352 ], [ 275447.427120824111626, 1713346.369052646914497 ], [ 275774.558614148409106, 1714251.111836434341967 ], [ 274679.002576638944447, 1714261.82041038852185 ], [ 275006.321699641179293, 1715166.56730057974346 ], [ 276101.859498531732243, 1715155.86856194329448 ], [ 276429.329771291697398, 1716060.639249354368076 ], [ 275333.810217975173146, 1716071.328128088265657 ], [ 275661.468128951615654, 1716976.102913106326014 ], [ 276756.969429735909216, 1716965.423918873537332 ], [ 278069.221866571926512, 1720584.702822856605053 ], [ 280260.060102115559857, 1720563.581811577314511 ], [ 280588.510103399690706, 1721468.456791948294267 ], [ 281683.901919862197246, 1721457.985076326178387 ], [ 282012.503011913620867, 1722362.884323328500614 ], [ 283107.870594124484342, 1722352.475240680621937 ], [ 281466.649854857474566, 1717828.07012446038425 ], [ 283657.54949853225844, 1717807.308194200042635 ], [ 283329.849809432111215, 1716902.449499990325421 ], [ 284425.308915745525155, 1716892.137006864184514 ], [ 283770.45392610388808, 1715082.441925287479535 ] ], [ [ 275472.660489986417815, 1704267.570048102643341 ], [ 277664.117088899714872, 1704246.407587155932561 ], [ 278314.980013822903857, 1706055.726863083429635 ], [ 277219.291014898219146, 1706066.262678584083915 ], [ 276893.75674057129072, 1705161.605834387475625 ], [ 274702.324100023368374, 1705182.852930602617562 ], [ 274051.691226506663952, 1703373.619331414811313 ], [ 275147.446882330696099, 1703362.950511023169383 ], [ 275472.660489986417815, 1704267.570048102643341 ] ], [ [ 272630.848914577858523, 1702479.753511602524668 ], [ 271535.062683281314094, 1702490.535784287145361 ], [ 270885.373782787006348, 1700681.422709203325212 ], [ 271981.196269404725172, 1700670.621421666583046 ], [ 272630.848914577858523, 1702479.753511602524668 ] ], [ [ 276123.595901699038222, 1706076.850525411544368 ], [ 276449.317700390820391, 1706981.51150563871488 ], [ 274257.945313871197868, 1707002.823935006512329 ], [ 273932.187212045420893, 1706098.182319283718243 ], [ 276123.595901699038222, 1706076.850525411544368 ] ], [ [ 279829.662929037120193, 1713304.018036510562524 ], [ 280483.949620340717956, 1715113.596670678351074 ], [ 278292.916714054066688, 1715134.628006773535162 ], [ 278620.350524886744097, 1716039.418495079036802 ], [ 277524.843196910514962, 1716050.002705539111048 ], [ 276870.108504474745132, 1714240.455543340882286 ], [ 279061.189963862881996, 1714219.29979347367771 ], [ 278734.11310709756799, 1713314.527415265096352 ], [ 279829.662929037120193, 1713304.018036510562524 ] ], [ [ 279931.779459204641171, 1719658.720963995438069 ], [ 278836.345105070213322, 1719669.265272476244718 ], [ 278180.255404269206338, 1717859.605894583277404 ], [ 279275.726259212533478, 1717849.041585859376937 ], [ 278947.953707501525059, 1716944.223014690447599 ], [ 280043.436744597100187, 1716933.701101623475552 ], [ 281355.47017657593824, 1720553.100007156841457 ], [ 280260.060102115559857, 1720563.581811577314511 ], [ 279931.779459204641171, 1719658.720963995438069 ] ], [ [ 281138.913753914879635, 1716923.231545842485502 ], [ 280811.34700818231795, 1716018.407068008789793 ], [ 283002.319461672566831, 1715997.604955790331587 ], [ 283329.849809432111215, 1716902.449499990325421 ], [ 281138.913753914879635, 1716923.231545842485502 ] ] ], [ [ [ 275120.46502125391271, 1712441.640190417412668 ], [ 278407.205623208661564, 1712409.769032287411392 ], [ 278080.467514876683708, 1711505.024624358396977 ], [ 274793.672318128519692, 1711536.925229607382789 ], [ 275120.46502125391271, 1712441.640190417412668 ] ] ], [ [ [ 290784.834096257574856, 1713201.797616138821468 ], [ 291111.711366820614785, 1714106.680589139694348 ], [ 292207.178353818133473, 1714096.75606711069122 ], [ 291227.108671792666428, 1711382.119348514592275 ], [ 290131.587447394500487, 1711392.074445917736739 ], [ 290458.126122233923525, 1712296.928908509667963 ], [ 289362.617224458022974, 1712306.926044199615717 ], [ 288709.673019783687778, 1710497.251599594485015 ], [ 287614.122170175192878, 1710507.321144036250189 ], [ 287940.527702747669537, 1711412.141177630517632 ], [ 286844.98912234645104, 1711422.252814889419824 ], [ 287171.582071850192733, 1712327.07693805359304 ], [ 288267.102551021729596, 1712316.975386889185756 ], [ 288593.846712337923236, 1713221.823792095296085 ], [ 287498.344341333257034, 1713231.915232621133327 ], [ 287825.27592814079253, 1714136.767718882998452 ], [ 286729.785855807363987, 1714146.901288263034075 ], [ 287056.90488899522461, 1715051.757853810675442 ], [ 288152.376829613815062, 1715041.634417155291885 ], [ 288479.647043100150768, 1715946.515347772277892 ], [ 290670.537285968777724, 1715926.445742040174082 ], [ 290343.303320692502894, 1715021.544415660435334 ], [ 289247.842963493894786, 1715031.563271598424762 ], [ 288920.76018404669594, 1714126.686413555871695 ], [ 290016.238653586246073, 1714116.657370799453929 ], [ 289689.343287289142609, 1713211.784587093628943 ], [ 290784.834096257574856, 1713201.797616138821468 ] ] ], [ [ [ 287384.193241128814407, 1715956.628627116791904 ], [ 287056.90488899522461, 1715051.757853810675442 ], [ 285961.427111580036581, 1715061.933583052596077 ], [ 286943.854579982289579, 1717776.558143030153587 ], [ 288039.277891586651094, 1717766.412878399249166 ], [ 288367.074184594559483, 1718671.326397127006203 ], [ 290557.867105644370895, 1718651.213476901408285 ], [ 290230.107121755660046, 1717746.279468820663169 ], [ 289134.695395494345576, 1717756.31998749054037 ], [ 288479.647043100150768, 1715946.515347772277892 ], [ 287384.193241128814407, 1715956.628627116791904 ] ] ], [ [ [ 291653.254944296553731, 1718641.235614243429154 ], [ 292748.637075089500286, 1718631.310147931100801 ], [ 291765.973786971182562, 1715916.489412702620029 ], [ 290670.537285968777724, 1715926.445742040174082 ], [ 291653.254944296553731, 1718641.235614243429154 ] ] ], [ [ [ 285848.425430638715625, 1717786.755782873602584 ], [ 285520.7621144981822, 1716881.876864915480837 ], [ 284425.308915745525155, 1716892.137006864184514 ], [ 284752.990413507097401, 1717797.005799427628517 ], [ 285848.425430638715625, 1717786.755782873602584 ] ] ], [ [ [ 281245.918170354096219, 1723278.249232524540275 ], [ 281574.876230662455782, 1724183.166733518475667 ], [ 282670.213231580273714, 1724172.725432442734018 ], [ 282999.322353841154836, 1725077.667335414560512 ], [ 284094.635129007161595, 1725067.288822549395263 ], [ 283436.622770158806816, 1723257.398851125501096 ], [ 282341.273450044216588, 1723267.797768560703844 ], [ 282012.503011913620867, 1722362.884323328500614 ], [ 280917.129460375406779, 1722373.345925469417125 ], [ 280588.510103399690706, 1721468.456791948294267 ], [ 279493.112277828040533, 1721478.981001567095518 ], [ 280150.556901064584963, 1723288.753244552528486 ], [ 281245.918170354096219, 1723278.249232524540275 ] ] ], [ [ [ 241710.199291600263678, 1531448.801223127404228 ], [ 242809.085836956335697, 1531437.854336779098958 ], [ 243101.665568960481323, 1532340.325270915171131 ], [ 242002.795546466775704, 1532351.266276192851365 ], [ 242588.497268998733489, 1534156.22900842060335 ], [ 243687.334223226411268, 1534145.299830762669444 ], [ 243980.423140232975129, 1535047.803489514859393 ], [ 241782.775110021175351, 1535069.696836160495877 ], [ 242369.528355307498714, 1536874.713130687363446 ], [ 245665.890272715390893, 1536841.979312073206529 ], [ 245372.478463571227621, 1535939.447736823232844 ], [ 247570.050435541634215, 1535917.847754707792774 ], [ 247276.841400143923238, 1535015.315086974995211 ], [ 245079.236367380333832, 1535036.927141291555017 ], [ 243907.965164640161674, 1531426.954225030960515 ], [ 245006.837305541499518, 1531416.100886265281588 ], [ 244422.253037314134417, 1529611.168071254622191 ], [ 243323.347909196047112, 1529622.033215013798326 ], [ 243615.571672570309602, 1530524.488279763842002 ], [ 241417.772777833364671, 1530546.347023450303823 ], [ 241710.199291600263678, 1531448.801223127404228 ] ] ], [ [ [ 250573.19585857714992, 1534983.248586821602657 ], [ 250280.206025023682741, 1534080.708680223906413 ], [ 249181.411751707026269, 1534091.356747198617086 ], [ 249474.418076696747448, 1534993.890544818015769 ], [ 250573.19585857714992, 1534983.248586821602657 ] ] ], [ [ [ 248375.633267510944279, 1535004.579377674032003 ], [ 248082.610442103730747, 1534102.051661962643266 ], [ 246983.80206532831653, 1534112.793426103424281 ], [ 247276.841400143923238, 1535015.315086974995211 ], [ 248375.633267510944279, 1535004.579377674032003 ] ] ], [ [ [ 248668.825786007160787, 1535907.11812210874632 ], [ 249767.594087283068802, 1535896.435393023071811 ], [ 249474.418076696747448, 1534993.890544818015769 ], [ 248375.633267510944279, 1535004.579377674032003 ], [ 248668.825786007160787, 1535907.11812210874632 ] ] ], [ [ [ 245313.47813048856915, 1545900.453101082472131 ], [ 244428.51115983305499, 1543192.615348743507639 ], [ 242231.133054150734097, 1543214.588448450900614 ], [ 242525.985619344981387, 1544117.177766893291846 ], [ 241427.302402645291295, 1544128.228957761311904 ], [ 241722.341358574747574, 1545030.823216448538005 ], [ 243919.66725822162698, 1545008.780180871486664 ], [ 244214.842611825326458, 1545911.397684246534482 ], [ 245313.47813048856915, 1545900.453101082472131 ] ] ], [ [ [ 253298.940741055208491, 1546727.841590841533616 ], [ 254481.485368333000224, 1550338.66947505204007 ], [ 253382.982209553854773, 1550349.251559640746564 ], [ 253679.059110694186529, 1551251.980350719299167 ], [ 252580.565690847492078, 1551262.603321487549692 ], [ 252876.82888925721636, 1552165.336970826145262 ], [ 256172.238565638806904, 1552133.629646697547287 ], [ 255876.025293757178588, 1551230.876498598838225 ], [ 256974.498118578427238, 1551220.395614117151126 ], [ 257270.694766377651831, 1552123.155315939104185 ], [ 258369.144172749598511, 1552112.728371229022741 ], [ 257776.95372356713051, 1550307.207225197926164 ], [ 255579.981653058639495, 1550328.134725488722324 ], [ 254397.503454216610407, 1546717.281043856637552 ], [ 253298.940741055208491, 1546727.841590841533616 ] ] ], [ [ [ 253173.26173852768261, 1553068.08194578718394 ], [ 252876.82888925721636, 1552165.336970826145262 ], [ 251778.345203083299566, 1552176.00086137605831 ], [ 252074.794720073288772, 1553078.739368764683604 ], [ 253173.26173852768261, 1553068.08194578718394 ] ] ], [ [ [ 252371.413892739103176, 1553981.489196609007195 ], [ 252074.794720073288772, 1553078.739368764683604 ], [ 250976.32076233101543, 1553089.444212689530104 ], [ 251272.956619217933621, 1553992.187577893957496 ], [ 252371.413892739103176, 1553981.489196609007195 ] ] ], [ [ [ 254865.063149530091323, 1554863.00899253343232 ], [ 254271.721848486660747, 1553057.471942177275196 ], [ 253173.26173852768261, 1553068.08194578718394 ], [ 253766.636379177187337, 1554873.605940457899123 ], [ 254865.063149530091323, 1554863.00899253343232 ] ] ], [ [ [ 243170.806943388684886, 1559506.960974943358451 ], [ 246466.046351920318557, 1559473.840731655014679 ], [ 246168.292007759388071, 1558571.06822574371472 ], [ 245069.869211256474955, 1558582.067089359974489 ], [ 244772.267773985891836, 1557679.312234608456492 ], [ 246969.139827727805823, 1557657.349306696560234 ], [ 247862.352507426141528, 1560365.686141501180828 ], [ 248960.727578213147353, 1560354.79540840908885 ], [ 248662.837117268441943, 1559451.998680208111182 ], [ 250859.599764229875291, 1559430.347102233441547 ], [ 251157.456689098937204, 1560333.156876891851425 ], [ 253354.157964175072266, 1560311.708914253395051 ], [ 253056.334538967290428, 1559408.885984894353896 ], [ 251957.970620242704172, 1559419.592736782273278 ], [ 251660.300101915345294, 1558516.787793506868184 ], [ 248365.116330761491554, 1558549.213280528318137 ], [ 247472.972044219262898, 1555840.92488252860494 ], [ 249669.868686891451944, 1555819.221562995808199 ], [ 249372.860086244443664, 1554916.468482952797785 ], [ 251569.76213659386849, 1554894.942258379654959 ], [ 251272.956619217933621, 1553992.187577893957496 ], [ 247977.542909383832011, 1554024.56742571410723 ], [ 247087.994076356408186, 1551316.428685616934672 ], [ 245989.458634770940989, 1551327.335871673421934 ], [ 246285.821930877747945, 1552230.031254236120731 ], [ 245187.296092556440271, 1552240.979532045312226 ], [ 246077.454332349792821, 1554949.113922737073153 ], [ 244978.971576986310538, 1554960.090703224763274 ], [ 245276.047137513378402, 1555862.818242591340095 ], [ 243079.093720465782098, 1555884.901656166417524 ], [ 243376.372530303808162, 1556787.627759410301223 ], [ 242277.901841816230444, 1556798.734454766614363 ], [ 242575.367159628745867, 1557701.465439013903961 ], [ 241476.906065263872733, 1557712.613399001769722 ], [ 241774.557912422926165, 1558615.349263829411939 ], [ 242873.002194370521465, 1558604.207606761949137 ], [ 243170.806943388684886, 1559506.960974943358451 ] ], [ [ 246374.51313926288276, 1555851.847806684672832 ], [ 246671.74163860216504, 1556754.592929022153839 ], [ 245573.292397910205182, 1556765.556998174171895 ], [ 245276.047137513378402, 1555862.818242591340095 ], [ 246374.51313926288276, 1555851.847806684672832 ] ] ], [ [ [ 255459.082992910669418, 1556668.591637852601707 ], [ 255161.988254734722432, 1555765.794607306830585 ], [ 254063.578165325365262, 1555776.38499415689148 ], [ 253766.636379177187337, 1554873.605940457899123 ], [ 251569.76213659386849, 1554894.942258379654959 ], [ 251866.737311832519481, 1555797.708271124400198 ], [ 252965.161194618121954, 1555787.022881570272148 ], [ 253262.289318588067545, 1556689.806772687006742 ], [ 255459.082992910669418, 1556668.591637852601707 ] ] ], [ [ [ 265641.433944875432644, 1557478.345022594323382 ], [ 265938.718020377447829, 1558381.225802671862766 ], [ 264840.418320310069248, 1558391.368207026971504 ], [ 265137.888583426713012, 1559294.253760537831113 ], [ 261842.999838599615032, 1559324.945869138929993 ], [ 261545.479634093208006, 1558422.080833622021601 ], [ 259348.820547275303397, 1558442.793777817627415 ], [ 259646.374091334932018, 1559345.645270030247048 ], [ 260744.690310546196997, 1559335.271769051207229 ], [ 261042.396773215004941, 1560238.141592397354543 ], [ 263238.9758327169111, 1560217.551034008152783 ], [ 263536.818534720921889, 1561120.446133933961391 ], [ 267929.830859618086834, 1561079.864203754579648 ], [ 267632.05475085915532, 1560176.941406193887815 ], [ 266533.794844540185295, 1560187.022380801150575 ], [ 266236.17165446159197, 1559284.118249662453309 ], [ 268432.718215223634616, 1559263.990006877342239 ], [ 268135.297812072327361, 1558361.083691699663177 ], [ 267037.011174043291248, 1558371.130964728072286 ], [ 266739.743711150193121, 1557468.243286308133975 ], [ 265641.433944875432644, 1557478.345022594323382 ] ] ], [ [ [ 268730.308159623644315, 1560166.908050655620173 ], [ 269828.555101584177464, 1560156.922312699491158 ], [ 269530.981766463257372, 1559253.997271984815598 ], [ 268432.718215223634616, 1559263.990006877342239 ], [ 268730.308159623644315, 1560166.908050655620173 ] ] ], [ [ [ 261340.272826195257949, 1561141.023005944676697 ], [ 261042.396773215004941, 1560238.141592397354543 ], [ 259944.097235704946797, 1560248.5083130330313 ], [ 260241.989977780642221, 1561151.38292399700731 ], [ 261340.272826195257949, 1561141.023005944676697 ] ] ], [ [ [ 271617.555179555085488, 1565574.720294179162011 ], [ 271318.96469524782151, 1564671.724384647561237 ], [ 270220.800910090038087, 1564681.674804055830464 ], [ 270519.408047817065381, 1565584.663583009038121 ], [ 271617.555179555085488, 1565574.720294179162011 ] ] ], [ [ [ 273014.439277971978299, 1566467.839745727134869 ], [ 274112.557034243596718, 1566457.999219642253593 ], [ 273813.830328449781518, 1565554.977050781715661 ], [ 272715.695929522567894, 1565564.824783924967051 ], [ 273014.439277971978299, 1566467.839745727134869 ] ] ], [ [ [ 268121.916772881813813, 1568323.753552328096703 ], [ 267224.928054684540257, 1565614.78013572236523 ], [ 265028.575587037194055, 1565635.096757604507729 ], [ 265327.435687794815749, 1566538.062028177082539 ], [ 266425.598483211942948, 1566527.886841751867905 ], [ 266724.611427864292637, 1567430.87090789177455 ], [ 265626.46534591994714, 1567441.039054460590705 ], [ 265925.664558829448652, 1568344.027853823732585 ], [ 268121.916772881813813, 1568323.753552328096703 ] ] ], [ [ [ 259336.750000022177119, 1568405.999656640458852 ], [ 259636.219325285259401, 1569308.958307539578527 ], [ 260734.371597821707837, 1569298.516910085920244 ], [ 261033.99372667534044, 1570201.494179128669202 ], [ 263230.244699287461117, 1570180.76906324038282 ], [ 262930.656123422202654, 1569277.777823942247778 ], [ 264028.788437923416495, 1569267.480132180731744 ], [ 263729.386189186363481, 1568364.493630271637812 ], [ 264827.528658815892413, 1568354.236806923523545 ], [ 264528.312715989421122, 1567451.255042693112046 ], [ 262331.987689265864901, 1567471.83055021148175 ], [ 262631.237119213561527, 1568374.798325387528166 ], [ 259336.750000022177119, 1568405.999656640458852 ] ] ], [ [ [ 263530.002844205708243, 1571083.772060666000471 ], [ 264628.10162568744272, 1571073.488442754140124 ], [ 264328.360250957368407, 1570170.478397209197283 ], [ 263230.244699287461117, 1570180.76906324038282 ], [ 263530.002844205708243, 1571083.772060666000471 ] ] ], [ [ [ 273113.050287238496821, 1570089.878275088733062 ], [ 272514.343717244337313, 1568283.779326261254027 ], [ 273612.4344900730066, 1568273.905422959942371 ], [ 273313.35213234310504, 1567370.866619584150612 ], [ 271117.130890263302717, 1567390.676708244020119 ], [ 271416.246589825721458, 1568293.701089375885203 ], [ 268121.916772881813813, 1568323.753552328096703 ], [ 268421.252090694615617, 1569226.768338363617659 ], [ 266225.033323921845295, 1569247.028443651972339 ], [ 266824.279500271077268, 1571053.065064345253631 ], [ 267922.358654786134139, 1571042.925300823990256 ], [ 267622.667535997577943, 1570139.893948497716337 ], [ 268720.756943398155272, 1570129.794977021869272 ], [ 269320.275243121082895, 1571935.883882028982043 ], [ 267124.15690633788472, 1571956.101130078313872 ], [ 268024.806364965159446, 1574665.280558441299945 ], [ 269122.818474558764137, 1574655.169536412926391 ], [ 268822.449223109288141, 1573752.090618580346927 ], [ 269920.471651339379605, 1573742.02040719659999 ], [ 269620.288684963306878, 1572838.946183340623975 ], [ 272914.367767801799346, 1572809.001878920244053 ], [ 272314.610770898347255, 1571002.845716336043552 ], [ 274510.69855765812099, 1570983.093585102818906 ], [ 274211.107705303118564, 1570080.0188882087823 ], [ 273113.050287238496821, 1570089.878275088733062 ] ], [ [ 270118.497551821405068, 1571022.789617638802156 ], [ 271216.557355750235729, 1571012.793694993248209 ], [ 271516.367815493722446, 1571915.858530108816922 ], [ 270418.324734508641995, 1571925.847219796851277 ], [ 270118.497551821405068, 1571022.789617638802156 ] ] ], [ [ [ 272416.816259148472454, 1574625.12480483087711 ], [ 272116.497269775951281, 1573722.024067481281236 ], [ 271018.487656661658548, 1573731.998223991366103 ], [ 271318.823390958015807, 1574635.091661093756557 ], [ 272416.816259148472454, 1574625.12480483087711 ] ] ], [ [ [ 266926.787780183600262, 1574675.439638710347936 ], [ 266626.384975153428968, 1573772.375131856184453 ], [ 265528.343094031966757, 1573782.589436751790345 ], [ 265828.762689526658505, 1574685.646778723690659 ], [ 266926.787780183600262, 1574675.439638710347936 ] ] ], [ [ [ 268325.361922662763391, 1575568.364169956883416 ], [ 268024.806364965159446, 1574665.280558441299945 ], [ 266926.787780183600262, 1574675.439638710347936 ], [ 267227.360126566025428, 1575578.516035815700889 ], [ 268325.361922662763391, 1575568.364169956883416 ] ] ], [ [ [ 276311.802935971238185, 1576401.794372414238751 ], [ 276011.195163857657462, 1575498.647414406295866 ], [ 274913.237985830346588, 1575508.462714246939868 ], [ 275213.862490214349236, 1576411.602245846297592 ], [ 276311.802935971238185, 1576401.794372414238751 ] ] ], [ [ [ 265137.502285130671225, 1579221.598404308548197 ], [ 264836.201290569908451, 1578318.496021442580968 ], [ 263738.223842889419757, 1578328.818790367804468 ], [ 264039.541691991384141, 1579231.913977134274319 ], [ 265137.502285130671225, 1579221.598404308548197 ] ] ], [ [ [ 262941.574515902204439, 1579242.277751122834161 ], [ 263544.752633863361552, 1581048.489400502759963 ], [ 264642.686060576350428, 1581038.140032171038911 ], [ 264039.541691991384141, 1579231.913977134274319 ], [ 262941.574515902204439, 1579242.277751122834161 ] ] ], [ [ [ 263846.596033808367793, 1581951.613067282596603 ], [ 263544.752633863361552, 1581048.489400502759963 ], [ 262446.81261184066534, 1581058.887025661533698 ], [ 262748.672906628868077, 1581962.003482855390757 ], [ 263846.596033808367793, 1581951.613067282596603 ] ] ], [ [ [ 266042.422560377977788, 1581930.977086281403899 ], [ 265740.612922642729245, 1581027.838919134577736 ], [ 264642.686060576350428, 1581038.140032171038911 ], [ 264944.51257483480731, 1581941.27093560132198 ], [ 266042.422560377977788, 1581930.977086281403899 ] ] ], [ [ [ 260552.806771155970637, 1581982.929171836236492 ], [ 261650.743162633443717, 1581972.442183858249336 ], [ 261348.865963833319256, 1581069.332909186603501 ], [ 260250.912659173918655, 1581079.827052623732015 ], [ 260552.806771155970637, 1581982.929171836236492 ] ] ], [ [ [ 258468.433016983588459, 1585627.121137212729082 ], [ 258771.225903139449656, 1586530.261041841469705 ], [ 259869.097607366769807, 1586519.66489375801757 ], [ 260475.158164284221129, 1588325.994774979073554 ], [ 261572.989216589397984, 1588315.461550372652709 ], [ 261269.891131963871885, 1587412.283394714351743 ], [ 262367.732513454509899, 1587401.791362967109308 ], [ 261762.078984386404045, 1585595.456329328473657 ], [ 260664.203677539888304, 1585605.962866441579536 ], [ 259756.944322360446677, 1582896.571267070248723 ], [ 260854.870462293620221, 1582886.043141529662535 ], [ 260552.806771155970637, 1581982.929171836236492 ], [ 258356.91392308610375, 1582004.048014933709055 ], [ 257451.638817486295011, 1579294.819692462449893 ], [ 260745.620292166015133, 1579263.149908733787015 ], [ 261047.15833946983912, 1580166.235489994753152 ], [ 262145.121884152991697, 1580155.782446500146762 ], [ 261843.600726186210522, 1579252.689727809047326 ], [ 262941.574515902204439, 1579242.277751122834161 ], [ 262640.23980311350897, 1578339.189733390230685 ], [ 256052.195412204018794, 1578402.427134045399725 ], [ 255750.928936656739097, 1577499.393275036942214 ], [ 254652.880972606420983, 1577510.108437221730128 ], [ 255255.617383723147213, 1579316.173931390512735 ], [ 254157.596439602377359, 1579326.923370519187301 ], [ 254459.236015511327423, 1580229.966695472598076 ], [ 253361.225165887881303, 1580240.757401814451441 ], [ 253059.568636408628663, 1579337.721024876693264 ], [ 251961.533943463058677, 1579348.566896062111482 ], [ 252565.050563826953294, 1581154.637465632753447 ], [ 253663.051323888299521, 1581143.805458908667788 ], [ 254569.547542572487146, 1583853.019885760499164 ], [ 256765.426653010828886, 1583831.542858770815656 ], [ 257370.537601962918416, 1585637.772874001879245 ], [ 258468.433016983588459, 1585627.121137212729082 ] ], [ [ 258961.278633707144763, 1583810.259227477014065 ], [ 257863.356019245198695, 1583820.876869452418759 ], [ 257561.071912928833626, 1582917.772471158765256 ], [ 256463.125582097651204, 1582928.445552844787017 ], [ 256160.99411707604304, 1582025.360024652676657 ], [ 258356.91392308610375, 1582004.048014933709055 ], [ 258961.278633707144763, 1583810.259227477014065 ] ], [ [ 256655.237195790716214, 1580208.530008054105565 ], [ 256957.01249857005314, 1581111.599057981977239 ], [ 254761.045212579629151, 1581133.021723121870309 ], [ 254459.236015511327423, 1580229.966695472598076 ], [ 256655.237195790716214, 1580208.530008054105565 ] ] ], [ [ [ 261459.506571531004738, 1584692.306702672736719 ], [ 262557.392179463116918, 1584681.841316525824368 ], [ 261952.78993325252668, 1582875.563331577694044 ], [ 260854.870462293620221, 1582886.043141529662535 ], [ 261459.506571531004738, 1584692.306702672736719 ] ] ], [ [ [ 266153.514104079687968, 1585553.914133158978075 ], [ 265055.66517901327461, 1585564.227092440240085 ], [ 265358.356338599813171, 1586467.410526456544176 ], [ 266456.188341388711706, 1586457.104916793294251 ], [ 266153.514104079687968, 1585553.914133158978075 ] ] ], [ [ [ 264260.517795519554056, 1586477.764555335510522 ], [ 263162.672681502590422, 1586488.167004961986095 ], [ 263465.56727190699894, 1587391.347782115219161 ], [ 264563.395437966799363, 1587380.952650612220168 ], [ 264260.517795519554056, 1586477.764555335510522 ] ] ], [ [ [ 239749.671781985001871, 1671963.375968259759247 ], [ 238653.135251250176225, 1671975.488847400760278 ], [ 238333.608329434413463, 1671071.547249895054847 ], [ 236140.477418200694956, 1671095.942380138672888 ], [ 236460.040537265944295, 1671999.86774205439724 ], [ 237556.591513106366619, 1671987.652771401684731 ], [ 237876.3061964288936, 1672891.598752462305129 ], [ 236779.773331231437624, 1672903.805594897596166 ], [ 237419.747932787460741, 1674711.718848919961601 ], [ 236323.244071503053419, 1674723.96049254364334 ], [ 236643.504015408165287, 1675627.927758485544473 ], [ 235547.011036520882044, 1675640.212387284263968 ], [ 236188.076259134162683, 1677448.168201859109104 ], [ 237284.532913383154664, 1677435.899937147740275 ], [ 237605.301861905492842, 1678339.904887796379626 ], [ 239798.157163629308343, 1678315.538510339334607 ], [ 240440.131369036447722, 1680123.619407516671345 ], [ 239343.743646894959966, 1680135.760361397638917 ], [ 239986.432780856615864, 1681943.875288971001282 ], [ 238890.074254849139834, 1681956.050875951303169 ], [ 239533.478371805249481, 1683764.19984809611924 ], [ 238437.149079183815047, 1683776.41008166084066 ], [ 238759.123831171978964, 1684680.49524262547493 ], [ 240951.738808048336068, 1684656.142976593924686 ], [ 241273.846759700682014, 1685560.257694654399529 ], [ 242370.12532436507172, 1685548.167166694067419 ], [ 242692.384691495040897, 1686452.303149808198214 ], [ 243788.637956056394614, 1686440.272589147556573 ], [ 243466.396797058725497, 1685536.128090350190178 ], [ 244562.661208012345014, 1685524.140463849529624 ], [ 244240.607859391253442, 1684620.000271119177341 ], [ 245336.883420377998846, 1684608.055547141004354 ], [ 245658.91858744766796, 1685512.204285426298156 ], [ 247851.412372678460088, 1685488.486265788320452 ], [ 248173.58079644839745, 1686392.665097321849316 ], [ 249269.799103189259768, 1686380.891903304494917 ], [ 248947.648838918481488, 1685476.704421079950407 ], [ 250043.878394548519282, 1685464.974017462693155 ], [ 250366.01050902766292, 1686369.170177384279668 ], [ 251462.215044182259589, 1686357.499917834298685 ], [ 250818.156664705689764, 1684549.103182099061087 ], [ 251914.390613048191881, 1684537.466947904787958 ], [ 252236.316894847841468, 1685441.667526599019766 ], [ 253332.525899965985445, 1685430.09143591998145 ], [ 252367.310071625513956, 1682717.502544081071392 ], [ 254559.816294574236963, 1682694.452157692285255 ], [ 253596.234960055036936, 1679981.928048187168315 ], [ 255788.822457466914784, 1679959.030664374586195 ], [ 255468.003864464320941, 1679054.864565977128223 ], [ 254371.695462047791807, 1679066.296322520123795 ], [ 254051.028389704966685, 1678162.151901305653155 ], [ 252954.695185707358178, 1678173.643545023631305 ], [ 252634.179641319031361, 1677269.520706707146019 ], [ 250441.456698640278773, 1677292.674805206479505 ], [ 249800.862183020886732, 1675484.502045520348474 ], [ 248704.454319513926748, 1675496.172892748843879 ], [ 248384.393402830552077, 1674592.114238048437983 ], [ 247287.96056789328577, 1674603.844667192781344 ], [ 246968.051208449614933, 1673699.807218885514885 ], [ 248064.502081225335132, 1673688.068370613502339 ], [ 247744.780357433046447, 1672784.035271377768368 ], [ 248841.242305468389532, 1672772.339085722807795 ], [ 249480.81930165013182, 1674580.434920720057562 ], [ 250577.238294624228729, 1674568.806713486555964 ], [ 249618.181223252671771, 1671856.656782545149326 ], [ 248521.708196127030533, 1671868.310337392846122 ], [ 248202.343682936916593, 1670964.294343123678118 ], [ 251491.796043409121921, 1670929.461473832139745 ], [ 251172.655070065258769, 1670025.433001259341836 ], [ 253365.624904418829829, 1670002.449131864355877 ], [ 253684.729965291917324, 1670906.494548408780247 ], [ 254781.186721560079604, 1670895.087576839607209 ], [ 253187.44674116949318, 1666374.946335266344249 ], [ 254283.986324270721525, 1666363.547896692762151 ], [ 256196.875450917548733, 1671787.806968105025589 ], [ 255100.443396691902308, 1671799.15438438532874 ], [ 255419.869625170453219, 1672703.234089517965913 ], [ 254323.448773886048002, 1672714.623964327853173 ], [ 254643.062516172853066, 1673618.708001889521256 ], [ 253546.652863936848007, 1673630.140367009909824 ], [ 253866.454141184396576, 1674534.228735256241634 ], [ 252770.055684119579382, 1674545.703622456407174 ], [ 253090.044517501286464, 1675449.79631962813437 ], [ 255282.798663116031094, 1675426.91483183321543 ], [ 254962.845813485590043, 1674522.804951341589913 ], [ 256059.230731291434495, 1674511.432269030017778 ], [ 255739.465404275484616, 1673607.326711354311556 ], [ 256835.861558521981351, 1673595.996493727201596 ], [ 257155.608924869768089, 1674500.110686645144597 ], [ 258251.980424487323035, 1674488.840202518971637 ], [ 257293.300782313424861, 1671776.510569022968411 ], [ 258389.71942115566344, 1671765.26518547302112 ], [ 258070.516535093542188, 1670861.172606551088393 ], [ 259166.94642212492181, 1670849.969592374749482 ], [ 260764.566521752858534, 1675370.605834032874554 ], [ 258571.879370767826913, 1675392.976060626329854 ], [ 258891.947845308255637, 1676297.124940865440294 ], [ 259988.276777072955156, 1676285.923003807431087 ], [ 260628.886367531609721, 1678094.277454043272883 ], [ 261725.172771806537639, 1678083.144266453338787 ], [ 262366.424472742015496, 1679891.568828840972856 ], [ 263462.66838992619887, 1679880.504593244986609 ], [ 263783.530520723084919, 1680784.745525984326378 ], [ 262687.304575374582782, 1680795.80085022142157 ], [ 263329.573271445697173, 1682604.304470160510391 ], [ 264425.763251895434223, 1682593.267040831968188 ], [ 264747.133846873999573, 1683497.547661750810221 ], [ 265843.299357621348463, 1683486.57057792134583 ], [ 266164.82144477230031, 1684390.873501782072708 ], [ 267260.96252824383555, 1684379.956839990103617 ], [ 266618.123784175957553, 1682571.346185244619846 ], [ 267714.294396456913091, 1682560.462755757616833 ], [ 267393.147187006426975, 1681656.168343006167561 ], [ 265200.76361280324636, 1681678.004587765550241 ], [ 263917.725916567200329, 1678061.031493833987042 ], [ 265013.992717542103492, 1678050.051905547501519 ], [ 264693.674947506166063, 1677145.832727009896189 ], [ 265789.953196262649726, 1677134.895414899103343 ], [ 266110.25304457731545, 1678039.123513784026727 ], [ 267206.506927911308594, 1678028.246316934237257 ], [ 266886.224991712137125, 1677124.009270671987906 ], [ 267982.490364102297463, 1677113.174292724113911 ], [ 267662.395796551485546, 1676208.941524694673717 ], [ 266566.112528727506287, 1676219.785453047137707 ], [ 266246.169541646027938, 1675315.574844710761681 ], [ 265149.861943214200437, 1675326.478811693610623 ], [ 264830.070543857116718, 1674422.290268729906529 ], [ 265926.39603315317072, 1674411.377426340943202 ], [ 265287.357462690211833, 1672603.022082306211814 ], [ 266383.712241403351072, 1672592.142592100659385 ], [ 265745.387330448138528, 1670783.822139296680689 ], [ 264648.996838839026168, 1670794.719266763189808 ], [ 264968.092406095238402, 1671698.864118096185848 ], [ 263871.713286761543714, 1671709.80344298412092 ], [ 264510.448632869403809, 1673518.114872467471287 ], [ 263414.098768087802455, 1673529.087626063963398 ], [ 263733.738572445698082, 1674433.254197912523523 ], [ 262637.400088657741435, 1674444.269215503474697 ], [ 261678.935485132737085, 1671731.835111488820985 ], [ 262775.327656531182583, 1671720.793773575453088 ], [ 262137.234559148666449, 1669912.552181244129315 ], [ 263233.655926414881833, 1669901.544369343668222 ], [ 262914.881497631489765, 1668997.434417961863801 ], [ 261818.44227250671247, 1669008.450934670167044 ], [ 261499.819497496297117, 1668104.36269561573863 ], [ 262596.27657336415723, 1668093.337497979635373 ], [ 261959.575249141897075, 1666285.18267565779388 ], [ 263056.061436771182343, 1666274.191031276248395 ], [ 263374.309516995796002, 1667178.270606109406799 ], [ 267760.117977582500316, 1667134.847342817112803 ], [ 267441.941109467472415, 1666230.732856704620644 ], [ 264152.541086320532486, 1666263.250228798482567 ], [ 262881.315045344992541, 1662647.027206473052502 ], [ 261784.764197507000063, 1662658.00251977937296 ], [ 261150.132664509845199, 1660849.985869909636676 ], [ 262246.719068733684253, 1660838.99344394588843 ], [ 261612.801150029787095, 1659031.011310895672068 ], [ 262709.416497910977341, 1659020.052491332869977 ], [ 263026.272947864956222, 1659924.045637645060197 ], [ 264122.864000609377399, 1659913.145991510944441 ], [ 265074.397133304912131, 1662625.22877473779954 ], [ 267267.453279740875587, 1662603.633258806075901 ], [ 266950.141567122424021, 1661699.575371167389676 ], [ 265853.598977851914242, 1661710.356441807001829 ], [ 264585.976083943445701, 1658094.289383084513247 ], [ 262392.729560669744387, 1658116.072238163789734 ], [ 261759.86423506680876, 1656308.150335452286527 ], [ 262856.526210100040771, 1656297.216627592220902 ], [ 262540.36553982552141, 1655393.266484017251059 ], [ 261443.685852077003801, 1655404.208648056024686 ], [ 261127.676992538647028, 1654500.279778099386021 ], [ 262224.374385855975561, 1654489.329181555658579 ], [ 261592.900637561513577, 1652681.493024439550936 ], [ 263786.346463428984862, 1652659.709536355454475 ], [ 263155.621477618464269, 1650851.890956060495228 ], [ 266445.847176651703194, 1650819.543185195419937 ], [ 266130.791850916168187, 1649915.627828128635883 ], [ 267227.538408257067204, 1649904.937502398621291 ], [ 267857.783320855640341, 1651712.798058178275824 ], [ 266761.071996334125288, 1651723.471407164586708 ], [ 267076.466307288908865, 1652627.412512911017984 ], [ 264883.059567016665824, 1652648.893435645615682 ], [ 265514.427260375698097, 1654456.780299318023026 ], [ 264417.749489422014449, 1654467.579443769529462 ], [ 265049.830534193431959, 1656275.500829382566735 ], [ 267243.108892612392083, 1656253.987177192466334 ], [ 267559.368292246712372, 1657157.984370613237843 ], [ 268655.980137890437618, 1657147.311960357706994 ], [ 268339.738410549354739, 1656243.306151882745326 ], [ 269436.361528086941689, 1656232.675658329855651 ], [ 269120.306934352149256, 1655328.67420990834944 ], [ 268023.666161151370034, 1655339.313321868889034 ], [ 267707.763392365188338, 1654435.333451336948201 ], [ 268804.421814098313916, 1654424.685744643677026 ], [ 268488.706169991288334, 1653520.710243564099073 ], [ 269585.375834591221064, 1653510.104414857225493 ], [ 270216.941328001092188, 1655318.085601093014702 ], [ 271313.569372440513689, 1655307.547493860824034 ], [ 272895.360466051439289, 1659827.772011414635926 ], [ 273991.893984514055774, 1659817.328138923970982 ], [ 273675.214518912602216, 1658913.248265773290768 ], [ 274771.759442439186387, 1658902.846205580048263 ], [ 274455.267057379183825, 1657998.770665172021836 ], [ 275551.82339020492509, 1657988.410385376540944 ], [ 275868.298145703854971, 1658892.49475052440539 ], [ 276964.830659034545533, 1658882.193899079225957 ], [ 277598.253187804832123, 1660690.419956972822547 ], [ 278694.744299033656716, 1660680.187536502024159 ], [ 278061.357012744701933, 1658871.943649726686999 ], [ 279157.87723716662731, 1658861.744000955251977 ], [ 279474.468566864554305, 1659765.868251704843715 ], [ 280570.965093563951086, 1659755.728158686775714 ], [ 280887.708220792817883, 1660659.874658121028915 ], [ 279791.229299927479587, 1660670.005770718678832 ], [ 280108.159433718770742, 1661574.156577201327309 ], [ 276818.738965356722474, 1661604.826989910332486 ], [ 277135.891414136509411, 1662508.964181564049795 ], [ 280425.25896560086403, 1662478.320690378313884 ], [ 280742.527892938582227, 1663382.498129496583715 ], [ 281838.953953813645057, 1663372.394100754521787 ], [ 281204.620741667225957, 1661564.03446878050454 ], [ 282301.076009375276044, 1661553.963039106689394 ], [ 281984.181091946084052, 1660649.794197215000167 ], [ 283080.647943692456465, 1660639.764386515831575 ], [ 284031.788042011088692, 1663352.338240367360413 ], [ 288417.384932501532603, 1663312.835266752634197 ], [ 287783.262804999365471, 1661504.366020262241364 ], [ 289976.096302224497776, 1661484.881912578595802 ], [ 289659.324343981221318, 1660580.649094386724755 ], [ 287466.45576282334514, 1660600.151616326300427 ], [ 287149.818071849120315, 1659695.950666161021218 ], [ 286053.357445559115149, 1659705.787033517379314 ], [ 286370.012685601832345, 1660609.97884090943262 ], [ 285273.563710213056765, 1660619.856709829764441 ], [ 285590.405874113494065, 1661524.052807766012847 ], [ 286686.837283913569991, 1661514.184078314108774 ], [ 287003.831237878184766, 1662418.40276503819041 ], [ 284810.997654028469697, 1662438.172597378958017 ], [ 283227.545834460179321, 1657917.304485925706103 ], [ 282131.032260744832456, 1657927.310761450789869 ], [ 281814.83247099496657, 1657023.186180837685242 ], [ 279621.752100079029333, 1657043.368335659848526 ], [ 279937.987030573887751, 1657947.475016644224524 ], [ 277744.917487923288718, 1657967.841553949285299 ], [ 277112.546688125759829, 1656159.676961867604405 ], [ 278209.119694630731829, 1656149.450666551012546 ], [ 277893.206004765816033, 1655245.379297220846638 ], [ 278989.790454265661538, 1655235.194657978834584 ], [ 279305.686573765822686, 1656139.274889149703085 ], [ 281498.802071240963414, 1656119.07488210266456 ], [ 281182.941064111946616, 1655214.976846083533019 ], [ 283376.067490655346774, 1655194.96097971405834 ], [ 282744.923771378409583, 1653386.768935134168714 ], [ 283841.513016738404986, 1653376.818804578157142 ], [ 283526.212737112073228, 1652472.733744671335444 ], [ 284622.813501217286102, 1652462.825088746612892 ], [ 285569.169976567849517, 1655175.147047065431252 ], [ 284472.621711023850366, 1655185.028772407677025 ], [ 284788.430120446020737, 1656089.153718636836857 ], [ 286981.485709083732218, 1656069.458823906024918 ], [ 286350.108285968890414, 1654261.18614250048995 ], [ 287446.662220616126433, 1654251.396322077140212 ], [ 287131.245032066246495, 1653347.270974119426683 ], [ 286034.673616742133163, 1653357.069825527025387 ], [ 285404.312376021232922, 1651548.877143185352907 ], [ 282114.457597348256968, 1651578.629901146981865 ], [ 282429.605989895120729, 1652482.692801373777911 ], [ 281332.993229223648086, 1652492.702260323334485 ], [ 281017.827332489541732, 1651588.648235550383106 ], [ 279921.191014395910315, 1651598.716946617001668 ], [ 280551.727238235180266, 1653406.820485642179847 ], [ 279455.11988976720022, 1653416.921908551827073 ], [ 279139.749546117498539, 1652512.872390875825658 ], [ 278043.118562990857754, 1652523.033065452007577 ], [ 277412.851051180332433, 1650714.991063897265121 ], [ 281799.478596359025687, 1650674.580215367954224 ], [ 281484.668989550904371, 1649770.543724969262257 ], [ 282581.328199740732089, 1649760.558031571563333 ], [ 282266.705463178805076, 1648856.52588580804877 ], [ 283363.376126033137552, 1648846.58165324665606 ], [ 283677.981398561503738, 1649750.622657767031342 ], [ 284774.628616365313064, 1649740.737602091394365 ], [ 283203.38333407160826, 1645220.620240442920476 ], [ 284300.111756283266004, 1645210.741172667127103 ], [ 284614.004629275936168, 1646114.747083690948784 ], [ 286807.408796805771999, 1646095.157204868271947 ], [ 285239.812157392269, 1641575.171092762146145 ], [ 288530.134731943719089, 1641546.029602961149067 ], [ 289470.02838187047746, 1644258.061386123299599 ], [ 292760.142311893694568, 1644229.450914732879028 ], [ 293387.480739756603725, 1646037.592420446686447 ], [ 292290.816547073074616, 1646047.061054049292579 ], [ 292604.757094285509083, 1646951.142812803853303 ], [ 291508.104514554666821, 1646960.652611705474555 ], [ 291822.231753669970203, 1647864.738693613326177 ], [ 287435.633023194037378, 1647903.244207689771429 ], [ 288064.534687258827034, 1649711.384329291293398 ], [ 286967.905230359639972, 1649721.118439299520105 ], [ 287282.627528516459279, 1650625.1994767668657 ], [ 286186.009624583879486, 1650634.974937010323629 ], [ 286500.918731440557167, 1651539.060300739016384 ], [ 287597.519185370241757, 1651529.293827644083649 ], [ 288543.210282016778365, 1654241.656952203484252 ], [ 289639.752500499482267, 1654231.968031442258507 ], [ 289324.370245055644773, 1653327.824540317291394 ], [ 291517.472170086344704, 1653308.579788987059146 ], [ 291202.294139763456769, 1652404.431488242233172 ], [ 290105.728637110965792, 1652414.037769919959828 ], [ 289475.845725094550289, 1650605.799577377503738 ], [ 290572.446078440290876, 1650596.175135371508077 ], [ 290887.285441682324745, 1651500.296610102290288 ], [ 291983.86259311606409, 1651490.731600085971877 ], [ 292614.01447546237614, 1653299.033040696522221 ], [ 293710.551049855304882, 1653289.536708776839077 ], [ 292765.629446993116289, 1650577.077259638579562 ], [ 291669.04064228956122, 1650586.601029928540811 ], [ 291354.388021826162003, 1649682.48386760847643 ], [ 293547.594684958690777, 1649663.4684359182138 ], [ 293233.146165816811845, 1648759.346484591485932 ], [ 294329.758290591242258, 1648749.905097911134362 ], [ 293701.403938080882654, 1646941.683237951714545 ], [ 294798.04507630399894, 1646932.273885754402727 ], [ 294484.139217508840375, 1646028.173982420936227 ], [ 295580.792010699631646, 1646018.805738585069776 ], [ 294953.522879752679728, 1644210.627976609161124 ], [ 296050.204639156698249, 1644201.291716212639585 ], [ 295423.647352559724823, 1642393.149405436590314 ], [ 298713.76256142614875, 1642365.386771459598094 ], [ 298087.98609864374157, 1640557.24357931339182 ], [ 299184.714476810360793, 1640548.071289785206318 ], [ 298872.097420618461911, 1639644.01073320931755 ], [ 297775.351808508043177, 1639653.192106569651514 ], [ 297462.886815963720437, 1638749.154023944865912 ], [ 298559.649654938140884, 1638739.963590194936842 ], [ 298247.371182328672148, 1637835.929841680685058 ], [ 297150.591123583435547, 1637845.129312391392887 ], [ 296838.464733934379183, 1636941.117952880216762 ], [ 295741.661836596205831, 1636950.376353647792712 ], [ 295429.687537365593016, 1636046.387290232116356 ], [ 293236.030285637243651, 1636065.071691648103297 ], [ 292924.190857897163369, 1635161.113716992316768 ], [ 294021.039558170596138, 1635151.737684688996524 ], [ 293709.386681475676596, 1634247.784072858048603 ], [ 296999.950273956696037, 1634219.928412085864693 ], [ 296377.255644927034155, 1632412.007570161251351 ], [ 295280.372416591504589, 1632421.260771400760859 ], [ 294969.261897287797183, 1631517.329125691903755 ], [ 293872.355817222734913, 1631526.640954286092892 ], [ 292629.53832668508403, 1627911.08152903849259 ], [ 294823.482060419861227, 1627892.43721354031004 ], [ 295133.898139847558923, 1628796.324874853715301 ], [ 296230.84432667051442, 1628787.085991486208513 ], [ 296541.412587963510305, 1629690.995669470401481 ], [ 297638.335995988105424, 1629681.815313728759065 ], [ 298882.233539925422519, 1633297.622160803060979 ], [ 302172.764679275103845, 1633270.486903196200728 ], [ 301550.580127610242926, 1631462.502940762322396 ], [ 300453.707681144529488, 1631471.51626565027982 ], [ 300142.852204559196252, 1630567.553318372694775 ], [ 302336.625822328962386, 1630549.55841650092043 ], [ 301715.491140189347789, 1628741.63659803615883 ], [ 300618.57289209915325, 1628750.627144759288058 ], [ 299998.081159512279555, 1626942.776491699973121 ], [ 301095.033572566579096, 1626933.768082888098434 ], [ 300165.616855464410037, 1624222.064923379570246 ], [ 301262.614920009393245, 1624213.079423638060689 ], [ 300643.884303258615546, 1622405.325822334736586 ], [ 301740.910912550287321, 1622396.37211096752435 ], [ 301122.891481628641486, 1620588.653732751263306 ], [ 300025.830843904404901, 1620597.625089547364041 ], [ 299408.454562320664991, 1618789.977075169794261 ], [ 303796.80001293955138, 1618754.317607353674248 ], [ 303488.433722047426272, 1617850.478193352930248 ], [ 305682.607547950930893, 1617832.926889657741413 ], [ 305374.44441216182895, 1616929.083010518923402 ], [ 306471.54014621936949, 1616920.372471667593345 ], [ 306163.563192151370458, 1616016.532977840164676 ], [ 307260.67046445334563, 1616007.862854442093521 ], [ 306952.87967122788541, 1615104.027746262261644 ], [ 305855.755495334044099, 1615112.706731750862673 ], [ 305548.117058296513278, 1614208.893714671954513 ], [ 307742.393833544047084, 1614191.567283702781424 ], [ 307127.692273687454872, 1612383.945589816430584 ], [ 308224.856372538488358, 1612375.338482835097238 ], [ 307917.776327770436183, 1611471.538649666588753 ], [ 309014.951947484747507, 1611462.97185278031975 ], [ 309322.015144614153542, 1612366.780537141254172 ], [ 310419.168620423413813, 1612358.271751469001174 ], [ 309805.245137389749289, 1610550.649895539274439 ], [ 310902.426999031915329, 1610542.172480838373303 ], [ 310289.214086102321744, 1608734.585931922309101 ], [ 309191.998601346625946, 1608743.081042396603152 ], [ 308885.62919472088106, 1607839.316445189993829 ], [ 305593.900347287766635, 1607865.122361273970455 ], [ 305287.649749005446211, 1606961.39716749638319 ], [ 306384.914881542033982, 1606952.737460999051109 ], [ 306078.850365436868742, 1606049.016688294010237 ], [ 303884.281051195051987, 1606066.402446483494714 ], [ 303578.352175920794252, 1605162.712084798375145 ], [ 306870.248466397693846, 1605136.680915746605024 ], [ 306564.539270533074159, 1604232.977680331096053 ], [ 307661.844036142458208, 1604224.389817495131865 ], [ 307967.53645057848189, 1605128.10174744320102 ], [ 309064.819095992716029, 1605119.571521045872942 ], [ 308759.143453879805747, 1604215.850869457470253 ], [ 309856.437554278760217, 1604207.360834955703467 ], [ 309550.947915417840704, 1603303.644600809551775 ], [ 310648.253475995501503, 1603295.194725640583783 ], [ 309428.054287533392198, 1599680.426296980585903 ], [ 307233.304001188836992, 1599697.444390001008287 ], [ 306624.153020617901348, 1597890.173282723641023 ], [ 304429.314361463824753, 1597907.420725430129096 ], [ 304733.838674229336902, 1598811.032666912535205 ], [ 303636.427937175845727, 1598819.720969769638032 ], [ 304551.066789058852009, 1601530.609128568554297 ], [ 303453.700880011951085, 1601539.320608384441584 ], [ 303758.935831210575998, 1602442.96743658464402 ], [ 302661.581242630723864, 1602451.719209184404463 ], [ 302967.002269114134833, 1603355.370484641520306 ], [ 301869.658995845005848, 1603364.162582641001791 ], [ 302175.266118540661409, 1604267.818305142456666 ], [ 301077.934155450086109, 1604276.650761148892343 ], [ 301383.72739527723752, 1605180.310930459527299 ], [ 299189.080526686448138, 1605198.105574609246105 ], [ 299495.076757067523431, 1606101.761662730481476 ], [ 298397.761825074790977, 1606110.723911874461919 ], [ 298703.944230771565344, 1607014.384450431680307 ], [ 296509.331287935900036, 1607032.438926184317097 ], [ 296203.115117179288063, 1606128.795353506458923 ], [ 294008.44574714708142, 1606147.062728512333706 ], [ 293702.365117053093854, 1605243.448872684966773 ], [ 294799.719548363937065, 1605234.282300564460456 ], [ 294493.825154273188673, 1604330.672916326671839 ], [ 292299.07676455064211, 1604349.071731133153662 ], [ 290162.321540224016644, 1598024.280387129401788 ], [ 291259.816707836114801, 1598014.998758609639481 ], [ 290042.60718956135679, 1594401.078953929943964 ], [ 291140.163838986423798, 1594391.813458489021286 ], [ 290229.085526825510897, 1591681.481978690251708 ], [ 291326.686726285435725, 1591672.240816621109843 ], [ 291023.34947797912173, 1590768.814140020636842 ], [ 292120.96163051831536, 1590759.613446469418705 ], [ 291514.828758179966826, 1588952.781764534767717 ], [ 292612.468610197887756, 1588943.61344360653311 ], [ 292309.672960476309527, 1588040.208443059120327 ], [ 294504.968802516756114, 1588022.001035447930917 ], [ 294202.375943537335843, 1587118.592503954889253 ], [ 295300.031960315187462, 1587109.553355956217274 ], [ 294997.625146174337715, 1586206.149361116113141 ], [ 297192.953455447801389, 1586188.200052761938423 ], [ 296890.749332091538236, 1585284.792486768914387 ], [ 297988.421651413897052, 1585275.882265097694471 ], [ 297686.403514645120595, 1584372.479231467936188 ], [ 298784.086845217156224, 1584363.609219790901989 ], [ 298180.591829439857975, 1582556.824871178949252 ], [ 299278.302794688381255, 1582547.986915194895118 ], [ 298675.518309671664611, 1580741.236934625543654 ], [ 300870.989857041975483, 1580723.673305303789675 ], [ 300569.884769356984179, 1579820.301068743225187 ], [ 301667.628767569549382, 1579811.583432858809829 ], [ 301366.709556943678763, 1578908.215733168646693 ], [ 302464.464576898841187, 1578899.538138071773574 ], [ 302163.731222381815314, 1577996.174975178670138 ], [ 303261.497269486717414, 1577987.537387896561995 ], [ 302660.57153153559193, 1576180.832798346178606 ], [ 303758.365124671254307, 1576172.227059644181281 ], [ 303458.172715570661239, 1575268.885637350613251 ], [ 304555.977330511319451, 1575260.31983586307615 ], [ 304255.970709963003173, 1574356.982954485807568 ], [ 305353.786352178140078, 1574348.457057194318622 ], [ 303856.375003142922651, 1569831.921757244272158 ], [ 304954.26746518589789, 1569823.403394747292623 ], [ 304655.309511211409699, 1568920.126137957442552 ], [ 305753.212946753890719, 1568911.647594778798521 ], [ 306052.154480998695362, 1569814.932906766422093 ], [ 307150.036081267986447, 1569806.510292047634721 ], [ 306851.110957801691256, 1568903.21689774771221 ], [ 307949.003575044800527, 1568894.834045615745708 ], [ 308247.912296679802239, 1569798.135549344588071 ], [ 309345.783157919184305, 1569789.808677416527644 ], [ 309644.844749557203613, 1570693.131016175495461 ], [ 311840.537758859107271, 1570676.637278953334317 ], [ 311541.508940618718043, 1569773.298540964722633 ], [ 313737.213674835511483, 1569756.979872916825116 ], [ 314036.209755413234234, 1570660.335118619957939 ], [ 316231.86098464904353, 1570644.224525523139164 ], [ 315634.103447023080662, 1568837.493634526384994 ], [ 316731.954018586024176, 1568829.493497510440648 ], [ 316433.345404851366766, 1567926.138979193754494 ], [ 313139.729218230582774, 1567950.307727641426027 ], [ 312542.921717455610633, 1566143.686590570257977 ], [ 313640.83161774429027, 1566135.566099777584895 ], [ 313342.698051325744018, 1565232.266431676456705 ], [ 314440.619056351017207, 1565224.185486022615805 ], [ 313844.892242640664335, 1563417.607940687332302 ], [ 312746.938638341729529, 1563425.705239083617926 ], [ 313044.733724038116634, 1564328.979484087554738 ], [ 310848.84340616222471, 1564345.300853867083788 ], [ 311146.840366660326254, 1565248.571507776156068 ], [ 310048.903625617153011, 1565256.795640636468306 ], [ 310347.086176894488744, 1566160.070841934299096 ], [ 309249.160475220065564, 1566168.334604930831119 ], [ 309547.528638171497732, 1567071.614353982498869 ], [ 302959.959762244427111, 1567122.151759196072817 ], [ 303258.595539353904314, 1568025.395868478575721 ], [ 302160.664732348639518, 1568033.978086320217699 ], [ 302459.486243882682174, 1568937.226767784450203 ], [ 301361.566350710461847, 1568945.848856964614242 ], [ 300465.560456071980298, 1566236.164167359936982 ], [ 301563.529645577305928, 1566227.518290800740942 ], [ 301265.216075321892276, 1565324.307141093304381 ], [ 300167.230468208552338, 1565332.960902090184391 ], [ 299273.25647064705845, 1562623.425751119619235 ], [ 301469.320524176233448, 1562606.118850412778556 ], [ 300874.250044276355766, 1560799.79291912028566 ], [ 301972.306467045389581, 1560791.195281086023897 ], [ 301675.041567931650206, 1559888.043132154736668 ], [ 302773.108802298549563, 1559879.485265458934009 ], [ 302476.029562325566076, 1558976.337719794362783 ], [ 303574.107613921631128, 1558967.819591182749718 ], [ 303277.214012127311435, 1558064.676648436114192 ], [ 305473.38629087980371, 1558047.767319110687822 ], [ 305176.69460502138827, 1557144.621132198954001 ], [ 306274.78885968180839, 1557136.229869844624773 ], [ 305978.282753931416664, 1556233.088280164636672 ], [ 307076.387864651740529, 1556224.736627711681649 ], [ 306780.067318072775379, 1555321.599634831771255 ], [ 308976.293889173539355, 1555305.022915089037269 ], [ 308384.225631165551022, 1553498.754829257028177 ], [ 309482.363344400946517, 1553490.521806729026139 ], [ 309186.599349732568953, 1552587.398601427674294 ], [ 306990.286117530369665, 1552603.927738728467375 ], [ 307582.048282218456734, 1554410.155162454582751 ], [ 306483.916059468523599, 1554418.475099805276841 ], [ 306187.934091305185575, 1553515.363004957791418 ], [ 305089.780203167698346, 1553523.738160591106862 ], [ 305681.945940948557109, 1555329.959143846295774 ], [ 304583.819128442672081, 1555338.366087272297591 ], [ 304880.17221671610605, 1556241.48739414755255 ], [ 301585.807738683011848, 1556266.969517749967054 ], [ 300993.173128007852938, 1554460.785902249393985 ], [ 302091.332725830608979, 1554452.228922168025747 ], [ 301499.407989955449011, 1552646.079238843871281 ], [ 302597.594601026212331, 1552637.554230204317719 ], [ 302006.379683773673605, 1550831.438461253419518 ], [ 304202.801354059949517, 1550814.499644531402737 ], [ 302433.415027866256423, 1545396.355523277772591 ], [ 304630.009180625085719, 1545379.513716538436711 ], [ 304041.632975528191309, 1543573.533426595153287 ], [ 305139.95414491154952, 1543565.167955022538081 ], [ 305728.298034608480521, 1545371.163514213869348 ], [ 306826.581448041601107, 1545362.860444267047569 ], [ 306532.341004195506684, 1544459.848846404347569 ], [ 307630.635151550057344, 1544451.585207732394338 ], [ 307336.580139825469814, 1543548.578245050041005 ], [ 306238.269856079597957, 1543556.849561585346237 ], [ 305650.635456866119057, 1541750.887861147290096 ], [ 304552.287477138219401, 1541759.221490092109889 ], [ 304258.708107634156477, 1540856.266624350566417 ], [ 302061.963416633894667, 1540873.090043386211619 ], [ 301182.144463521195576, 1538164.343705441104248 ], [ 300083.715408418560401, 1538172.848291859496385 ], [ 299790.764970000716858, 1537269.964535269886255 ], [ 301987.649739688669797, 1537252.987421832513064 ], [ 302866.912338403519243, 1539961.719726091483608 ], [ 303965.298051001504064, 1539953.323979863664135 ], [ 303672.057309703668579, 1539050.393539232201874 ], [ 304770.453637514030561, 1539042.037221757462248 ], [ 304477.398315430909861, 1538139.111448635347188 ], [ 305575.805264334951062, 1538130.794526359532028 ], [ 305282.935340495314449, 1537227.87342009274289 ], [ 306381.352916395291686, 1537219.595859452150762 ], [ 306088.668369845079724, 1536316.679419364547357 ], [ 307187.096578658442013, 1536308.441186785697937 ], [ 307479.765064817387611, 1537211.365183396963403 ], [ 308578.171816574293189, 1537203.181390706682578 ], [ 308870.993537313654087, 1538106.125232248799875 ], [ 311067.758882689289749, 1538089.913584598572925 ], [ 310482.348895699193235, 1536284.007621633121744 ], [ 311580.755667658988386, 1536275.956806751899421 ], [ 311873.3600000977749, 1537178.911300726002082 ], [ 314070.12570417067036, 1537162.965635504573584 ], [ 313777.553395923809148, 1536259.995730072725564 ], [ 314875.944413874065503, 1536252.085465907817706 ], [ 314291.339532329584472, 1534446.167270388454199 ], [ 313192.916538344346918, 1534454.092961758142337 ], [ 313485.150339838117361, 1535357.038177970331162 ], [ 309091.469700358458795, 1535389.17836387292482 ], [ 308799.171873731014784, 1534486.263687009457499 ], [ 310996.054805431398563, 1534470.084730054717511 ], [ 310412.031029670964926, 1532664.261752374470234 ], [ 309313.560229656693991, 1532672.343008647672832 ], [ 309021.786266542039812, 1531769.457444246625528 ], [ 311218.754518103087321, 1531753.326536011416465 ], [ 310927.181795371579938, 1530850.438077521743253 ], [ 312025.673926962306723, 1530842.435107698664069 ], [ 311734.286434928304516, 1529939.551310015609488 ], [ 309537.264945834758691, 1529955.619042711565271 ], [ 309828.684359888662584, 1530858.487734793918207 ], [ 307631.673453876981512, 1530874.72711646836251 ], [ 307340.222082798078191, 1529971.873421468306333 ], [ 306241.692558928509243, 1529980.070606128079817 ], [ 305950.394501972012222, 1529077.236491666873917 ], [ 304851.843548979493789, 1529085.487750397529453 ], [ 305434.640962160308845, 1530891.153262356063351 ], [ 304336.116544543823693, 1530899.436374920420349 ], [ 304044.617172230675351, 1529996.604972090106457 ], [ 302946.071247695945203, 1530004.942155844531953 ], [ 302654.725185186427552, 1529102.130186801077798 ], [ 300457.584671942167915, 1529118.959190035704523 ], [ 300166.375906770466827, 1528216.17384554608725 ], [ 299067.781237359042279, 1528224.665564378956333 ], [ 298776.72579728992423, 1527321.899429066805169 ], [ 299875.336488947505131, 1527313.400480460608378 ], [ 299584.466420940007083, 1526410.639077645959333 ], [ 297387.207351561577525, 1526427.697955005103722 ], [ 297678.109458139282651, 1527330.444968895288184 ], [ 296579.487440628232434, 1527339.037101213121787 ], [ 296288.569301602314226, 1526436.297241107327864 ], [ 295189.925533634319436, 1526444.943093857262284 ], [ 295771.963273377041332, 1528250.4204359985888 ], [ 296870.574951527407393, 1528241.788858334999532 ], [ 297161.831831832532771, 1529144.552529566455632 ], [ 299359.006032129691448, 1529127.443657330237329 ], [ 299650.400179130258039, 1530030.23372506047599 ], [ 296354.678520171437413, 1530055.94534753728658 ], [ 296646.290202526841313, 1530958.725684588775039 ], [ 297744.853690775227733, 1530950.11568282591179 ], [ 298328.552997674210928, 1532755.726698112208396 ], [ 299427.078666097309906, 1532747.177945754723623 ], [ 300596.445165131532121, 1536358.573468845803291 ], [ 299497.983876273268834, 1536367.092864756006747 ], [ 298912.929732767341193, 1534561.385712848044932 ], [ 297814.430600595544092, 1534569.966641402570531 ], [ 297522.141455730888993, 1533667.138426560675725 ], [ 296423.620545017125551, 1533675.773441030876711 ], [ 295839.51814785314491, 1531870.167462165933102 ], [ 294740.959314509993419, 1531878.863690903410316 ], [ 294449.146080402424559, 1530976.085799928056076 ], [ 295547.721009352826513, 1530967.382389861624688 ], [ 295256.093247544602491, 1530064.609239448327571 ], [ 293058.905437691719271, 1530082.077057598857209 ], [ 292767.414884461206384, 1529179.330060303676873 ], [ 293866.027766804676503, 1529170.565701125189662 ], [ 293574.722692280542105, 1528267.823459098581225 ], [ 294673.345863917493261, 1528259.098635824164376 ], [ 293509.883725965744816, 1524648.219739133724943 ], [ 292411.196333873493131, 1524656.972808707505465 ], [ 292120.738241594750434, 1523754.289640415692702 ], [ 294318.139293036190793, 1523736.815974614815786 ], [ 294027.882654474698938, 1522834.13057181192562 ], [ 296225.292619798274245, 1522816.828745635924861 ], [ 295935.237372834933922, 1521914.141069634351879 ], [ 300330.052778946701437, 1521880.066437823465094 ], [ 300040.230776738142595, 1520977.362212906125933 ], [ 302237.636592015624046, 1520960.589104945072904 ], [ 301948.015807652438525, 1520057.882464062655345 ], [ 303046.726287958503235, 1520049.558311620727181 ], [ 303336.331152652623132, 1520952.272144256392494 ], [ 304435.020189808798023, 1520944.00157744740136 ], [ 304145.431236057775095, 1520041.280525933019817 ], [ 306342.824659211037215, 1520024.86404991382733 ], [ 306053.436811814783141, 1519122.140478276181966 ], [ 300559.832398886384908, 1519163.565399040700868 ], [ 300849.299764242838137, 1520066.252984494203702 ], [ 298651.850864547304809, 1520083.133134301519021 ], [ 298941.519460312498268, 1520985.818362667458132 ], [ 296744.079855437506922, 1521002.8698600246571 ], [ 296454.379341700579971, 1520100.198771061375737 ], [ 295355.635019355569966, 1520108.80115021020174 ], [ 295066.087917774333619, 1519206.148872853955254 ], [ 292868.550041034235619, 1519223.506692477269098 ], [ 292000.829288072069176, 1516515.661927391309291 ], [ 290902.00370799319353, 1516524.431011426961049 ], [ 290035.759773329889867, 1513816.711746376473457 ], [ 288936.880428815085907, 1513825.547474090242758 ], [ 289225.474941922875587, 1514728.102170954691246 ], [ 288126.605628126650117, 1514736.977347367443144 ], [ 288415.385541410767473, 1515639.53687542444095 ], [ 289514.238883716345299, 1515630.668462800327688 ], [ 290670.988888154388405, 1519241.04991612304002 ], [ 288473.404211895074695, 1519258.77855420508422 ], [ 288763.047285723732784, 1520161.389356724219397 ], [ 287664.262075116857886, 1520170.316391886677593 ], [ 287954.090611009625718, 1521072.932007913244888 ], [ 286855.315477857366204, 1521081.898615641752258 ], [ 287145.329496905789711, 1521984.519045848632231 ], [ 286046.564435276202857, 1521993.525260036811233 ], [ 286627.132925229263492, 1523798.787388475611806 ], [ 281133.377823222894222, 1523844.447531335521489 ], [ 280842.928358369972557, 1522941.844491385156289 ], [ 279744.142897813697346, 1522951.122709540883079 ], [ 278583.975437261338811, 1519340.852214016253129 ], [ 277485.119325771229342, 1519350.203333399724215 ], [ 276906.020384522562381, 1517545.149882235331461 ], [ 275807.125815592124127, 1517554.560399594018236 ], [ 275517.814517520717345, 1516652.057243303162977 ], [ 274418.89754781575175, 1516661.520532238297164 ], [ 274708.224946362548508, 1517564.017233956605196 ], [ 273609.317745910782833, 1517573.520386727061123 ], [ 274188.51335706433747, 1519378.534915989730507 ], [ 275287.388316589291207, 1519369.044682988198474 ], [ 275577.224283226416446, 1520271.575463637011126 ], [ 274478.36545533494791, 1520281.059204316465184 ], [ 274768.387078705243766, 1521183.59486401011236 ], [ 273669.538063031213824, 1521193.118518933653831 ], [ 273379.500291759497486, 1520290.589346108026803 ], [ 272280.628761583939195, 1520300.165890426374972 ], [ 272860.90615505859023, 1522105.222661289153621 ], [ 275058.578224642551504, 1522086.141911770682782 ], [ 275348.938890626071952, 1522988.700364318443462 ], [ 277546.553389010485262, 1522969.818577720783651 ], [ 277256.225022103986703, 1522067.246983489021659 ], [ 278355.039021053933538, 1522057.86919880239293 ], [ 279226.484196039498784, 1524765.63829249329865 ], [ 280325.243564970092848, 1524756.326939757214859 ], [ 280616.048123975167982, 1525658.946359299821779 ], [ 281714.7851840473013, 1525649.688268380239606 ], [ 282005.743074991623871, 1526552.325999178458005 ], [ 279808.295101202325895, 1526570.875261233653873 ], [ 280099.454782784858253, 1527473.511067990446463 ], [ 279000.737712974543683, 1527482.848858205601573 ], [ 279292.083058018237352, 1528385.489493913482875 ], [ 280390.783947016461752, 1528376.158445494249463 ], [ 280682.282591373077594, 1529278.817410635296255 ], [ 281780.961137498961762, 1529269.539793693460524 ], [ 282364.434475575864781, 1531074.906201213365421 ], [ 280167.136008299072273, 1531093.480863871052861 ], [ 279583.597890600329265, 1529288.141695493366569 ], [ 277386.209901627618819, 1529306.930274499813095 ], [ 277094.662666044547223, 1528404.291518744314089 ], [ 275995.943101312150247, 1528413.762497945688665 ], [ 277163.213936191867106, 1532024.359964013332501 ], [ 276064.553023542976007, 1532033.850838207872584 ], [ 274897.217249578912742, 1528423.28012354276143 ], [ 273798.48507996276021, 1528432.844396947417408 ], [ 274673.781363287940621, 1531140.73520616046153 ], [ 273575.091591328382492, 1531150.326260503614321 ], [ 274451.96234108065255, 1533858.300573572283611 ], [ 273353.315055967716035, 1533867.918376587564126 ], [ 273938.775741162593476, 1535673.278808013303205 ], [ 272840.154713612864725, 1535682.930048468289897 ], [ 273133.155654731497634, 1536585.620856983121485 ], [ 270935.927121736924164, 1536605.05058855866082 ], [ 271229.130265446321573, 1537507.739535276778042 ], [ 270130.522732460405678, 1537517.518088661832735 ], [ 270423.911772548686713, 1538420.211868124781176 ], [ 266029.482411989942193, 1538459.768919107271358 ], [ 266323.106552528450266, 1539362.4476577937603 ], [ 261928.637943621259183, 1539402.729977293638512 ], [ 262222.497384587419219, 1540305.393950066296384 ], [ 256729.343597447354114, 1540356.772094223415479 ], [ 257023.455037976498716, 1541259.41517808008939 ], [ 253727.530733603780391, 1541290.787375593557954 ], [ 253139.37840692588361, 1539485.550463458755985 ], [ 252040.69014592593885, 1539496.114539744332433 ], [ 251159.684557422122452, 1536788.361634003464133 ], [ 250060.939780863991473, 1536798.99130844627507 ], [ 251236.019332885189215, 1540409.325975683517754 ], [ 250137.333683381351875, 1540419.977857525227591 ], [ 251315.194210323010338, 1544030.465863230172545 ], [ 252413.81360392892384, 1544019.839054066454992 ], [ 252708.686326955066761, 1544922.49532611342147 ], [ 253807.282209678523941, 1544911.922012693947181 ], [ 254397.503454216610407, 1546717.281043856637552 ], [ 255496.059288000455126, 1546706.767722058808431 ], [ 254611.031610145204468, 1543998.72687081573531 ], [ 255709.630284419748932, 1543988.241493597161025 ], [ 255414.976892301579937, 1543085.577373517677188 ], [ 256513.585260917025153, 1543075.132727750344202 ], [ 257398.004706401959993, 1545783.178250377532095 ], [ 258496.556639390939381, 1545772.800092303194106 ], [ 257612.186806576472009, 1543064.735194224398583 ], [ 264203.654525118006859, 1543003.339264273410663 ], [ 264792.866764792590402, 1544808.783030913677067 ], [ 266989.903619274962693, 1544788.721152004785836 ], [ 266695.245650880096946, 1543885.980215706629679 ], [ 265596.71403716574423, 1543895.994253126438707 ], [ 265302.209173384762835, 1542993.271473651519045 ], [ 266400.757245340035297, 1542983.250783130759373 ], [ 266106.438405223772861, 1542080.532837298233062 ], [ 265007.873882441141177, 1542090.56015893840231 ], [ 264713.708166913478635, 1541187.860292038647458 ], [ 266910.863535881915595, 1541167.839474909007549 ], [ 266616.90026135003427, 1540265.137837422313169 ], [ 267715.484549627290107, 1540255.19135269173421 ], [ 268303.54781827039551, 1542060.619407137157395 ], [ 269402.092770195566118, 1542050.733295663027093 ], [ 269696.362311601173133, 1542953.471297348383814 ], [ 270794.884386566001922, 1542943.638992441119626 ], [ 271383.899244195432402, 1544749.163215765263885 ], [ 272482.382062679505907, 1544739.39160263678059 ], [ 272187.806288094492629, 1543836.616884605959058 ], [ 274384.785650318313856, 1543817.201391004025936 ], [ 274090.412201627739705, 1542914.424628366716206 ], [ 276287.399045021214988, 1542895.183830101741478 ], [ 277170.929584480589256, 1545603.590540166711435 ], [ 278269.364460240467452, 1545594.061607984593138 ], [ 277680.207364813191816, 1543788.431513283168897 ], [ 278778.668771884287708, 1543778.935778396669775 ], [ 278190.222344337031245, 1541973.338698279345408 ], [ 279288.710248312912881, 1541963.876138889230788 ], [ 278994.757599315838888, 1541061.088240330340341 ], [ 280093.255645983852446, 1541051.665773873683065 ], [ 279799.48879859270528, 1540148.88265226688236 ], [ 281996.49904784624232, 1540130.164835208328441 ], [ 281702.934275599662215, 1539227.379518654430285 ], [ 282801.44650576118147, 1539218.084105926332995 ], [ 281628.947158053983003, 1535607.032372552203014 ], [ 282727.518334075459279, 1535597.756043174304068 ], [ 282434.833399287308566, 1534695.015490073477849 ], [ 283533.414713807054795, 1534685.779074921039864 ], [ 283240.915465272497386, 1533783.043306678766385 ], [ 284339.506924022454768, 1533773.846772039309144 ], [ 284631.989957670099102, 1534676.589488918194547 ], [ 286829.122356824518647, 1534658.350798916770145 ], [ 287121.742420270573348, 1535561.119288209360093 ], [ 284924.642439062765334, 1535579.343955909600481 ], [ 285217.464365692227148, 1536482.110190079547465 ], [ 287414.531914207269438, 1536463.899588427273557 ], [ 287707.490836127544753, 1537366.691716684726998 ], [ 288805.999443935696036, 1537357.663831036537886 ], [ 289099.111573551315814, 1538260.474921932676807 ], [ 291296.078648875642102, 1538242.574180731317028 ], [ 291589.327770403819159, 1539145.411515945801511 ], [ 290490.863380673457868, 1539154.331227535149083 ], [ 290784.298115386627614, 1540057.173292502528057 ], [ 291882.74629034823738, 1540048.260796434711665 ], [ 292470.09151548857335, 1541853.99526216997765 ], [ 293568.501424126036, 1541845.144300925778225 ], [ 293274.760335437138565, 1540942.263791655888781 ], [ 294373.18067186238477, 1540933.452553406357765 ], [ 294960.799802033987362, 1542739.240240171784535 ], [ 296059.181963392416947, 1542730.490713597275317 ], [ 296353.229372843226884, 1543633.410020421957597 ], [ 295254.863429012184497, 1543642.152162300422788 ], [ 295549.096427260548808, 1544545.076160029275343 ], [ 296647.44614624150563, 1544536.341424841899425 ], [ 297236.38777494156966, 1546342.240595947718248 ], [ 298334.699344249209389, 1546333.567909770645201 ], [ 297745.790169475367293, 1544527.653805017238483 ], [ 298844.128527770051733, 1544519.013299267273396 ], [ 299433.005266347026918, 1546324.942391894059256 ], [ 300531.305572015407961, 1546316.364041039953008 ], [ 300825.981735151377507, 1547219.35442346544005 ], [ 301924.260243849537801, 1547210.830819576978683 ], [ 302219.089520439272746, 1548113.841038584709167 ], [ 297826.006829592050053, 1548148.188366058515385 ], [ 298121.070385428378358, 1549051.180519306799397 ], [ 301415.842055205488577, 1549025.371905751526356 ], [ 301711.02620716491947, 1549928.399040593067184 ], [ 298416.303290290408768, 1549954.184874623082578 ], [ 299007.277137142315041, 1551760.230261394986883 ], [ 300105.491169306682423, 1551751.602905463660136 ], [ 300697.109811643720604, 1553557.712597379926592 ], [ 298500.741281910333782, 1553574.984121968504041 ], [ 298204.8147079051123, 1552671.938410794129595 ], [ 297106.605695068370551, 1552680.652854377869517 ], [ 296810.832167903194204, 1551777.626971319783479 ], [ 295712.601169294735882, 1551786.396327890921384 ], [ 296304.350201439519878, 1553592.445197629509494 ], [ 297402.548575894965325, 1553583.690965270856395 ], [ 297698.660807893320452, 1554486.741321525769308 ], [ 298796.837199794827029, 1554478.042100650025532 ], [ 299389.537057224195451, 1556284.194930796744302 ], [ 298291.393315421650186, 1556292.878840330755338 ], [ 297994.942388568655588, 1555389.803940690588206 ], [ 296896.77666744904127, 1555398.542960258200765 ], [ 297489.88054735166952, 1557204.68975611939095 ], [ 296391.741845199780073, 1557213.46097299666144 ], [ 296095.088875941350125, 1556310.389071851735935 ], [ 294996.928116766386665, 1556319.215396433137357 ], [ 295590.4361438206397, 1558125.356232557911426 ], [ 294492.302401324966922, 1558134.214848209638149 ], [ 294789.326843192568049, 1559037.296032534679398 ], [ 293691.203749059233814, 1559046.194580184528604 ], [ 293988.413958755030762, 1559949.28040649346076 ], [ 298380.806474554818124, 1559914.00219497573562 ], [ 298975.60380179079948, 1561720.2721899272874 ], [ 297877.546977978548966, 1561729.004899927182123 ], [ 298771.06219684635289, 1564438.479428241495043 ], [ 297673.048964576679282, 1564447.236483968561515 ], [ 298568.137511890032329, 1567156.799234889447689 ], [ 297470.167959589278325, 1567165.580599514534697 ], [ 297171.619319879682735, 1566262.388421484036371 ], [ 296073.627649570349604, 1566271.225385321304202 ], [ 296372.192749992129393, 1567174.409765010466799 ], [ 295274.211852403415833, 1567183.286732684122398 ], [ 295572.962779831141233, 1568086.475717623252422 ], [ 294474.992649477208033, 1568095.392722306773067 ], [ 294773.929424912435934, 1568998.586312640691176 ], [ 293675.970056331017986, 1569007.543387498473749 ], [ 294274.384709540754557, 1570813.952164228307083 ], [ 293176.45262300822651, 1570822.941563007188961 ], [ 293475.930526543175802, 1571726.156744884327054 ], [ 292378.009207176510245, 1571735.186284831725061 ], [ 292677.673026500735432, 1572638.406067779287696 ], [ 293775.577796606870834, 1572629.384324958082289 ], [ 294075.394430684507824, 1573532.624321036739275 ], [ 295173.276896472554654, 1573523.658394949976355 ], [ 295473.24633727199398, 1574426.918693963205442 ], [ 296571.106540185748599, 1574418.008659929502755 ], [ 297471.981282053107861, 1577127.888296757591888 ], [ 294178.532641730620526, 1577154.691242733737454 ], [ 294780.062016049399972, 1578961.292567512020469 ], [ 293682.267569612886291, 1578970.307262747082859 ], [ 293080.704984407988377, 1577163.721770107280463 ], [ 291982.871554039069451, 1577172.800405726302415 ], [ 292283.584775808849372, 1578076.079035208560526 ], [ 291185.762161626131274, 1578085.19792979885824 ], [ 289983.859087565622758, 1574472.189235047437251 ], [ 288885.964175865869038, 1574481.387426828732714 ], [ 289186.202475845115259, 1575384.613257113145664 ], [ 288088.318288165377453, 1575393.851750935427845 ], [ 288388.742604349274188, 1576297.08218696853146 ], [ 289486.610168568731751, 1576287.851444592000917 ], [ 290087.9337221091846, 1578094.36496242438443 ], [ 288990.099426598986611, 1578103.580134442774579 ], [ 289592.133818427624647, 1579910.127634722972289 ], [ 288494.326952131348662, 1579919.375341277569532 ], [ 289097.072238117980305, 1581725.95684097148478 ], [ 286901.507521479157731, 1581744.565614187158644 ], [ 284794.630119617795572, 1575421.855594769120216 ], [ 283696.722092675627209, 1575431.286334775388241 ], [ 283396.400621290900744, 1574528.098878445802256 ], [ 285592.243965053232387, 1574509.270193746546283 ], [ 285292.125206488533877, 1573606.079741130815819 ], [ 284194.189906004001386, 1573615.477690456202254 ], [ 283894.22393833292881, 1572712.307094922522083 ], [ 282796.265976104419678, 1572721.760629400378093 ], [ 282496.452807406312786, 1571818.609801279613748 ], [ 283594.427400150336325, 1571809.148713523056358 ], [ 283294.800294004264288, 1570906.002528571290895 ], [ 284392.785458901664242, 1570896.581838127691299 ], [ 283794.072759397444315, 1569090.310938206734136 ], [ 282696.054388027871028, 1569099.746677360031754 ], [ 282995.342622449039482, 1570002.868522399570793 ], [ 281897.334790560184047, 1570012.344649478793144 ], [ 282196.809078040183522, 1570915.471147190779448 ], [ 280000.808370112325065, 1570934.552174570970237 ], [ 280300.485373061848804, 1571837.675848197890446 ], [ 279202.492470069730189, 1571847.280810181982815 ], [ 279502.355584625969641, 1572750.409140989882872 ], [ 280600.331829944276251, 1572740.811651023803279 ], [ 281500.887898594141006, 1575450.292011245619506 ], [ 282598.808029226202052, 1575440.765139799565077 ], [ 283500.839035944081843, 1578150.378133402206004 ], [ 282402.968960541766137, 1578159.882170664612204 ], [ 283005.203519556671381, 1579966.336846337188035 ], [ 280809.511993750697002, 1579985.458861408755183 ], [ 280508.27655642706668, 1579082.240664711687714 ], [ 279410.404903971706517, 1579091.881578346015885 ], [ 278808.408929480123334, 1577285.496972548542544 ], [ 277710.497658797481563, 1577295.201140231685713 ], [ 278011.427645791904069, 1578198.379824782721698 ], [ 276913.526910477259662, 1578208.124621701892465 ], [ 277214.643107724608853, 1579111.307948351139203 ], [ 272823.044691192917526, 1579150.73889971897006 ], [ 272521.8614225985948, 1578247.585386210121214 ], [ 273619.787237906595692, 1578237.647955644875765 ], [ 273318.790245190728456, 1577334.499102500732988 ], [ 274416.726509576197714, 1577324.602415301138535 ], [ 274717.706737207714468, 1578227.758685679640621 ], [ 275815.6199511748855, 1578217.917574851075187 ], [ 275213.862490214349236, 1576411.602245846297592 ], [ 273017.962749439058825, 1576431.362304735695943 ], [ 272717.304753228789195, 1575528.237544717732817 ], [ 271619.328637285274453, 1575538.197078275727108 ], [ 271318.823390958015807, 1574635.091661093756557 ], [ 270220.824139659292996, 1574645.106571126496419 ], [ 270521.346147335949354, 1575548.204692679457366 ], [ 268325.361922662763391, 1575568.364169956883416 ], [ 269228.045773895573802, 1578277.686656253645197 ], [ 268130.094387815799564, 1578287.816744001815096 ], [ 268431.344873609486967, 1579190.940877574961632 ], [ 267333.403845265042037, 1579201.111856045201421 ], [ 267634.840693853446282, 1580104.240667867474258 ], [ 268732.764887754863594, 1580094.076989226741716 ], [ 269638.042074351687916, 1582803.557369 ], [ 268540.168427676602732, 1582813.699012863216922 ], [ 269144.567880922055338, 1584620.064677343703806 ], [ 265851.009406159748323, 1584650.735360899241641 ], [ 266153.514104079687968, 1585553.914133158978075 ], [ 267251.356510327546857, 1585543.649564502760768 ], [ 267554.013834530138411, 1586446.847724820254371 ], [ 266456.188341388711706, 1586457.104916793294251 ], [ 266759.032115471316501, 1587360.30772950919345 ], [ 267856.840688200201839, 1587350.057936853729188 ], [ 268463.002973526425194, 1589156.51458704075776 ], [ 267365.228263530996628, 1589166.74951310409233 ], [ 267972.1025273668929, 1590973.239625983638689 ], [ 266874.355245565995574, 1590983.508147773332894 ], [ 265661.217042275471613, 1587370.605966920498759 ], [ 264563.395437966799363, 1587380.952650612220168 ], [ 264866.442629195051268, 1588284.152747399173677 ], [ 263768.63141840591561, 1588294.540538130328059 ], [ 263465.56727190699894, 1587391.347782115219161 ], [ 262367.732513454509899, 1587401.791362967109308 ], [ 262670.813624416827224, 1588304.97680527344346 ], [ 261572.989216589397984, 1588315.461550372652709 ], [ 262179.694087531010155, 1590121.853733117226511 ], [ 263277.484526089509018, 1590111.383629312971607 ], [ 263581.074311554199085, 1591014.605046486016363 ], [ 264678.841168284649029, 1591004.190856494475156 ], [ 265286.495400651358068, 1592810.684621483786032 ], [ 266384.221725498326123, 1592800.333874805830419 ], [ 267296.923601196962409, 1595510.187706337776035 ], [ 268394.592427983647212, 1595499.908150119008496 ], [ 268699.148428771528415, 1596403.224632436875254 ], [ 269796.793804709799588, 1596393.001365422736853 ], [ 272239.207861843286082, 1603620.035633309278637 ], [ 273336.710621267673559, 1603609.922914356226102 ], [ 273642.758039482985623, 1604513.365501782856882 ], [ 276935.177494512172416, 1604483.344579922733828 ], [ 276629.181196839315817, 1603579.878334216307849 ], [ 275531.69725820235908, 1603589.84426629380323 ], [ 275225.853395024430938, 1602686.398371654329821 ], [ 276323.354357379488647, 1602676.42454930767417 ], [ 275712.209063485788647, 1600869.554289366584271 ], [ 276809.737811435479671, 1600859.613599897827953 ], [ 276504.436354971607216, 1599956.189239913830534 ], [ 277601.975876953045372, 1599946.289517953060567 ], [ 277907.260349846619647, 1600849.721753750462085 ], [ 280102.286920349113643, 1600830.084585572127253 ], [ 280407.706890749861486, 1601733.545152079313993 ], [ 281505.194020777591504, 1601723.807807034114376 ], [ 282422.419595423503779, 1604434.288752247812226 ], [ 281324.983398382843006, 1604444.002020375803113 ], [ 282243.784746386227198, 1607154.572024013614282 ], [ 281146.393493924988434, 1607164.310037543764338 ], [ 282681.202605420490727, 1611682.138665533158928 ], [ 281583.890502045745961, 1611691.88504878943786 ], [ 281891.377642597362865, 1612595.480581846088171 ], [ 279696.769364567007869, 1612615.104529166128486 ], [ 280004.460101522156037, 1613518.696384607348591 ], [ 278907.163900769897737, 1613528.574009758653119 ], [ 279215.041177734732628, 1614432.170360894873738 ], [ 278117.755955236672889, 1614442.089072464965284 ], [ 278734.053070174180903, 1616249.303416998824105 ], [ 279831.304031813982874, 1616239.401052258675918 ], [ 280139.689603735110722, 1617143.035429263254628 ], [ 279042.455783318611793, 1617152.929585967678577 ], [ 279351.027930107316934, 1618056.568443940021098 ], [ 278253.80513257754501, 1618066.503731560893357 ], [ 278871.492053663358092, 1619873.803110758773983 ], [ 277774.297455646796152, 1619883.771338552236557 ], [ 278392.69649315206334, 1621691.105086671421304 ], [ 277295.530130085768178, 1621701.106271818978712 ], [ 277605.00101488432847, 1622604.783973509678617 ], [ 276507.84569351375103, 1622614.826394827570766 ], [ 277437.326682670973241, 1625325.91110101621598 ], [ 276340.216895964695141, 1625335.978251978754997 ], [ 276650.400033279438503, 1626239.690350379329175 ], [ 275553.301311953458935, 1626249.798810061067343 ], [ 275863.671168862143531, 1627153.515365973813459 ], [ 276960.752614085387904, 1627143.41520676901564 ], [ 277271.274635765352286, 1628047.152839706279337 ], [ 276174.210473822313361, 1628057.244675184600055 ], [ 276484.919224216137081, 1628960.986756258644164 ], [ 275387.866156057920307, 1628971.119940448319539 ], [ 275698.761656234273687, 1629874.866468768566847 ], [ 274601.71967727097217, 1629885.041034011170268 ], [ 275224.053671249828767, 1631692.555764383170754 ], [ 274127.040116930846125, 1631702.763407331891358 ], [ 274438.478636361076497, 1632606.531603748677298 ], [ 272244.467439879721496, 1632627.079598491080105 ], [ 272556.110149975400418, 1633530.843906423542649 ], [ 271459.112482224125415, 1633541.18431908916682 ], [ 271770.94204751268262, 1634444.953069473151118 ], [ 270673.955446262611076, 1634455.335024746134877 ], [ 271298.157804041984491, 1636262.894165873993188 ], [ 269104.235205899982248, 1636283.774516227655113 ], [ 269416.625463370466605, 1637187.556587727041915 ], [ 268319.672034784336574, 1637198.063364465720952 ], [ 268632.249231855850667, 1638101.849874184699729 ], [ 266438.358034345554188, 1638122.99675403512083 ], [ 266751.139674066798761, 1639026.779421732062474 ], [ 264557.257596302777529, 1639048.109762875596061 ], [ 263931.793849488778505, 1637240.590031348867342 ], [ 262834.808033302251715, 1637251.346595898270607 ], [ 262522.312942090327851, 1636347.613837163895369 ], [ 264716.313018349814229, 1636326.134339366806671 ], [ 264404.022424443741329, 1635422.397887067869306 ], [ 265501.030141115013976, 1635411.72485520131886 ], [ 264876.992427140474319, 1633604.273490215884522 ], [ 265974.028546678484417, 1633593.634014053968713 ], [ 266285.945201064809225, 1634497.361547705251724 ], [ 267382.957399262464605, 1634486.780108590843156 ], [ 266759.328465162077919, 1632679.321313026128337 ], [ 263468.167759636882693, 1632711.26415964611806 ], [ 263779.949792428407818, 1633614.962815746897832 ], [ 262682.900612105615437, 1633625.701992228161544 ], [ 262371.101121677667834, 1632722.011420891154557 ], [ 261274.02789825128275, 1632732.808507626410574 ], [ 261897.831350636435673, 1634540.186068367445841 ], [ 260800.786471426923526, 1634551.016897486755624 ], [ 260176.948058901587501, 1632743.655421447474509 ], [ 259079.861573188129114, 1632754.552163954824209 ], [ 259391.71349302039016, 1633658.218643255764619 ], [ 256100.466367420885945, 1633691.184010345721617 ], [ 256412.540374985634116, 1634594.839057751698419 ], [ 255315.462053761526477, 1634605.919316852698103 ], [ 255627.723170194600243, 1635509.578857286600396 ], [ 253433.581262567575322, 1635531.873246479546651 ], [ 253746.047073254856514, 1636435.529367193579674 ], [ 252648.983461553318193, 1636446.743558306246996 ], [ 252961.636440195143223, 1637350.404173158574849 ], [ 251864.583566682587843, 1637361.660433344077319 ], [ 251239.412030269391835, 1635554.367320484248921 ], [ 250142.317091263976181, 1635565.689243437489495 ], [ 250767.523820055735996, 1637372.966672110138461 ], [ 249670.457169884262839, 1637384.322891127783805 ], [ 249983.33256123578758, 1638287.972271461039782 ], [ 248886.276603068574332, 1638299.370649275835603 ], [ 248260.660188907786505, 1636492.099838310852647 ], [ 247163.562012082664296, 1636503.563795571681112 ], [ 246850.990617483475944, 1635599.954576185671613 ], [ 245753.86780581556377, 1635611.476214018650353 ], [ 246692.143791501759551, 1638322.317438506055623 ], [ 244497.98291672335472, 1638345.464283843524754 ], [ 244811.11617970521911, 1639249.087046963395551 ], [ 245908.182469005900202, 1639237.49635487771593 ], [ 246534.922560238192091, 1641044.794186383485794 ], [ 248728.963387864117976, 1641021.794185279402882 ], [ 249042.552524603466736, 1641925.47725065308623 ], [ 246848.547054257971467, 1641948.461553150322288 ], [ 247162.341176928806817, 1642852.141245177481323 ], [ 244968.343083555169869, 1642875.310405499534681 ], [ 245282.342256399919279, 1643778.986756833503023 ], [ 246379.327100755472202, 1643767.384929098421708 ], [ 246693.478187155909836, 1644671.081447846489027 ], [ 245596.511066902516177, 1644682.675423386739567 ], [ 245910.849512344633695, 1645586.376423638314009 ], [ 247007.798901271540672, 1645574.790323802037165 ], [ 247322.28924038624973, 1646478.511575475800782 ], [ 246225.357590001804056, 1646490.089776085456833 ], [ 246540.035297151945997, 1647393.815499247750267 ], [ 245443.11438067216659, 1647405.436066451016814 ], [ 245757.979477102606324, 1648309.166259573306888 ], [ 246854.882631072949152, 1648297.553611664567143 ], [ 247169.899589042266598, 1649201.304131895303726 ], [ 246073.014204791776137, 1649212.908836945425719 ], [ 246388.218561019632034, 1650116.663817133987322 ], [ 244194.462275202706223, 1650140.008412455907091 ], [ 243879.222336456616176, 1649236.269284087000415 ], [ 242782.315791594533948, 1649248.025029626907781 ], [ 242467.227697422320489, 1648344.306118728592992 ], [ 243564.152040668879636, 1648332.542511380044743 ], [ 242934.520388898527017, 1646525.125958811258897 ], [ 244031.47319465703913, 1646513.396966033382341 ], [ 243716.929611299856333, 1645609.699330982984975 ], [ 241522.981343306339113, 1645633.223193377489224 ], [ 241208.571877182053868, 1644729.553425760939717 ], [ 242305.567341738438699, 1644717.758606683462858 ], [ 241991.345301716180984, 1643814.093334603123367 ], [ 240894.332074905949412, 1643825.895897804759443 ], [ 240580.261939216085011, 1642922.250591085990891 ], [ 238386.178401558165206, 1642946.021644066786394 ], [ 238072.242411002400331, 1642042.403853433672339 ], [ 236975.172017911798321, 1642054.372242199722677 ], [ 236661.387944742338732, 1641150.774181719403714 ], [ 237758.476106996473391, 1641138.798200314631686 ], [ 237444.879492283042055, 1640235.204666377045214 ], [ 235250.66034283884801, 1640259.221852984046564 ], [ 235878.094342808006331, 1642066.390770418569446 ], [ 233683.917024853348266, 1642090.578252320876345 ], [ 235255.649893337395042, 1646608.636496367864311 ], [ 236352.653125744313002, 1646596.555594262667 ], [ 236982.498515084385872, 1648403.879039580235258 ], [ 235885.53097261802759, 1648415.944612880935892 ], [ 235570.505583455145825, 1647512.284477750072256 ], [ 234473.512876550492365, 1647524.408034069929272 ], [ 234158.639335501589812, 1646620.767678307369351 ], [ 233061.621421825839207, 1646632.949141871649772 ], [ 233691.573938499263022, 1648440.226762814912945 ], [ 234788.5561238914961, 1648428.060520030092448 ], [ 235103.769074763229582, 1649331.72515459661372 ], [ 236200.726058072526939, 1649319.6169201831799 ], [ 236516.0908370706602, 1650223.301418100716546 ], [ 238709.947227530705277, 1650199.251503705978394 ], [ 239025.445966307073832, 1651102.963731532217935 ], [ 237928.53926012723241, 1651114.955721768783405 ], [ 238244.225540411804104, 1652018.672426843317226 ], [ 240437.996009788563242, 1651994.754479753086343 ], [ 240753.81622741514002, 1652898.499123813351616 ], [ 238560.081498749321327, 1652922.401401605689898 ], [ 238876.10713238484459, 1653826.142664591316134 ], [ 241069.806105910858605, 1653802.256103362888098 ], [ 241385.965642525698058, 1654706.025436990195885 ], [ 242482.786507364624413, 1654694.165815583430231 ], [ 243115.578781595511828, 1656501.757535400101915 ], [ 245309.127721589524299, 1656478.221832227427512 ], [ 245625.742568910180125, 1657382.052401241613552 ], [ 246722.488603969133692, 1657370.368474626913667 ], [ 247039.255206455651205, 1658274.219641577219591 ], [ 248135.976382944354555, 1658262.59443187317811 ], [ 247819.227641269244486, 1657358.735139704309404 ], [ 248915.959711163915927, 1657347.152394757373258 ], [ 248599.398424730374245, 1656443.297521189088002 ], [ 251889.606608163536293, 1656408.82826144550927 ], [ 252522.791814149852144, 1658216.599745950428769 ], [ 253619.478504987288034, 1658205.227604213403538 ], [ 252986.328917685779743, 1656397.439622781937942 ], [ 254083.044401985418517, 1656386.101538604591042 ], [ 254399.516611774364719, 1657289.997460135724396 ], [ 256592.891662364389049, 1657267.489556903718039 ], [ 256909.497862262127455, 1658171.414823523489758 ], [ 255812.831498700834345, 1658182.635144665837288 ], [ 256129.625041142076952, 1659086.564801797736436 ], [ 255032.969733125384664, 1659097.827390064485371 ], [ 255349.95063927344745, 1660001.761436163913459 ], [ 257543.218912765587447, 1659979.303642491111532 ], [ 258177.61814621128724, 1661787.243635119171813 ], [ 257081.02299117698567, 1661798.430353429401293 ], [ 256763.720790081220912, 1660894.46238727378659 ], [ 255667.101105456997175, 1660905.708228189265355 ], [ 255984.421128977497574, 1661809.667785042198375 ], [ 254887.812529286718927, 1661820.955931614153087 ], [ 254253.306382746290183, 1660013.066323537379503 ], [ 253156.655339259334141, 1660024.4218734879978 ], [ 253473.841464700788492, 1660928.351975491037592 ], [ 252377.201447910338175, 1660939.749885215889663 ], [ 252694.574996145936893, 1661843.684376300079748 ], [ 250501.310149146505864, 1661866.615700893104076 ], [ 251136.637476233183406, 1663674.489545821445063 ], [ 250040.030515547230607, 1663686.014726626919582 ], [ 250676.071992442419287, 1665493.92272139643319 ], [ 248482.909017604426481, 1665517.092262346297503 ], [ 248801.219997680920642, 1666421.048674039775506 ], [ 247704.646057503094198, 1666432.701413348317146 ], [ 248023.144587555638282, 1667336.66220405115746 ], [ 245830.011722198163625, 1667360.103743325686082 ], [ 246467.589495199819794, 1669168.030175931518897 ], [ 245371.048540413670707, 1669179.810760890832171 ], [ 246009.340770820039324, 1670987.771263387054205 ], [ 244912.828822354611475, 1670999.586230918532237 ], [ 244593.579880278994096, 1670095.607941944850609 ], [ 240207.389257964590797, 1670143.410817701602355 ], [ 240526.71037229479407, 1671047.356191100319847 ], [ 241623.250643825624138, 1671035.337184033356607 ], [ 241942.723342406359734, 1671939.303337421035394 ], [ 240846.20113560842583, 1671951.314132192637771 ], [ 241165.861545142397517, 1672855.284659897210076 ], [ 240069.350273094867589, 1672867.338286750018597 ], [ 239749.671781985001871, 1671963.375968259759247 ] ], [ [ 253275.380292863730574, 1679077.77931911428459 ], [ 252179.05832666659262, 1679089.313557452056557 ], [ 251858.355175030388637, 1678185.186403471976519 ], [ 252954.695185707358178, 1678173.643545023631305 ], [ 253275.380292863730574, 1679077.77931911428459 ] ], [ [ 252499.931045447941869, 1679993.453642383916304 ], [ 251403.62031324362033, 1680005.030507035320625 ], [ 251082.729533201287268, 1679100.899039233103395 ], [ 252179.05832666659262, 1679089.313557452056557 ], [ 252499.931045447941869, 1679993.453642383916304 ] ], [ [ 250762.008327417919645, 1678196.780478350119665 ], [ 249665.654612620739499, 1678208.42577136750333 ], [ 249345.08492714582826, 1677304.328640292864293 ], [ 250441.456698640278773, 1677292.674805206479505 ], [ 250762.008327417919645, 1678196.780478350119665 ] ], [ [ 248248.706248535716441, 1677316.033668224001303 ], [ 247928.288090677873697, 1676411.957872783066705 ], [ 249024.684828531171661, 1676400.244353795889765 ], [ 249345.08492714582826, 1677304.328640292864293 ], [ 248248.706248535716441, 1677316.033668224001303 ] ], [ [ 246648.311453960312065, 1672795.782514829654247 ], [ 246328.741307170741493, 1671891.770535999210551 ], [ 247425.228234196751146, 1671880.014921302674338 ], [ 247744.780357433046447, 1672784.035271377768368 ], [ 246648.311453960312065, 1672795.782514829654247 ] ], [ [ 263597.390215196995996, 1677156.821208613924682 ], [ 263277.224008290446363, 1676252.624080019071698 ], [ 264373.526664847973734, 1676241.626729100011289 ], [ 264693.674947506166063, 1677145.832727009896189 ], [ 263597.390215196995996, 1677156.821208613924682 ] ], [ [ 260496.167854560160777, 1652692.460415025474504 ], [ 260180.667581493587932, 1651788.569884220371023 ], [ 261277.418048602266936, 1651777.594132068334147 ], [ 261592.900637561513577, 1652681.493024439550936 ], [ 260496.167854560160777, 1652692.460415025474504 ] ], [ [ 260811.837659136479488, 1653596.363706707023084 ], [ 259715.115956389869098, 1653607.373172312742099 ], [ 259399.42845103397849, 1652703.478238796116784 ], [ 260496.167854560160777, 1652692.460415025474504 ], [ 260811.837659136479488, 1653596.363706707023084 ] ], [ [ 258302.682396621385124, 1652714.54649737640284 ], [ 258618.387612276041182, 1653618.433099759509787 ], [ 257521.652596436993917, 1653629.54349067946896 ], [ 256574.99245170535869, 1650917.946647001896054 ], [ 258768.562059021787718, 1650895.726564696757123 ], [ 259399.42845103397849, 1652703.478238796116784 ], [ 258302.682396621385124, 1652714.54649737640284 ] ], [ [ 258469.838693911151495, 1656341.254713425179943 ], [ 257373.150207022175891, 1656352.390596305485815 ], [ 257056.900877878069878, 1655448.482463301857933 ], [ 255960.187926781683927, 1655459.677215048577636 ], [ 255644.090396495041205, 1654555.79010214144364 ], [ 253450.608697710471461, 1654578.347688312642276 ], [ 253134.645208640984492, 1653674.489721972495317 ], [ 252037.876378777757054, 1653685.852454987820238 ], [ 251722.064701194380177, 1652782.015271803364158 ], [ 252818.851298560184659, 1652770.644369820365682 ], [ 252503.226970179443015, 1651866.811613116413355 ], [ 251406.422612492868211, 1651878.190660435473546 ], [ 251090.950115381245269, 1650974.378602182026953 ], [ 254381.39592176003498, 1650940.368265408324078 ], [ 255012.404024442279479, 1652748.053898335900158 ], [ 256109.170213690376841, 1652736.834325502626598 ], [ 256424.910878513997886, 1653640.704346710350364 ], [ 257521.652596436993917, 1653629.54349067946896 ], [ 258469.838693911151495, 1656341.254713425179943 ] ], [ [ 254066.14622819039505, 1650036.544366175541654 ], [ 255162.965591030544601, 1650025.300184947438538 ], [ 255478.197567247698316, 1650929.13226336822845 ], [ 254381.39592176003498, 1650940.368265408324078 ], [ 254066.14622819039505, 1650036.544366175541654 ] ], [ [ 262058.866521549760364, 1650862.774292778223753 ], [ 261743.740649621904595, 1649958.892571590840816 ], [ 262840.513256476144306, 1649948.000866459915414 ], [ 263155.621477618464269, 1650851.890956060495228 ], [ 262058.866521549760364, 1650862.774292778223753 ] ], [ [ 266611.098551238654181, 1654446.031635702354833 ], [ 266295.347614839498419, 1653542.073249727021903 ], [ 267392.030106856953353, 1653531.366521330084652 ], [ 267707.763392365188338, 1654435.333451336948201 ], [ 266611.098551238654181, 1654446.031635702354833 ] ], [ [ 269269.847294067149051, 1652606.133284543640912 ], [ 270366.528205788054038, 1652595.569301819428802 ], [ 270051.186747764470056, 1651691.60254356241785 ], [ 271147.878910869942047, 1651681.080374805955216 ], [ 272094.35886642721016, 1654393.045474933227524 ], [ 270997.719520784274209, 1654403.541758000617847 ], [ 270682.039131016295869, 1653499.549033646006137 ], [ 269585.375834591221064, 1653510.104414857225493 ], [ 269269.847294067149051, 1652606.133284543640912 ] ], [ [ 268954.488227878347971, 1651702.175104166613892 ], [ 268324.278529144008644, 1649894.297517557395622 ], [ 269421.012243947596289, 1649883.707872036611661 ], [ 270051.186747764470056, 1651691.60254356241785 ], [ 268954.488227878347971, 1651702.175104166613892 ] ], [ [ 275235.518064643489197, 1657084.339178998721763 ], [ 276332.085811024357099, 1657074.020647690631449 ], [ 276648.373523611866403, 1657978.100682141724974 ], [ 275551.82339020492509, 1657988.410385376540944 ], [ 275235.518064643489197, 1657084.339178998721763 ] ], [ [ 274138.944109364587348, 1657094.708259817445651 ], [ 273822.790601041167974, 1656190.658970429096371 ], [ 274919.382171665201895, 1656180.281112287659198 ], [ 275235.518064643489197, 1657084.339178998721763 ], [ 274138.944109364587348, 1657094.708259817445651 ] ], [ [ 278358.506446243729442, 1653427.073765214998275 ], [ 277261.886877320474014, 1653437.276057128561661 ], [ 276946.481445017328952, 1652533.24414822505787 ], [ 278043.118562990857754, 1652523.033065452007577 ], [ 278358.506446243729442, 1653427.073765214998275 ] ], [ [ 275849.838161847903393, 1652543.505640698131174 ], [ 275534.584602627321146, 1651639.495587334036827 ], [ 274437.917563075316139, 1651649.816204143222421 ], [ 273807.883649627445266, 1649841.852652017492801 ], [ 274904.585789487347938, 1649831.514679811662063 ], [ 274589.840540852106642, 1648927.543787703150883 ], [ 275686.553986842744052, 1648917.247476200805977 ], [ 276946.481445017328952, 1652533.24414822505787 ], [ 275849.838161847903393, 1652543.505640698131174 ] ], [ [ 280388.003737631370313, 1649780.579739432549104 ], [ 279758.857758415455464, 1647972.563854296458885 ], [ 280855.557968955952674, 1647962.510254140244797 ], [ 281484.668989550904371, 1649770.543724969262257 ], [ 280388.003737631370313, 1649780.579739432549104 ] ], [ [ 308708.057991710840724, 1610559.176414789399132 ], [ 308401.333279810380191, 1609655.394204484997317 ], [ 309498.537249736778904, 1609646.858852960402146 ], [ 309805.245137389749289, 1610550.649895539274439 ], [ 308708.057991710840724, 1610559.176414789399132 ] ], [ [ 304803.083334230119362, 1608777.552000294206664 ], [ 303705.841032825934235, 1608786.292375135235488 ], [ 302786.988231670868117, 1606075.168786115711555 ], [ 303884.281051195051987, 1606066.402446483494714 ], [ 304803.083334230119362, 1608777.552000294206664 ] ], [ [ 305467.229126506717876, 1604241.614459233591333 ], [ 305161.672408714483026, 1603337.932965797837824 ], [ 306258.999336136563215, 1603329.287542377598584 ], [ 306564.539270533074159, 1604232.977680331096053 ], [ 305467.229126506717876, 1604241.614459233591333 ] ], [ [ 308453.637058943510056, 1603312.14336114982143 ], [ 308148.299913701717742, 1602408.44897757191211 ], [ 309245.627519105153624, 1602399.941514288075268 ], [ 309550.947915417840704, 1603303.644600809551775 ], [ 308453.637058943510056, 1603312.14336114982143 ] ], [ [ 302179.119636742980219, 1558073.20259174075909 ], [ 301882.379028034280054, 1557170.07986361393705 ], [ 302980.489719940698706, 1557161.546127829933539 ], [ 303277.214012127311435, 1558064.676648436114192 ], [ 302179.119636742980219, 1558073.20259174075909 ] ], [ [ 301694.900863580522127, 1536350.100936609087512 ], [ 302793.351002451323438, 1536341.675266788108274 ], [ 303086.083782963338308, 1537244.569200045196339 ], [ 301987.649739688669797, 1537252.987421832513064 ], [ 301694.900863580522127, 1536350.100936609087512 ] ], [ [ 304184.512306293006986, 1537236.197866545524448 ], [ 303891.795612566056661, 1536333.296458133729175 ], [ 304990.234724757028744, 1536324.964509404730052 ], [ 305282.935340495314449, 1537227.87342009274289 ], [ 304184.512306293006986, 1537236.197866545524448 ] ], [ [ 308285.519382022204809, 1536300.249810445588082 ], [ 309383.936810763087124, 1536292.105289130704477 ], [ 309676.573202497325838, 1537195.044480167562142 ], [ 308578.171816574293189, 1537203.181390706682578 ], [ 308285.519382022204809, 1536300.249810445588082 ] ], [ [ 304627.785234823008068, 1531802.279874087311327 ], [ 305726.293635935406201, 1531794.004186926642433 ], [ 306018.115617901901715, 1532696.867246902547777 ], [ 303821.12539191293763, 1532713.450475741643459 ], [ 303237.586637961328961, 1530907.766182200983167 ], [ 304336.116544543823693, 1530899.436374920420349 ], [ 304627.785234823008068, 1531802.279874087311327 ] ], [ [ 296715.925798726035282, 1534578.594381931005046 ], [ 295617.415296314866282, 1534587.268935712752864 ], [ 295325.09392494650092, 1533684.455241639632732 ], [ 296423.620545017125551, 1533675.773441030876711 ], [ 296715.925798726035282, 1534578.594381931005046 ] ], [ [ 276157.404766935738735, 1522076.671220679301769 ], [ 275867.229767516662832, 1521174.117637296207249 ], [ 276966.066160376765765, 1521164.68683738540858 ], [ 277256.225022103986703, 1522067.246983489021659 ], [ 276157.404766935738735, 1522076.671220679301769 ] ], [ [ 283104.45786733465502, 1526543.121244630776346 ], [ 283395.569081726018339, 1527445.777374129509553 ], [ 282296.870436282013543, 1527454.97532732761465 ], [ 282005.743074991623871, 1526552.325999178458005 ], [ 283104.45786733465502, 1526543.121244630776346 ] ], [ [ 284494.261647467268631, 1527436.626030531944707 ], [ 285076.960156702785753, 1529241.986936638131738 ], [ 283978.299889293673914, 1529251.124558061128482 ], [ 283395.569081726018339, 1527445.777374129509553 ], [ 284494.261647467268631, 1527436.626030531944707 ] ], [ [ 282588.167265404365025, 1528357.636269726557657 ], [ 281489.47867251932621, 1528366.874037891160697 ], [ 281198.165680262842216, 1527464.219891490647569 ], [ 282296.870436282013543, 1527454.97532732761465 ], [ 282588.167265404365025, 1528357.636269726557657 ] ], [ [ 252334.698009063227801, 1540398.721131114987656 ], [ 252923.222720145509811, 1542203.967848462052643 ], [ 251824.577138972381363, 1542214.560146492673084 ], [ 251236.019332885189215, 1540409.325975683517754 ], [ 252334.698009063227801, 1540398.721131114987656 ] ], [ [ 254021.861376852728426, 1542193.422640271950513 ], [ 254316.361669901642017, 1543096.069133075186983 ], [ 253217.739562876871787, 1543106.608007979812101 ], [ 252923.222720145509811, 1542203.967848462052643 ], [ 254021.861376852728426, 1542193.422640271950513 ] ], [ [ 267421.707251459592953, 1539352.49455364397727 ], [ 269618.889121254091151, 1539332.729305856628343 ], [ 269912.633624945476186, 1540235.439424996962771 ], [ 273208.308947358746082, 1540206.164115951629356 ], [ 273502.173847600410227, 1541108.906007886631414 ], [ 274600.703169813554268, 1541099.248391623143107 ], [ 274894.721216916106641, 1542002.008715919684619 ], [ 272697.688977503567003, 1542021.357358092442155 ], [ 272991.909300755884033, 1542924.115659397793934 ], [ 271893.400039343454409, 1542933.853780274512246 ], [ 271305.096129568759352, 1541128.362344542052597 ], [ 269107.992774547426961, 1541148.006829664576799 ], [ 268814.06232721376, 1540245.29188237269409 ], [ 267715.484549627290107, 1540255.19135269173421 ], [ 267421.707251459592953, 1539352.49455364397727 ] ], [ [ 272914.613568361557554, 1539303.433813521871343 ], [ 274013.175612058723345, 1539293.762611435959116 ], [ 274306.854634014191106, 1540196.499695806531236 ], [ 273208.308947358746082, 1540206.164115951629356 ], [ 272914.613568361557554, 1539303.433813521871343 ] ], [ [ 299809.935848297202028, 1550848.566483299480751 ], [ 300908.160552068264224, 1550839.978820979129523 ], [ 301203.699607522110455, 1551743.022880512988195 ], [ 300105.491169306682423, 1551751.602905463660136 ], [ 299809.935848297202028, 1550848.566483299480751 ] ], [ [ 296670.927200464589987, 1568077.606543535366654 ], [ 296969.830998479155824, 1568980.815738661913201 ], [ 295871.883062062901445, 1568989.677096801344305 ], [ 295572.962779831141233, 1568086.475717623252422 ], [ 296670.927200464589987, 1568077.606543535366654 ] ], [ [ 299165.709891890059225, 1568963.23659024015069 ], [ 299464.750078915152699, 1569866.473977719666436 ], [ 297268.904141522478312, 1569884.037368177436292 ], [ 296969.830998479155824, 1568980.815738661913201 ], [ 299165.709891890059225, 1568963.23659024015069 ] ], [ [ 298866.839035379874986, 1568060.011681901523843 ], [ 299964.78651105996687, 1568051.285991750424728 ], [ 300263.640910277375951, 1568954.518797355238348 ], [ 299165.709891890059225, 1568963.23659024015069 ], [ 298866.839035379874986, 1568060.011681901523843 ] ], [ [ 282298.469896403257735, 1574537.585276991594583 ], [ 281998.301202542847022, 1573634.41761883511208 ], [ 283096.248581583844498, 1573624.923649224685505 ], [ 283396.400621290900744, 1574528.098878445802256 ], [ 282298.469896403257735, 1574537.585276991594583 ] ], [ [ 271423.929260610020719, 1578257.570978847099468 ], [ 271122.898710401263088, 1577354.436878942884505 ], [ 272220.847655692603439, 1577344.443923223298043 ], [ 272521.8614225985948, 1578247.585386210121214 ], [ 271423.929260610020719, 1578257.570978847099468 ] ], [ [ 271833.770127286668867, 1582783.418989919358864 ], [ 272438.068431316118222, 1584589.829225007677451 ], [ 271340.241299478569999, 1584599.859352593077347 ], [ 271037.990544377826154, 1583696.655646060360596 ], [ 269940.140175943204667, 1583706.741569406120107 ], [ 269638.042074351687916, 1582803.557369 ], [ 271833.770127286668867, 1582783.418989919358864 ] ], [ [ 270928.593952878727578, 1580073.894296952988952 ], [ 273124.397458885097876, 1580053.904481408651918 ], [ 273727.611481230298523, 1581860.271920062601566 ], [ 272629.746525547117926, 1581870.227835117140785 ], [ 272931.624594861525111, 1582773.422251721145585 ], [ 271833.770127286668867, 1582783.418989919358864 ], [ 270928.593952878727578, 1580073.894296952988952 ] ], [ [ 273517.132816666387953, 1600889.582204150501639 ], [ 272906.597374925273471, 1599082.792756910901517 ], [ 275101.741633606492542, 1599062.73365526041016 ], [ 275712.209063485788647, 1600869.554289366584271 ], [ 273517.132816666387953, 1600889.582204150501639 ] ], [ [ 271809.01578133017756, 1599092.895497414981946 ], [ 271503.985281819477677, 1598189.526991688413545 ], [ 272601.583881313737947, 1598179.416529314592481 ], [ 272906.597374925273471, 1599082.792756910901517 ], [ 271809.01578133017756, 1599092.895497414981946 ] ], [ [ 276321.060996055486612, 1631682.397901311982423 ], [ 276009.826603775611147, 1630778.625782851362601 ], [ 278203.857319881557487, 1630758.442583692027256 ], [ 278515.057078886078671, 1631662.231508809374645 ], [ 277418.062121787108481, 1631672.289816617965698 ], [ 277729.448627712670714, 1632576.083171201637015 ], [ 276632.464830458455253, 1632586.182842780137435 ], [ 276944.03810435772175, 1633489.980625909287483 ], [ 275847.065462386235595, 1633500.121693539433181 ], [ 275224.053671249828767, 1631692.555764383170754 ], [ 276321.060996055486612, 1631682.397901311982423 ] ], [ [ 257509.611946920806076, 1634583.808687889948487 ], [ 257821.837996684364043, 1635487.484139738371596 ], [ 258918.885330602526665, 1635476.511653748573735 ], [ 258606.676800013403408, 1634572.828205638099462 ], [ 259703.734964700532146, 1634561.897609374951571 ], [ 260015.925985554524232, 1635465.589080785866827 ], [ 261112.959991978219477, 1635454.716419237898663 ], [ 261425.303051832306664, 1636358.428488148609176 ], [ 260328.286552913923515, 1636369.293075984576717 ], [ 260953.516316450753948, 1638176.738711815327406 ], [ 259856.528233926306712, 1638187.63707458996214 ], [ 259231.263414902554359, 1636380.207602274836972 ], [ 257037.19709986858652, 1636402.186476670205593 ], [ 256412.540374985634116, 1634594.839057751698419 ], [ 257509.611946920806076, 1634583.808687889948487 ] ], [ [ 254058.682471033651382, 1637339.197889893548563 ], [ 254371.487453212728724, 1638242.878833031980321 ], [ 253274.459010458464036, 1638254.077185051050037 ], [ 252961.636440195143223, 1637350.404173158574849 ], [ 254058.682471033651382, 1637339.197889893548563 ] ], [ [ 251080.381594899838092, 1638276.623902601655573 ], [ 251393.408973103942117, 1639180.293501764303073 ], [ 250296.377563172572991, 1639191.633997053373605 ], [ 249983.33256123578758, 1638287.972271461039782 ], [ 251080.381594899838092, 1638276.623902601655573 ] ], [ [ 241370.296230299165472, 1648356.12004935159348 ], [ 241055.359988311916823, 1647452.421263240277767 ], [ 238861.439930693886708, 1647476.215642716735601 ], [ 238232.005221163388342, 1645668.885808099759743 ], [ 240425.996495686849812, 1645645.060487053589895 ], [ 240740.593409196706489, 1646548.734748631017283 ], [ 241837.560470546071883, 1646536.90521909785457 ], [ 242467.227697422320489, 1648344.306118728592992 ], [ 241370.296230299165472, 1648356.12004935159348 ] ], [ [ 246405.891619862784864, 1656466.529831110266969 ], [ 246089.46425687187002, 1655562.703692303504795 ], [ 248283.006745042395778, 1655539.455199705902487 ], [ 248599.398424730374245, 1656443.297521189088002 ], [ 246405.891619862784864, 1656466.529831110266969 ] ], [ [ 253766.741763060039375, 1655482.218287596246228 ], [ 254863.46823195705656, 1655470.922489260789007 ], [ 255179.753091407445027, 1656374.814007241977379 ], [ 254083.044401985418517, 1656386.101538604591042 ], [ 253766.741763060039375, 1655482.218287596246228 ] ], [ [ 249119.700576011324301, 1667325.017773700412363 ], [ 249438.35074986028485, 1668228.999580265488476 ], [ 248341.812720278016059, 1668240.635677806800231 ], [ 248023.144587555638282, 1667336.66220405115746 ], [ 249119.700576011324301, 1667325.017773700412363 ] ], [ [ 245232.247384768445045, 1671903.577183215878904 ], [ 244135.74643669713987, 1671915.434864691691473 ], [ 243816.309838561952347, 1671011.452205702895299 ], [ 244912.828822354611475, 1670999.586230918532237 ], [ 245232.247384768445045, 1671903.577183215878904 ] ], [ [ 241404.364991365815513, 1682835.835943588521332 ], [ 242500.691045710787876, 1682823.771464903140441 ], [ 242822.423339124536142, 1683727.877547420561314 ], [ 241726.115471536351833, 1683739.933582763420418 ], [ 241404.364991365815513, 1682835.835943588521332 ] ], [ [ 249078.499520631070482, 1682752.46327690477483 ], [ 250174.776573482493404, 1682740.758343250490725 ], [ 250496.381831693812273, 1683644.924285206245258 ], [ 249400.122897606517654, 1683656.620586498174816 ], [ 249078.499520631070482, 1682752.46327690477483 ] ], [ [ 251724.680664818821242, 1680909.174900958547369 ], [ 252820.973328648833558, 1680897.606677480507642 ], [ 253142.185173539677635, 1681801.772681981092319 ], [ 252045.910585192177678, 1681813.332240225980058 ], [ 251724.680664818821242, 1680909.174900958547369 ] ], [ [ 242954.090639883710537, 1681003.567603680770844 ], [ 241857.735343802865827, 1681015.597581956069916 ], [ 241215.458173547842307, 1679207.474614294013008 ], [ 242311.849773751426255, 1679195.427863815799356 ], [ 242954.090639883710537, 1681003.567603680770844 ] ], [ [ 241990.983786249038531, 1678291.377075434895232 ], [ 243087.3864185512939, 1678279.373206984717399 ], [ 243408.234274409624049, 1679183.43237241380848 ], [ 242311.849773751426255, 1679195.427863815799356 ], [ 241990.983786249038531, 1678291.377075434895232 ] ], [ [ 245921.96332967816852, 1680063.683947072131559 ], [ 247018.308603555284208, 1680051.850704413140193 ], [ 247339.441325450636214, 1680955.960803736699745 ], [ 246243.114168378000613, 1680967.785540262935683 ], [ 245921.96332967816852, 1680063.683947072131559 ] ], [ [ 245280.170476440631319, 1678255.519159246701747 ], [ 246376.551962544268463, 1678243.66897644335404 ], [ 246697.345481674390612, 1679147.753435030346736 ], [ 245600.982098115608096, 1679159.595159776974469 ], [ 245280.170476440631319, 1678255.519159246701747 ] ], [ [ 238060.401200697378954, 1676519.682293522870168 ], [ 239156.861551632173359, 1676507.508203444769606 ], [ 239477.424532071046997, 1677411.51704261964187 ], [ 238380.982327606820036, 1677423.682884667767212 ], [ 238060.401200697378954, 1676519.682293522870168 ] ], [ [ 261084.599094656179659, 1676274.772215741220862 ], [ 262180.914828308625147, 1676263.672575023490936 ], [ 262501.098969080252573, 1677167.860861331457272 ], [ 261404.801178906316636, 1677178.951686788583174 ], [ 261084.599094656179659, 1676274.772215741220862 ] ], [ [ 259944.37211327595287, 1669934.720666473265737 ], [ 261040.806631530227605, 1669923.610946411499754 ], [ 261359.786301658925368, 1670827.716517983237281 ], [ 260263.369667553139152, 1670838.817563399439678 ], [ 259944.37211327595287, 1669934.720666473265737 ] ], [ [ 258847.930974101676838, 1669945.881343068089336 ], [ 256655.028711851482512, 1669968.355572442524135 ], [ 255698.892196850210894, 1667256.219833933981135 ], [ 256795.40036482992582, 1667244.931601920863613 ], [ 257432.619369749620091, 1669053.026280225720257 ], [ 258529.085056355426786, 1669041.806048751110211 ], [ 258847.930974101676838, 1669945.881343068089336 ] ], [ [ 256477.045179300941527, 1666340.903583100996912 ], [ 255380.519126882427372, 1666352.200313195353374 ], [ 254426.417260027315933, 1663640.218660993501544 ], [ 255522.99692293186672, 1663628.896579633234069 ], [ 256158.859542001882801, 1665436.888419117545709 ], [ 257255.396742245764472, 1665425.634039496304467 ], [ 257891.901822517393157, 1667233.694248667918146 ], [ 256795.40036482992582, 1667244.931601920863613 ], [ 256477.045179300941527, 1666340.903583100996912 ] ], [ [ 256301.91070711921202, 1662713.640125644626096 ], [ 257398.494739747780841, 1662702.411127104656771 ], [ 258351.927243319019908, 1665414.430482930969447 ], [ 257255.396742245764472, 1665425.634039496304467 ], [ 256301.91070711921202, 1662713.640125644626096 ] ], [ [ 259448.451075528224465, 1665403.2777477693744 ], [ 259130.488542145380052, 1664499.249906216049567 ], [ 260227.023567628028104, 1664488.13943229848519 ], [ 261181.366236804926302, 1667200.287444950081408 ], [ 258988.396600208739983, 1667222.507772519951686 ], [ 258351.927243319019908, 1665414.430482930969447 ], [ 259448.451075528224465, 1665403.2777477693744 ] ], [ [ 259909.248391187167726, 1663584.115944303572178 ], [ 261005.794613985024625, 1663573.047699747607112 ], [ 261323.551975291687995, 1664477.079749476164579 ], [ 260227.023567628028104, 1664488.13943229848519 ], [ 259909.248391187167726, 1663584.115944303572178 ] ], [ [ 258812.695540996443015, 1663595.234952927799895 ], [ 258495.072074784955475, 1662691.232868892140687 ], [ 259591.642742543655913, 1662680.105349359801039 ], [ 259909.248391187167726, 1663584.115944303572178 ], [ 258812.695540996443015, 1663595.234952927799895 ] ], [ [ 258639.842990396893583, 1659968.150732878595591 ], [ 259736.460402392869582, 1659957.048479221295565 ], [ 260688.206773347163107, 1662669.028566866414621 ], [ 259591.642742543655913, 1662680.105349359801039 ], [ 258639.842990396893583, 1659968.150732878595591 ] ], [ [ 259102.810474487720057, 1658149.125990228261799 ], [ 260199.456783832341898, 1658138.057474788744003 ], [ 260833.071179083111929, 1659945.99687988194637 ], [ 259736.460402392869582, 1659957.048479221295565 ], [ 259102.810474487720057, 1658149.125990228261799 ] ], [ [ 258934.262371072371025, 1654522.332434560870752 ], [ 260030.972997726639733, 1654511.28086189320311 ], [ 261296.096469114068896, 1658127.039557975716889 ], [ 260199.456783832341898, 1658138.057474788744003 ], [ 258934.262371072371025, 1654522.332434560870752 ] ], [ [ 251631.406100988533581, 1668205.880136215593666 ], [ 250534.881866663752589, 1668217.414400304900482 ], [ 250216.249642060865881, 1667313.424233915982768 ], [ 251312.791816011274932, 1667301.88158298865892 ], [ 251631.406100988533581, 1668205.880136215593666 ] ], [ [ 250994.347112253482919, 1666397.895784370601177 ], [ 252090.900347264920129, 1666386.395630596438423 ], [ 252409.327128163626185, 1667290.389819216914475 ], [ 251312.791816011274932, 1667301.88158298865892 ], [ 250994.347112253482919, 1666397.895784370601177 ] ], [ [ 251454.555518580134958, 1664578.44551284564659 ], [ 252551.137717540346785, 1664566.979454977670684 ], [ 252869.20744317266508, 1665470.956512946868315 ], [ 251772.643143165158108, 1665482.414201458450407 ], [ 251454.555518580134958, 1664578.44551284564659 ] ], [ [ 243579.600254597957246, 1654682.356710027670488 ], [ 244676.406914594641421, 1654670.598118579480797 ], [ 244992.682502573705278, 1655574.403744236333296 ], [ 243895.893700994434766, 1655586.154335556784645 ], [ 243579.600254597957246, 1654682.356710027670488 ] ], [ [ 250160.334968786977697, 1654612.562812516000122 ], [ 251257.099743006838253, 1654601.107269552536309 ], [ 251573.26838162477361, 1655504.961463310755789 ], [ 250476.521408377302578, 1655516.408844044432044 ], [ 250160.334968786977697, 1654612.562812516000122 ] ], [ [ 243263.476449175999733, 1653778.571504502091557 ], [ 242166.644841139990604, 1653790.388559513259679 ], [ 241850.672825827467022, 1652886.623681166907772 ], [ 242947.522287459432846, 1652874.798700348008424 ], [ 243263.476449175999733, 1653778.571504502091557 ] ], [ [ 242631.73777218995383, 1651971.038278948282823 ], [ 241534.870464171573985, 1651982.871161942370236 ], [ 241219.237758907838725, 1651079.130983263254166 ], [ 243413.000927725399379, 1651055.499866219237447 ], [ 244044.364642685715808, 1652863.024179612286389 ], [ 242947.522287459432846, 1652874.798700348008424 ], [ 242631.73777218995383, 1651971.038278948282823 ] ], [ [ 249212.793247795954812, 1651901.100014874013141 ], [ 250309.611381821538089, 1651889.620127125876024 ], [ 250941.100695024564629, 1653697.265661419834942 ], [ 248747.52864439226687, 1653720.243501278571784 ], [ 248431.663606993330177, 1652816.430662867613137 ], [ 249528.470885780727258, 1652804.908416638383642 ], [ 249212.793247795954812, 1651901.100014874013141 ] ], [ [ 247485.086168344860198, 1650105.067078520311043 ], [ 248581.946792455593823, 1650093.520710321841761 ], [ 248897.285215779585997, 1650997.304118987172842 ], [ 247800.442366246716119, 1651008.84247013926506 ], [ 247485.086168344860198, 1650105.067078520311043 ] ], [ [ 259550.175640631001443, 1649980.827030011219904 ], [ 257356.584035431878874, 1650002.962896775919944 ], [ 257041.557019260188099, 1649099.127036208286881 ], [ 259235.183978203102015, 1649076.974669040646404 ], [ 259550.175640631001443, 1649980.827030011219904 ] ], [ [ 258920.361858029587893, 1648173.134993818821386 ], [ 260017.182989924331196, 1648162.126031453721225 ], [ 260331.987454653222812, 1649065.973973848391324 ], [ 259235.183978203102015, 1649076.974669040646404 ], [ 258920.361858029587893, 1648173.134993818821386 ] ], [ [ 263622.358236452913843, 1649033.273822385119274 ], [ 264719.135382456006482, 1649022.474411241710186 ], [ 265034.038826749892905, 1649926.36849632486701 ], [ 263937.279305394156836, 1649937.15950857126154 ], [ 263622.358236452913843, 1649033.273822385119274 ] ], [ [ 278976.657228451105766, 1648886.660344587173313 ], [ 279291.332413619966246, 1649790.66607644315809 ], [ 278194.654987162968609, 1649800.802737487014383 ], [ 277879.962300276616588, 1648896.805756150744855 ], [ 278976.657228451105766, 1648886.660344587173313 ] ], [ [ 276783.261229862167966, 1648907.001466187415645 ], [ 276468.720459725882392, 1648003.026271307608113 ], [ 277565.439034166163765, 1647992.821861386066303 ], [ 277879.962300276616588, 1648896.805756150744855 ], [ 276783.261229862167966, 1648907.001466187415645 ] ], [ [ 275371.995703248481732, 1648013.280954152345657 ], [ 274743.387451673159376, 1646205.386952570872381 ], [ 275840.147213679156266, 1646195.11499474500306 ], [ 276468.720459725882392, 1648003.026271307608113 ], [ 275371.995703248481732, 1648013.280954152345657 ] ], [ [ 251242.425527783925645, 1648251.60616676742211 ], [ 253436.155570088565582, 1648228.934308656025678 ], [ 253751.066110064275563, 1649132.733053486095741 ], [ 251557.371502293884987, 1649155.388728637015447 ], [ 251242.425527783925645, 1648251.60616676742211 ] ], [ [ 265969.082477900781669, 1646289.370675870683044 ], [ 267065.892940740799531, 1646278.696912358980626 ], [ 267694.746759667585138, 1648086.471503891050816 ], [ 263307.60668110253755, 1648129.400916258571669 ], [ 262993.024642016505823, 1647225.540771403815597 ], [ 266283.442216974508483, 1647193.24314395384863 ], [ 265969.082477900781669, 1646289.370675870683044 ] ], [ [ 260799.380195961915888, 1647247.323843023274094 ], [ 259702.54806296309107, 1647258.290779639268294 ], [ 259388.082676447898848, 1646354.468199682189152 ], [ 260484.932441054435913, 1646343.49301597289741 ], [ 260799.380195961915888, 1647247.323843023274094 ] ], [ [ 260170.65422210044926, 1645439.674865612061694 ], [ 261267.514975390047766, 1645428.741672014351934 ], [ 261581.775579397333786, 1646332.568072968395427 ], [ 260484.932441054435913, 1646343.49301597289741 ], [ 260170.65422210044926, 1645439.674865612061694 ] ], [ [ 278502.598730969475582, 1644356.689309223787859 ], [ 279599.368773343041539, 1644346.600820348365232 ], [ 280541.256560422014445, 1647058.513235678197816 ], [ 278347.815101710380986, 1647078.688192345900461 ], [ 277719.650650618190411, 1645270.768328979844227 ], [ 278816.409364890307188, 1645260.638339732540771 ], [ 278502.598730969475582, 1644356.689309223787859 ] ], [ [ 281009.90846630273154, 1645240.528921510092914 ], [ 282106.648914202232845, 1645230.549489568686113 ], [ 282734.673739233985543, 1647038.539238563273102 ], [ 281637.968169631552882, 1647048.501117915846407 ], [ 281009.90846630273154, 1645240.528921510092914 ] ], [ [ 253903.733395796210971, 1646410.097785741323605 ], [ 253275.134761752269696, 1644602.571873575216159 ], [ 254372.053450145409442, 1644591.329308630200103 ], [ 254058.026165974180913, 1643687.577067871112376 ], [ 255154.955705155502073, 1643676.376629348145798 ], [ 256097.493321144371293, 1646387.695211270591244 ], [ 253903.733395796210971, 1646410.097785741323605 ] ], [ [ 252961.089820073568262, 1643698.827674181899056 ], [ 252647.214465555734932, 1642795.095954475691542 ], [ 253744.168461761408253, 1642783.837330295005813 ], [ 254058.026165974180913, 1643687.577067871112376 ], [ 252961.089820073568262, 1643698.827674181899056 ] ], [ [ 253116.961804008082254, 1640976.395290442975238 ], [ 254213.944244015612639, 1640965.17078765342012 ], [ 254841.115641756477999, 1642772.628846872830763 ], [ 253744.168461761408253, 1642783.837330295005813 ], [ 253116.961804008082254, 1640976.395290442975238 ] ], [ [ 256880.032026179571403, 1645472.775734908413142 ], [ 257976.912777890800498, 1645461.691895434400067 ], [ 258291.226255188172217, 1646365.493625715607777 ], [ 257194.363146885007154, 1646376.569295700173825 ], [ 256880.032026179571403, 1645472.775734908413142 ] ], [ [ 238700.28407592343865, 1643849.651590570341796 ], [ 239797.311676449055085, 1643837.7486492106691 ], [ 240111.569250526721589, 1644741.398460056399927 ], [ 239014.559431354835397, 1644753.293711319100112 ], [ 238700.28407592343865, 1643849.651590570341796 ] ], [ [ 276309.040230098355096, 1644377.016769055277109 ], [ 275212.251710832933895, 1644387.255743011133745 ], [ 274898.55811970186187, 1643483.345579245127738 ], [ 275995.364107337780297, 1643473.098023088881746 ], [ 276309.040230098355096, 1644377.016769055277109 ] ], [ [ 275681.857421146647539, 1642569.192250213120133 ], [ 276778.67466184112709, 1642558.986244435189292 ], [ 277092.163896212703548, 1643462.900603071320802 ], [ 275995.364107337780297, 1643473.098023088881746 ], [ 275681.857421146647539, 1642569.192250213120133 ] ], [ [ 280382.526374163047876, 1643432.609144841320813 ], [ 281479.301671884779353, 1643422.612254407024011 ], [ 281792.890593898016959, 1644326.574317237129435 ], [ 280696.132717525702901, 1644336.562490179203451 ], [ 280382.526374163047876, 1643432.609144841320813 ] ], [ [ 262989.561347181908786, 1640877.177689258009195 ], [ 264086.483639181125909, 1640866.403893097536638 ], [ 264399.826337581500411, 1641770.199876026250422 ], [ 263302.921586786455009, 1641780.965430913958699 ], [ 262989.561347181908786, 1640877.177689258009195 ] ], [ [ 276465.354859536455479, 1641655.084863531636074 ], [ 275368.520174160657916, 1641665.299431587802246 ], [ 275055.352369009808172, 1640761.419548390200362 ], [ 276152.204491923213936, 1640751.196441524196416 ], [ 276465.354859536455479, 1641655.084863531636074 ] ], [ [ 275839.223561631108169, 1639847.320959599688649 ], [ 278032.944080714834854, 1639827.007792874705046 ], [ 278345.890178411733359, 1640730.900386681547388 ], [ 279442.723802792141214, 1640720.827435709303245 ], [ 279755.821914176922292, 1641624.741636493010446 ], [ 277562.183357730507851, 1641644.920375995570794 ], [ 277249.05041825567605, 1640741.023388121277094 ], [ 276152.204491923213936, 1640751.196441524196416 ], [ 275839.223561631108169, 1639847.320959599688649 ] ], [ [ 289313.95532812474994, 1640632.422905248356983 ], [ 288217.175557800626848, 1640642.045467999298126 ], [ 287904.385742563987151, 1639738.074531125836074 ], [ 289001.182830801117234, 1639728.44312824937515 ], [ 289313.95532812474994, 1640632.422905248356983 ] ], [ [ 286807.582782779936679, 1639747.755944288568571 ], [ 286494.945008904673159, 1638843.806976167717949 ], [ 287591.765288836264517, 1638834.116773392772302 ], [ 287904.385742563987151, 1639738.074531125836074 ], [ 286807.582782779936679, 1639747.755944288568571 ] ], [ [ 288688.579687871038914, 1638824.47655383287929 ], [ 290882.19096485490445, 1638805.346058675087988 ], [ 291194.759514214354567, 1639709.330347678391263 ], [ 289001.182830801117234, 1639728.44312824937515 ], [ 288688.579687871038914, 1638824.47655383287929 ] ], [ [ 295581.843759912066162, 1639671.704847941407934 ], [ 296678.600598401506431, 1639662.423477693228051 ], [ 296991.252131799061317, 1640566.465893689310178 ], [ 295894.512545885634609, 1640575.738234272459522 ], [ 295581.843759912066162, 1639671.704847941407934 ] ], [ [ 247005.241721571888775, 1639225.955705543514341 ], [ 248102.293967834644718, 1639214.465097257867455 ], [ 248415.543868038133951, 1640118.123473631916568 ], [ 247318.50928121022298, 1640129.606265997281298 ], [ 247005.241721571888775, 1639225.955705543514341 ] ], [ [ 261266.38550728422706, 1639080.480389538919553 ], [ 262363.349440499616321, 1639069.64016320835799 ], [ 262676.370630862773396, 1639973.402606232790276 ], [ 261579.424233932222705, 1639984.234665225958452 ], [ 261266.38550728422706, 1639080.480389538919553 ] ], [ [ 272707.447553321369924, 1637156.335968626663089 ], [ 273804.37561944447225, 1637146.028994177700952 ], [ 274116.865630909567699, 1638049.857323464937508 ], [ 273019.954983110772446, 1638060.155879894969985 ], [ 272707.447553321369924, 1637156.335968626663089 ] ], [ [ 289945.501383697381243, 1636093.472498904680833 ], [ 291042.350128137273714, 1636083.955667279427871 ], [ 291666.605972685734741, 1637891.875847273739055 ], [ 290569.791758256498724, 1637901.375000172061846 ], [ 289945.501383697381243, 1636093.472498904680833 ] ], [ [ 292451.219085048767738, 1636978.451068714493886 ], [ 293548.039042558055371, 1636969.042910187272355 ], [ 293860.217126085190102, 1637873.027391558745876 ], [ 292763.414418492349796, 1637882.426644867286086 ], [ 292451.219085048767738, 1636978.451068714493886 ] ], [ [ 278976.688948558527045, 1636191.385426420485601 ], [ 280073.597238463698886, 1636181.369552945718169 ], [ 280385.813524975441396, 1637085.235976525582373 ], [ 279288.9225899654557, 1637095.243293029488996 ], [ 278976.688948558527045, 1636191.385426420485601 ] ], [ [ 274588.994266310706735, 1636231.948057147674263 ], [ 273492.055062981322408, 1636242.213506519328803 ], [ 273179.903964159020688, 1635338.410841789329425 ], [ 274276.860562096000649, 1635328.136994128581136 ], [ 274588.994266310706735, 1636231.948057147674263 ] ], [ [ 273964.89631099277176, 1634424.338758733589202 ], [ 276158.825525319902226, 1634403.923904270865023 ], [ 276470.755029665306211, 1635307.738970668753609 ], [ 274276.860562096000649, 1635328.136994128581136 ], [ 273964.89631099277176, 1634424.338758733589202 ] ], [ [ 298114.355074616440106, 1627864.843069199239835 ], [ 299211.301511421275791, 1627855.744303354993463 ], [ 299521.649117142951582, 1628759.667356128338724 ], [ 298424.719784876971971, 1628768.757233476731926 ], [ 298114.355074616440106, 1627864.843069199239835 ] ], [ [ 302083.124670360004529, 1616955.510443756589666 ], [ 299888.884087928337976, 1616973.375259513733909 ], [ 299272.896165846730582, 1615165.814865025458857 ], [ 301467.204578810138628, 1615147.91515090316534 ], [ 301159.498464219039306, 1614244.137218891177326 ], [ 302256.661319433595054, 1614235.252509311307222 ], [ 302564.350500874803402, 1615139.039171942509711 ], [ 303661.490940651798155, 1615130.212443298194557 ], [ 303969.332472153706476, 1616034.021046510431916 ], [ 301775.079981702729128, 1616051.70621963380836 ], [ 302083.124670360004529, 1616955.510443756589666 ] ], [ [ 272666.650969854323193, 1591835.944491504691541 ], [ 273764.349319073720835, 1591825.926340730395168 ], [ 274068.125529947923496, 1592729.239648578222841 ], [ 275165.800659454194829, 1592719.277741162339225 ], [ 275773.827666607452556, 1594525.956586158834398 ], [ 273578.53885034454288, 1594545.89823538181372 ], [ 272666.650969854323193, 1591835.944491504691541 ] ], [ [ 274558.451551670848858, 1590912.648055979749188 ], [ 275656.154230435146019, 1590902.719373824074864 ], [ 276263.469527303706855, 1592709.364431947236881 ], [ 275165.800659454194829, 1592719.277741162339225 ], [ 274558.451551670848858, 1590912.648055979749188 ] ], [ [ 273460.742592908325605, 1590922.625282190274447 ], [ 273157.305354040232487, 1590019.336455066222697 ], [ 274255.031216522096656, 1590009.351603518472984 ], [ 274558.451551670848858, 1590912.648055979749188 ], [ 273460.742592908325605, 1590922.625282190274447 ] ], [ [ 279860.300024026306346, 1593583.280392113840207 ], [ 278762.666646352503449, 1593593.040113711496815 ], [ 278155.080007629352622, 1591786.339448950719088 ], [ 279252.747155757737346, 1591776.564146514981985 ], [ 279860.300024026306346, 1593583.280392113840207 ] ], [ [ 278039.674820404383354, 1588163.279866425320506 ], [ 281332.841638799058273, 1588134.15202771127224 ], [ 281938.93787203670945, 1589940.816036371281371 ], [ 280841.255390674574301, 1589950.461299661314115 ], [ 281448.063037488725968, 1591757.159236107952893 ], [ 279252.747155757737346, 1591776.564146514981985 ], [ 278039.674820404383354, 1588163.279866425320506 ] ], [ [ 270471.235244608018547, 1591856.126516796415672 ], [ 271568.946288569422904, 1591846.011216363636777 ], [ 271872.75636350660352, 1592749.30926391412504 ], [ 270775.062265349901281, 1592759.416974803665653 ], [ 270471.235244608018547, 1591856.126516796415672 ] ], [ [ 268766.338399962056428, 1590059.761060732649639 ], [ 269864.089725354453549, 1590049.582126411609352 ], [ 270167.577730408636853, 1590952.848239949438721 ], [ 269069.84334544010926, 1590963.019657212775201 ], [ 268766.338399962056428, 1590059.761060732649639 ] ], [ [ 286216.080932375974953, 1586279.881924916990101 ], [ 287313.794491142034531, 1586270.495998773025349 ], [ 287616.318342094542459, 1587173.844028124585748 ], [ 286518.621539241634309, 1587183.222067563096061 ], [ 286821.331549300113693, 1588086.574664676794782 ], [ 285723.645569637417793, 1588095.993240404408425 ], [ 285420.918787309841719, 1587192.64852555654943 ], [ 284323.210055672214366, 1587202.123403499368578 ], [ 285231.948989633121528, 1589912.171281891409308 ], [ 283036.61427857063245, 1589931.219279925106093 ], [ 282430.551684581732843, 1588124.539655409753323 ], [ 283528.255667901714332, 1588114.975734366569668 ], [ 282922.904384454071987, 1586308.330057743703946 ], [ 284020.635909662931226, 1586298.798953003017232 ], [ 283415.995880977832712, 1584492.18720777076669 ], [ 284513.754913226119243, 1584482.688900121953338 ], [ 283909.826083498075604, 1582676.11106976098381 ], [ 285007.612587968178559, 1582666.645539885386825 ], [ 286216.080932375974953, 1586279.881924916990101 ] ], [ [ 269257.622253095032647, 1588243.086317956913263 ], [ 270355.401007434353232, 1588232.940886371070519 ], [ 270658.533069725963287, 1589136.190225527388975 ], [ 269560.771232047991361, 1589146.328158350894228 ], [ 269257.622253095032647, 1588243.086317956913263 ] ], [ [ 272550.939348589279689, 1588212.795423596631736 ], [ 272854.037605071906, 1589116.05984148522839 ], [ 271756.288517190027051, 1589126.100787069648504 ], [ 271150.227709960308857, 1587319.599212292581797 ], [ 272248.010587195691187, 1587309.543183566071093 ], [ 271945.251323483302258, 1586406.303103581303731 ], [ 273043.044728021661285, 1586396.28797743562609 ], [ 273648.698996667284518, 1588202.795389426872134 ], [ 272550.939348589279689, 1588212.795423596631736 ] ], [ [ 270052.438454807852395, 1587329.703679751371965 ], [ 269447.021888950490393, 1585523.265592994634062 ], [ 270544.844922615739051, 1585513.146187125705183 ], [ 271150.227709960308857, 1587319.599212292581797 ], [ 270052.438454807852395, 1587329.703679751371965 ] ], [ [ 272740.471831879287492, 1585493.052527672611177 ], [ 273838.27576877118554, 1585483.07827111473307 ], [ 274140.831806764239445, 1586386.321259980322793 ], [ 273043.044728021661285, 1586396.28797743562609 ], [ 272740.471831879287492, 1585493.052527672611177 ] ], [ [ 273233.672160229121801, 1583676.628784756641835 ], [ 274331.50346895121038, 1583666.687843834515661 ], [ 274633.703693359275348, 1584569.91403199499473 ], [ 275731.51188485493185, 1584560.028963620308787 ], [ 276033.864760274882428, 1585463.274896955816075 ], [ 273838.27576877118554, 1585483.07827111473307 ], [ 273233.672160229121801, 1583676.628784756641835 ] ], [ [ 274746.452337261522189, 1588192.843818093882874 ], [ 275049.516824583755806, 1589096.123423002427444 ], [ 273951.780363991274498, 1589106.067387289134786 ], [ 273648.698996667284518, 1588202.795389426872134 ], [ 274746.452337261522189, 1588192.843818093882874 ] ], [ [ 281412.491202234115917, 1581791.932003488065675 ], [ 282510.306534700503107, 1581782.362210755003616 ], [ 282812.033553812187165, 1582685.624884156044573 ], [ 281714.234968260512687, 1582695.186984477564692 ], [ 281412.491202234115917, 1581791.932003488065675 ] ], [ [ 275320.175651108031161, 1580034.107530758716166 ], [ 276418.055331214040052, 1580024.281376101542264 ], [ 276719.527234447130468, 1580927.481498080072924 ], [ 275621.664332216605544, 1580937.300140849780291 ], [ 275320.175651108031161, 1580034.107530758716166 ] ], [ [ 258122.082811430387665, 1541249.051894074073061 ], [ 259220.703805620549247, 1541238.735665082931519 ], [ 259514.951872711564647, 1542141.402892424259335 ], [ 258416.347375769895734, 1542151.712674735346809 ], [ 258122.082811430387665, 1541249.051894074073061 ] ], [ [ 295396.927834959991742, 1537304.481476985383779 ], [ 296495.395645243173931, 1537295.781899015652016 ], [ 295909.906041808892041, 1535490.094598495168611 ], [ 298106.889104901230894, 1535472.806868673302233 ], [ 298692.314181938068941, 1537278.523429437540472 ], [ 297593.857750628551003, 1537287.12921692756936 ], [ 298179.992519427207299, 1539092.879289571894333 ], [ 299278.416667035548016, 1539084.288246920797974 ], [ 299571.721931421547197, 1539987.188795160967857 ], [ 297374.900294307968579, 1540004.403045798419043 ], [ 297668.407232448575087, 1540907.300882753450423 ], [ 296570.004089551977813, 1540915.971100250724703 ], [ 295983.127224152616691, 1539110.202222640160471 ], [ 293786.239056668011472, 1539127.712961303303018 ], [ 294079.625173646723852, 1540030.576754162553698 ], [ 292981.18863282847451, 1540039.395284093217924 ], [ 291808.595733071793802, 1536428.040925949113443 ], [ 292907.097018049564213, 1536419.193448569625616 ], [ 293493.022323418350425, 1538224.861157573293895 ], [ 295689.942843789001927, 1538207.335841952823102 ], [ 295396.927834959991742, 1537304.481476985383779 ] ], [ [ 273426.326119872042909, 1537488.323209008667618 ], [ 274524.914503003004938, 1537478.685433245496824 ], [ 274818.238156310340855, 1538381.4061109283939 ], [ 273719.666106499149464, 1538391.037121501518413 ], [ 273426.326119872042909, 1537488.323209008667618 ] ], [ [ 276722.072335304575972, 1537459.550649313721806 ], [ 277820.641846161452122, 1537450.053638306912035 ], [ 278113.91655295912642, 1538352.794774113921449 ], [ 277015.363348701037467, 1538362.284938652534038 ], [ 276722.072335304575972, 1537459.550649313721806 ] ], [ [ 278919.205127943539992, 1537440.603546059457585 ], [ 281116.313127644476481, 1537421.844112242106348 ], [ 281409.538968026870862, 1538324.605950028868392 ], [ 279212.463537044124678, 1538343.351555429864675 ], [ 278919.205127943539992, 1537440.603546059457585 ] ], [ [ 279431.786404737853445, 1535625.725609679706395 ], [ 280530.369858558347914, 1535616.3555609267205 ], [ 280823.256756980437785, 1536519.093988224864006 ], [ 279724.689568301662803, 1536528.457153008086607 ], [ 279431.786404737853445, 1535625.725609679706395 ] ], [ [ 289611.575621103867888, 1536445.876503947656602 ], [ 289318.818524428934325, 1535543.082029262324795 ], [ 288220.283441558654886, 1535552.077233313117176 ], [ 287927.679573804838583, 1534649.301692212931812 ], [ 290124.776196801220067, 1534631.34394868882373 ], [ 289832.374104774440639, 1533728.56608206522651 ], [ 286536.671726371743716, 1533755.594103455776349 ], [ 286244.390531418146566, 1532852.849184751277789 ], [ 287342.980117667466402, 1532843.786039998056367 ], [ 287050.884534288605209, 1531941.045894723385572 ], [ 288149.484320309362374, 1531932.022506122477353 ], [ 288441.56373895710567, 1532834.769664772320539 ], [ 289540.14142613846343, 1532825.800057736691087 ], [ 288956.184319017338566, 1531020.303467590361834 ], [ 292251.978891741600819, 1530993.632739612599835 ], [ 292835.839191541657783, 1532799.171832502121106 ], [ 290638.71321006299695, 1532816.877217561006546 ], [ 290930.929734268691391, 1533719.650331312790513 ], [ 292029.479500187677331, 1533710.781373205594718 ], [ 292321.849277464323677, 1534613.573489476693794 ], [ 293420.377066525339615, 1534604.758488188963383 ], [ 293712.900088494759984, 1535507.569694938138127 ], [ 290417.347699718666263, 1535534.133674723096192 ], [ 290710.088611035840586, 1536436.935277301818132 ], [ 289611.575621103867888, 1536445.876503947656602 ] ], [ [ 285145.794949356466532, 1532861.959100376581773 ], [ 284561.70851852663327, 1531056.518421536544338 ], [ 283463.074534660903737, 1531065.688951686955988 ], [ 283171.269317103899084, 1530162.993064960464835 ], [ 285368.563584608084057, 1530144.684918699087575 ], [ 286244.390531418146566, 1532852.849184751277789 ], [ 285145.794949356466532, 1532861.959100376581773 ] ], [ [ 293934.393450791772921, 1532790.389284993056208 ], [ 294226.561564681935124, 1533693.183829674031585 ], [ 293128.02343337982893, 1533701.959206429077312 ], [ 292835.839191541657783, 1532799.171832502121106 ], [ 293934.393450791772921, 1532790.389284993056208 ] ], [ [ 302500.787547121173702, 1535438.793467986397445 ], [ 301402.321319978684187, 1535447.22656395402737 ], [ 301109.911111353081651, 1534544.364286577096209 ], [ 302208.393419445492327, 1534535.923786336556077 ], [ 302500.787547121173702, 1535438.793467986397445 ] ], [ [ 301916.168621878721751, 1533633.066204554866999 ], [ 300817.670240166538861, 1533641.514087208546698 ], [ 299941.963675904029515, 1530933.035784727195278 ], [ 301040.510234488639981, 1530924.565885858377442 ], [ 301624.113156889565289, 1532730.220705376472324 ], [ 302722.622040951508097, 1532721.812214840203524 ], [ 303014.661448440514505, 1533624.665101706050336 ], [ 305211.630559469398577, 1533608.003230446949601 ], [ 305503.807188927079551, 1534510.883122196886688 ], [ 304405.341427395353094, 1534519.183205387555063 ], [ 304697.70341956987977, 1535422.067776946583763 ], [ 303599.248236707935575, 1535430.407206065487117 ], [ 303306.870181180420332, 1534527.530093021690845 ], [ 302208.393419445492327, 1534535.923786336556077 ], [ 301916.168621878721751, 1533633.066204554866999 ] ], [ [ 276356.810741058550775, 1532936.5223403791897 ], [ 277455.455400403239764, 1532927.038208548910916 ], [ 277747.866361752210651, 1533829.728038123110309 ], [ 276649.237963118823245, 1533839.205405756365508 ], [ 276356.810741058550775, 1532936.5223403791897 ] ], [ [ 279360.517037744284607, 1532005.518478564685211 ], [ 281557.795380052528344, 1531986.864001064561307 ], [ 281849.971919759176672, 1532889.569486030843109 ], [ 278554.093817087705247, 1532917.600858595222235 ], [ 277677.926637048949488, 1530209.58056946657598 ], [ 278776.60752639209386, 1530200.16967575927265 ], [ 279360.517037744284607, 1532005.518478564685211 ] ], [ [ 282656.425343643582892, 1531977.606886832043529 ], [ 283755.049210004624911, 1531968.396520444424823 ], [ 284047.193340628757142, 1532871.115788224851713 ], [ 282948.585674381291028, 1532880.319249654654413 ], [ 282656.425343643582892, 1531977.606886832043529 ] ], [ [ 306824.796587694785558, 1531785.775220378767699 ], [ 307923.294120950275101, 1531777.592973223188892 ], [ 308215.084081582783256, 1532680.471009022090584 ], [ 307116.602554610930383, 1532688.645754702854902 ], [ 306824.796587694785558, 1531785.775220378767699 ] ], [ [ 286467.201669426518492, 1530135.600880581652746 ], [ 287565.833762776106596, 1530126.563530673738569 ], [ 287857.574327417591121, 1531029.287133771693334 ], [ 286758.958384041441604, 1531038.317513928748667 ], [ 286467.201669426518492, 1530135.600880581652746 ] ], [ [ 288888.971730955643579, 1527400.48672509402968 ], [ 289987.6343613343779, 1527391.568409269908443 ], [ 290861.694402646098752, 1530099.731596835888922 ], [ 288664.459895520412829, 1530117.57286763493903 ], [ 288372.904895399464294, 1529214.854041695827618 ], [ 289471.541223348001949, 1529205.903062018333003 ], [ 288888.971730955643579, 1527400.48672509402968 ] ], [ [ 285301.869217312952969, 1526524.851481666322798 ], [ 286400.565836711903103, 1526515.786470538470894 ], [ 286691.628663354902528, 1527418.46316671394743 ], [ 285592.948164384812117, 1527427.521295177051798 ], [ 285301.869217312952969, 1526524.851481666322798 ] ], [ [ 292059.367437844688538, 1520134.886546070920303 ], [ 293158.129098325560335, 1520126.145036428002641 ], [ 293447.877554644539487, 1521028.795119677204639 ], [ 292349.131892540841363, 1521037.529681648127735 ], [ 292059.367437844688538, 1520134.886546070920303 ] ] ], [ [ [ 274290.806860778597184, 1628981.302821834338829 ], [ 275387.866156057920307, 1628971.119940448319539 ], [ 274766.583508293144405, 1627163.665166755905375 ], [ 273669.489601916167885, 1627173.864610614720732 ], [ 274290.806860778597184, 1628981.302821834338829 ] ] ], [ [ [ 297935.262005362194031, 1636931.909468623809516 ], [ 297311.55154860613402, 1635123.90877281781286 ], [ 296214.71987310872646, 1635133.135213974863291 ], [ 296838.464733934379183, 1636941.117952880216762 ], [ 297935.262005362194031, 1636931.909468623809516 ] ] ], [ [ [ 289783.664965691044927, 1645162.098503292305395 ], [ 289470.02838187047746, 1644258.061386123299599 ], [ 288373.312129493919201, 1644267.698499327525496 ], [ 288686.966076110024005, 1645171.726686029229313 ], [ 289783.664965691044927, 1645162.098503292305395 ] ] ], [ [ [ 299653.696923347306438, 1645077.702462970744818 ], [ 298557.049279034021311, 1645086.879141487879679 ], [ 298243.551260792999528, 1644182.769605864305049 ], [ 297146.880756046797615, 1644192.005593087989837 ], [ 297774.080664844950661, 1646000.219827958615497 ], [ 299967.34694511431735, 1645981.834677602862939 ], [ 299653.696923347306438, 1645077.702462970744818 ] ] ], [ [ [ 287435.633023194037378, 1647903.244207689771429 ], [ 287121.436228989216033, 1646999.194075967650861 ], [ 284928.066881104721688, 1647018.766189214773476 ], [ 285556.69951083388878, 1648826.844059861497954 ], [ 286653.352293498581275, 1648817.050696126418188 ], [ 286338.968720548087731, 1647912.996228152653202 ], [ 287435.633023194037378, 1647903.244207689771429 ] ] ], [ [ [ 296837.361946817021817, 1649635.322574489517137 ], [ 296522.96550995670259, 1648731.173153586685658 ], [ 294329.758290591242258, 1648749.905097911134362 ], [ 294644.189439605281223, 1649654.036178685724735 ], [ 296837.361946817021817, 1649635.322574489517137 ] ] ], [ [ [ 285089.385809751693159, 1650644.800739539321512 ], [ 286186.009624583879486, 1650634.974937010323629 ], [ 285871.269883511704393, 1649730.902863085502759 ], [ 284774.628616365313064, 1649740.737602091394365 ], [ 285089.385809751693159, 1650644.800739539321512 ] ] ], [ [ [ 295437.841403939411975, 1655088.482969427248463 ], [ 295122.37701084301807, 1654184.280114603461698 ], [ 294025.863551943039056, 1654193.716811075573787 ], [ 294341.345366952009499, 1655097.91042176191695 ], [ 295437.841403939411975, 1655088.482969427248463 ] ] ], [ [ [ 293244.843648104753811, 1655107.388343215920031 ], [ 293560.512211801717058, 1656011.58624083828181 ], [ 294656.996492282953113, 1656002.117560123559088 ], [ 294341.345366952009499, 1655097.91042176191695 ], [ 293244.843648104753811, 1655107.388343215920031 ] ] ], [ [ [ 291367.526512157346588, 1656030.67509644292295 ], [ 290271.025032350036781, 1656040.295274146599695 ], [ 290902.974908131407574, 1657848.676325774518773 ], [ 289806.502607766480651, 1657858.328669311245903 ], [ 290122.749040322611108, 1658762.53021810692735 ], [ 292315.65288116625743, 1658743.294521190458909 ], [ 291999.441433579311706, 1657839.074538199463859 ], [ 293095.902214423054829, 1657829.523305170238018 ], [ 292148.336217070929706, 1655116.916735186940059 ], [ 293244.843648104753811, 1655107.388343215920031 ], [ 292929.344401791866403, 1654203.203949593007565 ], [ 290736.288906400674023, 1654222.329558366909623 ], [ 291367.526512157346588, 1656030.67509644292295 ] ] ], [ [ [ 292168.906608204473741, 1661465.600473229307681 ], [ 291852.16969613020774, 1660561.349132514093071 ], [ 290755.749908528872766, 1660570.97379415621981 ], [ 291072.504338969825767, 1661475.215860075317323 ], [ 292168.906608204473741, 1661465.600473229307681 ] ] ], [ [ [ 289976.096302224497776, 1661484.881912578595802 ], [ 290293.037594940687995, 1662389.128251404734328 ], [ 291389.428096827468835, 1662379.471470401389524 ], [ 291072.504338969825767, 1661475.215860075317323 ], [ 289976.096302224497776, 1661484.881912578595802 ] ] ], [ [ [ 294995.605688828800339, 1663255.102500478737056 ], [ 296091.95583603560226, 1663245.657885481603444 ], [ 295774.93282661610283, 1662341.351259522838518 ], [ 294678.565175244933926, 1662350.805278087966144 ], [ 294995.605688828800339, 1663255.102500478737056 ] ] ], [ [ [ 291244.877453842316754, 1665101.948585509322584 ], [ 290927.428173358086497, 1664197.661568469135091 ], [ 288734.700012601679191, 1664217.090148015180603 ], [ 289052.184433448477648, 1665121.35856046108529 ], [ 291244.877453842316754, 1665101.948585509322584 ] ] ], [ [ [ 284031.788042011088692, 1663352.338240367360413 ], [ 281838.953953813645057, 1663372.394100754521787 ], [ 282791.724158535420429, 1666085.033864572411403 ], [ 286080.807734359288588, 1666055.10855073411949 ], [ 285763.101172716938891, 1665150.854363089893013 ], [ 287955.829207509057596, 1665131.139714535558596 ], [ 287638.327202293789014, 1664226.880563789978623 ], [ 284349.17348816152662, 1664256.556332454318181 ], [ 284031.788042011088692, 1663352.338240367360413 ] ], [ [ 284666.728303290670738, 1665160.787860474083573 ], [ 283570.349492127657868, 1665170.772141879191622 ], [ 283252.777054745471105, 1664266.549767315154895 ], [ 284349.17348816152662, 1664256.556332454318181 ], [ 284666.728303290670738, 1665160.787860474083573 ] ] ], [ [ [ 291562.496058362419717, 1666006.249200792750344 ], [ 292658.816350343578961, 1665996.62974378047511 ], [ 292976.586706219241023, 1666900.953367325011641 ], [ 294072.883717284887098, 1666891.394128947518766 ], [ 293120.133256219851319, 1664178.435982063645497 ], [ 295312.815503492602147, 1664159.413377465447411 ], [ 294995.605688828800339, 1663255.102500478737056 ], [ 291706.52117950131651, 1663283.740644519682974 ], [ 292341.215308865939733, 1665092.319761772640049 ], [ 291244.877453842316754, 1665101.948585509322584 ], [ 291562.496058362419717, 1666006.249200792750344 ] ] ], [ [ [ 283109.652985980908852, 1666989.273947342764586 ], [ 282791.724158535420429, 1666085.033864572411403 ], [ 281695.35102132265456, 1666095.110595272155479 ], [ 282968.15323563455604, 1669712.114950729068369 ], [ 284064.455709067289717, 1669702.074951241025701 ], [ 284383.062021576566622, 1670606.368935756618157 ], [ 287671.880840157158673, 1670576.58235478727147 ], [ 287353.327521397382952, 1669672.260480409488082 ], [ 286257.042821682407521, 1669682.147717549232766 ], [ 285938.641201056656428, 1668777.848719196626917 ], [ 288131.240023044811096, 1668758.106536147650331 ], [ 287177.157081976532936, 1666045.235067308414727 ], [ 286080.807734359288588, 1666055.10855073411949 ], [ 286398.683652673964389, 1666959.376236872281879 ], [ 283109.652985980908852, 1666989.273947342764586 ] ], [ [ 283427.751188637106679, 1667893.527476450428367 ], [ 284524.083034241339192, 1667883.519931761315092 ], [ 284842.332949500530958, 1668787.796148377936333 ], [ 283746.018763878382742, 1668797.794471280882135 ], [ 283427.751188637106679, 1667893.527476450428367 ] ] ], [ [ [ 282509.297534250305034, 1671530.770403250586241 ], [ 283147.427796006377321, 1673339.388915077550337 ], [ 284243.665439877891913, 1673329.334997169207782 ], [ 284562.966907105525024, 1674233.673856363166124 ], [ 285659.180892153875902, 1674223.680308630689979 ], [ 285978.6340017830953, 1675128.042108052875847 ], [ 284882.437735533632804, 1675138.026293597184122 ], [ 285841.866361666412558, 1677851.165269010001794 ], [ 282553.401641187141649, 1677881.340143470093608 ], [ 282873.603186048974749, 1678785.718876227969304 ], [ 288354.259390361839905, 1678735.730413055978715 ], [ 288034.146627777605318, 1677831.304524658014998 ], [ 286938.009429323894437, 1677841.209313951898366 ], [ 286618.048272995569278, 1676936.806591128930449 ], [ 288810.35228214180097, 1676917.029227348044515 ], [ 289130.277987262466922, 1677821.450899670599028 ], [ 290226.403538001934066, 1677811.648437537951395 ], [ 289267.187534851254895, 1675098.396053130505607 ], [ 288171.008871199854184, 1675108.226989278336987 ], [ 287851.591170620406047, 1674203.846384308068082 ], [ 288947.78752453107154, 1674194.006004796596244 ], [ 288309.495505722472444, 1672385.266910240752622 ], [ 286117.026213232427835, 1672405.036299454048276 ], [ 285798.098862153943628, 1671500.705930071417242 ], [ 284701.837698770221323, 1671510.676444274140522 ], [ 285020.782738017034717, 1672414.997496262425557 ], [ 283924.533336483873427, 1672425.009696492925286 ], [ 283605.570599553873762, 1671520.697934841504321 ], [ 282509.297534250305034, 1671530.770403250586241 ] ], [ [ 286755.388969909981824, 1674213.737818433670327 ], [ 286436.122916694614105, 1673309.380255734547973 ], [ 287532.342810142203234, 1673299.479429269209504 ], [ 287851.591170620406047, 1674203.846384308068082 ], [ 286755.388969909981824, 1674213.737818433670327 ] ] ], [ [ [ 297123.007757633342408, 1678658.410748951369897 ], [ 296803.03655157762114, 1677753.908004386350513 ], [ 295706.945218524720985, 1677763.403519438812509 ], [ 296026.934085881744977, 1678667.896562250796705 ], [ 297123.007757633342408, 1678658.410748951369897 ] ] ], [ [ [ 293834.769858493818901, 1678687.021734383190051 ], [ 294154.963375881314278, 1679591.509299068013206 ], [ 296347.092238179175183, 1679572.403497303836048 ], [ 296026.934085881744977, 1678667.896562250796705 ], [ 294930.854796242201701, 1678677.433556926669553 ], [ 294610.848258090321906, 1677772.950188798829913 ], [ 292418.637334167025983, 1677792.196996069978923 ], [ 292098.764734480413608, 1676887.746696542017162 ], [ 291002.633018242078833, 1676897.456406753044575 ], [ 291642.582917786203325, 1678706.351643293630332 ], [ 293834.769858493818901, 1678687.021734383190051 ] ] ], [ [ [ 298539.198666916287038, 1679553.502529331482947 ], [ 298219.075841716490686, 1678648.976115632103756 ], [ 297123.007757633342408, 1678658.410748951369897 ], [ 297443.148241635877639, 1679562.92740979231894 ], [ 298539.198666916287038, 1679553.502529331482947 ] ] ], [ [ [ 321247.958737688837573, 1709314.279537671245635 ], [ 319057.138062788522802, 1709331.364510014187545 ], [ 319382.853934046521317, 1710236.473234466742724 ], [ 321573.639020412811078, 1710219.409987521823496 ], [ 321899.488407706841826, 1711124.555352891096845 ], [ 322994.855809734668583, 1711116.112826006487012 ], [ 322343.361706485273317, 1709305.815179576398805 ], [ 323438.75980293052271, 1709297.402905203634873 ], [ 322787.977621067198925, 1707487.143148848088458 ], [ 321692.544004332215991, 1707495.577210589544848 ], [ 322017.868303990573622, 1708400.688745737075806 ], [ 320922.447562093613669, 1708409.163982667261735 ], [ 321247.958737688837573, 1709314.279537671245635 ] ] ], [ [ [ 281287.398930931231007, 1496697.246643149293959 ], [ 281002.161872947297525, 1495794.932948516216129 ], [ 283200.574007521965541, 1495776.862786530749872 ], [ 282915.538069297501352, 1494874.547737958841026 ], [ 278518.625839073909447, 1494910.895674802362919 ], [ 278803.725060174241662, 1495813.1857158546336 ], [ 279902.946566840400919, 1495804.036505840718746 ], [ 280188.199457363924012, 1496706.343940872466192 ], [ 281287.398930931231007, 1496697.246643149293959 ] ] ], [ [ [ 275931.220002746791579, 1507599.343237108550966 ], [ 275643.821568800718524, 1506696.945180041948333 ], [ 271247.485549448872916, 1506734.800704131601378 ], [ 271534.948004162113648, 1507637.173727255314589 ], [ 275931.220002746791579, 1507599.343237108550966 ] ] ], [ [ [ 270723.512054360937327, 1508549.124368944438174 ], [ 271822.580011831712909, 1508539.557911332696676 ], [ 271534.948004162113648, 1507637.173727255314589 ], [ 270435.864012094622012, 1507646.74639705568552 ], [ 270723.512054360937327, 1508549.124368944438174 ] ] ], [ [ [ 275931.220002746791579, 1507599.343237108550966 ], [ 276218.787959735433105, 1508501.752540945773944 ], [ 277317.824131022789516, 1508492.416306345723569 ], [ 277605.545610324130394, 1509394.843242627801374 ], [ 278704.559527787263505, 1509385.559444710146636 ], [ 278129.318053732975386, 1507580.704085826640949 ], [ 275931.220002746791579, 1507599.343237108550966 ] ] ], [ [ [ 276506.52543726330623, 1509404.173108065035194 ], [ 276794.432432817178778, 1510306.60495499195531 ], [ 277893.436600189656019, 1510297.28148019942455 ], [ 277605.545610324130394, 1509394.843242627801374 ], [ 276506.52543726330623, 1509404.173108065035194 ] ] ], [ [ [ 268813.206468780117575, 1509470.77217392087914 ], [ 269912.271297809958924, 1509461.119796667480841 ], [ 270200.274511730181985, 1510363.513868862763047 ], [ 269101.22574983316008, 1510373.160045173717663 ], [ 269389.414598714676686, 1511275.559062319109216 ], [ 267191.329736190731637, 1511294.977370472392067 ], [ 267479.720340979518369, 1512197.375143377576023 ], [ 270776.789618086651899, 1512168.335531898541376 ], [ 270488.44728599593509, 1511265.919108445290476 ], [ 277082.508943890570663, 1511209.048098274273798 ], [ 276794.432432817178778, 1510306.60495499195531 ], [ 271299.316810116404667, 1510353.913797011366114 ], [ 270723.512054360937327, 1508549.124368944438174 ], [ 268525.356758085545152, 1508568.395432107616216 ], [ 268813.206468780117575, 1509470.77217392087914 ] ] ], [ [ [ 266958.006392065493856, 1514011.96391769265756 ], [ 266669.26051085779909, 1513109.550062410533428 ], [ 267768.280523502384312, 1513099.784052089089528 ], [ 267479.720340979518369, 1512197.375143377576023 ], [ 266380.684212336549535, 1512207.147337880451232 ], [ 266092.277499036921654, 1511304.7557276354637 ], [ 264993.218683345243335, 1511314.580222122836858 ], [ 265858.995950812008232, 1514021.76994090154767 ], [ 266958.006392065493856, 1514011.96391769265756 ] ] ], [ [ [ 272280.628761583939195, 1520300.165890426374972 ], [ 271990.744373566703871, 1519397.654505451908335 ], [ 270891.850287761422805, 1519407.283864750759676 ], [ 271181.75083389133215, 1520309.788838692940772 ], [ 272280.628761583939195, 1520300.165890426374972 ] ] ], [ [ [ 275122.269819030771032, 1525705.935213615186512 ], [ 274023.495340906840283, 1525715.472674183780327 ], [ 274314.56645570503315, 1526618.06370651605539 ], [ 273215.801843346562237, 1526627.641170787159353 ], [ 273507.058698070759419, 1527530.237063747830689 ], [ 274605.807092772098258, 1527520.666184034198523 ], [ 274897.217249578912742, 1528423.28012354276143 ], [ 275995.943101312150247, 1528413.762497945688665 ], [ 275413.324732460314408, 1526608.532835861900821 ], [ 279808.295101202325895, 1526570.875261233653873 ], [ 279517.304904780408833, 1525668.251008352497593 ], [ 276221.037983592716046, 1525696.444318152498454 ], [ 275639.469074128312059, 1523891.27023839042522 ], [ 274540.668546817440074, 1523900.774302715901285 ], [ 275122.269819030771032, 1525705.935213615186512 ] ] ], [ [ [ 278193.375974656722974, 1528394.867184532806277 ], [ 277902.014439949416555, 1527492.233263521455228 ], [ 276803.284932828741148, 1527501.66428533103317 ], [ 277094.662666044547223, 1528404.291518744314089 ], [ 278193.375974656722974, 1528394.867184532806277 ] ] ], [ [ [ 293058.114304325543344, 1543659.777715999633074 ], [ 292470.09151548857335, 1541853.99526216997765 ], [ 291371.675792097230442, 1541862.893261357210577 ], [ 291959.731061864004005, 1543668.661130432970822 ], [ 293058.114304325543344, 1543659.777715999633074 ] ] ], [ [ [ 267284.731147955637425, 1545691.473609024193138 ], [ 268383.223304371058475, 1545681.520123667316511 ], [ 268088.412239783909172, 1544778.760942460270599 ], [ 266989.903619274962693, 1544788.721152004785836 ], [ 267284.731147955637425, 1545691.473609024193138 ] ] ], [ [ [ 273875.587386276922189, 1545632.460343383485451 ], [ 273580.858507695607841, 1544729.667134972754866 ], [ 272482.382062679505907, 1544739.39160263678059 ], [ 272777.127360546961427, 1545642.177951434627175 ], [ 273875.587386276922189, 1545632.460343383485451 ] ] ], [ [ [ 295843.498794296290725, 1545448.012250709813088 ], [ 295549.096427260548808, 1544545.076160029275343 ], [ 294450.740981742390431, 1544553.858011872973293 ], [ 294745.159589821938425, 1545456.78670096420683 ], [ 295843.498794296290725, 1545448.012250709813088 ] ] ], [ [ [ 295334.504924324457534, 1547262.680361416656524 ], [ 297531.112625266076066, 1547245.208397418726236 ], [ 297236.38777494156966, 1546342.240595947718248 ], [ 295039.747571513406001, 1546359.727478353306651 ], [ 295334.504924324457534, 1547262.680361416656524 ] ] ], [ [ [ 299727.697649678972084, 1547227.92522022081539 ], [ 299433.005266347026918, 1546324.942391894059256 ], [ 298334.699344249209389, 1546333.567909770645201 ], [ 298629.407956642739009, 1547236.543211112730205 ], [ 299727.697649678972084, 1547227.92522022081539 ] ] ], [ [ [ 298416.303290290408768, 1549954.184874623082578 ], [ 298121.070385428378358, 1549051.180519306799397 ], [ 297022.801900455961004, 1549059.877890629693866 ], [ 297318.051074048678856, 1549962.874706997070462 ], [ 298416.303290290408768, 1549954.184874623082578 ] ] ], [ [ [ 295039.747571513406001, 1546359.727478353306651 ], [ 294745.159589821938425, 1545456.78670096420683 ], [ 293646.814636883791536, 1545465.608296286547557 ], [ 293352.379778885864653, 1544562.686981676146388 ], [ 292254.012787891493645, 1544571.563070746371523 ], [ 293137.874300564173609, 1547280.341122572077438 ], [ 292039.550315656233579, 1547289.242305351654068 ], [ 292334.525879408814944, 1548192.185071043670177 ], [ 293432.833574651740491, 1548183.291274636751041 ], [ 294023.260262626339681, 1549989.227885237429291 ], [ 292924.985168668907136, 1549998.106842696433887 ], [ 293220.468889176496305, 1550901.085883459541947 ], [ 289925.65769427572377, 1550927.984273219713941 ], [ 290221.359805625339504, 1551830.953179020667449 ], [ 289123.094043375633191, 1551840.006572145503014 ], [ 289418.981916664983146, 1552742.980167162371799 ], [ 290517.231317000463605, 1552733.934162443736568 ], [ 290813.272225885943044, 1553636.927240914432332 ], [ 291911.499403972760774, 1553627.936043676454574 ], [ 291319.619697008398362, 1551821.947128634899855 ], [ 292417.873748296522535, 1551812.988419653149322 ], [ 292713.712562611268368, 1552715.984261196805164 ], [ 293811.944469420879614, 1552707.08036200935021 ], [ 294404.097551960847341, 1554513.123486342839897 ], [ 293305.898337382124737, 1554522.012379688210785 ], [ 293898.7616236351314, 1556328.089195302454755 ], [ 294996.928116766386665, 1556319.215396433137357 ], [ 294700.428150330670178, 1555416.163334408309311 ], [ 296896.77666744904127, 1555398.542960258200765 ], [ 296304.350201439519878, 1553592.445197629509494 ], [ 295206.146127778454684, 1553601.246820342028514 ], [ 294318.727671514032409, 1550892.214378603501245 ], [ 295416.980697163613513, 1550883.390184082090855 ], [ 293941.418875814706553, 1546368.541677173459902 ], [ 295039.747571513406001, 1546359.727478353306651 ] ] ], [ [ [ 299303.018074155086651, 1552663.271327865077183 ], [ 299007.277137142315041, 1551760.230261394986883 ], [ 297909.057480263290927, 1551768.904949585208669 ], [ 298204.8147079051123, 1552671.938410794129595 ], [ 299303.018074155086651, 1552663.271327865077183 ] ] ], [ [ [ 293305.898337382124737, 1554522.012379688210785 ], [ 293009.72075980680529, 1553618.992242050822824 ], [ 291911.499403972760774, 1553627.936043676454574 ], [ 292207.693340239813551, 1554530.94869442563504 ], [ 293305.898337382124737, 1554522.012379688210785 ] ] ], [ [ [ 279534.468449273728766, 1552826.526075993431732 ], [ 278942.56685707741417, 1551020.721294829854742 ], [ 277844.224249542341568, 1551030.255285611841828 ], [ 278140.106752965017222, 1551933.144652646966279 ], [ 275943.435766960377805, 1551952.340518633602187 ], [ 276535.775087586953305, 1553758.126421491615474 ], [ 275437.46316748787649, 1553767.781300388975069 ], [ 275141.192275053763296, 1552864.889503590064123 ], [ 274042.857576531008817, 1552874.598830038914457 ], [ 274932.228250503656454, 1555583.288485027849674 ], [ 276030.513443007133901, 1555573.600318674696609 ], [ 276624.24168901622761, 1557379.466685141669586 ], [ 279918.96078027546173, 1557350.72998118121177 ], [ 279622.061430502100848, 1556447.769348617177457 ], [ 277425.555239947512746, 1556466.894003664609045 ], [ 276832.198984735761769, 1554661.037101208698004 ], [ 277930.488167790637817, 1554651.436744751641527 ], [ 277634.080754678463563, 1553748.51895749871619 ], [ 278732.380199532897677, 1553738.958906986285001 ], [ 278436.158737144200131, 1552836.04585401294753 ], [ 279534.468449273728766, 1552826.526075993431732 ] ] ], [ [ [ 282709.650460410164669, 1559137.795980723574758 ], [ 282412.445178806083277, 1558234.796881827758625 ], [ 280216.029595525469631, 1558253.702552027301863 ], [ 280513.267873714445159, 1559156.68707854882814 ], [ 282709.650460410164669, 1559137.795980723574758 ] ] ], [ [ [ 292684.928688421379775, 1562676.490369509905577 ], [ 292387.177500316232909, 1561773.383010457735509 ], [ 293485.26287942007184, 1561764.412109243916348 ], [ 293782.997625260031782, 1562667.527100890642032 ], [ 294881.060798549791798, 1562658.611500246450305 ], [ 294583.342486008594278, 1561755.488848901586607 ], [ 295681.416350814979523, 1561746.613228110130876 ], [ 295383.883820445043966, 1560843.49520486802794 ], [ 294285.793538574886043, 1560852.378490194445476 ], [ 293988.413958755030762, 1559949.28040649346076 ], [ 292890.301507418393157, 1559958.218919443432242 ], [ 292593.074886287096888, 1559055.140686071943492 ], [ 293691.203749059233814, 1559046.194580184528604 ], [ 293394.162911992403679, 1558143.120993675198406 ], [ 294492.302401324966922, 1558134.214848209638149 ], [ 294195.447327305562794, 1557231.145908321952447 ], [ 293097.291450068587437, 1557240.059629390481859 ], [ 292207.693340239813551, 1554530.94869442563504 ], [ 291109.482529772096314, 1554539.9324318789877 ], [ 291702.411312498035841, 1556345.979221171932295 ], [ 290604.227432989748195, 1556354.995450822170824 ], [ 290900.962305288296193, 1557258.029584941454232 ], [ 289802.788976248644758, 1557267.085822086082771 ], [ 290099.709655539481901, 1558170.124622182687744 ], [ 283510.643827494932339, 1558225.415364498039708 ], [ 283807.83262428524904, 1559128.421790219377726 ], [ 284906.008742839912884, 1559119.09517013351433 ], [ 285500.861675469903275, 1560925.158932870253921 ], [ 286598.998823778238147, 1560915.894710541004315 ], [ 286301.504124681756366, 1560012.849363955669105 ], [ 289595.929287915700115, 1559985.319983618333936 ], [ 291084.849772970075719, 1564500.78094744682312 ], [ 292182.897386818774976, 1564491.737562525086105 ], [ 291586.853957306244411, 1562685.501307432539761 ], [ 292684.928688421379775, 1562676.490369509905577 ] ], [ [ 291289.086317970999517, 1561782.401553872507066 ], [ 290991.488065607729368, 1560879.314026148756966 ], [ 292089.595691889815498, 1560870.287899508373812 ], [ 292387.177500316232909, 1561773.383010457735509 ], [ 291289.086317970999517, 1561782.401553872507066 ] ], [ [ 291494.940224139078055, 1559064.134351521730423 ], [ 291197.866569843958132, 1558161.075879331678152 ], [ 292296.017645080108196, 1558152.074670273810625 ], [ 292593.074886287096888, 1559055.140686071943492 ], [ 291494.940224139078055, 1559064.134351521730423 ] ], [ [ 291792.183265659725294, 1559967.205019059125334 ], [ 290694.059202737058513, 1559976.238706670934334 ], [ 290396.799731874605641, 1559073.175577866612002 ], [ 291494.940224139078055, 1559064.134351521730423 ], [ 291792.183265659725294, 1559967.205019059125334 ] ] ], [ [ [ 282709.650460410164669, 1559137.795980723574758 ], [ 283304.569358271779492, 1560943.830248587531969 ], [ 284402.718530545127578, 1560934.470778425922617 ], [ 283807.83262428524904, 1559128.421790219377726 ], [ 282709.650460410164669, 1559137.795980723574758 ] ] ], [ [ [ 284700.415634943405166, 1561837.513375873444602 ], [ 285798.542282078065909, 1561828.208950955886394 ], [ 285500.861675469903275, 1560925.158932870253921 ], [ 284402.718530545127578, 1560934.470778425922617 ], [ 284700.415634943405166, 1561837.513375873444602 ] ] ], [ [ [ 297877.546977978548966, 1561729.004899927182123 ], [ 297580.047254888399038, 1560825.871466296492144 ], [ 296481.9683823051746, 1560834.659530671313405 ], [ 296779.484504560939968, 1561737.78524555452168 ], [ 297877.546977978548966, 1561729.004899927182123 ] ] ], [ [ [ 272620.618542628770228, 1561943.007370412815362 ], [ 270424.210363168967888, 1561962.807715803617612 ], [ 270126.297968013037462, 1561059.85912153380923 ], [ 269028.06764269375708, 1561069.837840314023197 ], [ 269325.996661855722778, 1561972.779393154894933 ], [ 268227.776511831325479, 1561982.798742243787274 ], [ 268525.891704915848095, 1562885.745038967113942 ], [ 267427.681724896130618, 1562895.805051736999303 ], [ 267129.549882345250808, 1561992.865764555288479 ], [ 264933.077062010881491, 1562013.142834818921983 ], [ 265529.576959708705544, 1563819.005242186365649 ], [ 267725.983113098656759, 1563798.756092198193073 ], [ 268920.88407069479581, 1567410.678133729845285 ], [ 271117.130890263302717, 1567390.676708244020119 ], [ 270519.408047817065381, 1565584.663583009038121 ], [ 269421.254503577016294, 1565594.654651888646185 ], [ 268824.176436291832943, 1563788.703111249720678 ], [ 271020.54372936434811, 1563768.740329998545349 ], [ 270722.29228448017966, 1562865.768112840829417 ], [ 271820.48294550110586, 1562855.851196525385603 ], [ 272417.1220895802835, 1564661.821716736769304 ], [ 273515.273123822058551, 1564651.966798856621608 ], [ 273813.830328449781518, 1565554.977050781715661 ], [ 274911.958407058031298, 1565545.17709329049103 ], [ 274613.417828700970858, 1564642.159629547270015 ], [ 275711.556234944378957, 1564632.400207355851308 ], [ 275413.2017628729227, 1563729.387448824709281 ], [ 274315.046746735926718, 1563739.154087608680129 ], [ 274016.845163735444658, 1562836.160450043622404 ], [ 275115.016782420279924, 1562826.386616960400715 ], [ 274519.155306650849525, 1561020.420663550728932 ], [ 275617.353804382961243, 1561010.680146035738289 ], [ 275319.693885685468558, 1560107.707835114328191 ], [ 276417.902672615717165, 1560098.007771827979013 ], [ 277013.358869689865969, 1561903.978675959166139 ], [ 275915.183215055381879, 1561913.664353658445179 ], [ 276809.688373287383001, 1564622.688530837418512 ], [ 277907.81427445274312, 1564613.024598552379757 ], [ 278206.305028248461895, 1565516.063860248308629 ], [ 279304.408132845303044, 1565506.454990920610726 ], [ 279603.051761037670076, 1566409.51360131171532 ], [ 280701.132110527541954, 1566399.959870011080056 ], [ 280402.505070751300082, 1565496.893890057690442 ], [ 282598.680569368880242, 1565477.914988070027903 ], [ 282300.25612191617256, 1564574.846283231163397 ], [ 284496.440421485283878, 1564556.043554094387218 ], [ 284198.218503594514914, 1563652.972087719244882 ], [ 285296.318133588763885, 1563643.634865004336461 ], [ 284998.282170136924833, 1562740.568065556464717 ], [ 283900.166018733463716, 1562749.912726362468675 ], [ 283602.282969446852803, 1561846.865452490979806 ], [ 281405.999460431979969, 1561865.712566372472793 ], [ 281108.25280871335417, 1560962.692068281117827 ], [ 280010.085369949229062, 1560972.194420607062057 ], [ 279712.491647084942088, 1560069.193220499670133 ], [ 278614.301522568799555, 1560078.750465947436169 ], [ 278316.860736767412163, 1559175.768474804237485 ], [ 275022.203461521246936, 1559204.747403511311859 ], [ 274427.731107039260678, 1557398.862108831992373 ], [ 273329.466367431683466, 1557408.631111291935667 ], [ 273626.63434428407345, 1558311.560748421354219 ], [ 272528.379823035444133, 1558321.370219065574929 ], [ 272231.195287728041876, 1557418.447642756858841 ], [ 270034.633985000778921, 1557438.223298525903374 ], [ 269737.585837398539297, 1556535.326501104980707 ], [ 267540.965639843023382, 1556555.306178115308285 ], [ 268135.297812072327361, 1558361.083691699663177 ], [ 270331.851664264861029, 1558341.131834439700469 ], [ 270926.795607498730533, 1560146.9841908456292 ], [ 272025.029708113346715, 1560137.093683622544631 ], [ 272620.618542628770228, 1561943.007370412815362 ] ], [ [ 281202.154862177092582, 1564584.319252823246643 ], [ 280903.883304104558192, 1563681.270005052676424 ], [ 282002.001119580003433, 1563671.789656349923462 ], [ 282300.25612191617256, 1564574.846283231163397 ], [ 281202.154862177092582, 1564584.319252823246643 ] ], [ [ 272825.733872711192816, 1559224.30459556216374 ], [ 271727.489564453135245, 1559234.154567797435448 ], [ 271430.118939948326442, 1558331.227247251430526 ], [ 272528.379823035444133, 1558321.370219065574929 ], [ 272825.733872711192816, 1559224.30459556216374 ] ], [ [ 278111.528290808084421, 1561894.340659804875031 ], [ 279209.691509143332951, 1561884.75030376855284 ], [ 279507.640704818069935, 1562787.7681853112299 ], [ 278409.494045596686192, 1562797.351260988041759 ], [ 278111.528290808084421, 1561894.340659804875031 ] ] ], [ [ [ 296779.484504560939968, 1561737.78524555452168 ], [ 295681.416350814979523, 1561746.613228110130876 ], [ 295979.118239008705132, 1562649.743566257180646 ], [ 294881.060798549791798, 1562658.611500246450305 ], [ 295477.005508905043826, 1564464.893751474563032 ], [ 297673.048964576679282, 1564447.236483968561515 ], [ 296779.484504560939968, 1561737.78524555452168 ] ] ], [ [ [ 294378.975224067689851, 1564473.793965867953375 ], [ 293782.997625260031782, 1562667.527100890642032 ], [ 292684.928688421379775, 1562676.490369509905577 ], [ 293280.939193613012321, 1564482.741902443114668 ], [ 294378.975224067689851, 1564473.793965867953375 ] ] ], [ [ [ 277108.195726235164329, 1565525.720499464776367 ], [ 276809.688373287383001, 1564622.688530837418512 ], [ 275711.556234944378957, 1564632.400207355851308 ], [ 276010.080196079041343, 1565535.424909999826923 ], [ 277108.195726235164329, 1565525.720499464776367 ] ] ], [ [ [ 294975.630282293597702, 1566280.110124232247472 ], [ 296073.627649570349604, 1566271.225385321304202 ], [ 295775.231901702936739, 1565368.053386718267575 ], [ 294677.218072008050513, 1565376.945874531054869 ], [ 294975.630282293597702, 1566280.110124232247472 ] ] ], [ [ [ 290285.105079611588735, 1565412.993331909878179 ], [ 290882.230768008739688, 1567219.272651551989838 ], [ 291980.234724622045178, 1567210.204461951740086 ], [ 291681.603691571566742, 1566307.051004595356062 ], [ 292779.618334001861513, 1566298.02293254272081 ], [ 293078.232870420673862, 1567201.184079830069095 ], [ 295274.211852403415833, 1567183.286732684122398 ], [ 294975.630282293597702, 1566280.110124232247472 ], [ 293877.627187341218814, 1566289.042639531893656 ], [ 293579.198505666456185, 1565385.886111628962681 ], [ 290285.105079611588735, 1565412.993331909878179 ] ] ], [ [ [ 276308.773643710301258, 1566438.461574220797047 ], [ 276010.080196079041343, 1565535.424909999826923 ], [ 274911.958407058031298, 1565545.17709329049103 ], [ 275509.548042694106698, 1567351.247856013709679 ], [ 274411.453238623798825, 1567361.033322891918942 ], [ 275309.158817629737314, 1570070.207413839409128 ], [ 277505.242247886955738, 1570050.728196827927604 ], [ 277205.870879922294989, 1569147.643511272734031 ], [ 276107.815633099467959, 1569157.366515614790842 ], [ 275808.597094833501615, 1568254.301189952995628 ], [ 276906.668988194142003, 1568244.570857344660908 ], [ 276607.636575266718864, 1567341.510217500850558 ], [ 277705.718867064220831, 1567331.820405910722911 ], [ 277406.872558348462917, 1566428.764451991068199 ], [ 276308.773643710301258, 1566438.461574220797047 ] ] ], [ [ [ 283196.037789429188706, 1567284.088701823260635 ], [ 284294.083281580591574, 1567274.685821881983429 ], [ 283696.759191522432957, 1565468.497184134554118 ], [ 282598.680569368880242, 1565477.914988070027903 ], [ 282897.274459388572723, 1566380.995788413099945 ], [ 280701.132110527541954, 1566399.959870011080056 ], [ 281298.894551459234208, 1568206.128052669810131 ], [ 280200.847400746657513, 1568215.666977828135714 ], [ 279603.051761037670076, 1566409.51360131171532 ], [ 278504.965253884438425, 1566419.115128164179623 ], [ 278803.794948800525162, 1567322.178419808158651 ], [ 277705.718867064220831, 1567331.820405910722911 ], [ 278902.798816751630511, 1570944.164586157305166 ], [ 280000.808370112325065, 1570934.552174570970237 ], [ 279701.300823652767576, 1570031.440612515900284 ], [ 280799.320867862203158, 1570021.868679047562182 ], [ 280499.999407155497465, 1569118.761779061285779 ], [ 282696.054388027871028, 1569099.746677360031754 ], [ 282396.93559329083655, 1568196.636975824600086 ], [ 283494.970556948217563, 1568187.193745886906981 ], [ 283196.037789429188706, 1567284.088701823260635 ] ] ], [ [ [ 286888.315048978314735, 1571781.053176274057478 ], [ 287188.061749866174068, 1572684.234380051493645 ], [ 288285.99576428742148, 1572674.972766664111987 ], [ 287986.265657763229683, 1571771.783901243237779 ], [ 289084.210347286309116, 1571762.562575944932178 ], [ 288485.291494276956655, 1569956.20637548295781 ], [ 286289.32988026808016, 1569974.727542102104053 ], [ 285691.022372571111191, 1568168.450821148697287 ], [ 284592.999473139760084, 1568177.798361458815634 ], [ 285790.358490244136192, 1571790.370402410393581 ], [ 286888.315048978314735, 1571781.053176274057478 ] ] ], [ [ [ 279202.492470069730189, 1571847.280810181982815 ], [ 278902.798816751630511, 1570944.164586157305166 ], [ 276706.76115773525089, 1570963.533212237991393 ], [ 277006.488138972315937, 1571866.634618311887607 ], [ 279202.492470069730189, 1571847.280810181982815 ] ] ], [ [ [ 287788.063371997443028, 1574490.633649625582621 ], [ 288885.964175865869038, 1574481.387426828732714 ], [ 288585.895271167042665, 1573578.173935939092189 ], [ 287487.977858383907005, 1573587.427865252830088 ], [ 287788.063371997443028, 1574490.633649625582621 ] ] ], [ [ [ 281606.142085986095481, 1579072.647930085659027 ], [ 281305.09281449142145, 1578169.43435701681301 ], [ 282402.968960541766137, 1578159.882170664612204 ], [ 281500.887898594141006, 1575450.292011245619506 ], [ 280402.961670097778551, 1575459.866950523108244 ], [ 280703.502603985951282, 1576363.043884974671528 ], [ 279605.586942880705465, 1576372.659358766628429 ], [ 280508.27655642706668, 1579082.240664711687714 ], [ 281606.142085986095481, 1579072.647930085659027 ] ] ], [ [ [ 309953.798417359474115, 1581558.797959562856704 ], [ 310556.590251258458011, 1583365.738422619877383 ], [ 311654.22482399479486, 1583357.439737065928057 ], [ 311352.760801060823724, 1582453.954643857199699 ], [ 312450.406633438309655, 1582445.695790352998301 ], [ 312149.12835582124535, 1581542.215179749531671 ], [ 311051.46602071588859, 1581550.48245739005506 ], [ 310750.340485446213279, 1580647.023159463191405 ], [ 308554.966961794008967, 1580663.719111358048394 ], [ 308856.125515112653375, 1581567.161687498679385 ], [ 309953.798417359474115, 1581558.797959562856704 ] ] ], [ [ [ 309760.616721855476499, 1584277.56654906552285 ], [ 309157.453327890078072, 1582470.617107044439763 ], [ 308059.791625833546277, 1582479.020719192689285 ], [ 308662.988100807182491, 1584285.953407880384475 ], [ 309760.616721855476499, 1584277.56654906552285 ] ] ], [ [ [ 311160.05907432641834, 1585172.730495164636523 ], [ 310858.240040387783665, 1584269.227998595684767 ], [ 309760.616721855476499, 1584277.56654906552285 ], [ 310062.452298072050326, 1585181.060607946943492 ], [ 311160.05907432641834, 1585172.730495164636523 ] ] ], [ [ [ 286518.621539241634309, 1587183.222067563096061 ], [ 286216.080932375974953, 1586279.881924916990101 ], [ 285118.361415426479653, 1586289.316242528380826 ], [ 285420.918787309841719, 1587192.64852555654943 ], [ 286518.621539241634309, 1587183.222067563096061 ] ] ], [ [ [ 309266.861612501787022, 1586092.93759809108451 ], [ 309871.412140984088182, 1587899.973435653373599 ], [ 310968.974513788241893, 1587891.62035491829738 ], [ 310364.457123791100457, 1586084.567583044525236 ], [ 309266.861612501787022, 1586092.93759809108451 ] ] ], [ [ [ 309266.861612501787022, 1586092.93759809108451 ], [ 308662.988100807182491, 1584285.953407880384475 ], [ 307565.354146622237749, 1584294.388576280325651 ], [ 307867.222834424173925, 1585197.865841129794717 ], [ 306769.600085796788335, 1585206.340964016737416 ], [ 307978.833799986052327, 1588820.345263738650829 ], [ 306881.272051264066249, 1588828.835182528011501 ], [ 308396.705692736722995, 1593346.58898507617414 ], [ 307299.221752566634677, 1593355.085048869485036 ], [ 307602.832917355466634, 1594258.666177692590281 ], [ 306505.360280251479708, 1594267.202325346181169 ], [ 306809.15738090488594, 1595170.787915385095403 ], [ 307906.613342573517002, 1595162.260292340768501 ], [ 308210.563025718205608, 1596065.867411195999011 ], [ 309307.996966779930517, 1596057.397002571728081 ], [ 308700.30019832146354, 1594250.178642858751118 ], [ 309797.762153733638115, 1594241.739719590405002 ], [ 308281.565387475653552, 1589723.878596298629418 ], [ 309379.105181707243901, 1589715.445594748482108 ], [ 308169.260786102968268, 1586101.355976951541379 ], [ 309266.861612501787022, 1586092.93759809108451 ] ] ], [ [ [ 305711.696041584247723, 1595179.364179620984942 ], [ 306624.153020617901348, 1597890.173282723641023 ], [ 307721.564263416919857, 1597881.622647676616907 ], [ 307417.25937499513384, 1596977.998058154946193 ], [ 308514.681964292889461, 1596969.487552657956257 ], [ 308210.563025718205608, 1596065.867411195999011 ], [ 307113.123746652621776, 1596074.386486859759316 ], [ 306809.15738090488594, 1595170.787915385095403 ], [ 305711.696041584247723, 1595179.364179620984942 ] ] ], [ [ [ 307482.174632489855867, 1606944.12675315910019 ], [ 308579.429032377374824, 1606935.565042703412473 ], [ 307967.53645057848189, 1605128.10174744320102 ], [ 306870.248466397693846, 1605136.680915746605024 ], [ 307482.174632489855867, 1606944.12675315910019 ] ] ], [ [ [ 315468.944305524928495, 1607789.028206544695422 ], [ 316566.145363622810692, 1607780.818395886104554 ], [ 316260.062566120759584, 1606877.004890923155472 ], [ 315162.844768924056552, 1606885.223654703935608 ], [ 315468.944305524928495, 1607789.028206544695422 ] ] ], [ [ [ 310289.214086102321744, 1608734.585931922309101 ], [ 311386.424299086793326, 1608726.139870528131723 ], [ 311999.603607153054327, 1610533.744169435463846 ], [ 313096.774992257822305, 1610525.364960084203631 ], [ 313403.601677314378321, 1611429.195981847355142 ], [ 311209.287301189033315, 1611445.985656497301534 ], [ 311516.316830463940278, 1612349.812124562915415 ], [ 314807.730171011644416, 1612324.728183977305889 ], [ 314193.941184860828798, 1610517.034851547796279 ], [ 315291.102215465274639, 1610508.753842594800517 ], [ 315597.895319902221672, 1611412.602818910032511 ], [ 316695.034442379139364, 1611404.379926265683025 ], [ 316081.650980847538449, 1609596.677326464327052 ], [ 314984.478312195977196, 1609604.918231998570263 ], [ 314678.023612590972334, 1608701.095968375913799 ], [ 313580.829031811328605, 1608709.394889991497621 ], [ 313274.526773951540235, 1607805.594876472838223 ], [ 314371.738119141082279, 1607797.287033000495285 ], [ 314065.621834345511161, 1606893.491407166002318 ], [ 315162.844768924056552, 1606885.223654703935608 ], [ 314551.153310308523942, 1605077.654473764123395 ], [ 313453.896900702500716, 1605085.940009400015697 ], [ 313759.674760700610932, 1605989.709072187775746 ], [ 311565.179847858264111, 1606006.409272820455953 ], [ 310953.726367880473845, 1604198.91971273557283 ], [ 309856.437554278760217, 1604207.360834955703467 ], [ 310162.096433177939616, 1605111.090235291747376 ], [ 309064.819095992716029, 1605119.571521045872942 ], [ 310289.214086102321744, 1608734.585931922309101 ] ], [ [ 313887.300502947473433, 1609613.208208778873086 ], [ 312790.117522590095177, 1609621.547258029691875 ], [ 312483.629270815639757, 1608717.742856964236125 ], [ 313580.829031811328605, 1608709.394889991497621 ], [ 313887.300502947473433, 1609613.208208778873086 ] ] ], [ [ [ 306269.82388409646228, 1625985.510946203954518 ], [ 305172.881715509807691, 1625994.280354135436937 ], [ 305792.864299942739308, 1627802.194078484317288 ], [ 307986.675166770000942, 1627784.741065360140055 ], [ 307676.633303205715492, 1626880.759375789901242 ], [ 308773.547751171980053, 1626872.098203396191821 ], [ 307535.140719879302196, 1623256.26932730502449 ], [ 306438.15828552498715, 1623264.966703667072579 ], [ 306747.523169397260062, 1624168.894796619424596 ], [ 305650.552361109876074, 1624177.632676825858653 ], [ 306269.82388409646228, 1625985.510946203954518 ] ] ], [ [ [ 304366.424651900539175, 1633252.64573419210501 ], [ 303744.308553655049764, 1631444.625527419149876 ], [ 302647.447074973024428, 1631453.539361792616546 ], [ 303269.597390670212917, 1633261.541419303743169 ], [ 304366.424651900539175, 1633252.64573419210501 ] ] ], [ [ [ 299193.631167969724629, 1634201.607143343193457 ], [ 298882.233539925422519, 1633297.622160803060979 ], [ 297785.378723695408553, 1633306.766853097127751 ], [ 298096.79351744952146, 1634210.742861443432048 ], [ 299193.631167969724629, 1634201.607143343193457 ] ] ], [ [ [ 310473.102452218998224, 1635017.080253537278622 ], [ 311569.863516373094171, 1635008.501901634968817 ], [ 310947.275469083571807, 1633200.31732494267635 ], [ 309850.480270126019605, 1633208.914244673680514 ], [ 310473.102452218998224, 1635017.080253537278622 ] ] ], [ [ [ 303580.926448623009492, 1634165.562569507397711 ], [ 303269.597390670212917, 1633261.541419303743169 ], [ 302172.764679275103845, 1633270.486903196200728 ], [ 302795.626322846568655, 1635078.524454794125631 ], [ 304989.217785352258943, 1635060.719716906081885 ], [ 304677.736590499291196, 1634156.675994041142985 ], [ 303580.926448623009492, 1634165.562569507397711 ] ] ], [ [ [ 299344.145654867053963, 1637826.780313207302243 ], [ 299032.053681281337049, 1636922.750899520004168 ], [ 297935.262005362194031, 1636931.909468623809516 ], [ 298247.371182328672148, 1637835.929841680685058 ], [ 299344.145654867053963, 1637826.780313207302243 ] ] ], [ [ [ 308430.267892180127092, 1638659.498145694145933 ], [ 309526.976329791650642, 1638650.807345374021679 ], [ 309214.869543960783631, 1637746.681737329345196 ], [ 308118.143979415646754, 1637755.38184552709572 ], [ 308430.267892180127092, 1638659.498145694145933 ] ] ], [ [ [ 310464.312011226429604, 1641363.266019099857658 ], [ 309839.25233796867542, 1639554.946582213044167 ], [ 308742.561034354148433, 1639563.628051226260141 ], [ 308430.267892180127092, 1638659.498145694145933 ], [ 307333.55415119510144, 1638668.238903466612101 ], [ 307958.343955993943382, 1640476.493707220535725 ], [ 309055.023403396422509, 1640467.771581310313195 ], [ 309367.654996765777469, 1641371.928755152970552 ], [ 310464.312011226429604, 1641363.266019099857658 ] ] ], [ [ [ 306989.534232396632433, 1508257.736869404325262 ], [ 305890.656334632541984, 1508265.830477033508942 ], [ 305603.517066321568564, 1507363.240268734050915 ], [ 304504.617944498430006, 1507371.386935881339014 ], [ 304791.772977180313319, 1508273.970091432100162 ], [ 300396.184331686294172, 1508306.988640991738066 ], [ 300683.571865576144774, 1509209.555592405609787 ], [ 302881.345689174719155, 1509192.968255318468437 ], [ 303168.870958769926801, 1510095.560960606206208 ], [ 304267.733742883312516, 1510087.343390428693965 ], [ 304555.412546082166955, 1510989.954970865743235 ], [ 306753.090050895465538, 1510973.67222690791823 ], [ 306465.442829348088708, 1510071.046439218800515 ], [ 307564.289193564385641, 1510062.967055766610429 ], [ 308139.721386536897626, 1511868.24483493110165 ], [ 309238.530793628422543, 1511860.225875734118745 ], [ 308375.683772375690751, 1509152.305548370117322 ], [ 307276.827057793154381, 1509160.346021950012073 ], [ 306989.534232396632433, 1508257.736869404325262 ] ], [ [ 303980.224269746628124, 1509184.743643704336137 ], [ 305079.097337414161302, 1509176.565068413736299 ], [ 305366.591022765031084, 1510079.171883703907952 ], [ 304267.733742883312516, 1510087.343390428693965 ], [ 303980.224269746628124, 1509184.743643704336137 ] ] ], [ [ [ 288648.455346872913651, 1512923.004355433862656 ], [ 289747.350639309850521, 1512914.16187992808409 ], [ 290035.759773329889867, 1513816.711746376473457 ], [ 291134.633215405803639, 1513807.922208277508616 ], [ 290269.961889815400355, 1511100.287081017624587 ], [ 289171.040652425028384, 1511109.096879246179014 ], [ 288883.139804514008574, 1510206.581711529521272 ], [ 289982.076958846126217, 1510197.765202957903966 ], [ 289694.361454105295707, 1509295.254879185697064 ], [ 287496.449380324746016, 1509312.947328066686168 ], [ 288648.455346872913651, 1512923.004355433862656 ] ] ], [ [ [ 294142.873006627371069, 1512879.253589878091589 ], [ 293044.001173302065581, 1512887.911423193057999 ], [ 293332.362515961634926, 1513790.481695709284395 ], [ 294431.218436291324906, 1513781.830718651879579 ], [ 294142.873006627371069, 1512879.253589878091589 ] ] ], [ [ [ 296340.599341851077043, 1512862.076393921626732 ], [ 295241.73905250011012, 1512870.641913880361244 ], [ 295530.068577893194743, 1513773.225926030194387 ], [ 294431.218436291324906, 1513781.830718651879579 ], [ 294719.733260090404656, 1514684.419533374952152 ], [ 296917.395980867790058, 1514667.269968258915469 ], [ 296340.599341851077043, 1512862.076393921626732 ] ] ], [ [ [ 291423.195826584007591, 1514710.49047093722038 ], [ 291711.927851628570352, 1515613.070371701847762 ], [ 292810.763539078063332, 1515604.340690615354106 ], [ 293099.649022860743571, 1516506.939113012515008 ], [ 294198.462943277321756, 1516498.262566995806992 ], [ 293909.593403418315575, 1515595.657250773860142 ], [ 295008.417475559108425, 1515587.020050888648257 ], [ 294719.733260090404656, 1514684.419533374952152 ], [ 293620.893260158365592, 1514693.063632627483457 ], [ 293332.362515961634926, 1513790.481695709284395 ], [ 292233.500785976066254, 1513799.178858487633988 ], [ 292522.047459294088185, 1514701.753944718278944 ], [ 291423.195826584007591, 1514710.49047093722038 ] ] ], [ [ [ 296685.080522227101028, 1517383.679218247067183 ], [ 296396.073464650660753, 1516481.048274902859703 ], [ 294198.462943277321756, 1516498.262566995806992 ], [ 294487.501877268834505, 1517400.87959815794602 ], [ 296685.080522227101028, 1517383.679218247067183 ] ] ], [ [ [ 293388.703908167255577, 1517409.549228761112317 ], [ 293677.928192524123006, 1518312.171054730890319 ], [ 294776.710202922462486, 1518303.508361143292859 ], [ 294487.501877268834505, 1517400.87959815794602 ], [ 293388.703908167255577, 1517409.549228761112317 ] ] ], [ [ [ 299461.094831714115571, 1519171.989404565887526 ], [ 300559.832398886384908, 1519163.565399040700868 ], [ 300270.534383383404929, 1518260.889687380287796 ], [ 299171.780893809744157, 1518269.320787137839943 ], [ 299461.094831714115571, 1519171.989404565887526 ] ] ], [ [ [ 298651.850864547304809, 1520083.133134301519021 ], [ 298362.351630916935392, 1519180.459753449307755 ], [ 296164.848204846552107, 1519197.539486325811595 ], [ 296454.379341700579971, 1520100.198771061375737 ], [ 298651.850864547304809, 1520083.133134301519021 ] ] ], [ [ [ 307212.004055430938024, 1522733.106827315408736 ], [ 306922.108283456473146, 1521830.347207330865785 ], [ 308020.765043376130052, 1521822.223136746324599 ], [ 307441.513196046813391, 1520016.725357146468014 ], [ 306342.824659211037215, 1520024.86404991382733 ], [ 306632.381817238463555, 1520927.599620567867532 ], [ 305533.703734376234934, 1520935.777403291547671 ], [ 306113.357781606144272, 1522741.269998787203804 ], [ 307212.004055430938024, 1522733.106827315408736 ] ] ], [ [ [ 303626.10534758499125, 1521854.997928030323237 ], [ 303336.331152652623132, 1520952.272144256392494 ], [ 302237.636592015624046, 1520960.589104945072904 ], [ 302527.426713973167352, 1521863.307675309479237 ], [ 303626.10534758499125, 1521854.997928030323237 ] ] ], [ [ [ 297614.197633298288565, 1523710.954122084891424 ], [ 297323.989003701251931, 1522808.247518537333235 ], [ 296225.292619798274245, 1522816.828745635924861 ], [ 296515.517243621696252, 1523719.528255151119083 ], [ 297614.197633298288565, 1523710.954122084891424 ] ] ], [ [ [ 296805.91124183346983, 1524622.239615192869678 ], [ 296515.517243621696252, 1523719.528255151119083 ], [ 294318.139293036190793, 1523736.815974614815786 ], [ 294608.565320734167472, 1524639.513184549985453 ], [ 296805.91124183346983, 1524622.239615192869678 ] ] ], [ [ [ 302299.176753045001533, 1524579.869614549446851 ], [ 302589.660166035173461, 1525482.628800556063652 ], [ 303688.280528731353115, 1525474.301593017298728 ], [ 303978.917301905574277, 1526377.080067027825862 ], [ 306176.109607388381846, 1526360.579913855297491 ], [ 305304.802978601190262, 1523652.236637121066451 ], [ 306403.438772424531635, 1523644.034330977592617 ], [ 306113.357781606144272, 1522741.269998787203804 ], [ 305014.706063525285572, 1522749.479615947464481 ], [ 304724.778466445510276, 1521846.734601757256314 ], [ 303626.10534758499125, 1521854.997928030323237 ], [ 304496.443889337708242, 1524563.247156989760697 ], [ 302299.176753045001533, 1524579.869614549446851 ] ] ], [ [ [ 300166.375906770466827, 1528216.17384554608725 ], [ 303462.126391320023686, 1528190.978386533679441 ], [ 303171.134987625351641, 1527288.18316940125078 ], [ 299875.336488947505131, 1527313.400480460608378 ], [ 300166.375906770466827, 1528216.17384554608725 ] ] ], [ [ [ 307048.940010169055313, 1529069.03187095024623 ], [ 306466.883770017651841, 1527263.385134368436411 ], [ 305368.306315146677662, 1527271.604561876039952 ], [ 305950.394501972012222, 1529077.236491666873917 ], [ 307048.940010169055313, 1529069.03187095024623 ] ] ], [ [ [ 296938.071254219219554, 1531861.517965337261558 ], [ 296646.290202526841313, 1530958.725684588775039 ], [ 295547.721009352826513, 1530967.382389861624688 ], [ 295839.51814785314491, 1531870.167462165933102 ], [ 296938.071254219219554, 1531861.517965337261558 ] ] ], [ [ [ 314291.339532329584472, 1534446.167270388454199 ], [ 315389.75731910741888, 1534438.288372635608539 ], [ 315097.724720052327029, 1533535.340086150914431 ], [ 313999.29096494615078, 1533543.226691842311993 ], [ 314291.339532329584472, 1534446.167270388454199 ] ] ], [ [ [ 316559.580115535121877, 1538050.205315058352426 ], [ 315974.330242133000866, 1536244.222049626754597 ], [ 314875.944413874065503, 1536252.085465907817706 ], [ 315461.226274920278229, 1538058.053162315161899 ], [ 316559.580115535121877, 1538050.205315058352426 ] ] ], [ [ [ 306967.229909415938891, 1539025.465409447904676 ], [ 306674.206763740745373, 1538122.524517019512132 ], [ 305575.805264334951062, 1538130.794526359532028 ], [ 305868.844493813347071, 1539033.727845573332161 ], [ 306967.229909415938891, 1539025.465409447904676 ] ] ], [ [ [ 316047.185096025350504, 1539864.070499459281564 ], [ 315461.226274920278229, 1538058.053162315161899 ], [ 314362.867262143059634, 1538065.947911723982543 ], [ 314948.858117534196936, 1539871.94964645174332 ], [ 316047.185096025350504, 1539864.070499459281564 ] ] ], [ [ [ 316047.185096025350504, 1539864.070499459281564 ], [ 316340.418360521201976, 1540767.097827091813087 ], [ 320733.611011799890548, 1540736.082399558275938 ], [ 320440.441771796671674, 1539833.023464113473892 ], [ 319342.135226976010017, 1539840.714792364509776 ], [ 319049.119207353098318, 1538937.676310620969161 ], [ 317950.791605844628066, 1538945.422485408140346 ], [ 317657.928814793762285, 1538042.404368789866567 ], [ 316559.580115535121877, 1538050.205315058352426 ], [ 317145.506919893377926, 1539856.238308886997402 ], [ 316047.185096025350504, 1539864.070499459281564 ] ] ], [ [ [ 306162.053026476525702, 1539936.673395121702924 ], [ 305868.844493813347071, 1539033.727845573332161 ], [ 304770.453637514030561, 1539042.037221757462248 ], [ 305063.678270088741556, 1539944.975203286157921 ], [ 306162.053026476525702, 1539936.673395121702924 ] ] ], [ [ [ 307260.422350975568406, 1539928.418554139323533 ], [ 306162.053026476525702, 1539936.673395121702924 ], [ 306748.977991525141988, 1541742.601254859939218 ], [ 307847.315111923730001, 1541734.361670001875609 ], [ 307553.784085963969119, 1540831.383968510664999 ], [ 308652.131919787207153, 1540823.183737695915624 ], [ 308358.786274395650253, 1539920.210679115727544 ], [ 310555.498041235841811, 1539903.935822083614767 ], [ 310262.353820176562294, 1539000.959729211870581 ], [ 306967.229909415938891, 1539025.465409447904676 ], [ 307260.422350975568406, 1539928.418554139323533 ] ] ], [ [ [ 315242.107410085620359, 1540774.96913996944204 ], [ 314948.858117534196936, 1539871.94964645174332 ], [ 313850.525953615317121, 1539879.875751032028347 ], [ 314143.791283002356067, 1540782.887437568046153 ], [ 315242.107410085620359, 1540774.96913996944204 ] ] ], [ [ [ 319282.058404256240465, 1549798.059460082324222 ], [ 318987.132921900425572, 1548894.906712062191218 ], [ 317888.966550733777694, 1548902.7065282643307 ], [ 318183.908133705961518, 1549805.851221999386325 ], [ 319282.058404256240465, 1549798.059460082324222 ] ] ], [ [ [ 317380.879689793393482, 1550716.839501651003957 ], [ 317085.752774487482384, 1549813.690239971736446 ], [ 315987.592295838578139, 1549821.576515161432326 ], [ 316282.73533663759008, 1550724.717754730023444 ], [ 317380.879689793393482, 1550716.839501651003957 ] ] ], [ [ [ 318774.298944190260954, 1551612.178478773450479 ], [ 318479.018932335893624, 1550709.008532921085134 ], [ 317380.879689793393482, 1550716.839501651003957 ], [ 317676.175825559650548, 1551620.001376154599711 ], [ 318774.298944190260954, 1551612.178478773450479 ] ] ], [ [ [ 304202.801354059949517, 1550814.499644531402737 ], [ 304498.291666123666801, 1551717.566778865642846 ], [ 305596.478036188171245, 1551709.176065194187686 ], [ 305892.121416055015288, 1552612.263332633068785 ], [ 306990.286117530369665, 1552603.927738728467375 ], [ 306399.201105291955173, 1550797.750023093307391 ], [ 304202.801354059949517, 1550814.499644531402737 ] ] ], [ [ [ 313961.298670748481527, 1557078.820646799635142 ], [ 314554.591140063479543, 1558885.253164941444993 ], [ 315652.610469750361517, 1558877.257981401868165 ], [ 316246.547403929114807, 1560683.757440746529028 ], [ 317344.529123656044248, 1560675.8261374309659 ], [ 316750.624645455332939, 1558869.310331078013405 ], [ 318946.637657810933888, 1558853.55762537708506 ], [ 320134.993700135091785, 1562466.706099111121148 ], [ 322330.856831762182992, 1562451.209838005015627 ], [ 322033.546451100497507, 1561547.886882093502209 ], [ 320935.601172547321767, 1561555.619531780947 ], [ 319747.98674417717848, 1557942.489150024950504 ], [ 320845.996792924473993, 1557934.723372181411833 ], [ 321142.630422930466011, 1558837.995038506807759 ], [ 322240.619289584690705, 1558830.2850367478095 ], [ 322834.361753703036811, 1560636.883392094401643 ], [ 323932.313301009358838, 1560629.237589202821255 ], [ 323042.001893521868624, 1557919.334316150750965 ], [ 321944.001832463836763, 1557927.005094604333863 ], [ 320759.223893659189343, 1554314.013144784606993 ], [ 321857.288538766501006, 1554306.30937652499415 ], [ 321561.533166602021083, 1553403.085062337107956 ], [ 323757.679767804220319, 1553387.80322755058296 ], [ 323462.125802136957645, 1552484.575224775820971 ], [ 325658.28486150939716, 1552469.466300435131416 ], [ 325067.748787213000469, 1550663.015627417014912 ], [ 323969.639562426134944, 1550670.562914163805544 ], [ 323674.609215004253201, 1549767.364949990529567 ], [ 321478.343802398769185, 1549782.617699805647135 ], [ 320888.72638368664775, 1547976.292489510029554 ], [ 324183.213455671211705, 1547953.435330114793032 ], [ 323594.369116099434905, 1546147.112065667053685 ], [ 322496.179644396295771, 1546154.700191956246272 ], [ 322790.533259348710999, 1547057.847352211130783 ], [ 321692.354861331754364, 1547065.474523656070232 ], [ 321397.985202674579341, 1546162.335460039321333 ], [ 320299.785760156577453, 1546170.017871047602966 ], [ 319123.934976244810969, 1542557.619842989603058 ], [ 316927.392585262015928, 1542573.189888213993981 ], [ 317809.123125261161476, 1545282.421758315293118 ], [ 318907.348724522860721, 1545274.637064846465364 ], [ 319201.581286072381772, 1546177.747426119167358 ], [ 317005.157120088930242, 1546193.347973042167723 ], [ 317299.591041490319185, 1547096.454921480501071 ], [ 316201.387375722639263, 1547104.317954685771838 ], [ 316790.795082083495799, 1548910.553573388140649 ], [ 317888.966550733777694, 1548902.7065282643307 ], [ 317594.194185850326903, 1547999.574433992849663 ], [ 319790.55403941689292, 1547984.005937806330621 ], [ 320970.529999103629962, 1551596.674613831797615 ], [ 319872.41699178511044, 1551604.402891716454178 ], [ 320463.452393532032147, 1553410.797022614162415 ], [ 319365.366597825894132, 1553418.556346334517002 ], [ 319069.748166830977425, 1552515.36107731773518 ], [ 317971.64117935358081, 1552523.175881230970845 ], [ 317676.175825559650548, 1551620.001376154599711 ], [ 315479.914252180606127, 1551635.789106530835852 ], [ 314889.426666993298568, 1549829.510048736585304 ], [ 312693.079835672397166, 1549845.518895752727985 ], [ 312988.271305911708623, 1550748.636231775162742 ], [ 314086.43117545673158, 1550740.616118614794686 ], [ 314677.289536143303849, 1552546.904329332057387 ], [ 316873.52909891231684, 1552531.038023760309443 ], [ 317169.179815509705804, 1553434.217088709585369 ], [ 314972.972573677136097, 1553450.067298741312698 ], [ 315268.824846077593975, 1554353.242867838125676 ], [ 314170.729656942887232, 1554361.230996934464201 ], [ 314466.767349977744743, 1555264.411132103297859 ], [ 313368.683159636566415, 1555272.43863452039659 ], [ 313664.906294189975597, 1556175.623336326796561 ], [ 316959.094741321576294, 1556151.70732266176492 ], [ 317255.438509811705444, 1557054.928920358419418 ], [ 316157.397048010723665, 1557062.84535099985078 ], [ 316453.926235415274277, 1557966.071496687363833 ], [ 315355.8958425601013, 1557974.027287166565657 ], [ 315059.350445235031657, 1557070.809259420493618 ], [ 313961.298670748481527, 1557078.820646799635142 ] ], [ [ 319661.15423474367708, 1554321.764303624164313 ], [ 318563.07953126670327, 1554329.562854190124199 ], [ 318267.275748732150532, 1553426.363034647423774 ], [ 319365.366597825894132, 1553418.556346334517002 ], [ 319661.15423474367708, 1554321.764303624164313 ] ] ], [ [ [ 305089.780203167698346, 1553523.738160591106862 ], [ 304793.951283319154754, 1552620.646278351312503 ], [ 303695.775688561727293, 1552629.076577125350013 ], [ 303991.620861888048239, 1553532.160696398932487 ], [ 305089.780203167698346, 1553523.738160591106862 ] ] ], [ [ [ 309778.296610190882348, 1554393.657500989502296 ], [ 310370.670945285935886, 1556199.966427192790434 ], [ 312566.833096846879926, 1556183.690245335688815 ], [ 312270.593749126419425, 1555280.513562827836722 ], [ 313368.683159636566415, 1555272.43863452039659 ], [ 313072.629269537515938, 1554369.266523604048416 ], [ 311974.523653104552068, 1554377.34944903687574 ], [ 311382.891225980129093, 1552571.058856654446572 ], [ 310284.747941973037086, 1552579.205055583035573 ], [ 310876.412776905694045, 1554385.479774430627003 ], [ 309778.296610190882348, 1554393.657500989502296 ] ] ], [ [ [ 303485.686849813675508, 1555346.820466354023665 ], [ 304583.819128442672081, 1555338.366087272297591 ], [ 304287.635342675202992, 1554435.257193905068561 ], [ 303189.486787135596387, 1554443.719353140098974 ], [ 303485.686849813675508, 1555346.820466354023665 ] ] ], [ [ [ 323131.486755843041465, 1561540.201841213507578 ], [ 322834.361753703036811, 1560636.883392094401643 ], [ 321736.405254451383371, 1560644.576775518478826 ], [ 322033.546451100497507, 1561547.886882093502209 ], [ 323131.486755843041465, 1561540.201841213507578 ] ] ], [ [ [ 312746.938638341729529, 1563425.705239083617926 ], [ 312151.856201555114239, 1561619.19478521682322 ], [ 311053.864776646252722, 1561627.355966539354995 ], [ 311648.979801598121412, 1563433.850211094133556 ], [ 312746.938638341729529, 1563425.705239083617926 ] ] ], [ [ [ 317734.351090590469539, 1565200.229004310443997 ], [ 318832.25154405948706, 1565192.338958215201274 ], [ 318236.654949575429782, 1563385.695459373062477 ], [ 317138.721967966470402, 1563393.60207523079589 ], [ 317734.351090590469539, 1565200.229004310443997 ] ] ], [ [ [ 324416.766444247274194, 1568774.831824588123709 ], [ 324118.271843662019819, 1567871.418418457731605 ], [ 323020.440190224268008, 1567879.092235985677689 ], [ 323318.951051729789469, 1568782.497148172231391 ], [ 324416.766444247274194, 1568774.831824588123709 ] ] ], [ [ [ 322221.130725681199692, 1568790.210298786638305 ], [ 322519.827035890892148, 1569693.619693223852664 ], [ 323617.631084953143727, 1569685.915031796554103 ], [ 323318.951051729789469, 1568782.497148172231391 ], [ 322221.130725681199692, 1568790.210298786638305 ] ] ], [ [ [ 324715.430209369049408, 1569678.258224534569308 ], [ 325813.224439814453945, 1569670.649270304478705 ], [ 325514.576933910546359, 1568767.21432689926587 ], [ 324416.766444247274194, 1568774.831824588123709 ], [ 324715.430209369049408, 1569678.258224534569308 ] ] ], [ [ [ 319025.860722519806586, 1572435.121368570951745 ], [ 319325.299035809934139, 1573338.548696616664529 ], [ 318227.535261246259324, 1573346.459007947240025 ], [ 318826.952193675097078, 1575153.335578690748662 ], [ 321022.409274138277397, 1575137.596886154962704 ], [ 320123.635796046233736, 1572427.250555388629436 ], [ 319025.860722519806586, 1572435.121368570951745 ] ] ], [ [ [ 328706.353358231601305, 1575084.024081125622615 ], [ 327807.922450483893044, 1572373.497123258421198 ], [ 326710.181877365917899, 1572381.032379383454099 ], [ 327009.505988391872961, 1573284.519569362746552 ], [ 325911.776866539847106, 1573292.094125698320568 ], [ 326211.286417830327991, 1574195.585767311742529 ], [ 327308.999244616948999, 1574188.019866532413289 ], [ 327608.661643614643253, 1575091.533289151033387 ], [ 328706.353358231601305, 1575084.024081125622615 ] ] ], [ [ [ 334794.37768954760395, 1576854.370198878692463 ], [ 331501.45692584849894, 1576876.26859565009363 ], [ 331201.505144801456481, 1575972.702535504940897 ], [ 332299.16633966867812, 1575965.346174106467515 ], [ 331101.11545663245488, 1572351.178943691076711 ], [ 330003.389209455461241, 1572358.570406516548246 ], [ 330901.722480213269591, 1575069.149704846786335 ], [ 329804.040293545927852, 1575076.562886725412682 ], [ 330103.839240821427666, 1575980.10693547106348 ], [ 329006.168597088311799, 1575987.559375100303441 ], [ 329606.306464636814781, 1577794.669534911168739 ], [ 328508.663672909606248, 1577802.15249256696552 ], [ 327608.661643614643253, 1575091.533289151033387 ], [ 326510.965119049767964, 1575099.090511912945658 ], [ 326810.812967766774818, 1576002.608377765864134 ], [ 325713.127920884056948, 1576010.204943028278649 ], [ 325413.263753880164586, 1575106.695750529645011 ], [ 324315.557517459150404, 1575114.349006125936285 ], [ 323416.931015539448708, 1572403.92575217736885 ], [ 326710.181877365917899, 1572381.032379383454099 ], [ 326411.026913973852061, 1571477.558278356678784 ], [ 323117.727183261304162, 1571500.477401769952849 ], [ 322818.692522566532716, 1570597.042054838500917 ], [ 321720.899811244511511, 1570604.786087126471102 ], [ 321123.305435415590182, 1568797.971277572214603 ], [ 322221.130725681199692, 1568790.210298786638305 ], [ 321326.056878224015236, 1566080.059737446717918 ], [ 320228.182773456326686, 1566087.845968176610768 ], [ 319930.146936383214779, 1565184.496634071692824 ], [ 318832.25154405948706, 1565192.338958215201274 ], [ 319726.915452666580677, 1567902.400492516811937 ], [ 317531.207173072383739, 1567918.178345011314377 ], [ 317829.799472523969598, 1568821.541194480611011 ], [ 318927.63983951753471, 1568813.636724259937182 ], [ 319226.385034059581812, 1569717.020813934504986 ], [ 320324.204041121411137, 1569709.172583141596988 ], [ 320623.102122824289836, 1570612.578003 ], [ 319525.299426629440859, 1570620.417803612770513 ], [ 320123.635796046233736, 1572427.250555388629436 ], [ 322319.170911890105344, 1572411.652748345630243 ], [ 322618.560227912734263, 1573315.10556870396249 ], [ 321520.811488479201216, 1573322.871978155104443 ], [ 321820.386309057474136, 1574226.329268901841715 ], [ 322918.118717806588393, 1574218.571406465955079 ], [ 323217.846379128983244, 1575122.050279835239053 ], [ 322120.130308238964062, 1575129.799572795396671 ], [ 322420.043483581277542, 1576033.282908045686781 ], [ 321322.338803427875973, 1576041.071656587999314 ], [ 321922.705402203951962, 1577848.060296978568658 ], [ 323020.37735294806771, 1577840.288745544850826 ], [ 322720.125832631485537, 1576936.779292879160494 ], [ 324915.487665238557383, 1576921.363193247932941 ], [ 325215.706475759041496, 1577824.889946922194213 ], [ 326313.363709111756179, 1577817.262697455007583 ], [ 326613.735325460496824, 1578720.811295980354771 ], [ 325516.094440776971169, 1578728.429831726010889 ], [ 325816.651557854027487, 1579631.982865972677246 ], [ 326914.27608671336202, 1579624.373066477477551 ], [ 327515.865034189890139, 1581431.536196796456352 ], [ 329711.034229896438774, 1581416.496297784848139 ], [ 329410.187899594486225, 1580512.890484171221033 ], [ 330507.78170412388863, 1580505.433979524066672 ], [ 329906.629088472283911, 1578698.244437427259982 ], [ 331004.250814587052446, 1578690.818397094728425 ], [ 330703.944503767474089, 1577787.234672301914543 ], [ 331801.577820939710364, 1577779.847903639776632 ], [ 332702.955166214203928, 1580490.665498542832211 ], [ 331605.370782788377255, 1580498.025651346659288 ], [ 331906.184435320668854, 1581401.64921763096936 ], [ 333003.752493232896086, 1581394.297981875715777 ], [ 333304.718922179366928, 1582297.943805132992566 ], [ 332207.16719690640457, 1582305.286101268837228 ], [ 332508.319065121351741, 1583208.936320721171796 ], [ 333605.854450629441999, 1583201.602986788609996 ], [ 333907.15907615609467, 1584105.275545338867232 ], [ 335004.673485817445908, 1584097.999479070305824 ], [ 335909.552864075871184, 1586809.124772883253172 ], [ 337007.013645563216414, 1586801.92424140474759 ], [ 335499.808462961227633, 1582283.403897502459586 ], [ 334402.26600065769162, 1582290.649737570201978 ], [ 334101.315895441162866, 1581386.994947550119832 ], [ 335198.874672566656955, 1581379.740113573381677 ], [ 333996.830411956761964, 1577765.218643791973591 ], [ 335094.449747077887878, 1577757.976150442613289 ], [ 334794.37768954760395, 1576854.370198878692463 ] ] ], [ [ [ 319531.625941272126511, 1580582.167151473928243 ], [ 316238.682478981907479, 1580606.126713192090392 ], [ 316840.937982910429128, 1582413.142868507420644 ], [ 317938.557978406432085, 1582405.125255069462582 ], [ 318239.923076660954393, 1583308.661435393383726 ], [ 320435.114968713547569, 1583292.788186647230759 ], [ 319531.625941272126511, 1580582.167151473928243 ] ], [ [ 317637.362079685612116, 1581501.602116978028789 ], [ 318734.99344854732044, 1581493.62416109861806 ], [ 319036.172898410120979, 1582397.155886058462784 ], [ 317938.557978406432085, 1582405.125255069462582 ], [ 317637.362079685612116, 1581501.602116978028789 ] ] ], [ [ [ 317142.319546160695609, 1583316.670466506388038 ], [ 317443.870313639286906, 1584220.211102445842698 ], [ 318541.457371979602613, 1584212.210676254238933 ], [ 318239.923076660954393, 1583308.661435393383726 ], [ 317142.319546160695609, 1583316.670466506388038 ] ] ], [ [ [ 321834.188324170012493, 1584188.499185047810897 ], [ 321532.703391505521722, 1583284.923966665752232 ], [ 320435.114968713547569, 1583292.788186647230759 ], [ 320736.616346627648454, 1584196.354718727758154 ], [ 321834.188324170012493, 1584188.499185047810897 ] ] ], [ [ [ 317745.590282885415945, 1585123.764794633258134 ], [ 317443.870313639286906, 1584220.211102445842698 ], [ 316346.278167133685201, 1584228.259828498587012 ], [ 316648.014624685631134, 1585131.804920279653743 ], [ 317745.590282885415945, 1585123.764794633258134 ] ] ], [ [ [ 323535.1998242661939, 1585987.899336453992873 ], [ 323837.175811236375012, 1586891.522831368725747 ], [ 326032.196437447331846, 1586876.106031454633921 ], [ 326939.040589031821582, 1589587.10914124827832 ], [ 328036.494281064369716, 1589579.500025621848181 ], [ 326827.772797200945206, 1585964.820190143072978 ], [ 324632.729024924105033, 1585980.157940929289907 ], [ 324330.938640654378105, 1585076.538866328541189 ], [ 323233.392998372437432, 1585084.289047649363056 ], [ 322931.755336010595784, 1584180.691946538630873 ], [ 321834.188324170012493, 1584188.499185047810897 ], [ 322437.665706445113756, 1585995.689080256270245 ], [ 323535.1998242661939, 1585987.899336453992873 ] ] ], [ [ [ 319559.463197290897369, 1590545.362156716641039 ], [ 320656.934750119340606, 1590537.422598807141185 ], [ 319749.286474646942224, 1587826.538611788069829 ], [ 320846.802551123779267, 1587818.621238694759086 ], [ 320544.607983984402381, 1586915.010849706595764 ], [ 319447.075415700790472, 1586922.936945367604494 ], [ 318843.16086190380156, 1585115.772995972074568 ], [ 317745.590282885415945, 1585123.764794633258134 ], [ 319559.463197290897369, 1590545.362156716641039 ] ] ], [ [ [ 329436.529935032536741, 1590475.65162660786882 ], [ 329133.943183602881618, 1589571.939363403245807 ], [ 328036.494281064369716, 1589579.500025621848181 ], [ 328339.097482875280548, 1590483.203308300115168 ], [ 329436.529935032536741, 1590475.65162660786882 ] ] ], [ [ [ 327241.660250189481303, 1590490.803470536367968 ], [ 327544.449045913643204, 1591394.511143723735586 ], [ 328641.869812134536915, 1591386.919957584235817 ], [ 328339.097482875280548, 1590483.203308300115168 ], [ 327241.660250189481303, 1590490.803470536367968 ] ] ], [ [ [ 320282.049512881552801, 1595975.369331590598449 ], [ 319184.667270449048374, 1595983.353137501282617 ], [ 319488.619809561234433, 1596887.060471903765574 ], [ 320585.985461779171601, 1596879.085534444078803 ], [ 320890.090585027704947, 1597782.815029128920287 ], [ 321987.434656228753738, 1597774.897690832149237 ], [ 321379.426753581501544, 1595967.434179341187701 ], [ 322476.799023118161131, 1595959.54767958028242 ], [ 320959.822533267200924, 1591441.076985199702904 ], [ 319862.367509820032865, 1591449.007756927749142 ], [ 321075.676555571262725, 1595063.722376960096881 ], [ 319978.282740812923294, 1595071.666401997441426 ], [ 320282.049512881552801, 1595975.369331590598449 ] ] ], [ [ [ 331745.929985135619063, 1594083.167814135318622 ], [ 332049.345836882595904, 1594986.956331324530765 ], [ 329854.650354820594657, 1595001.920592580456287 ], [ 330158.268284685153048, 1595905.704353919019923 ], [ 331255.601885220035911, 1595898.207032705191523 ], [ 331559.372427747468464, 1596802.013412159634754 ], [ 329364.733509282814339, 1596817.038445568177849 ], [ 329668.706178516091313, 1597720.840046883327886 ], [ 331863.312073524459265, 1597705.833311466267332 ], [ 332471.698665083502419, 1599513.513744565891102 ], [ 333568.961562385666184, 1599506.101870079990476 ], [ 333264.700229837326333, 1598602.245639517204836 ], [ 334361.975000978331082, 1598594.873252257471904 ], [ 333753.992597779026255, 1596787.183056337991729 ], [ 334851.295728523400612, 1596779.84087977791205 ], [ 334244.022620895993896, 1594972.186526136705652 ], [ 333146.686550862854347, 1594979.547122270567343 ], [ 332843.287167096917983, 1594075.749456605874002 ], [ 331745.929985135619063, 1594083.167814135318622 ] ] ], [ [ [ 332288.328815144835971, 1602232.569125488167629 ], [ 331374.431107652722858, 1599520.974369863513857 ], [ 330277.158859545364976, 1599528.48374707554467 ], [ 329972.847962752217427, 1598624.655141146155074 ], [ 328875.554454005730804, 1598632.222425319021568 ], [ 329789.044111794966739, 1601343.721322732744738 ], [ 330886.28798101679422, 1601336.181568914325908 ], [ 331191.106200805981643, 1602240.050822362536564 ], [ 332288.328815144835971, 1602232.569125488167629 ] ] ], [ [ [ 319913.632605486374814, 1601413.775621704757214 ], [ 321010.920177862339187, 1601405.796551205450669 ], [ 320706.121756075299345, 1600502.022685685195029 ], [ 322900.715239748475142, 1600486.193003955995664 ], [ 322291.692355928593315, 1598678.649437131127343 ], [ 321194.36488016275689, 1598686.557834235718474 ], [ 321498.808344709279481, 1599590.313968374626711 ], [ 320401.492505880130921, 1599598.262163621140644 ], [ 319792.741530149360187, 1597790.781075336970389 ], [ 318695.387461034581065, 1597798.795830633258447 ], [ 318999.694974135432858, 1598702.520834730938077 ], [ 317902.352482765796594, 1598710.57544048060663 ], [ 318511.508323928806931, 1600518.047529263421893 ], [ 316316.874698922620155, 1600534.267544164555147 ], [ 316926.773927645990625, 1602341.757227547001094 ], [ 315829.482815755065531, 1602349.922710393322632 ], [ 315524.431924378499389, 1601446.180103239836171 ], [ 314427.119003473373596, 1601454.403279494959861 ], [ 314732.186582136258949, 1602358.137043910101056 ], [ 313634.885196244344115, 1602366.400229311082512 ], [ 314551.153310308523942, 1605077.654473764123395 ], [ 316745.650693360134028, 1605061.230204624822363 ], [ 317051.378378764842637, 1605965.025989116169512 ], [ 318148.602706574951299, 1605956.896214655600488 ], [ 318454.482870457693934, 1606860.714324554428458 ], [ 320648.882991540944204, 1606844.619698433903977 ], [ 320343.036228038021363, 1605940.783538362011313 ], [ 319245.821979489992373, 1605948.815398135455325 ], [ 318634.602597864461131, 1604141.201297202846035 ], [ 321926.330448041378986, 1604117.198395166080445 ], [ 321621.024526317603886, 1603213.384387260070071 ], [ 320523.770245015039109, 1603221.345478197559714 ], [ 319913.632605486374814, 1601413.775621704757214 ] ] ], [ [ [ 323761.718287575349677, 1609540.364881261251867 ], [ 324858.850929808802903, 1609532.516502477461472 ], [ 324552.546764685888775, 1608628.612515017623082 ], [ 325649.691221558197867, 1608620.803980741184205 ], [ 325343.57287225255277, 1607716.90433527668938 ], [ 324246.411741813179106, 1607724.722062616143376 ], [ 323940.445863663218915, 1606820.845126443076879 ], [ 322843.263173529296182, 1606828.721003049751744 ], [ 323149.245727222121786, 1607732.588796251919121 ], [ 322052.074797964654863, 1607740.50453734700568 ], [ 322358.243195174611174, 1608644.37668500165455 ], [ 323455.397432728321292, 1608636.470082717482001 ], [ 323761.718287575349677, 1609540.364881261251867 ] ] ], [ [ [ 325955.978706028952729, 1609524.717184243956581 ], [ 329247.333143647119869, 1609501.613581363344565 ], [ 328941.095646759611554, 1608597.67256695474498 ], [ 325649.691221558197867, 1608620.803980741184205 ], [ 325955.978706028952729, 1609524.717184243956581 ] ] ], [ [ [ 311336.679133881581947, 1504607.498173336032778 ], [ 312435.587694519315846, 1504599.65173921873793 ], [ 312149.235633263364434, 1503697.059205100638792 ], [ 311050.311398201971315, 1503704.912796176970005 ], [ 311336.679133881581947, 1504607.498173336032778 ] ] ], [ [ [ 311623.216155183967203, 1505510.095454486785457 ], [ 311336.679133881581947, 1504607.498173336032778 ], [ 310237.765264670015313, 1504615.390498561086133 ], [ 310524.317976381746121, 1505517.980628477176651 ], [ 311623.216155183967203, 1505510.095454486785457 ] ] ], [ [ [ 309425.414466680958867, 1505525.911721885437146 ], [ 309712.152175376715604, 1506428.506605741335079 ], [ 310811.039978674554732, 1506420.58265785779804 ], [ 310524.317976381746121, 1505517.980628477176651 ], [ 309425.414466680958867, 1505525.911721885437146 ] ] ], [ [ [ 309474.535097799147479, 1509144.311106296721846 ], [ 308900.18174550117692, 1507339.076140313176438 ], [ 309999.059179605101235, 1507331.113384527154267 ], [ 309712.152175376715604, 1506428.506605741335079 ], [ 306415.456522429245524, 1506452.554140520747751 ], [ 306989.534232396632433, 1508257.736869404325262 ], [ 308088.406701411935501, 1508249.689267342910171 ], [ 308375.683772375690751, 1509152.305548370117322 ], [ 309474.535097799147479, 1509144.311106296721846 ] ] ], [ [ [ 322654.375326569250319, 1526242.763922685291618 ], [ 323526.490237227757461, 1528951.558310828637332 ], [ 319132.59006777824834, 1528981.858808883232996 ], [ 319423.696889843966346, 1529884.783946689916775 ], [ 328211.291217052610591, 1529824.991714045405388 ], [ 327338.858617690566462, 1527116.06534626125358 ], [ 326240.379083510721102, 1527123.399906062055379 ], [ 326531.036590127390809, 1528026.354924478568137 ], [ 325432.567992698284797, 1528033.728165076114237 ], [ 325723.410491365066264, 1528936.687782525084913 ], [ 324624.95282447594218, 1528944.099737542448565 ], [ 323752.885404276836198, 1526235.281869316939265 ], [ 322654.375326569250319, 1526242.763922685291618 ] ] ], [ [ [ 316711.083021765807644, 1531713.816749951103702 ], [ 317809.533176315424498, 1531706.054923556279391 ], [ 317518.056106105388608, 1530803.12052902742289 ], [ 313124.160785510553978, 1530834.478824137942865 ], [ 313415.70158910570899, 1531737.382486104033887 ], [ 314514.167259000358172, 1531729.480530064087361 ], [ 314805.861365874996409, 1532632.404144430533051 ], [ 315904.305888144648634, 1532624.556590826716274 ], [ 316196.153290026937611, 1533527.500245773233473 ], [ 317294.576705703162588, 1533519.707169546280056 ], [ 316711.083021765807644, 1531713.816749951103702 ] ] ], [ [ [ 318101.179474388831295, 1532609.001693508354947 ], [ 320298.03265512897633, 1532593.633735031355172 ], [ 320006.418185928312596, 1531690.671392333693802 ], [ 317809.533176315424498, 1531706.054923556279391 ], [ 318101.179474388831295, 1532609.001693508354947 ] ] ], [ [ [ 334062.092860438453499, 1534311.505429118406028 ], [ 335160.422188303549774, 1534304.468623435590416 ], [ 334577.097979642101564, 1532498.298020265297964 ], [ 332380.371422835160047, 1532512.451093478361145 ], [ 332671.980587152647786, 1533415.513703800039366 ], [ 333770.330387557391077, 1533408.421955069294199 ], [ 334062.092860438453499, 1534311.505429118406028 ] ] ], [ [ [ 331282.001108942669816, 1532519.597710148664191 ], [ 330990.545261351740919, 1531616.555875087389722 ], [ 328793.758753741974942, 1531631.005389510653913 ], [ 329960.723670199280605, 1535243.184004685841501 ], [ 331059.055939184501767, 1535235.96820786385797 ], [ 330183.626063624047674, 1532526.791048272047192 ], [ 331282.001108942669816, 1532519.597710148664191 ] ] ], [ [ [ 332963.758880157605745, 1534318.589008453069255 ], [ 332671.980587152647786, 1533415.513703800039366 ], [ 331573.62609483639244, 1533422.652200078126043 ], [ 331865.420216649654321, 1534325.719362490577623 ], [ 332963.758880157605745, 1534318.589008453069255 ] ] ], [ [ [ 323078.538614077784587, 1534384.446212373673916 ], [ 322786.617548581212759, 1533481.443210479337722 ], [ 321688.219441976340022, 1533489.002483144169673 ], [ 321980.156414641998708, 1534391.997587131103501 ], [ 323078.538614077784587, 1534384.446212373673916 ] ] ], [ [ [ 321980.156414641998708, 1534391.997587131103501 ], [ 319783.377010651514865, 1534407.240694528445601 ], [ 320075.515037165139802, 1535310.232533761532977 ], [ 322272.262586103053764, 1535295.00518447603099 ], [ 321980.156414641998708, 1534391.997587131103501 ] ] ], [ [ [ 322564.537953949649818, 1536198.02529270760715 ], [ 324761.233737416914664, 1536183.001104768598452 ], [ 324468.990204226458445, 1535279.965086106676608 ], [ 325567.346616282593459, 1535272.515253223944455 ], [ 325275.288161947741173, 1534369.483815142186359 ], [ 323078.538614077784587, 1534384.446212373673916 ], [ 323370.628871105203871, 1535287.461729487171397 ], [ 322272.262586103053764, 1535295.00518447603099 ], [ 322564.537953949649818, 1536198.02529270760715 ] ] ], [ [ [ 335452.337961586308666, 1535207.573049738071859 ], [ 334354.024452389974613, 1535214.601637006737292 ], [ 334062.092860438453499, 1534311.505429118406028 ], [ 332963.758880157605745, 1534318.589008453069255 ], [ 333547.822842694586143, 1536124.777771355584264 ], [ 335744.422844343120232, 1536110.690249434439465 ], [ 335452.337961586308666, 1535207.573049738071859 ] ] ], [ [ [ 339039.288392123999074, 1536089.910165911540389 ], [ 338747.250934947107453, 1535186.768082395894453 ], [ 336550.646857871441171, 1535200.591262235306203 ], [ 336842.71592341986252, 1536103.71672937925905 ], [ 339039.288392123999074, 1536089.910165911540389 ] ] ], [ [ [ 326373.655572025920264, 1534362.072790450416505 ], [ 326665.698138091247529, 1535265.112229734659195 ], [ 327764.044800466974266, 1535257.756014541024342 ], [ 328348.605651436548214, 1537063.88882821239531 ], [ 329446.915721779107116, 1537056.595596859697253 ], [ 329739.433988876873627, 1537959.689099313691258 ], [ 330837.72339499136433, 1537952.450876697199419 ], [ 330545.221011748537421, 1537049.349225928075612 ], [ 331643.521552146878093, 1537042.149714343715459 ], [ 331351.204177665174939, 1536139.052609330276027 ], [ 330252.887769354041666, 1536146.26027447800152 ], [ 329960.723670199280605, 1535243.184004685841501 ], [ 328862.386634231894277, 1535250.446606552461162 ], [ 328570.375818565837108, 1534347.391083420952782 ], [ 326373.655572025920264, 1534362.072790450416505 ] ] ], [ [ [ 322051.272814514348283, 1538011.669570575468242 ], [ 323149.596269161207601, 1538004.103112041950226 ], [ 322564.537953949649818, 1536198.02529270760715 ], [ 321466.182616666774265, 1536205.607645923038945 ], [ 322051.272814514348283, 1538011.669570575468242 ] ] ], [ [ [ 338012.683160656015389, 1539716.346905445912853 ], [ 336842.71592341986252, 1536103.71672937925905 ], [ 335744.422844343120232, 1536110.690249434439465 ], [ 336036.676834190322552, 1537013.82024023681879 ], [ 334938.394984000129625, 1537020.832325035240501 ], [ 335230.833918905467726, 1537923.966840589651838 ], [ 336329.099928763927892, 1537916.963039875030518 ], [ 336914.453422564314678, 1539723.287136674160138 ], [ 338012.683160656015389, 1539716.346905445912853 ] ] ], [ [ [ 322125.218993210466579, 1541631.525470710592344 ], [ 322418.710639436380006, 1542534.617538676131517 ], [ 325713.441533658129629, 1542512.038523359689862 ], [ 325419.997831019340083, 1541608.922251373762265 ], [ 323223.483547849755269, 1541623.944060795009136 ], [ 322344.071709258889314, 1538914.719336622394621 ], [ 321245.759228254551999, 1538922.324737365823239 ], [ 321831.896540995570831, 1540728.445992923108861 ], [ 320733.611011799890548, 1540736.082399558275938 ], [ 321026.949455481255427, 1541639.153885591309518 ], [ 322125.218993210466579, 1541631.525470710592344 ] ] ], [ [ [ 353680.130451364675537, 1540527.421178657794371 ], [ 352581.977184469113126, 1540533.695659574819729 ], [ 352874.855417951825075, 1541437.009930114028975 ], [ 353972.992945845238864, 1541430.74422854068689 ], [ 353680.130451364675537, 1540527.421178657794371 ] ] ], [ [ [ 354559.224887970951386, 1543237.43002845463343 ], [ 354266.024425491690636, 1542334.080505789723247 ], [ 353167.902643758337945, 1542340.337406045291573 ], [ 352874.855417951825075, 1541437.009930114028975 ], [ 351776.713768952991813, 1541443.322607828537002 ], [ 350898.538833325263113, 1538733.445530976867303 ], [ 353094.912427231029142, 1538720.814688892569393 ], [ 353680.130451364675537, 1540527.421178657794371 ], [ 354778.279619284556247, 1540521.193645775550976 ], [ 354193.093034393503331, 1538714.569608836667612 ], [ 355291.269556086044759, 1538708.371421534335241 ], [ 354998.945440225303173, 1537805.070437112124637 ], [ 351704.356461294635665, 1537823.831900247139856 ], [ 351412.154220441472717, 1536920.570271308301017 ], [ 350313.93390481476672, 1536926.926490389974788 ], [ 350021.884956141235307, 1536023.686619454994798 ], [ 347825.400259154499508, 1536036.556785654276609 ], [ 348117.480657378444448, 1536939.779453109018505 ], [ 349215.709394060540944, 1536933.329550673952326 ], [ 349507.94308153440943, 1537836.573877973249182 ], [ 348409.730081134242937, 1537843.015170348808169 ], [ 348702.148528063728008, 1538746.263955273898318 ], [ 347603.947031698422506, 1538752.743513121968135 ], [ 347311.512832658132538, 1537849.503333003725857 ], [ 345115.065468312124722, 1537862.62027300382033 ], [ 344822.768783805891871, 1536959.410222916165367 ], [ 343724.522835439362098, 1536966.047503584763035 ], [ 344309.316798173706047, 1538772.463581009302288 ], [ 345407.531197546573821, 1538765.843325018882751 ], [ 345700.165969165624119, 1539669.079396840417758 ], [ 347896.55025876138825, 1539655.996756910346448 ], [ 348189.322511490317993, 1540559.263082290999591 ], [ 347091.148287988209631, 1540565.772317467490211 ], [ 347384.105346344469581, 1541469.043098909314722 ], [ 346285.942630140518304, 1541475.590671499026939 ], [ 346872.395432425430045, 1543282.154240376548842 ], [ 343577.976240591146052, 1543302.027283595176414 ], [ 343871.503678427601699, 1544205.302839474054053 ], [ 341675.234067980141845, 1544218.769608987029642 ], [ 341381.674926943844184, 1543315.511173137230799 ], [ 342479.827789526316337, 1543308.7457082986366 ], [ 342186.453563771094196, 1542405.491747490828857 ], [ 339990.111690086196177, 1542419.086740009486675 ], [ 340283.517622068175115, 1543322.323679113760591 ], [ 339185.355844123405404, 1543329.183227236848325 ], [ 338598.681331098952796, 1541522.739226847654209 ], [ 337500.483306754264049, 1541529.662682048743591 ], [ 336914.453422564314678, 1539723.287136674160138 ], [ 335816.219115021289326, 1539730.274303455837071 ], [ 336109.165371480165049, 1540633.447286294074729 ], [ 335010.942334371502511, 1540640.473066945327446 ], [ 334132.563291402591858, 1537931.017523580696434 ], [ 333034.288015451165847, 1537938.115089893108234 ], [ 332741.817373783967923, 1537034.997061038855463 ], [ 331643.521552146878093, 1537042.149714343715459 ], [ 332228.66369957360439, 1538848.382105731405318 ], [ 333326.927781115984544, 1538841.245879580965266 ], [ 333619.7366684077424, 1539744.389447829918936 ], [ 331423.235574463382363, 1539758.69234693585895 ], [ 331130.394916689197998, 1538855.565244466532022 ], [ 330032.121401663403958, 1538862.795296851312742 ], [ 329739.433988876873627, 1537959.689099313691258 ], [ 328641.13981110509485, 1537966.97420950117521 ], [ 329226.715586826438084, 1539773.183009253349155 ], [ 323735.331340997712687, 1539810.231185743352398 ], [ 324028.452654629130848, 1540713.314112003659829 ], [ 325126.7233006603783, 1540705.818635476520285 ], [ 325419.997831019340083, 1541608.922251373762265 ], [ 328714.732652388105635, 1541586.742046620696783 ], [ 329008.128490202943794, 1542489.88276692526415 ], [ 330106.347855461877771, 1542482.591567186405882 ], [ 329812.967955102678388, 1541579.442643147194758 ], [ 332009.424288665410131, 1541564.984826866770163 ], [ 331716.245365919196047, 1540661.832201822893694 ], [ 332814.482362381764688, 1540654.665523658273742 ], [ 333107.645381087961141, 1541557.826411916641518 ], [ 334205.861798319034278, 1541550.714991010259837 ], [ 334792.663386116037145, 1543357.091861631721258 ], [ 335890.843364105792716, 1543350.04413468693383 ], [ 335304.073571151413489, 1541543.650563093367964 ], [ 336402.280730365950149, 1541536.633127119624987 ], [ 336695.565189307148103, 1542439.831843743799254 ], [ 337793.751889307051897, 1542432.869792479090393 ], [ 338087.189562332816422, 1543336.089818523265421 ], [ 336989.018745919573121, 1543343.043453996768221 ], [ 337282.641397827654146, 1544246.2679757270962 ], [ 339478.946723174129147, 1544232.424651706824079 ], [ 339772.706680755247362, 1545135.679049548925832 ], [ 343067.083416672132444, 1545115.292712274938822 ], [ 343360.964813338010572, 1546018.58579133450985 ], [ 344459.065701117040589, 1546011.89315347513184 ], [ 344165.200166057387833, 1545108.591456777881831 ], [ 345263.312552097602747, 1545101.937294751638547 ], [ 344969.631910195399541, 1544198.640054672490805 ], [ 347165.875380674202461, 1544185.455680041573942 ], [ 347753.342359637375921, 1545992.09795977990143 ], [ 348851.426013408869039, 1545985.59379858430475 ], [ 348263.990680921880994, 1544178.934088259469718 ], [ 349362.101732201233972, 1544172.459558875532821 ], [ 349655.719078095862642, 1545075.791561736259609 ], [ 350753.810108882491477, 1545069.372852413449436 ], [ 350166.776028460939415, 1543262.704522957559675 ], [ 351264.894460568437353, 1543256.315351719036698 ], [ 351558.311210928077344, 1544159.651683472329751 ], [ 353754.50406299775932, 1544147.032046242617071 ], [ 354048.058251761132851, 1545050.399246636312455 ], [ 355146.132752104196697, 1545044.168882318306714 ], [ 355439.840149092487991, 1545947.558249709894881 ], [ 357635.945489891106263, 1545935.256632179953158 ], [ 358223.804112187353894, 1547742.111191278323531 ], [ 359321.819269970699679, 1547736.049054821953177 ], [ 358733.99216662364779, 1545929.176487792981789 ], [ 359832.034888582653366, 1545923.14345178916119 ], [ 359538.390504023991525, 1545019.718255185522139 ], [ 361734.495660963235423, 1545007.775427050422877 ], [ 361441.051663749560248, 1544104.345584593247622 ], [ 355950.680534537241329, 1544134.600639707641676 ], [ 355657.326843362767249, 1543231.228981074644253 ], [ 354559.224887970951386, 1543237.43002845463343 ] ] ], [ [ [ 321320.457100423052907, 1542542.237939832732081 ], [ 321026.949455481255427, 1541639.153885591309518 ], [ 319928.674903862876818, 1541646.829306568717584 ], [ 320809.7534769854974, 1544356.095218776725233 ], [ 323006.201504244585522, 1544340.839515772880986 ], [ 322418.710639436380006, 1542534.617538676131517 ], [ 321320.457100423052907, 1542542.237939832732081 ] ] ], [ [ [ 337870.393978021282237, 1546052.755825113272294 ], [ 340066.635714489617385, 1546038.946438676677644 ], [ 339772.706680755247362, 1545135.679049548925832 ], [ 337576.43314265657682, 1545149.505426803836599 ], [ 337870.393978021282237, 1546052.755825113272294 ] ] ], [ [ [ 322496.179644396295771, 1546154.700191956246272 ], [ 322201.995218608586583, 1545251.565688297152519 ], [ 321103.784740418253932, 1545259.209030980244279 ], [ 321397.985202674579341, 1546162.335460039321333 ], [ 322496.179644396295771, 1546154.700191956246272 ] ] ], [ [ [ 367007.816847517213318, 1547694.934607201488689 ], [ 366713.928920009522699, 1546791.427756460616365 ], [ 364517.917270816746168, 1546802.957328744465485 ], [ 364224.166843826649711, 1545899.482373829232529 ], [ 359832.034888582653366, 1545923.14345178916119 ], [ 360125.848218112485483, 1546826.582054365659133 ], [ 363419.905773054750171, 1546808.792811218649149 ], [ 363713.840834005794022, 1547712.272127612959594 ], [ 367007.816847517213318, 1547694.934607201488689 ] ] ], [ [ [ 325576.025824647455011, 1548849.099557984620333 ], [ 325281.365928611136042, 1547945.910668384749442 ], [ 324183.213455671211705, 1547953.435330114793032 ], [ 324477.889392308774404, 1548856.616024678340182 ], [ 325576.025824647455011, 1548849.099557984620333 ] ] ], [ [ [ 326968.970399311045185, 1549744.840200142469257 ], [ 326674.157374854607042, 1548841.630312270484865 ], [ 325576.025824647455011, 1548849.099557984620333 ], [ 326165.853116682730615, 1550655.515617045806721 ], [ 328362.047212699893862, 1550640.657420995878056 ], [ 328067.081067886902019, 1549737.426445703022182 ], [ 326968.970399311045185, 1549744.840200142469257 ] ] ], [ [ [ 348930.304581543197855, 1549605.540625839261338 ], [ 349224.967678293818608, 1550508.934336647158489 ], [ 347028.946166353416629, 1550521.996495798230171 ], [ 347323.810040533309802, 1551425.385824531782418 ], [ 346225.808775306679308, 1551431.979009600589052 ], [ 346520.857576274662279, 1552335.372766793239862 ], [ 347618.842938463727478, 1552328.788381100865081 ], [ 347914.044857785804197, 1553232.204183641122654 ], [ 349012.010055603226647, 1553225.675956454360858 ], [ 348716.824037749320269, 1552322.25130523275584 ], [ 349814.800904863746837, 1552315.761538220336661 ], [ 349519.79978685209062, 1551412.341301392298192 ], [ 350617.788329421542585, 1551405.889961390057579 ], [ 350322.972090607276186, 1550502.474137883400545 ], [ 351420.972314805374481, 1550496.061191716464236 ], [ 351126.340934544219635, 1549592.649780434323475 ], [ 348930.304581543197855, 1549605.540625839261338 ] ] ], [ [ [ 344915.542332891840488, 1554155.475508235627785 ], [ 343817.575877506635152, 1554162.184327097609639 ], [ 344113.179582888493314, 1555065.591375754214823 ], [ 345211.130087575817015, 1555058.891341221751645 ], [ 345506.886878014192916, 1555962.320408169645816 ], [ 346604.817104703513905, 1555955.676601572427899 ], [ 346309.076263368478976, 1555052.238700953777879 ], [ 347407.018140994245186, 1555045.63345396402292 ], [ 346520.857576274662279, 1552335.372766793239862 ], [ 345422.867920449352823, 1552342.004463285207748 ], [ 345718.101668875780888, 1553245.402649966767058 ], [ 344620.123616324912291, 1553252.072891059098765 ], [ 344915.542332891840488, 1554155.475508235627785 ] ] ], [ [ [ 332923.783480945741758, 1557852.434585499810055 ], [ 332627.496381646720693, 1556949.083414393709973 ], [ 331529.523666862864047, 1556956.335276035359129 ], [ 331825.82684363075532, 1557859.677922118222341 ], [ 332923.783480945741758, 1557852.434585499810055 ] ] ], [ [ [ 330727.865504344983492, 1557866.968747889623046 ], [ 331024.353896328713745, 1558770.315873594023287 ], [ 332122.299142158473842, 1558763.03356791450642 ], [ 331825.82684363075532, 1557859.677922118222341 ], [ 330727.865504344983492, 1557866.968747889623046 ] ] ], [ [ [ 345593.733705976046622, 1559582.825159256113693 ], [ 346691.60434996400727, 1559576.169379299040884 ], [ 346395.171440181904472, 1558672.687194595579058 ], [ 345297.284809768316336, 1558679.351869903504848 ], [ 345593.733705976046622, 1559582.825159256113693 ] ] ], [ [ [ 346484.094571451190859, 1562293.324916949262843 ], [ 345593.733705976046622, 1559582.825159256113693 ], [ 341202.207664545392618, 1559609.923599794972688 ], [ 342389.949955376214348, 1563223.807838059496135 ], [ 343487.773889508622233, 1563216.997297212714329 ], [ 343190.600785762246232, 1562313.497477450873703 ], [ 346484.094571451190859, 1562293.324916949262843 ] ] ], [ [ [ 332715.751094873645343, 1560569.783930871635675 ], [ 332418.940560039598495, 1559666.40223147533834 ], [ 331321.0114148503053, 1559673.675994834164158 ], [ 331024.353896328713745, 1558770.315873594023287 ], [ 329926.403926617000252, 1558777.645696653285995 ], [ 330223.077554589312058, 1559680.99730271869339 ], [ 328027.195566007401794, 1559695.782556410646066 ], [ 327730.489692679024301, 1558792.447899257997051 ], [ 326632.525367012887727, 1558799.920280995778739 ], [ 326929.247376257204451, 1559703.246504406444728 ], [ 324733.336452252464369, 1559718.317048224853352 ], [ 325030.259927081526257, 1560621.639365711715072 ], [ 326128.201662630192004, 1560614.088720495812595 ], [ 326722.523761260905303, 1562420.788938062498346 ], [ 327820.428311558673158, 1562413.302794470917434 ], [ 328117.826917784987018, 1563316.680824574781582 ], [ 327019.938540993374772, 1563324.158472514245659 ], [ 327317.522471100965049, 1564227.540981493424624 ], [ 328415.394667207729071, 1564220.07185150240548 ], [ 328713.131557409535162, 1565123.475893354043365 ], [ 329810.982780758989975, 1565116.063015380408615 ], [ 329513.262069578515366, 1564212.650406126864254 ], [ 332806.83582122460939, 1564190.672166738659143 ], [ 332509.332706139190122, 1563287.2467965784017 ], [ 333607.197377019154374, 1563280.00742507330142 ], [ 333012.730744249769486, 1561473.178684193873778 ], [ 331914.833821867709048, 1561480.435296166921034 ], [ 331617.838057498447597, 1560577.049129665596411 ], [ 332715.751094873645343, 1560569.783930871635675 ] ], [ [ 329421.997833282512147, 1560591.722243356518447 ], [ 330519.920313870417885, 1560584.361900133313611 ], [ 330816.93220205232501, 1561487.739506960380822 ], [ 329719.025854100240394, 1561495.09131765528582 ], [ 329421.997833282512147, 1560591.722243356518447 ] ] ], [ [ [ 343785.116036222898401, 1564120.510425974614918 ], [ 344882.919549092533998, 1564113.756453067995608 ], [ 344585.593450805346947, 1563210.234399082139134 ], [ 343487.773889508622233, 1563216.997297212714329 ], [ 343785.116036222898401, 1564120.510425974614918 ] ] ], [ [ [ 335300.168198386323638, 1565079.714263716246933 ], [ 335597.977242421882693, 1565983.183284156955779 ], [ 336695.784267784911208, 1565976.065406542271376 ], [ 336100.36753426224459, 1564169.123049758607522 ], [ 337198.202239929465577, 1564162.035366321681067 ], [ 336900.763617920572869, 1563258.575218567159027 ], [ 333607.197377019154374, 1563280.00742507330142 ], [ 334202.340439110412262, 1565086.888599220663309 ], [ 335300.168198386323638, 1565079.714263716246933 ] ] ], [ [ [ 333104.508048397430684, 1565094.110641066916287 ], [ 333402.349385254550725, 1565997.562237737234682 ], [ 334500.165625141060445, 1565990.348894201451913 ], [ 334202.340439110412262, 1565086.888599220663309 ], [ 333104.508048397430684, 1565094.110641066916287 ] ] ], [ [ [ 332304.528492082259618, 1566004.823315831134096 ], [ 332006.670995563268661, 1565101.380390323698521 ], [ 330908.829249912116211, 1565108.697848066920415 ], [ 331206.702914935071021, 1566012.132129558827728 ], [ 332304.528492082259618, 1566004.823315831134096 ] ] ], [ [ [ 353162.3594822519226, 1565875.02443438814953 ], [ 352864.807512293686159, 1564971.412113182479516 ], [ 351767.04968263610499, 1564977.823286839062348 ], [ 352362.354611019720323, 1566785.043129501864314 ], [ 354557.802158953738399, 1566772.305210600374267 ], [ 354260.097209651721641, 1565868.670137187000364 ], [ 353162.3594822519226, 1565875.02443438814953 ] ] ], [ [ [ 333700.359829382272437, 1566901.026974939508364 ], [ 333402.349385254550725, 1565997.562237737234682 ], [ 332304.528492082259618, 1566004.823315831134096 ], [ 332602.555103035178035, 1566908.279359532287344 ], [ 333700.359829382272437, 1566901.026974939508364 ] ] ], [ [ [ 329106.578074075747281, 1569648.109514579875395 ], [ 328807.979292560659815, 1568744.648777965689078 ], [ 331003.556913159438409, 1568729.844187672017142 ], [ 330406.931594258290716, 1566922.927418138831854 ], [ 328211.289139486034401, 1566937.766536545241252 ], [ 328509.549646891537122, 1567841.201124681625515 ], [ 326313.920446013798937, 1567856.214178549125791 ], [ 326911.013806964387186, 1569663.08816798008047 ], [ 329106.578074075747281, 1569648.109514579875395 ] ] ], [ [ [ 341181.846976149943657, 1569569.147861706791446 ], [ 340585.174418495735154, 1567762.046387380221859 ], [ 337291.877344535081647, 1567783.060593547532335 ], [ 338187.285061237635091, 1570493.652750403853133 ], [ 339285.006796466768719, 1570486.626838342752308 ], [ 338986.384640616015531, 1569583.073953219456598 ], [ 341181.846976149943657, 1569569.147861706791446 ] ] ], [ [ [ 331600.858718123286963, 1570536.813469578744844 ], [ 331302.123256092425436, 1569633.322255466599017 ], [ 329106.578074075747281, 1569648.109514579875395 ], [ 329704.283034944033716, 1571455.070310624316335 ], [ 330802.025527324120048, 1571447.670128561090678 ], [ 330503.104719433991704, 1570544.174473844934255 ], [ 331600.858718123286963, 1570536.813469578744844 ] ] ], [ [ [ 362336.174095289257821, 1570350.138215745566413 ], [ 364531.43051706685219, 1570338.239889810327441 ], [ 366025.22854791150894, 1574857.272262521553785 ], [ 364927.682138053001836, 1574863.14958403329365 ], [ 365226.964429143466987, 1575766.988123760558665 ], [ 367422.02151979028713, 1575755.300790363922715 ], [ 365330.816084711812437, 1569428.588060609530658 ], [ 364233.177611960098147, 1569434.475000604987144 ], [ 363637.178521452238783, 1567626.986658137757331 ], [ 359246.45874083833769, 1567651.088133533485234 ], [ 359544.437659329269081, 1568554.787681247573346 ], [ 361739.773356146062724, 1568542.660222342936322 ], [ 362336.174095289257821, 1570350.138215745566413 ] ] ], [ [ [ 338585.367399180307984, 1575018.601691060932353 ], [ 338285.867533646698575, 1574114.999995412770659 ], [ 337188.201515954569913, 1574122.086069419980049 ], [ 337787.402749916363973, 1575929.284907785709947 ], [ 339982.665422778809443, 1575915.196633686544374 ], [ 339683.012699985178187, 1575011.572570465970784 ], [ 338585.367399180307984, 1575018.601691060932353 ] ] ], [ [ [ 346692.49921180534875, 1589457.557541154325008 ], [ 346390.343459333933424, 1588553.711631740676239 ], [ 347487.731911601498723, 1588546.965092918369919 ], [ 347185.761455199914053, 1587643.12350191664882 ], [ 343893.534352582180873, 1587663.536452594446018 ], [ 344195.553688860381953, 1588567.349935048492625 ], [ 345292.95072861504741, 1588560.506578782573342 ], [ 345595.122781450860202, 1589464.34309599827975 ], [ 346692.49921180534875, 1589457.557541154325008 ] ] ], [ [ [ 343400.356989756692201, 1589478.059515845030546 ], [ 344497.742050961649511, 1589471.177087224787101 ], [ 344195.553688860381953, 1588567.349935048492625 ], [ 343098.15230948489625, 1588574.241701551014557 ], [ 343400.356989756692201, 1589478.059515845030546 ] ] ], [ [ [ 335114.068500625784509, 1587720.09991904720664 ], [ 335718.537732355645858, 1589527.592849560314789 ], [ 334621.116924441070296, 1589534.862814555410296 ], [ 335226.295277065597475, 1591342.391463253647089 ], [ 334128.902681483072229, 1591349.691619894932956 ], [ 334431.761902364902198, 1592253.467055518180132 ], [ 333334.381116877659224, 1592260.806579822674394 ], [ 333940.639696133963298, 1594068.379684855928645 ], [ 335037.987602825276554, 1594061.058497795136645 ], [ 335644.889632022590376, 1595868.704159434419125 ], [ 336742.200057692476548, 1595861.45003856276162 ], [ 335832.149959179922007, 1593149.974197997013107 ], [ 336929.505137896398082, 1593142.740942790638655 ], [ 336021.025969614856876, 1590431.359565856866539 ], [ 337118.425814429589082, 1590424.147217112826183 ], [ 336513.651188367453869, 1588616.60897308238782 ], [ 337611.079247782821767, 1588609.426723516080528 ], [ 337308.961911290301941, 1587705.668724963441491 ], [ 335114.068500625784509, 1587720.09991904720664 ] ] ], [ [ [ 350931.14651507884264, 1624764.297254771925509 ], [ 350313.592385385243688, 1622955.663169958163053 ], [ 351410.385024911607616, 1622948.944534961599857 ], [ 350485.370929572614841, 1620236.070293630706146 ], [ 349388.52846850361675, 1620242.819093495374545 ], [ 349696.714133890694939, 1621147.086204759310931 ], [ 348599.884103694115765, 1621153.874365784227848 ], [ 349834.382991660502739, 1624771.045165425166488 ], [ 350931.14651507884264, 1624764.297254771925509 ] ] ], [ [ [ 351858.744939036318101, 1627477.355821627890691 ], [ 351240.177028222358786, 1625668.635765631683171 ], [ 350143.430148947285488, 1625675.373555647442117 ], [ 350762.031368979834951, 1627484.073300616117194 ], [ 351858.744939036318101, 1627477.355821627890691 ] ] ], [ [ [ 360154.637551985331811, 1629240.643654535524547 ], [ 359845.047654859255999, 1628336.175417080987245 ], [ 358748.378789998474531, 1628342.535454572876915 ], [ 359057.985295832389966, 1629246.99328816938214 ], [ 360154.637551985331811, 1629240.643654535524547 ] ] ], [ [ [ 352001.261363242170773, 1631101.645194833399728 ], [ 351691.200426439230796, 1630197.230621902039275 ], [ 353884.52345553971827, 1630183.906610704958439 ], [ 354815.112997676478699, 1632897.255429120734334 ], [ 355911.71840002364479, 1632890.698933265404776 ], [ 356222.236100745154545, 1633795.187934171874076 ], [ 357318.820832621771842, 1633788.691594223491848 ], [ 356697.987712581641972, 1631979.707333595724776 ], [ 358891.212002693035174, 1631966.822199942078441 ], [ 358271.121175671229139, 1630157.854543172987178 ], [ 359367.760712609975599, 1630151.465677937259898 ], [ 359057.985295832389966, 1629246.99328816938214 ], [ 357961.329134205821902, 1629253.392553396290168 ], [ 357342.25180735019967, 1627444.512152828974649 ], [ 358438.941197506559547, 1627438.092157513368875 ], [ 358129.672520754567813, 1626533.663377369521186 ], [ 354839.54261939029675, 1626553.10300774872303 ], [ 355458.348586743581109, 1628361.913197380956262 ], [ 356555.029286348784808, 1628355.404343773843721 ], [ 356864.66903670161264, 1629259.841451160609722 ], [ 355768.004972915630788, 1629266.339982413453981 ], [ 356077.830290880752727, 1630170.781253710389137 ], [ 354981.178882230946328, 1630177.319100919179618 ], [ 354671.336912442930043, 1629272.888148113386706 ], [ 353574.664824878447689, 1629279.485949226887897 ], [ 352955.454403077834286, 1627470.687925687292591 ], [ 351858.744939036318101, 1627477.355821627890691 ], [ 352477.988679816247895, 1629286.133386726723984 ], [ 350284.624095573206432, 1629299.577174816979095 ], [ 350904.610395046765916, 1631108.371465049451217 ], [ 352001.261363242170773, 1631101.645194833399728 ] ], [ [ 357174.477711895713583, 1630164.293068113969639 ], [ 357484.455309530138038, 1631068.75921426829882 ], [ 356387.824538235494401, 1631075.23703089216724 ], [ 356077.830290880752727, 1630170.781253710389137 ], [ 357174.477711895713583, 1630164.293068113969639 ] ] ], [ [ [ 353408.121429951977916, 1631999.407906076638028 ], [ 352311.491254845110234, 1632006.074199970578775 ], [ 352621.890098839357961, 1632910.517656915821135 ], [ 353718.503574075642973, 1632903.861670012818649 ], [ 353408.121429951977916, 1631999.407906076638028 ] ] ], [ [ [ 354029.054661222151481, 1633808.329928738065064 ], [ 355125.647387074655853, 1633801.734045354649425 ], [ 354815.112997676478699, 1632897.255429120734334 ], [ 353718.503574075642973, 1632903.861670012818649 ], [ 354029.054661222151481, 1633808.329928738065064 ] ] ], [ [ [ 354339.774688973440789, 1634712.81270190817304 ], [ 354029.054661222151481, 1633808.329928738065064 ], [ 352932.457892801961862, 1633814.975585293257609 ], [ 353243.194634320505429, 1634719.448004745645449 ], [ 354339.774688973440789, 1634712.81270190817304 ] ] ], [ [ [ 356532.922728186007589, 1634699.691496265120804 ], [ 356222.236100745154545, 1633795.187934171874076 ], [ 355125.647387074655853, 1633801.734045354649425 ], [ 355436.350710134836845, 1634706.227199404267594 ], [ 356532.922728186007589, 1634699.691496265120804 ] ] ] ] } }
]
}
