{
"type": "FeatureCollection",
"name": "urban-1980",
"crs": { "type": "name", "properties": { "name": "urn:ogc:def:crs:EPSG::32652" } },
"features": [
{ "type": "Feature", "properties": { "year": 1980 }, "geometry": { "type": "MultiPolygon", "coordinates": [ [ [ [ 286381.411764797812793, 4155937.442396925762296 ], [ 288086.469140295404941, 4157855.04462739918381 ], [ 290122.942391897027846, 4157803.31175731215626 ], [ 288418.072354030504357, 4155885.319308293052018 ], [ 286381.411764797812793, 4155937.442396925762296 ] ] ], [ [ [ 293864.794003568589687, 4159670.921607080381364 ], [ 294717.751724561094306, 4160630.515533580910414 ], [ 295735.840256353258155, 4160605.38033959036693 ], [ 294882.929343071766198, 4159645.688499777577817 ], [ 293864.794003568589687, 4159670.921607080381364 ] ] ], [ [ [ 301514.148910264484584, 4162426.605706871021539 ], [ 302367.400904828449711, 4163387.037029807455838 ], [ 301349.461170512775425, 4163411.377172839827836 ], [ 302202.936005219642539, 4164371.826318361330777 ], [ 301185.040987532178406, 4164396.19337291456759 ], [ 302038.738678051275201, 4165356.660360843408853 ], [ 305092.277212142362259, 4165284.230103699956089 ], [ 301679.104176109656692, 4161441.878975791390985 ], [ 300661.072980369208381, 4161466.290384842082858 ], [ 299808.173117718251888, 4160506.090917909517884 ], [ 298790.09307103959145, 4160530.72557581635192 ], [ 300496.162401532172225, 4162451.044097819831222 ], [ 301514.148910264484584, 4162426.605706871021539 ] ] ], [ [ [ 293534.795671322732233, 4161640.67470283806324 ], [ 294388.199227875680663, 4162600.303379421588033 ], [ 292352.194441266008653, 4162651.058040257543325 ], [ 293205.86780160019407, 4163610.606084899045527 ], [ 292187.909035138320178, 4163636.073212101124227 ], [ 290480.644667630898766, 4161717.288380840793252 ], [ 289462.589967812411487, 4161743.076633422635496 ], [ 290316.180982570513152, 4162702.313522640615702 ], [ 288280.15876717196079, 4162754.069849746767431 ], [ 289134.01968831778504, 4163713.226013294421136 ], [ 291169.948101144866087, 4163661.665573970414698 ], [ 292023.891321128234267, 4164621.132932941894978 ], [ 293041.80536696431227, 4164595.638630771543831 ], [ 293895.877794257132336, 4165555.319579016417265 ], [ 294913.742802988330368, 4165530.048700308892876 ], [ 294059.717256328207441, 4164570.269589671865106 ], [ 296095.534607873880304, 4164519.907279230188578 ], [ 295241.778874217532575, 4163560.04752299329266 ], [ 296259.731201504357159, 4163534.956082576420158 ], [ 294552.841675928561017, 4161615.387160460930318 ], [ 293534.795671322732233, 4161640.67470283806324 ] ] ], [ [ [ 291005.975108269252814, 4164646.752499063033611 ], [ 291860.141329962527379, 4165606.237201754935086 ], [ 292878.010640096035786, 4165580.715745209250599 ], [ 292023.891321128234267, 4164621.132932941894978 ], [ 291005.975108269252814, 4164646.752499063033611 ] ] ], [ [ [ 297277.681403537921142, 4163509.989865398034453 ], [ 298131.343460224976297, 4164470.045978852082044 ], [ 297113.440091169904917, 4164494.914004197809845 ], [ 297967.325062080635689, 4165454.987760603893548 ], [ 294913.742802988330368, 4165530.048700308892876 ], [ 297476.875969763146713, 4168410.081126647535712 ], [ 299512.318365586223081, 4168360.505348854232579 ], [ 298657.858307744842023, 4167400.181682619266212 ], [ 301711.146863763511647, 4167326.462704655714333 ], [ 300857.003414600738324, 4166365.959972285665572 ], [ 301874.808954002102837, 4166341.53915651794523 ], [ 299313.575474113575183, 4163460.433089481666684 ], [ 297277.681403537921142, 4163509.989865398034453 ] ] ], [ [ [ 303910.41386141924886, 4166293.073405136819929 ], [ 304764.416877685347572, 4167253.871638831682503 ], [ 305782.169477660791017, 4167229.925251247361302 ], [ 304928.213250515051186, 4166269.028464049100876 ], [ 303910.41386141924886, 4166293.073405136819929 ] ] ], [ [ [ 286607.503594975511078, 4166721.008865113370121 ], [ 290883.265283810789697, 4171517.798266040161252 ], [ 291900.865862937120255, 4171492.114317195024341 ], [ 291045.408292452804744, 4170532.426730323117226 ], [ 292063.053697818191722, 4170506.769811728503555 ], [ 291207.819208379660267, 4169547.099736641626805 ], [ 290190.126827468746342, 4169572.855014618020505 ], [ 287625.339089640998282, 4166694.833633049856871 ], [ 286607.503594975511078, 4166721.008865113370121 ] ] ], [ [ [ 293243.197487473487854, 4169495.965408963151276 ], [ 294098.338058903231286, 4170455.832282005343586 ], [ 292063.053697818191722, 4170506.769811728503555 ], [ 292918.464289224590175, 4171466.555834420956671 ], [ 295971.246755836764351, 4171390.633153749164194 ], [ 295115.977035598480143, 4170430.551665126346052 ], [ 296133.613890383625403, 4170405.396476424764842 ], [ 294423.696585665573366, 4168485.385030157864094 ], [ 293405.965871487627737, 4168510.737072470132262 ], [ 294260.883406653767452, 4169470.586353485006839 ], [ 293243.197487473487854, 4169495.965408963151276 ] ] ], [ [ [ 298331.605859261879232, 4169370.324120630510151 ], [ 299186.511828160379082, 4170330.683451068587601 ], [ 300204.140300199738704, 4170306.029946827329695 ], [ 299349.281218894117046, 4169345.572045530658215 ], [ 298331.605859261879232, 4169370.324120630510151 ] ] ], [ [ [ 291577.293992735736538, 4173462.937012792564929 ], [ 290721.390213209902868, 4172503.214342836756259 ], [ 289703.832312676706351, 4172529.050799409858882 ], [ 287992.459051232493948, 4170610.150135833304375 ], [ 289010.110979646677151, 4170584.11688945768401 ], [ 285589.665881660650484, 4166747.309434343595058 ], [ 284571.825939163740259, 4166773.735343710519373 ], [ 287137.036593313678168, 4169650.873340024612844 ], [ 284083.926501619280316, 4169730.020464460831136 ], [ 284939.490052142296918, 4170689.002577499952167 ], [ 286974.804927498626057, 4170636.308830661699176 ], [ 288686.272238927602302, 4172555.012757161166519 ], [ 287668.709981502557639, 4172581.100219019688666 ], [ 286812.841229447338264, 4171621.788780318573117 ], [ 285795.229729025857523, 4171648.100103283766657 ], [ 287507.237452516448684, 4173566.641977677121758 ], [ 286489.717859740019776, 4173592.882052429486066 ], [ 287346.032968489453197, 4174552.228213013615459 ], [ 286328.558249647554476, 4174578.495372772682458 ], [ 287185.096560207079165, 4175537.858924018684775 ], [ 290237.372937290696427, 4175459.729810250457376 ], [ 291093.946147754555568, 4176419.505254175979644 ], [ 292111.320218966691755, 4176393.812078916002065 ], [ 291254.794060348067433, 4175433.937948517501354 ], [ 293289.629865088092629, 4175382.730971861630678 ], [ 292433.373877512989566, 4174422.775840249843895 ], [ 290398.444009179947898, 4174474.18011587485671 ], [ 289542.270067901932634, 4173514.538434281945229 ], [ 291577.293992735736538, 4173462.937012792564929 ] ] ], [ [ [ 300896.851993917254731, 4172251.7517074579373 ], [ 301752.286185607779771, 4173212.460926804691553 ], [ 300734.796351146593224, 4173236.943755597341806 ], [ 301590.453525096760131, 4174197.671047554351389 ], [ 299555.561531940475106, 4174246.815583593212068 ], [ 300411.488642514217645, 4175207.462094097398221 ], [ 302446.286769196973182, 4175158.515333128161728 ], [ 304158.481457313988358, 4177080.555473714601249 ], [ 302123.871085806109477, 4177129.106224393937737 ], [ 303836.957807819009759, 4179051.219482202082872 ], [ 304854.170102460426278, 4179027.079588504508138 ], [ 305710.930604054534342, 4179988.411766914185137 ], [ 306728.093949398957193, 4179964.496818833518773 ], [ 307584.983558641222771, 4180926.046160081401467 ], [ 308602.097982909006532, 4180902.356284921988845 ], [ 306888.588693710276857, 4178979.176781512331218 ], [ 308922.999356884218287, 4178931.776597083546221 ], [ 307210.381934924283996, 4177008.6713801715523 ], [ 308227.678114555368666, 4176984.961213497910649 ], [ 309940.201741430559196, 4178908.264981645625085 ], [ 310957.402175148832612, 4178884.879013853147626 ], [ 309244.97232176666148, 4176961.376641276758164 ], [ 311279.554860597243533, 4176914.584269574377686 ], [ 309568.016631957842037, 4174991.15642040129751 ], [ 308550.632623344077729, 4175014.688215239904821 ], [ 307695.080717609962448, 4174053.249967746436596 ], [ 308712.511577994097024, 4174029.619086277671158 ], [ 307857.182567937823478, 4173068.199282586574554 ], [ 308874.658291899191681, 4173044.594871321693063 ], [ 307164.622077334788628, 4171121.909423422068357 ], [ 308182.189468605094589, 4171098.232593489345163 ], [ 307327.482247347477823, 4170136.966858498286456 ], [ 306309.868041125824675, 4170160.742521533276886 ], [ 305455.290055895224214, 4169199.692638451233506 ], [ 306472.951073316740803, 4169175.818218905478716 ], [ 304764.416877685347572, 4167253.871638831682503 ], [ 301711.146863763511647, 4167326.462704655714333 ], [ 302565.466379245161079, 4168287.081863 ], [ 300530.036436967318878, 4168335.905498902779073 ], [ 302239.391046401346102, 4170257.099177941679955 ], [ 301221.7667027823627, 4170281.501856707036495 ], [ 302076.754976968863048, 4171242.174991358537227 ], [ 300041.593873902864289, 4171291.159264465793967 ], [ 299186.511828160379082, 4170330.683451068587601 ], [ 298168.881276173808146, 4170355.462372214533389 ], [ 299879.315249950217549, 4172276.333310272544622 ], [ 300896.851993917254731, 4172251.7517074579373 ] ], [ [ 306193.083772450336255, 4177032.507143972441554 ], [ 305336.992233808792662, 4176071.230241690762341 ], [ 306354.337298944825307, 4176047.29534406028688 ], [ 307210.381934924283996, 4177008.6713801715523 ], [ 306193.083772450336255, 4177032.507143972441554 ] ], [ [ 307049.351365791400895, 4177993.901635155081749 ], [ 306032.098127331468277, 4178017.763814717531204 ], [ 305175.783616720116697, 4177056.468507585115731 ], [ 306193.083772450336255, 4177032.507143972441554 ], [ 307049.351365791400895, 4177993.901635155081749 ] ], [ [ 309406.360574047430418, 4175976.24406378576532 ], [ 307371.680370408692397, 4176023.486016986891627 ], [ 306515.858676095260307, 4175062.12841544020921 ], [ 305498.468716582166962, 4175086.036826151888818 ], [ 304642.776190534466878, 4174124.895679088309407 ], [ 305660.213034332147799, 4174100.888261464424431 ], [ 304804.743447812506929, 4173139.765407797414809 ], [ 305822.225156357919332, 4173115.784548139665276 ], [ 307533.246641536359675, 4175038.345546030905098 ], [ 308550.632623344077729, 4175014.688215239904821 ], [ 309406.360574047430418, 4175976.24406378576532 ] ], [ [ 303257.013341548386961, 4170232.821907775476575 ], [ 304111.907887858920731, 4171193.692469713743776 ], [ 303094.332451195223257, 4171217.871012976858765 ], [ 302239.391046401346102, 4170257.099177941679955 ], [ 303257.013341548386961, 4170232.821907775476575 ] ] ], [ [ [ 308712.511577994097024, 4174029.619086277671158 ], [ 309568.016631957842037, 4174991.15642040129751 ], [ 311602.778771382174455, 4174944.469427974428982 ], [ 310747.367388517828658, 4173982.733840791974217 ], [ 308712.511577994097024, 4174029.619086277671158 ] ] ], [ [ [ 299394.08649933594279, 4175232.12380973668769 ], [ 300250.236638104252052, 4176192.788383156992495 ], [ 301267.59182800736744, 4176168.22559197479859 ], [ 300411.488642514217645, 4175207.462094097398221 ], [ 299394.08649933594279, 4175232.12380973668769 ] ] ], [ [ [ 289059.191544829111081, 4176471.268445191904902 ], [ 289916.035007630125619, 4177430.96281010704115 ], [ 291950.695466769277118, 4177379.397066086530685 ], [ 291093.946147754555568, 4176419.505254175979644 ], [ 289059.191544829111081, 4176471.268445191904902 ] ] ], [ [ [ 299232.879391971393488, 4176217.476761302445084 ], [ 300089.252574604412075, 4177178.159417905379087 ], [ 301106.562852873175871, 4177153.570014418102801 ], [ 300250.236638104252052, 4176192.788383156992495 ], [ 299232.879391971393488, 4176217.476761302445084 ] ] ], [ [ [ 291950.695466769277118, 4177379.397066086530685 ], [ 292807.620891887578182, 4178339.405392909422517 ], [ 293824.900848722318187, 4178313.909820464905351 ], [ 292968.022482579690404, 4177353.802653909195215 ], [ 291950.695466769277118, 4177379.397066086530685 ] ] ], [ [ [ 299071.940240581403486, 4177202.874437625985593 ], [ 299928.53648275649175, 4178163.57519771810621 ], [ 300945.801834329147823, 4178138.959202886559069 ], [ 300089.252574604412075, 4177178.159417905379087 ], [ 299071.940240581403486, 4177202.874437625985593 ] ] ], [ [ [ 300945.801834329147823, 4178138.959202886559069 ], [ 301802.527168532309588, 4179099.876263601705432 ], [ 302819.74349997472018, 4179075.485039656516165 ], [ 301963.065141041530296, 4178114.468850787263364 ], [ 300945.801834329147823, 4178138.959202886559069 ] ] ], [ [ [ 280122.115174910170026, 4181613.200804740656167 ], [ 279263.95408177387435, 4180654.324933109339327 ], [ 281298.388849366630893, 4180600.08320738747716 ], [ 280440.498359294957481, 4179641.125919815152884 ], [ 276371.430829153337982, 4179750.506761274300516 ], [ 278087.765863548673224, 4181667.74831055290997 ], [ 280122.115174910170026, 4181613.200804740656167 ] ] ], [ [ [ 299607.908336970722303, 4180134.540990081150085 ], [ 300465.126825586950872, 4181095.395358590874821 ], [ 302499.381667880166788, 4181046.381261797156185 ], [ 301642.257199019077234, 4180085.328462288714945 ], [ 299607.908336970722303, 4180134.540990081150085 ] ] ], [ [ [ 277070.587806068942882, 4181695.21075446670875 ], [ 277929.066829517832957, 4182653.906483139842749 ], [ 278946.197615444310941, 4182626.542711694724858 ], [ 278087.765863548673224, 4181667.74831055290997 ], [ 277070.587806068942882, 4181695.21075446670875 ] ] ], [ [ [ 308282.268445525376592, 4182873.115702044218779 ], [ 309997.373926401953213, 4184796.842638949397951 ], [ 312031.229110011830926, 4184750.133714080788195 ], [ 310316.311462406651117, 4182826.008200764190406 ], [ 309299.290928586851805, 4182849.499069079756737 ], [ 308442.049219286011066, 4181887.713527488522232 ], [ 307424.979778307490051, 4181911.429675758350641 ], [ 306567.867163573508151, 4180949.861746710259467 ], [ 305550.748787337332033, 4180973.803047492634505 ], [ 304693.76526672556065, 4180012.452402584254742 ], [ 302659.428574589663185, 4180060.910747541580349 ], [ 303516.506049860618077, 4181022.062802317086607 ], [ 302499.381667880166788, 4181046.381261797156185 ], [ 303356.682207041129004, 4182007.551703026518226 ], [ 302339.602810587035492, 4182031.89658192358911 ], [ 303197.12642931600567, 4182993.085430207196623 ], [ 302180.092033449094743, 4183017.456707423552871 ], [ 303037.8387474284973, 4183978.663983409758657 ], [ 304054.826116776326671, 4183954.39213909348473 ], [ 304912.701870291610248, 4184915.816856640391052 ], [ 303895.761531233321875, 4184939.989191097207367 ], [ 304753.860382180777378, 4185901.43247865093872 ], [ 306787.645013217465021, 4185853.412843903061002 ], [ 305929.640219635330141, 4184891.770356084220111 ], [ 306946.576589590753429, 4184867.849686723202467 ], [ 306088.794864249415696, 4183906.225869810208678 ], [ 307105.776263051549904, 4183882.331439420580864 ], [ 306248.217590270214714, 4182920.726272577885538 ], [ 308282.268445525376592, 4182873.115702044218779 ] ] ], [ [ [ 318990.190325235598721, 4185575.866346907801926 ], [ 320705.601055142236874, 4187501.904267236590385 ], [ 321722.373814026999753, 4187479.793476887978613 ], [ 320007.056864219775889, 4185553.55540558649227 ], [ 318990.190325235598721, 4185575.866346907801926 ] ] ], [ [ [ 325948.698441424930934, 4186407.447863792069256 ], [ 325091.362248931080103, 4185443.888009423390031 ], [ 326108.217936114640906, 4185422.331974997650832 ], [ 325251.104549391777255, 4184458.791771204676479 ], [ 324234.202041862532496, 4184480.447925826534629 ], [ 323377.21782326605171, 4183517.127463963348418 ], [ 322360.26669549185317, 4183539.009419700596482 ], [ 323217.297740937094204, 4184502.229865336790681 ], [ 320166.573974366649054, 4184568.330417795106769 ], [ 322739.14475969679188, 4187457.808564020320773 ], [ 321722.373814026999753, 4187479.793476887978613 ], [ 322580.296290096244775, 4188443.091962224338204 ], [ 320546.842751655494794, 4188487.239066939335316 ], [ 321405.035035469627474, 4189450.456873829942197 ], [ 320388.352457966015209, 4189472.619073590729386 ], [ 321246.767669119406492, 4190435.856414833106101 ], [ 322263.403321178338956, 4190413.794507527723908 ], [ 323121.947605770139489, 4191377.252117472235113 ], [ 324138.534536845516413, 4191355.416569409891963 ], [ 322421.715800361300353, 4189428.420610005501658 ], [ 324455.071933443541639, 4189384.725880262441933 ], [ 323597.020350232778583, 4188421.207267452031374 ], [ 324613.742618038668297, 4188399.448474450968206 ], [ 322898.261178485001437, 4186472.570415233727545 ], [ 325948.698441424930934, 4186407.447863792069256 ] ] ], [ [ [ 308504.182768106402364, 4187777.053114723414183 ], [ 309362.715723898203578, 4188739.051194846164435 ], [ 306312.459174081799574, 4188810.37177158286795 ], [ 308030.335536515456624, 4190734.12496218085289 ], [ 309046.995549141662195, 4190710.425309063866735 ], [ 308188.016403253714088, 4189748.389395240228623 ], [ 311238.12599707825575, 4189677.74640452163294 ], [ 310379.464020727900788, 4188715.529547871556133 ], [ 311396.210391475469805, 4188692.133835777174681 ], [ 310537.771473105589394, 4187729.935986538883299 ], [ 308504.182768106402364, 4187777.053114723414183 ] ] ], [ [ [ 312955.978072389494628, 4191602.537429484538734 ], [ 313815.168165650859009, 4192565.111896043643355 ], [ 314831.72644377395045, 4192542.116547544952482 ], [ 313972.583379589021206, 4191579.441874190699309 ], [ 314989.186803031654563, 4191556.47233107034117 ], [ 314130.266785455110949, 4190593.816931292880327 ], [ 311080.309778243594337, 4190663.40398830268532 ], [ 311939.370871183287818, 4191625.758999550715089 ], [ 312955.978072389494628, 4191602.537429484538734 ] ] ], [ [ [ 303806.443847191520035, 4191816.068408146500587 ], [ 305525.84758744307328, 4193739.534821005072445 ], [ 309591.949771666433662, 4193644.172259472310543 ], [ 308732.348320008371957, 4192681.979312072508037 ], [ 306699.206911611836404, 4192729.608641915954649 ], [ 304980.343783230986446, 4190805.979924500919878 ], [ 303963.675926137831993, 4190830.183588577434421 ], [ 304823.066569459857419, 4191791.838624723255634 ], [ 303806.443847191520035, 4191816.068408146500587 ] ] ], [ [ [ 322492.27022053883411, 4195319.279053132981062 ], [ 320459.452294512768276, 4195363.532551505602896 ], [ 322179.040483672171831, 4197290.564154841005802 ], [ 323195.356337175297085, 4197268.575675196014345 ], [ 322335.521246867370792, 4196304.898967613466084 ], [ 323351.882317417766899, 4196282.935922812670469 ], [ 322492.27022053883411, 4195319.279053132981062 ] ] ], [ [ [ 324055.367425588134211, 4198232.373020822182298 ], [ 326087.899814221716952, 4198188.976183026097715 ], [ 324368.241608303040266, 4196261.099011125043035 ], [ 323351.882317417766899, 4196282.935922812670469 ], [ 324211.67041134100873, 4197246.713357893750072 ], [ 323195.356337175297085, 4197268.575675196014345 ], [ 324055.367425588134211, 4198232.373020822182298 ] ] ], [ [ [ 331872.930082769016735, 4200032.865768254734576 ], [ 331012.848903751524631, 4199068.220531279221177 ], [ 332029.058636301429942, 4199047.317146530374885 ], [ 330309.51806094852509, 4197118.188726779073477 ], [ 332342.120171480346471, 4197076.356372161768377 ], [ 331482.707670894917101, 4196111.772152255289257 ], [ 330466.360551983816549, 4196132.726200032047927 ], [ 329607.077106583397835, 4195168.364030545577407 ], [ 330623.471133788698353, 4195147.309118367731571 ], [ 329764.410563364392146, 4194182.967120120767504 ], [ 327731.526971654617228, 4194225.404580691363662 ], [ 326013.746131555410102, 4192297.485718769952655 ], [ 323980.667886200477369, 4192340.829853223636746 ], [ 323121.947605770139489, 4191377.252117472235113 ], [ 321088.768358978210017, 4191421.301184390671551 ], [ 321947.582517211441882, 4192384.678052532020956 ], [ 320931.037135739577934, 4192406.791182659100741 ], [ 321790.074253819533624, 4193370.187700398266315 ], [ 323823.069308239384554, 4193326.288430200889707 ], [ 326400.954891887493432, 4196217.803577297367156 ], [ 325384.599129724723753, 4196239.388230100274086 ], [ 327104.163380750222132, 4198167.467041705735028 ], [ 328120.42520899430383, 4198146.084082211367786 ], [ 328980.424336563155521, 4199110.40590769611299 ], [ 326947.992898777476512, 4199153.096109145320952 ], [ 328668.70701542054303, 4201081.699394289404154 ], [ 327652.582695640448947, 4201103.031758447177708 ], [ 329374.094739170977846, 4203031.918262919411063 ], [ 330390.125041009567212, 4203010.788261619396508 ], [ 329529.328041187836789, 4202046.183054742403328 ], [ 330545.403647467610426, 4202025.078124657273293 ], [ 329684.829618117131758, 4201060.493294822983444 ], [ 330700.95051387778949, 4201039.413457665592432 ], [ 329840.599439251527656, 4200074.848982607014477 ], [ 331872.930082769016735, 4200032.865768254734576 ] ] ], [ [ [ 286699.156343413516879, 4204033.477131059393287 ], [ 285836.328318952582777, 4203073.200310382060707 ], [ 284820.168039666197728, 4203099.864509196020663 ], [ 285683.043533285264857, 4204060.041252856142819 ], [ 282634.692215783463325, 4204140.4922468168661 ], [ 283497.886336952913553, 4205100.486969161778688 ], [ 282481.812418095651083, 4205127.456804279237986 ], [ 285072.59425625228323, 4208007.850165237672627 ], [ 289136.306923096417449, 4207901.932561543770134 ], [ 288272.726868241094053, 4206941.281784972175956 ], [ 289288.697249211429153, 4206915.018358538858593 ], [ 287562.160508245695382, 4204993.872312922030687 ], [ 288578.223725450225174, 4204967.534804969094694 ], [ 287715.267022516694851, 4204007.03944237716496 ], [ 286699.156343413516879, 4204033.477131059393287 ] ] ], [ [ [ 331649.359018576215021, 4207897.890346922911704 ], [ 330787.541068076970987, 4206932.979888066649437 ], [ 329771.693828786723316, 4206954.083521274849772 ], [ 330633.558842984028161, 4207918.892451035790145 ], [ 329617.756982706254348, 4207940.021017248742282 ], [ 330479.845047146314755, 4208904.850509599782526 ], [ 329464.088580863957759, 4208926.003986934199929 ], [ 330326.399711292004213, 4209890.854064444079995 ], [ 326263.545277234108653, 4209976.326677677221596 ], [ 327126.220874808263034, 4210940.892476523295045 ], [ 332204.549091571301688, 4210834.876295565627515 ], [ 331342.10908451944124, 4209869.802218440920115 ], [ 332357.816783725516871, 4209848.876890622079372 ], [ 331495.599829046870582, 4208883.82352358661592 ], [ 333527.104379932279699, 4208842.14901611302048 ], [ 332665.157519545522518, 4207877.014702558517456 ], [ 331649.359018576215021, 4207897.890346922911704 ] ] ], [ [ [ 261084.884981540148146, 4097857.952837739605457 ], [ 261925.5922530660755, 4098812.423389046918601 ], [ 262946.612066642381251, 4098783.7658193805255 ], [ 263787.449128333246335, 4099738.437933584675193 ], [ 270934.190375678415876, 4099541.946651775855571 ], [ 269253.340883051394485, 4097631.397155724000186 ], [ 267211.242550682509318, 4097687.295938091352582 ], [ 266370.989436897623818, 4096732.371193654835224 ], [ 261265.466411092173075, 4096874.745171245653182 ], [ 262105.951160278666066, 4097829.201611324213445 ], [ 261084.884981540148146, 4097857.952837739605457 ] ] ], [ [ [ 309280.752985878905747, 4140678.83783320337534 ], [ 310128.920763479778543, 4141639.270902505144477 ], [ 312166.73770630499348, 4141593.155163180083036 ], [ 311318.662712141114753, 4140632.527484061662108 ], [ 312337.6145479924744, 4140609.559091689065099 ], [ 310642.085361876932438, 4138688.453949084505439 ], [ 308603.994174815830775, 4138734.904125872533768 ], [ 310299.70886171516031, 4140655.620397025719285 ], [ 309280.752985878905747, 4140678.83783320337534 ] ] ], [ [ [ 304864.04342207883019, 4142740.571820180397481 ], [ 304015.420982985640876, 4141780.607463921420276 ], [ 302996.497100407315884, 4141804.599531434476376 ], [ 304694.010982368141413, 4143724.44842786854133 ], [ 307750.497557195834816, 4143653.429403263609856 ], [ 306053.262488420121372, 4141732.997031608130783 ], [ 307072.18013292690739, 4141709.378661404829472 ], [ 306223.873097542673349, 4140749.237307422794402 ], [ 304185.942846266087145, 4140796.792954976670444 ], [ 305882.918747418792918, 4142716.801529116928577 ], [ 304864.04342207883019, 4142740.571820180397481 ] ] ], [ [ [ 318521.109090403304435, 4169883.710057321935892 ], [ 316813.251166310685221, 4167959.354414073750377 ], [ 318848.61788758658804, 4167914.541382235474885 ], [ 317995.046276625071187, 4166952.342228278983384 ], [ 319012.773462697514333, 4166930.024699457455426 ], [ 318159.42450566298794, 4165967.844296467024833 ], [ 319177.196448001253884, 4165945.553120176307857 ], [ 318324.07012919121189, 4164983.391447731759399 ], [ 320359.701615017198492, 4164938.987061908934265 ], [ 321212.734699097461998, 4165901.346513800323009 ], [ 322230.501028958009556, 4165879.431078721769154 ], [ 323937.001958590466529, 4167804.701649125665426 ], [ 322919.328843094408512, 4167826.418994684703648 ], [ 324626.626935217995197, 4169751.963892647530884 ], [ 323609.045232624688651, 4169773.60819347621873 ], [ 324463.004883666173555, 4170736.45888068433851 ], [ 325480.539954384265002, 4170714.913866375107318 ], [ 327188.893923900439404, 4172641.169601133093238 ], [ 326171.452129031473305, 4172662.515811968129128 ], [ 327880.60327863402199, 4174589.047804109286517 ], [ 326863.253001204109751, 4174610.320391921326518 ], [ 327718.139195278403349, 4175573.66526161134243 ], [ 326700.833806138369255, 4175594.963722500950098 ], [ 327555.942648701020516, 4176558.328030302189291 ], [ 325521.41989198862575, 4176601.102205077186227 ], [ 326376.798101597232744, 4177564.386254441924393 ], [ 325359.580749093671329, 4177585.861976552288979 ], [ 326215.181653342908248, 4178549.165455997455865 ], [ 325198.009233974618837, 4178570.66701743658632 ], [ 326053.832848590216599, 4179533.989948091562837 ], [ 325036.705377254926134, 4179555.517327820882201 ], [ 326748.974038902670145, 4181482.321546108927578 ], [ 325731.938292100094259, 4181503.774804380256683 ], [ 326588.383355890982784, 4182467.25618478609249 ], [ 328622.359555285423994, 4182424.675379063002765 ], [ 327766.008012323698495, 4181460.993980229832232 ], [ 328783.040222737472504, 4181439.792104341555387 ], [ 327926.911393238347955, 4180476.130371312145144 ], [ 329961.064015701645985, 4180433.903654934838414 ], [ 330817.099396044155583, 4181397.765413000248373 ], [ 331834.12637968902709, 4181376.940592813771218 ], [ 329266.688246763485949, 4178485.414405115880072 ], [ 330283.853591036633588, 4178464.41525798663497 ], [ 331139.443650471395813, 4179428.237547223456204 ], [ 333173.675773078226484, 4179386.815974756609648 ], [ 331462.858303763321601, 4177458.891265492886305 ], [ 330445.649769973068032, 4177479.739121686201543 ], [ 328735.442809903644957, 4175552.492317873518914 ], [ 329752.744660459342413, 4175531.444888902362436 ], [ 328043.334868174337316, 4173604.475657684262842 ], [ 329060.728244192432612, 4173583.354422625619918 ], [ 328206.333933306566905, 4172619.948822238016874 ], [ 330241.208637644187547, 4172577.883550703991205 ], [ 329387.083521408028901, 4171614.397854916285723 ], [ 332439.522209449962247, 4171551.941904994193465 ], [ 330732.079352531698532, 4169624.730386336799711 ], [ 332767.216011231124867, 4169583.321940648369491 ], [ 333620.756358717568219, 4170547.067171456757933 ], [ 334638.275546588236466, 4170526.650476519949734 ], [ 335491.945298980863299, 4171490.614473448134959 ], [ 336509.416244779364206, 4171470.422767330426723 ], [ 334802.345736560993828, 4169542.414825152140111 ], [ 335819.908025496290065, 4169522.149260446429253 ], [ 338380.63813220593147, 4172414.639270294457674 ], [ 339398.059193139837589, 4172394.798087846022099 ], [ 338544.353073272504844, 4171430.415498001500964 ], [ 339561.818976952577941, 4171410.5999302752316 ], [ 337855.02750849025324, 4169481.994105680380017 ], [ 338872.584723576204851, 4169462.104511088691652 ], [ 339725.846012219204567, 4170426.447312902193516 ], [ 340743.355084134382196, 4170406.782726560719311 ], [ 339890.140268414106686, 4169442.340235359035432 ], [ 341925.246389407315291, 4169403.187631578650326 ], [ 341072.300398546154611, 4168438.665386231150478 ], [ 343107.492828533810098, 4168399.814617679920048 ], [ 342254.815606731513981, 4167435.21266994997859 ], [ 343272.455786112113856, 4167415.87553769769147 ], [ 341567.72188244573772, 4165486.831073986832052 ], [ 342585.453223610878922, 4165467.42002939991653 ], [ 341733.396525018091779, 4164502.977421313058585 ], [ 343768.947047783818562, 4164464.331902211997658 ], [ 342917.158996108919382, 4163499.809706850443035 ], [ 345970.611623953620438, 4163442.48166089085862 ], [ 344267.841252749727573, 4161513.198664960917085 ], [ 345285.748197448556311, 4161494.140707310289145 ], [ 343583.774032619199716, 4159565.136004202067852 ], [ 342565.77447549905628, 4159584.392528292723 ], [ 340864.411318529513665, 4157656.062072491273284 ], [ 342900.593964412226342, 4157617.27747142361477 ], [ 342050.268823891528882, 4156653.092199232429266 ], [ 344086.537405405251775, 4156614.609291322994977 ], [ 343236.480692778714001, 4155650.344639852643013 ], [ 344254.658766376087442, 4155631.191540437284857 ], [ 343404.824195634922944, 4154666.946557896677405 ], [ 339331.916942169133108, 4154744.704118567053229 ], [ 340181.936539038084447, 4155708.553383939433843 ], [ 337127.377261671528686, 4155767.8863430400379 ], [ 336277.218783861899283, 4154804.333582658320665 ], [ 337295.453212119289674, 4154784.332205061335117 ], [ 336445.516963938600384, 4153820.79874608386308 ], [ 338482.073262355406769, 4153780.973115623928607 ], [ 336782.913666646112688, 4151853.865311189554632 ], [ 338819.648185327299871, 4151814.144271676894277 ], [ 336272.505727238021791, 4148923.774753605015576 ], [ 337291.00912017171504, 4148903.805754026398063 ], [ 336442.359707686817273, 4147940.486110500525683 ], [ 339497.998195663909428, 4147881.032022923696786 ], [ 338649.663300134299789, 4146917.534691188018769 ], [ 339668.252221598057076, 4146897.867593511939049 ], [ 338820.139414965815376, 4145934.389450042042881 ], [ 339838.772796016186476, 4145914.748617119621485 ], [ 338990.882062532589771, 4144951.289641735609621 ], [ 340009.559888493735343, 4144931.675093710888177 ], [ 339161.891212415182963, 4143968.235266279429197 ], [ 338143.167244790238328, 4143987.948078853078187 ], [ 336448.265369113418274, 4142061.61660868441686 ], [ 337467.081607769825496, 4142041.707495464943349 ], [ 335772.975687396829017, 4140115.64793458674103 ], [ 336791.882426531403325, 4140095.667287013493478 ], [ 335098.57243239012314, 4138169.879029326140881 ], [ 337136.565060985507444, 4138129.899457630701363 ], [ 336290.266129227937199, 4137166.984625268727541 ], [ 334252.181327899452299, 4137207.159795684274286 ], [ 333405.966155886650085, 4136244.556965889874846 ], [ 334425.05552668182645, 4136224.30948231741786 ], [ 333579.06237393169431, 4135261.725277703255415 ], [ 334598.196042102004867, 4135241.504483027849346 ], [ 333752.424892873386852, 4134278.93888400727883 ], [ 334771.602843748754822, 4134258.744798065163195 ], [ 331390.461806136881933, 4130409.252492079511285 ], [ 330371.099662388849538, 4130429.836267937440425 ], [ 329526.208211391000077, 4129467.849838614463806 ], [ 327487.386314916773699, 4129509.584338030777872 ], [ 329177.529389014351182, 4131433.283819472417235 ], [ 327138.884356565074995, 4131475.126267780084163 ], [ 327984.311989246227313, 4132436.954662775620818 ], [ 330022.864853287814185, 4132395.306795887649059 ], [ 330868.376265093917027, 4133357.445454622153193 ], [ 329849.146836106199771, 4133378.109884636476636 ], [ 330694.880279095028527, 4134340.26691413205117 ], [ 329675.695117727271281, 4134360.958189346827567 ], [ 331367.782043987419456, 4136285.424991844687611 ], [ 330348.687281094375066, 4136306.045538867358118 ], [ 332041.570225441246293, 4138230.781436872668564 ], [ 331022.565909216005821, 4138251.331061925273389 ], [ 331869.317433881922625, 4139213.775665279012173 ], [ 328812.432072655530646, 4139275.877938407938927 ], [ 329659.498032985953614, 4140238.145601103547961 ], [ 330678.415460547897965, 4140217.418147389311343 ], [ 331525.611192968906835, 4141179.899942250456661 ], [ 329487.866887639625929, 4141221.283700654748827 ], [ 330335.330941477441229, 4142183.686245794408023 ], [ 332372.982869686791673, 4142142.498264245688915 ], [ 333220.530487675743643, 4143105.213258352130651 ], [ 330164.188481651130132, 4143166.888174121733755 ], [ 331860.08875288075069, 4145092.08036824176088 ], [ 330841.396932239178568, 4145112.691769437864423 ], [ 332538.093447053804994, 4147038.155153802130371 ], [ 329482.284684355952777, 4147100.148408595472574 ], [ 328633.709683446679264, 4146137.652686459477991 ], [ 327615.056880934629589, 4146158.664551509078592 ], [ 329312.475397859350778, 4148083.576596236322075 ], [ 330331.035639367881231, 4148062.760996292810887 ], [ 332029.065399626502767, 4149988.337350427173078 ], [ 331010.597735091520008, 4150008.956380508374423 ], [ 330161.448590444400907, 4149046.207948156632483 ], [ 329142.932837443309836, 4149067.050035006832331 ], [ 327445.069816856295802, 4147142.100629833061248 ], [ 326426.459643087757286, 4147163.263762975111604 ], [ 324729.207874391227961, 4145238.977216665633023 ], [ 325747.91064442100469, 4145217.618077844846994 ], [ 324051.455343780689873, 4143293.601217287126929 ], [ 323032.65999313746579, 4143315.156057553831488 ], [ 321336.816022569662891, 4141391.799126222729683 ], [ 323374.589958781609312, 4141348.423172573558986 ], [ 322527.024489848525263, 4140386.72323410352692 ], [ 323545.954880894511007, 4140365.124399329070002 ], [ 322698.611641711380798, 4139403.442673269193619 ], [ 321679.634999509667978, 4139425.139070484321564 ], [ 319985.383966036140919, 4137502.317490208428353 ], [ 321004.453099042759277, 4137480.426195650361478 ], [ 320157.63780126220081, 4136519.091155544854701 ], [ 322195.862773316213861, 4136475.487044010311365 ], [ 318810.73118221340701, 4132630.520695301704109 ], [ 319830.025592952268198, 4132608.516305181197822 ], [ 318984.228850608691573, 4131647.465165212284774 ], [ 316945.545692232670262, 4131691.792263553012162 ], [ 317791.434821425471455, 4132652.649356968235224 ], [ 316772.136499658459798, 4132674.902292693965137 ], [ 314234.858485245204065, 4129792.965484304353595 ], [ 313215.419539995142259, 4129815.633339747786522 ], [ 312369.965999384876341, 4128855.31319514894858 ], [ 311350.478817358496599, 4128878.201953183859587 ], [ 310505.155071362387389, 4127918.092486599460244 ], [ 308466.082114859018475, 4127964.435706932097673 ], [ 309311.498328542977106, 4128924.351997434161603 ], [ 308292.004999807686545, 4128947.613288896158338 ], [ 309137.643490307673346, 4129907.546779575292021 ], [ 308118.194355906452984, 4129930.835657107178122 ], [ 307272.509600226709154, 4128970.998763440176845 ], [ 305233.51254464907106, 4129018.142272422555834 ], [ 306079.289864009362645, 4129977.786051749717444 ], [ 299962.52581459574867, 4130121.618545728269964 ], [ 300808.757147967757192, 4131080.796831258106977 ], [ 298769.911397222429514, 4131129.5419976930134 ], [ 299616.411539816646837, 4132088.640646799933165 ], [ 295538.879568316799123, 4132187.236528491135687 ], [ 296385.74142878386192, 4133146.062557409051806 ], [ 292308.360071047849488, 4133246.261754027567804 ], [ 293155.583853768126573, 4134204.815125273074955 ], [ 294174.886036881944165, 4134179.675242886412889 ], [ 295022.239416346303187, 4135138.438140965998173 ], [ 294002.983716777525842, 4135163.481526047922671 ], [ 294850.559657686622813, 4136122.261099188122898 ], [ 295869.768870287807658, 4136097.314286861568689 ], [ 297565.355991914577316, 4138015.406894191168249 ], [ 298584.470053085125983, 4137990.77792466012761 ], [ 299432.481229710334446, 4138950.091498242225498 ], [ 300451.546659542364068, 4138925.683848955202848 ], [ 299603.581957946240436, 4137966.273423125501722 ], [ 300622.691717366222292, 4137941.89338680356741 ], [ 299774.949536347296089, 4136982.499986150767654 ], [ 301813.25554968585493, 4136933.919612344354391 ], [ 302660.904843333293684, 4137893.506698740180582 ], [ 303680.008231613785028, 4137869.500041504390538 ], [ 301984.978546930709854, 4135950.246090733911842 ], [ 303004.172661480202805, 4135926.170145033393055 ], [ 303851.553067175322212, 4136885.836960335727781 ], [ 304870.698667171236593, 4136861.98227317025885 ], [ 304023.3646627162816, 4135902.218597799073905 ], [ 308100.11175229359651, 4135807.65633933711797 ], [ 307253.139271590218414, 4134847.61925567407161 ], [ 312349.258491531712934, 4134731.730223843362182 ], [ 310656.304776376404334, 4132811.029804914724082 ], [ 312694.923384182038717, 4132765.156826989259571 ], [ 311848.803095430193935, 4131804.784383359830827 ], [ 312868.155624369974248, 4131781.937449287157506 ], [ 312022.257600688608363, 4130821.582457444164902 ], [ 313041.654353138175793, 4130798.762953244615346 ], [ 314733.533929463708773, 4132719.780996457207948 ], [ 313714.229659174685366, 4132742.406769594177604 ], [ 314560.479702399927191, 4133702.990561703685671 ], [ 315579.737726076389663, 4133680.461767456494272 ], [ 316426.11752469104249, 4134641.257229346316308 ], [ 315406.905751343234442, 4134663.688969085458666 ], [ 316253.507803268963471, 4135624.502135335002095 ], [ 314215.170838669058867, 4135669.544449648354203 ], [ 316756.310652839369141, 4138552.090489908121526 ], [ 315737.278069133695681, 4138574.506594966631383 ], [ 316584.72297837008955, 4139535.488095830660313 ], [ 313527.752326831629034, 4139603.191232881043106 ], [ 314375.512219335476402, 4140563.995858307927847 ], [ 312337.6145479924744, 4140609.559091689065099 ], [ 313185.643166935129557, 4141570.284115630201995 ], [ 312166.73770630499348, 4141593.155163180083036 ], [ 313014.98871782340575, 4142553.897927108220756 ], [ 311996.127643527463078, 4142576.796127841807902 ], [ 313693.250498754088767, 4144498.432471748441458 ], [ 310636.933716724743135, 4144567.289815529249609 ], [ 312335.039172843331471, 4146488.802289720159024 ], [ 311316.355792414047755, 4146511.808902866672724 ], [ 312165.719002195284702, 4147472.640655918978155 ], [ 311147.08008239074843, 4147495.674321949947625 ], [ 308599.379144015838392, 4144613.817894495092332 ], [ 307580.598809878341854, 4144637.268896803725511 ], [ 308429.702895055932458, 4145597.674988681450486 ], [ 307410.966992611356545, 4145621.153200991917402 ], [ 308260.293591829657089, 4146581.57691274350509 ], [ 307241.602135967812501, 4146605.082314969506115 ], [ 304694.010982368141413, 4143724.44842786854133 ], [ 303675.177980754175223, 4143748.370680968277156 ], [ 304524.245486833096948, 4144708.369786990340799 ], [ 301467.873456260655075, 4144780.592558655887842 ], [ 304016.550971133983694, 4147660.402363523840904 ], [ 306053.855230613262393, 4147612.713543052319437 ], [ 305204.213076131884009, 4146652.46723379008472 ], [ 306222.908634324558079, 4146628.712421092670411 ], [ 307922.275944879162125, 4148549.515247200150043 ], [ 302829.242794562771451, 4148668.561506335157901 ], [ 301129.410062534327153, 4146748.733604396693408 ], [ 302148.113954589236528, 4146724.47993833059445 ], [ 301298.508234331966378, 4145764.640736868605018 ], [ 299261.005211060401052, 4145813.467413805425167 ], [ 297562.135710052330978, 4143894.521461674012244 ], [ 299599.824969611829147, 4143845.305990308057517 ], [ 298750.74743019399466, 4142885.810157038737088 ], [ 300788.521221428352874, 4142836.898961662780493 ], [ 299939.712803379748948, 4141877.323172106873244 ], [ 300958.643021425465122, 4141852.957382783759385 ], [ 300110.057171958265826, 4140893.39874272653833 ], [ 301129.031764087732881, 4140869.060477382969111 ], [ 300280.668467542855069, 4139909.518967969808728 ], [ 294166.509565634361934, 4140057.998333900701255 ], [ 295015.151988410158083, 4141016.958378099836409 ], [ 291958.182710113527719, 4141092.588907461613417 ], [ 292807.140934227965772, 4142051.372078485321254 ], [ 291788.1933455686667, 4142076.734581980854273 ], [ 292637.374255280708894, 4143035.534508711192757 ], [ 289580.657994778361171, 4143112.07913046842441 ], [ 290430.154869555903133, 4144070.702031517866999 ], [ 289411.291630077175796, 4144096.369315392803401 ], [ 291110.906966855225619, 4146013.762205121573061 ], [ 286017.023816160333809, 4146142.999730616342276 ], [ 286867.329087264486589, 4147101.381825010757893 ], [ 285848.592409621458501, 4147127.506590395234525 ], [ 286699.120517494389787, 4148085.905287308152765 ], [ 285680.428308812552132, 4148112.057837025262415 ], [ 287382.106338745448738, 4150029.002217219676822 ], [ 286363.50537273142254, 4150055.085427195299417 ], [ 288917.483511029626243, 4152931.064751074649394 ], [ 287899.020615257904865, 4152956.981121306307614 ], [ 288750.745654784841463, 4153915.771812301594764 ], [ 287732.327316868933849, 4153941.715757876634598 ], [ 288584.275258882145863, 4154900.523331788368523 ], [ 291639.383246199693531, 4154823.35873201303184 ], [ 292491.366922998335212, 4155782.573286800645292 ], [ 290454.724045020062476, 4155833.69627937534824 ], [ 291306.977390992222354, 4156792.830344774294645 ], [ 290288.69945729454048, 4156818.481770700309426 ], [ 291141.175708949449472, 4157777.632925209123641 ], [ 290122.942391897027846, 4157803.31175731215626 ], [ 291828.51683739607688, 4159721.763168559409678 ], [ 293864.794003568589687, 4159670.921607080381364 ], [ 292159.406834346998949, 4157752.079157850705087 ], [ 293177.635778723401017, 4157726.650452350266278 ], [ 294882.929343071766198, 4159645.688499777577817 ], [ 295901.06253433827078, 4159620.580504291225225 ], [ 295048.374500764999539, 4158660.906060056760907 ], [ 296066.552336473832838, 4158635.825283530168235 ], [ 294361.798081892193295, 4156716.626268241554499 ], [ 296398.334390459465794, 4156666.448689546901733 ], [ 298102.901604357175529, 4158586.038966765161604 ], [ 300139.242405035183765, 4158536.752946299966425 ], [ 301844.326937378849834, 4160457.196980388835073 ], [ 302862.400731575908139, 4160432.937695243861526 ], [ 302009.817163406813052, 4159472.559721465688199 ], [ 303027.935614246467594, 4159448.327429967466742 ], [ 301323.390093269234058, 4157527.722692879848182 ], [ 302341.599887096323073, 4157503.419416311662644 ], [ 301489.637917571119033, 4156543.192564086988568 ], [ 304544.394920900347643, 4156470.738997671753168 ], [ 306248.214854116667993, 4158391.896440831478685 ], [ 304211.898944875923917, 4158439.681705296039581 ], [ 305916.609778920770623, 4160360.910541400313377 ], [ 304898.542141738347709, 4160384.794478471856564 ], [ 305751.208333270158619, 4161345.484819706063718 ], [ 304733.185366656864062, 4161369.395642173476517 ], [ 305586.074323114124127, 4162330.103915764018893 ], [ 309657.967248792934697, 4162235.604830564931035 ], [ 311363.899667280726135, 4164158.158111680299044 ], [ 310346.022822240251116, 4164181.398141651414335 ], [ 312052.752751963271294, 4166104.22173716314137 ], [ 311034.967344617354684, 4166127.389731734991074 ], [ 313596.522591721848585, 4169012.207450072746724 ], [ 312578.875401612487622, 4169035.204346142709255 ], [ 314287.552495489246212, 4170958.805375305470079 ], [ 315305.106211077072658, 4170936.00644136685878 ], [ 314450.726391143456567, 4169974.048129815142602 ], [ 318521.109090403304435, 4169883.710057321935892 ] ], [ [ 341899.338190738810226, 4163519.169327098410577 ], [ 341047.679684777045622, 4162554.865778381470591 ], [ 340029.810860866564326, 4162574.449878227896988 ], [ 339178.281901822076179, 4161610.364648224320263 ], [ 338160.365031886962242, 4161630.173099256586283 ], [ 337308.965620843577199, 4160666.305860319174826 ], [ 340362.850282357132528, 4160606.958207968622446 ], [ 342917.158996108919382, 4163499.809706850443035 ], [ 341899.338190738810226, 4163519.169327098410577 ] ], [ [ 340881.515736348344944, 4163538.654086778871715 ], [ 339863.691622347105294, 4163558.263988093007356 ], [ 339011.940366795402952, 4162594.159092757850885 ], [ 340029.810860866564326, 4162574.449878227896988 ], [ 340881.515736348344944, 4163538.654086778871715 ] ], [ [ 339846.317496087111067, 4157675.641825239174068 ], [ 338995.853481374797411, 4156711.75359802134335 ], [ 340013.993605800904334, 4156692.074857233092189 ], [ 340864.411318529513665, 4157656.062072491273284 ], [ 339846.317496087111067, 4157675.641825239174068 ] ], [ [ 335423.810092579689808, 4147960.553518062923104 ], [ 334575.290388824534602, 4146997.449674660339952 ], [ 335593.886222020839341, 4146977.28393536247313 ], [ 336442.359707686817273, 4147940.486110500525683 ], [ 335423.810092579689808, 4147960.553518062923104 ] ], [ [ 333556.692800759163219, 4147017.740080039482564 ], [ 332708.302806259307545, 4146054.851711761206388 ], [ 333726.94661906932015, 4146034.463077728636563 ], [ 334575.290388824534602, 4146997.449674660339952 ], [ 333556.692800759163219, 4147017.740080039482564 ] ], [ [ 332888.275611247867346, 4139193.323794648051262 ], [ 333735.15693544736132, 4140155.982617834117264 ], [ 332716.244900930323638, 4140176.336658084765077 ], [ 331869.317433881922625, 4139213.775665279012173 ], [ 332888.275611247867346, 4139193.323794648051262 ] ], [ [ 318464.535166959743947, 4134596.766752328258008 ], [ 317445.327326260972768, 4134618.94982460513711 ], [ 315752.836205982952379, 4132697.279505009762943 ], [ 316772.136499658459798, 4132674.902292693965137 ], [ 318464.535166959743947, 4134596.766752328258008 ] ], [ [ 314033.847799516981468, 4142531.124300203286111 ], [ 314882.228443013969809, 4143492.079789726063609 ], [ 313863.415743985679001, 4143514.755920126102865 ], [ 313014.98871782340575, 4142553.897927108220756 ], [ 314033.847799516981468, 4142531.124300203286111 ] ], [ [ 309278.983012676355429, 4146558.196211748290807 ], [ 310128.439160082722083, 4147518.83271052967757 ], [ 309109.796224509715103, 4147542.115824285428971 ], [ 308260.293591829657089, 4146581.57691274350509 ], [ 309278.983012676355429, 4146558.196211748290807 ] ], [ [ 314088.317711553885601, 4166058.261547893751413 ], [ 312381.774545969208702, 4164135.043293343856931 ], [ 313399.647468876326457, 4164112.053684028796852 ], [ 312546.686592417885549, 4163150.52151117566973 ], [ 313564.604228314827196, 4163127.558491673786193 ], [ 315270.608682954858523, 4165050.937204327434301 ], [ 314252.784367300570011, 4165073.70291411690414 ], [ 315959.586218843236566, 4166997.353132382966578 ], [ 314941.853326055686921, 4167020.046512748580426 ], [ 315795.564957945724018, 4167981.94889832707122 ], [ 314777.876837063056882, 4168004.668698198627681 ], [ 313924.118509957101196, 4167042.865182070527226 ], [ 312906.381760006886907, 4167065.809142922982574 ], [ 312052.752751963271294, 4166104.22173716314137 ], [ 314088.317711553885601, 4166058.261547893751413 ] ], [ [ 311528.767000461637508, 4163173.609710467047989 ], [ 309823.279997832374647, 4161251.092901539523154 ], [ 310841.292916499020066, 4161227.807751581538469 ], [ 312546.686592417885549, 4163150.52151117566973 ], [ 311528.767000461637508, 4163173.609710467047989 ] ], [ [ 336313.856410423642956, 4166569.792362255044281 ], [ 338349.244595521769952, 4166529.791832995600998 ], [ 337496.77992101048585, 4165565.727252022363245 ], [ 338514.517922012251802, 4165545.81540311826393 ], [ 339366.936161589634139, 4166509.979419874493033 ], [ 340384.626057403744198, 4166490.29223810415715 ], [ 341237.173788713524118, 4167454.675056087784469 ], [ 339201.885194600792602, 4167493.975598823744804 ], [ 340054.701715016970411, 4168458.278697279281914 ], [ 338019.499358243076131, 4168497.881183991674334 ], [ 337166.589919452671893, 4167533.777183657512069 ], [ 335131.287878950010054, 4167574.079828560352325 ], [ 333425.810897746938281, 4165646.626737005077302 ], [ 334443.555727574275807, 4165626.214047799818218 ], [ 333591.127625155844726, 4164662.566419606097043 ], [ 334608.917194426234346, 4164642.179665603209287 ], [ 336313.856410423642956, 4166569.792362255044281 ] ], [ [ 334421.717770400224254, 4159742.945727631449699 ], [ 333403.702991799393203, 4159763.327536990400404 ], [ 335106.604231646750122, 4161690.349001281429082 ], [ 334088.680532734375447, 4161710.657825824338943 ], [ 334940.44147698051529, 4162674.247142479289323 ], [ 333922.562473173253238, 4162694.581964123994112 ], [ 331367.668190716416575, 4159804.466287122108042 ], [ 332385.68646877957508, 4159783.834389381576329 ], [ 331534.453355304023717, 4158820.599975739605725 ], [ 334588.636887485859916, 4158759.157767575234175 ], [ 336291.000677307776641, 4160686.338534240610898 ], [ 335273.034021224535536, 4160706.496273493859917 ], [ 334421.717770400224254, 4159742.945727631449699 ] ], [ [ 318277.511070999782532, 4147337.057688065804541 ], [ 317258.883940247585997, 4147359.343073127791286 ], [ 316409.752882965723984, 4146398.022718417923898 ], [ 315391.077405628282577, 4146420.530584211461246 ], [ 314542.075947105418891, 4145459.423734613694251 ], [ 315560.797829309944063, 4145436.818171184509993 ], [ 314712.018782064202242, 4144475.729286640882492 ], [ 316749.549447407829575, 4144430.696795186493546 ], [ 315901.039171209209599, 4143469.528257216792554 ], [ 316919.84793938085204, 4143447.101320042740554 ], [ 316071.560028366395272, 4142485.950757563579828 ], [ 320146.961050833226182, 4142397.098445519804955 ], [ 320995.063627966213971, 4143358.639474022667855 ], [ 319976.26259181543719, 4143380.568055155687034 ], [ 322521.765198477078229, 4146265.593724264297634 ], [ 321503.101252549153287, 4146287.353545287624002 ], [ 322352.000429926381912, 4147249.163168493192643 ], [ 323370.618032464233693, 4147227.501281317323446 ], [ 325068.851630738121457, 4149151.665767075493932 ], [ 323031.799960112315603, 4149194.722097516059875 ], [ 321333.380943275173195, 4147270.949750279542059 ], [ 320314.759561748825945, 4147292.861029145307839 ], [ 321163.927447816065978, 4148254.591045390348881 ], [ 320145.350540457060561, 4148276.529094070661813 ], [ 318447.098001893144101, 4146353.381025568582118 ], [ 317428.426411460968666, 4146375.639533049892634 ], [ 318277.511070999782532, 4147337.057688065804541 ] ], [ [ 303176.206702289171517, 4134942.568917473312467 ], [ 302156.968303371744696, 4134966.6172492117621 ], [ 301309.939995382912457, 4134007.178129627369344 ], [ 302329.224788449355401, 4133983.033088912721723 ], [ 303176.206702289171517, 4134942.568917473312467 ] ], [ [ 307598.361556205665693, 4132880.771468840539455 ], [ 305559.722409635432996, 4132927.887406969442964 ], [ 304713.278033562470227, 4131968.192355444189161 ], [ 305732.644978887750767, 4131944.475544454529881 ], [ 304886.422970725921914, 4130984.797602242324501 ], [ 308964.055138902214821, 4130890.786366566549987 ], [ 309810.091946604778059, 4131850.851034799590707 ], [ 306752.009831918752752, 4131920.883009570185095 ], [ 307598.361556205665693, 4132880.771468840539455 ] ] ], [ [ [ 346988.425939105334692, 4163423.622576637193561 ], [ 345970.611623953620438, 4163442.48166089085862 ], [ 347674.085562472813763, 4165372.242696550674736 ], [ 348691.807230815174989, 4165353.582792947534472 ], [ 346988.425939105334692, 4163423.622576637193561 ] ] ], [ [ [ 309163.633562073635403, 4165189.410011055413634 ], [ 308310.263190827448852, 4164228.253847015555948 ], [ 309328.144000277505256, 4164204.763385884463787 ], [ 308474.996382460813038, 4163243.625413239002228 ], [ 306439.13932955742348, 4163290.928495580796152 ], [ 308145.797481735935435, 4165212.927158341743052 ], [ 306110.119317325646989, 4165260.337201986927539 ], [ 306963.805952181864996, 4166221.314437497872859 ], [ 305946.010610589408316, 4166245.108809069730341 ], [ 306799.920059517491609, 4167206.104176321066916 ], [ 307817.668633791268803, 4167182.408411362208426 ], [ 308671.707359451218508, 4168143.619270102586597 ], [ 309689.407176467473619, 4168120.147522142156959 ], [ 308835.415211008978076, 4167158.837953695096076 ], [ 310870.902416417957284, 4167112.072949605528265 ], [ 310017.179971512872726, 4166150.682996415533125 ], [ 311034.967344617354684, 4166127.389731734991074 ], [ 310181.467655238870066, 4165166.018109910655767 ], [ 309163.633562073635403, 4165189.410011055413634 ] ] ], [ [ [ 353118.215144699031953, 4169196.807671659160405 ], [ 353970.82676494854968, 4170162.548581693787128 ], [ 354988.313704099564347, 4170144.638610003981739 ], [ 353283.358975223382004, 4168213.077283937018365 ], [ 351248.198265442275442, 4168249.42260607611388 ], [ 350395.892045512853656, 4167284.022539099212736 ], [ 353448.769774336833507, 4167229.392705528065562 ], [ 352596.778368692728691, 4166263.813307107426226 ], [ 351579.107692744233645, 4166281.997882037889212 ], [ 350727.245852601365186, 4165316.638531762175262 ], [ 351744.962827181443572, 4165298.354170007165521 ], [ 350893.323153279197868, 4164333.015146060846746 ], [ 348857.795051190420054, 4164369.908440850209445 ], [ 349709.527324000548106, 4165335.048072049859911 ], [ 348691.807230815174989, 4165353.582792947534472 ], [ 349543.761699495604262, 4166318.742650783620775 ], [ 348526.086361078603659, 4166337.302848747000098 ], [ 349378.263041391270235, 4167302.482954495586455 ], [ 348360.63247243675869, 4167321.068608792498708 ], [ 349213.03138015337754, 4168286.268983768299222 ], [ 346160.269288795185275, 4168342.478065927512944 ], [ 345307.731271127064247, 4167377.577026129700243 ], [ 343272.455786112113856, 4167415.87553769769147 ], [ 344977.893306974496227, 4169345.398562066257 ], [ 343960.345955615513958, 4169364.53627666272223 ], [ 344813.374984650756232, 4170329.37779504340142 ], [ 346848.375249730655923, 4170291.427347070071846 ], [ 345995.439051196095534, 4169326.386153160128742 ], [ 347012.983198798610829, 4169307.499047798570246 ], [ 347865.872997757396661, 4170272.640119998715818 ], [ 351935.848338373471051, 4170198.744475169572979 ], [ 351083.144033479969949, 4169233.20361936558038 ], [ 353118.215144699031953, 4169196.807671659160405 ] ] ], [ [ [ 311234.879773559980094, 4171027.954622771590948 ], [ 308671.707359451218508, 4168143.619270102586597 ], [ 307654.005556247429922, 4168167.216351937502623 ], [ 308508.267098088050261, 4169128.445482540875673 ], [ 307490.610083878040314, 4169152.069167829118669 ], [ 309199.754874739213847, 4171074.681185171473771 ], [ 311234.879773559980094, 4171027.954622771590948 ] ] ], [ [ [ 313269.99685769941425, 4170981.729715125635266 ], [ 314124.646192231273744, 4171943.607640148606151 ], [ 315142.155076176160946, 4171920.782369764056057 ], [ 314287.552495489246212, 4170958.805375305470079 ], [ 313269.99685769941425, 4170981.729715125635266 ] ] ], [ [ [ 332603.235448090359569, 4170567.609225807711482 ], [ 333456.998291807074565, 4171531.374039980582893 ], [ 334474.472651486867107, 4171510.931563567370176 ], [ 333620.756358717568219, 4170547.067171456757933 ], [ 332603.235448090359569, 4170567.609225807711482 ] ] ], [ [ [ 313107.135386382462457, 4171966.55834564846009 ], [ 313962.007512021344155, 4172928.454924027435482 ], [ 314979.471549373294692, 4172905.603338030166924 ], [ 314124.646192231273744, 4171943.607640148606151 ], [ 313107.135386382462457, 4171966.55834564846009 ] ] ], [ [ [ 341596.745815652655438, 4171371.344917520880699 ], [ 342450.312459675013088, 4172336.026956491637975 ], [ 343467.726944710826501, 4172316.687377337832004 ], [ 342614.206771663622931, 4171351.905468065291643 ], [ 341596.745815652655438, 4171371.344917520880699 ] ] ], [ [ [ 337363.215401088004, 4172434.605859127361327 ], [ 338217.190487905871123, 4173398.908562287222594 ], [ 339234.566691309213638, 4173379.041786001995206 ], [ 338380.63813220593147, 4172414.639270294457674 ], [ 337363.215401088004, 4172434.605859127361327 ] ] ], [ [ [ 309892.13204192725243, 4173021.115937510505319 ], [ 310747.367388517828658, 4173982.733840791974217 ], [ 312782.215388410259038, 4173936.350600973237306 ], [ 311927.073662046808749, 4172974.534491664264351 ], [ 309892.13204192725243, 4173021.115937510505319 ] ] ], [ [ [ 342652.040125095634721, 4177237.851701613049954 ], [ 341797.40789362997748, 4176272.968947536777705 ], [ 342814.642860072199255, 4176253.527585380245 ], [ 341105.999195691780187, 4174323.922711979132146 ], [ 343140.650334497331642, 4174285.016231033951044 ], [ 342286.685385355143808, 4173320.194048172328621 ], [ 343304.055012890603393, 4173300.828991862013936 ], [ 342450.312459675013088, 4172336.026956491637975 ], [ 341432.896346391411498, 4172355.491933160927147 ], [ 340579.283220914308913, 4171390.90973752271384 ], [ 339561.818976952577941, 4171410.5999302752316 ], [ 341269.31412956234999, 4173339.684531164355576 ], [ 339234.566691309213638, 4173379.041786001995206 ], [ 340088.671173435868695, 4174343.564138425979763 ], [ 339071.341501998598687, 4174363.331025138497353 ], [ 338217.190487905871123, 4173398.908562287222594 ], [ 337199.812614356633276, 4173418.900774131529033 ], [ 338054.010170916677453, 4174383.22337434347719 ], [ 337036.677169727627188, 4174403.241188286803663 ], [ 338745.69318308448419, 4176332.046127962414175 ], [ 339762.933065577351954, 4176312.228216614108533 ], [ 340617.658397148305085, 4177276.910755912773311 ], [ 339600.465080405003391, 4177296.628600307740271 ], [ 341310.536639927711803, 4179226.154293899890035 ], [ 340293.434839409659617, 4179245.797374588437378 ], [ 341148.781084115616977, 4180210.640622229315341 ], [ 342165.836295522574801, 4180191.097813097760081 ], [ 343876.963341702823527, 4182121.346942159347236 ], [ 344893.923764964798465, 4182102.130590601358563 ], [ 343182.889889195386786, 4180171.680632640607655 ], [ 344199.941875524236821, 4180152.389078669715673 ], [ 343344.735366863431409, 4179187.244935429655015 ], [ 345378.927664371323772, 4179148.837966246064752 ], [ 343669.228557160357013, 4177218.510487305000424 ], [ 342652.040125095634721, 4177237.851701613049954 ] ] ], [ [ [ 342860.001321526418906, 4182140.688976369332522 ], [ 343715.875307543028612, 4183105.894381534308195 ], [ 344732.790725564351305, 4183086.652850766200572 ], [ 343876.963341702823527, 4182121.346942159347236 ], [ 342860.001321526418906, 4182140.688976369332522 ] ] ], [ [ [ 333546.631588931428269, 4183305.224203772842884 ], [ 334403.148120221914724, 4184269.546302062924951 ], [ 335420.033262480166741, 4184249.147864589001983 ], [ 334563.563442042446695, 4183284.725454981438816 ], [ 333546.631588931428269, 4183305.224203772842884 ] ] ], [ [ [ 341682.039670465281233, 4183144.754580708686262 ], [ 342538.182807772071101, 4184109.879923301748931 ], [ 344571.925200609024614, 4184071.220804755110294 ], [ 343715.875307543028612, 4183105.894381534308195 ], [ 341682.039670465281233, 4183144.754580708686262 ] ] ], [ [ [ 335420.033262480166741, 4184249.147864589001983 ], [ 336276.679025502933655, 4185213.690745713189244 ], [ 337293.515783485374413, 4185193.518482619896531 ], [ 336436.916725098795723, 4184228.875185966491699 ], [ 335420.033262480166741, 4184249.147864589001983 ] ] ], [ [ [ 331352.482512160553597, 4184331.496190628502518 ], [ 333066.32384111743886, 4186259.899478213861585 ], [ 334083.120587023324333, 4186239.324443604331464 ], [ 332369.372755404969212, 4184310.720462765078992 ], [ 331352.482512160553597, 4184331.496190628502518 ] ] ], [ [ [ 326268.005273856979329, 4184437.261399036739022 ], [ 327982.314404950651806, 4186364.662025850731879 ], [ 328999.119754134735558, 4186343.457858542911708 ], [ 327284.904225599835627, 4184415.856806894298643 ], [ 326268.005273856979329, 4184437.261399036739022 ] ] ], [ [ [ 330015.923362026107498, 4186322.379522489849478 ], [ 332049.525395196455065, 4186280.600334677379578 ], [ 331192.469991287216544, 4185316.438893463462591 ], [ 329158.774404050083831, 4185358.418717535678297 ], [ 330015.923362026107498, 4186322.379522489849478 ] ] ], [ [ [ 333066.32384111743886, 4186259.899478213861585 ], [ 332049.525395196455065, 4186280.600334677379578 ], [ 333764.164071836392395, 4188209.284517901949584 ], [ 334780.86898252624087, 4188188.784610316157341 ], [ 333066.32384111743886, 4186259.899478213861585 ] ] ], [ [ [ 342057.461923071648926, 4187064.008735911920667 ], [ 342914.448686548159458, 4188029.316681374330074 ], [ 343931.138856389326975, 4188009.949573090765625 ], [ 343074.198768884292804, 4187044.540872058365494 ], [ 342057.461923071648926, 4187064.008735911920667 ] ] ], [ [ [ 356291.636218260508031, 4186802.908258467447013 ], [ 355435.477831940748729, 4185836.309589615557343 ], [ 353401.949487341684289, 4185872.301943310536444 ], [ 354258.200958932749927, 4186838.698579613585025 ], [ 352224.759766730479896, 4186874.992122179828584 ], [ 353937.976571725099348, 4188807.747712630778551 ], [ 352921.346895713009872, 4188825.881121512968093 ], [ 353778.265687849721871, 4189792.341146440710872 ], [ 355811.430382394930348, 4189756.402527858503163 ], [ 354954.604764392832294, 4188789.740167398471385 ], [ 355971.231484017393086, 4188771.85848379181698 ], [ 355114.628292357258033, 4187805.217376287095249 ], [ 356131.30010614648927, 4187787.360394354443997 ], [ 355274.919325047056191, 4186820.740517375059426 ], [ 356291.636218260508031, 4186802.908258467447013 ] ] ], [ [ [ 367475.427785005420446, 4186615.055866685230285 ], [ 368331.250733239285182, 4187582.890827427152544 ], [ 367314.595790755876806, 4187599.237972257193178 ], [ 368170.64097142603714, 4188567.094769385643303 ], [ 367154.031124852481298, 4188583.466266309376806 ], [ 368010.298553762724623, 4189551.344922602176666 ], [ 370043.424018083314877, 4189518.930862629320472 ], [ 369187.249478885380086, 4188550.849109048489481 ], [ 370203.856657536351122, 4188534.72928346786648 ], [ 369347.904336828156374, 4187566.669490067753941 ], [ 370364.556611839798279, 4187550.573958352208138 ], [ 369508.826493814005516, 4186582.536102298647165 ], [ 367475.427785005420446, 4186615.055866685230285 ] ] ], [ [ [ 331571.762813414563425, 4189235.760948414448649 ], [ 332429.662424945621751, 4190200.102979736868292 ], [ 330396.42452739062719, 4190241.833700275979936 ], [ 328680.613971792743541, 4188313.672271407209337 ], [ 330714.039162318746094, 4188271.53951753815636 ], [ 329856.491474840149749, 4187307.438537432346493 ], [ 328839.732933166844305, 4187328.542376396246254 ], [ 327982.314404950651806, 4186364.662025850731879 ], [ 326965.507304153288715, 4186385.992026800755411 ], [ 327822.972650413983501, 4187349.772075825370848 ], [ 326806.210616270080209, 4187371.127638105303049 ], [ 328521.762900657951832, 4189298.847543901763856 ], [ 327505.092795518343337, 4189320.128243664745241 ], [ 328363.17975042067701, 4190284.068194213323295 ], [ 326329.92801184381824, 4190326.80648054741323 ], [ 327188.284683907288127, 4191290.665837394073606 ], [ 328204.864551738137379, 4191269.334222690667957 ], [ 329922.012064500013366, 4193197.615632317494601 ], [ 330938.496447017649189, 4193176.611288344953209 ], [ 330079.881579324952327, 4192212.30956669524312 ], [ 332112.938945735164452, 4192170.477510774508119 ], [ 331254.593755309237167, 4191206.09523290488869 ], [ 334304.30757452303078, 4191143.989974988158792 ], [ 332588.42601772636408, 4189214.983909968286753 ], [ 331571.762813414563425, 4189235.760948414448649 ] ] ], [ [ [ 342820.069121416308917, 4194904.484298249706626 ], [ 341803.694921487011015, 4194924.026318135671318 ], [ 340945.149607662111521, 4193958.573890336789191 ], [ 341961.570586826885119, 4193938.930760690942407 ], [ 340245.101275304681621, 4192008.188984959386289 ], [ 342278.125483870389871, 4191968.876686758361757 ], [ 341420.248214752355125, 4191003.486312924418598 ], [ 342436.804654361447319, 4190983.918168730568141 ], [ 343294.635188486659899, 4191949.409500356763601 ], [ 344311.143307007674593, 4191930.068286166060716 ], [ 342595.751598697854206, 4189999.005328982137144 ], [ 343612.351565581571776, 4189979.588138855062425 ], [ 341897.756920044485014, 4188048.809647344518453 ], [ 340881.063546572462656, 4188068.428473194129765 ], [ 340023.98340001818724, 4187103.321957927662879 ], [ 342057.461923071648926, 4187064.008735911920667 ], [ 341200.651075014960952, 4186098.822020494379103 ], [ 340183.865940182469785, 4186118.516366174444556 ], [ 339327.184333266573958, 4185153.551304638851434 ], [ 337293.515783485374413, 4185193.518482619896531 ], [ 338150.29077693191357, 4186158.282477592583746 ], [ 337133.500727868988179, 4186178.354247804731131 ], [ 336276.679025502933655, 4185213.690745713189244 ], [ 334243.000491676386446, 4185254.412631460931152 ], [ 335099.915643235261086, 4186218.875228531192988 ], [ 334083.120587023324333, 4186239.324443604331464 ], [ 335797.572214139741845, 4188168.410578354727477 ], [ 334780.86898252624087, 4188188.784610316157341 ], [ 335638.405474852654152, 4189153.408242061268538 ], [ 333605.087522545189131, 4189194.33278097352013 ], [ 337037.367212806129828, 4193053.231743730604649 ], [ 338053.839847806491889, 4193033.10955126164481 ], [ 343207.25658178597223, 4198825.708553468808532 ], [ 344223.446740257786587, 4198806.319407946430147 ], [ 342505.031099460320547, 4196874.762676651589572 ], [ 343521.313303055241704, 4196855.296993499621749 ], [ 342662.416154419188388, 4195889.600635590963066 ], [ 343678.743570693070069, 4195870.159803166054189 ], [ 342820.069121416308917, 4194904.484298249706626 ] ], [ [ 337195.552810283959843, 4192068.102279006037861 ], [ 338212.070599256432615, 4192048.005198445636779 ], [ 339070.310845566680655, 4193013.113371276762336 ], [ 338053.839847806491889, 4193033.10955126164481 ], [ 337195.552810283959843, 4192068.102279006037861 ] ], [ [ 341579.150035288883373, 4190018.548435148783028 ], [ 340562.546865080774296, 4190038.217459554784 ], [ 339705.021438223775476, 4189073.06997641036287 ], [ 340721.671334662125446, 4189053.300149334594607 ], [ 341579.150035288883373, 4190018.548435148783028 ] ] ], [ [ [ 343294.635188486659899, 4191949.409500356763601 ], [ 342278.125483870389871, 4191968.876686758361757 ], [ 343994.407766908174381, 4193900.022597489878535 ], [ 345010.823988293996081, 4193880.757559563498944 ], [ 343294.635188486659899, 4191949.409500356763601 ] ] ], [ [ [ 330623.471133788698353, 4195147.309118367731571 ], [ 331482.707670894917101, 4196111.772152255289257 ], [ 332499.053091771900654, 4196090.944218368269503 ], [ 331639.863452515681274, 4195126.380293221212924 ], [ 330623.471133788698353, 4195147.309118367731571 ] ] ], [ [ [ 344380.386363963829353, 4197821.115542793646455 ], [ 345396.620199593016878, 4197801.877318547107279 ], [ 344537.593931235198397, 4196835.957426276057959 ], [ 343521.313303055241704, 4196855.296993499621749 ], [ 344380.386363963829353, 4197821.115542793646455 ] ] ], [ [ [ 352980.791380758222658, 4207486.054862561635673 ], [ 351965.024256734759547, 4207504.401784492656589 ], [ 352826.07897391798906, 4208471.472264871001244 ], [ 353841.799245027359575, 4208453.227516861632466 ], [ 354702.982978928950615, 4209420.524184173904359 ], [ 357749.994602940743789, 4209366.855495598167181 ], [ 356888.951381185441278, 4208399.251908987760544 ], [ 354857.518063227355015, 4208435.109209562651813 ], [ 353135.771888909337576, 4206500.683437541127205 ], [ 354151.582924954942428, 4206482.487190768122673 ], [ 353291.02046775247436, 4205515.357988513074815 ], [ 351259.303275751299225, 4205552.080982971005142 ], [ 352980.791380758222658, 4207486.054862561635673 ] ] ], [ [ [ 355167.392508016899228, 4206464.417326374910772 ], [ 356888.951381185441278, 4208399.251908987760544 ], [ 357904.665901082218625, 4208381.512911695055664 ], [ 356183.200648188940249, 4206446.473842337727547 ], [ 355167.392508016899228, 4206464.417326374910772 ] ] ], [ [ [ 300601.878708402335178, 4082172.962538030464202 ], [ 301437.595883820729796, 4083130.58541984250769 ], [ 302459.181955566513352, 4083106.799905427265912 ], [ 301623.510507795610465, 4082149.083138049580157 ], [ 300601.878708402335178, 4082172.962538030464202 ] ] ], [ [ [ 303109.558332287706435, 4085046.159931669943035 ], [ 301437.595883820729796, 4083130.58541984250769 ], [ 298372.82417579414323, 4083202.679074980318546 ], [ 300045.061157191637903, 4085117.689924686681479 ], [ 302088.061507512291428, 4085069.880355909001082 ], [ 303760.819571528118104, 4086985.705884097144008 ], [ 304782.224894842598587, 4086962.173696618992835 ], [ 303945.803600522107445, 4086004.111838281154633 ], [ 304967.252469340281095, 4085980.608424995094538 ], [ 305803.628022638964467, 4086938.764465302228928 ], [ 306825.028966363111977, 4086915.478187461383641 ], [ 305152.545338406518567, 4084999.087789898272604 ], [ 303109.558332287706435, 4085046.159931669943035 ] ] ], [ [ [ 286950.109989622142166, 4084458.437911338172853 ], [ 287786.866619225183968, 4085414.872672577388585 ], [ 286765.335144366545137, 4085440.436977967619896 ], [ 287602.313772383262403, 4086396.88675675727427 ], [ 288623.799325956148095, 4086371.41613642917946 ], [ 289460.90810760675231, 4087328.068440840579569 ], [ 290482.345369622693397, 4087302.814577653538436 ], [ 289645.282500860048458, 4086346.068487831857055 ], [ 290666.763308541791048, 4086320.843808059114963 ], [ 289829.922409724851605, 4085364.112895058467984 ], [ 290851.446748282527551, 4085338.917417112272233 ], [ 290014.827803776483051, 4084382.201664573978633 ], [ 286950.109989622142166, 4084458.437911338172853 ] ] ], [ [ [ 304782.224894842598587, 4086962.173696618992835 ], [ 305618.822212807135656, 4087920.34564528381452 ], [ 306640.179596198839135, 4087897.030670124106109 ], [ 305803.628022638964467, 4086938.764465302228928 ], [ 304782.224894842598587, 4086962.173696618992835 ] ] ], [ [ [ 309621.017516916501336, 4093694.568031353875995 ], [ 308783.318333000934217, 4092735.827298772521317 ], [ 309804.449070604576264, 4092712.861603011377156 ], [ 308966.971671646926552, 4091754.137119462247938 ], [ 306924.616500548901968, 4091800.380804620683193 ], [ 308599.930428025429137, 4093717.562196317594498 ], [ 309621.017516916501336, 4093694.568031353875995 ] ] ], [ [ [ 298388.940020163776353, 4093954.277387690730393 ], [ 299227.319538181996904, 4094912.088612975087017 ], [ 301269.443479619454592, 4094863.949210204184055 ], [ 300431.155759140907321, 4093905.949042231310159 ], [ 298388.940020163776353, 4093954.277387690730393 ] ] ], [ [ [ 309621.017516916501336, 4093694.568031353875995 ], [ 311296.943910926464014, 4095612.382604571525007 ], [ 312317.937309171305969, 4095589.701158475596458 ], [ 310642.102478216285817, 4093671.697011042386293 ], [ 309621.017516916501336, 4093694.568031353875995 ] ] ], [ [ [ 312317.937309171305969, 4095589.701158475596458 ], [ 313156.11872737162048, 4096548.870177151169628 ], [ 318260.825774773140438, 4096437.785717289894819 ], [ 317422.873122025688644, 4095478.141805041115731 ], [ 316401.890078730008099, 4095500.207300651352853 ], [ 315564.067682102555409, 4094540.77006169827655 ], [ 313522.003951467107981, 4094585.460445427335799 ], [ 314359.917835930071305, 4095544.707849390339106 ], [ 312317.937309171305969, 4095589.701158475596458 ] ] ], [ [ [ 309437.851412579184398, 4094676.319195108953863 ], [ 308599.930428025429137, 4093717.562196317594498 ], [ 306557.7498219787376, 4093763.919970745686442 ], [ 307395.762422547792085, 4094722.487602641340345 ], [ 306374.714707624050789, 4094745.756573787424713 ], [ 307212.949154015106615, 4095704.340393352787942 ], [ 305170.938918319588993, 4095751.058527241460979 ], [ 306009.44108066521585, 4096709.563812259584665 ], [ 307030.401424950105138, 4096686.237879218533635 ], [ 307869.033752114395611, 4097644.948939613532275 ], [ 308889.946099311986472, 4097621.841084559913725 ], [ 308051.359618750168011, 4096663.035183729603887 ], [ 309072.315673409146257, 4096639.955723136663437 ], [ 308233.951040531275794, 4095681.166140252258629 ], [ 309254.950787956069689, 4095658.115092845167965 ], [ 308416.807987080537714, 4094699.34181063156575 ], [ 309437.851412579184398, 4094676.319195108953863 ] ] ], [ [ [ 296638.85425519925775, 4097907.271367376670241 ], [ 294960.755536666838452, 4095992.042453463189304 ], [ 300065.875100696459413, 4095870.010148846078664 ], [ 299227.319538181996904, 4094912.088612975087017 ], [ 293100.893560794880614, 4095059.463730452116579 ], [ 295617.915490394632798, 4097931.85857008676976 ], [ 296638.85425519925775, 4097907.271367376670241 ] ] ], [ [ [ 302107.907237908337265, 4095822.059837488923222 ], [ 302946.547031577327289, 4096780.28106342907995 ], [ 301925.577972018218134, 4096804.099973488599062 ], [ 303603.477465458097868, 4098720.685289271175861 ], [ 305645.229791934718378, 4098673.549750575330108 ], [ 304806.283830088039394, 4097715.012100031133741 ], [ 305827.202628827828448, 4097691.534444684628397 ], [ 304988.478574566193856, 4096733.012985518202186 ], [ 303967.513895315234549, 4096756.585401675198227 ], [ 303128.919990088557824, 4095798.269515889696777 ], [ 302107.907237908337265, 4095822.059837488923222 ] ] ], [ [ [ 298136.521935196826234, 4100805.245950121898204 ], [ 298976.409520297544077, 4101763.26295893965289 ], [ 303059.415457767201588, 4101667.169875039253384 ], [ 303899.295160847366787, 4102625.677463143132627 ], [ 304919.995201836631168, 4102602.057679140940309 ], [ 303240.503734834492207, 4100684.963714577723294 ], [ 304261.293496284401044, 4100661.277365810237825 ], [ 303421.857747539761476, 4099702.80218547815457 ], [ 300359.344056537025608, 4099774.515877245459706 ], [ 301198.917647325317375, 4100732.706502247136086 ], [ 298136.521935196826234, 4100805.245950121898204 ] ] ], [ [ [ 325570.740850101807155, 4111931.889626577496529 ], [ 327253.354552856530063, 4113853.977780964691192 ], [ 325213.103196739568375, 4113896.080074649769813 ], [ 326054.76572448638035, 4114857.102437548805028 ], [ 327074.846476583741605, 4114836.085704612545669 ], [ 327916.639079693122767, 4115797.318347677588463 ], [ 329956.703182183438912, 4115755.848847335204482 ], [ 329115.002310469280928, 4114794.423438449855894 ], [ 330135.077414532075636, 4114773.77790047461167 ], [ 329293.598334331065416, 4113812.370306754484773 ], [ 331333.834630364726763, 4113771.257633046712726 ], [ 330492.62314561731182, 4112809.771509603131562 ], [ 331512.784323172294535, 4112789.30436394829303 ], [ 329830.980783687671646, 4110866.481807261705399 ], [ 331871.480749397422187, 4110825.533390095457435 ], [ 331030.93445325200446, 4109864.100690184161067 ], [ 330010.639624953153543, 4109884.609274909365922 ], [ 329170.223495037877001, 4108923.38658506097272 ], [ 330190.564094749744982, 4108902.781894130632281 ], [ 328510.351202292484231, 4106980.485446651931852 ], [ 329530.781441047904082, 4106959.812269191257656 ], [ 328690.984661864174996, 4105998.73842668812722 ], [ 329711.458757474669255, 4105978.092812885530293 ], [ 328032.484502784907818, 4104056.093579503241926 ], [ 330073.609925629221834, 4104014.789307312108576 ], [ 329234.478138061065692, 4103053.76806840673089 ], [ 328213.870667909912299, 4103074.454261357430369 ], [ 326536.04352577147074, 4101152.942585607990623 ], [ 325515.342732945922762, 4101173.943413875065744 ], [ 326354.214037480647676, 4102134.547165908385068 ], [ 325333.557027705130167, 4102155.575769272167236 ], [ 327011.918942567659542, 4104076.930837879888713 ], [ 324970.78206824028166, 4104118.975611091591418 ], [ 323292.237187865073793, 4102198.003071907442063 ], [ 321250.909512436250225, 4102240.923851932864636 ], [ 323769.265364684222732, 4105121.978362787514925 ], [ 322748.735906546819024, 4105143.337084301747382 ], [ 324428.611211409792304, 4107064.41318772174418 ], [ 323408.171398591483012, 4107085.70389277022332 ], [ 324248.41880240815226, 4108046.315793374087662 ], [ 322207.624969163967762, 4108089.076126250904053 ], [ 323048.139991785166785, 4109049.609504448249936 ], [ 324068.492048939981032, 4109028.263437606394291 ], [ 326590.955383469059598, 4111910.831621548626572 ], [ 325570.740850101807155, 4111931.889626577496529 ] ], [ [ 326469.485036477330141, 4107022.202306173741817 ], [ 327309.595049607101828, 4107983.101834217086434 ], [ 326289.204885943327099, 4108004.049618468619883 ], [ 327129.536639719386585, 4108964.966639362741262 ], [ 326109.190361702640075, 4108985.942007478326559 ], [ 324428.611211409792304, 4107064.41318772174418 ], [ 326469.485036477330141, 4107022.202306173741817 ] ], [ [ 327790.47333485679701, 4110907.924675041809678 ], [ 326770.216776313609444, 4110928.831533811055124 ], [ 325088.842168511473574, 4109007.040939423255622 ], [ 326109.190361702640075, 4108985.942007478326559 ], [ 327790.47333485679701, 4110907.924675041809678 ] ] ], [ [ [ 325570.740850101807155, 4111931.889626577496529 ], [ 323888.830981347011402, 4110010.256119535304606 ], [ 322868.52282397414092, 4110031.629838649183512 ], [ 323709.435629979532678, 4110992.29383830120787 ], [ 322689.171387030859478, 4111013.695190567523241 ], [ 323530.306025193654932, 4111974.376593036111444 ], [ 325570.740850101807155, 4111931.889626577496529 ] ] ], [ [ [ 320112.441082124831155, 4114003.500770617742091 ], [ 320954.333166951953899, 4114964.042197019793093 ], [ 321974.423555186251178, 4114942.406757716555148 ], [ 321132.577403842704371, 4113981.769197468645871 ], [ 320112.441082124831155, 4114003.500770617742091 ] ] ], [ [ [ 319934.24081808666233, 4114985.801384938880801 ], [ 320776.354827446513809, 4115946.360190663486719 ], [ 321796.401228060480207, 4115924.697185025550425 ], [ 320954.333166951953899, 4114964.042197019793093 ], [ 319934.24081808666233, 4114985.801384938880801 ] ] ], [ [ [ 323836.488191642449237, 4115881.742497279774398 ], [ 325520.968482293654233, 4117803.779066877439618 ], [ 326540.917225872399285, 4117782.6801304272376 ], [ 324856.528776854625903, 4115860.450810277834535 ], [ 323836.488191642449237, 4115881.742497279774398 ] ] ], [ [ [ 327029.195788568817079, 4120708.623466853518039 ], [ 326186.293844127154443, 4119747.301952954381704 ], [ 328226.009501026652288, 4119705.366305879317224 ], [ 327383.375386619707569, 4118743.966040010564029 ], [ 326363.472569550736807, 4118764.968488290440291 ], [ 325520.968482293654233, 4117803.779066877439618 ], [ 322461.110775065259077, 4117867.818829525262117 ], [ 320776.354827446513809, 4115946.360190663486719 ], [ 319756.306466115347575, 4115968.146974099334329 ], [ 323969.745967965223826, 4120772.166367025580257 ], [ 324989.564476813422516, 4120750.861489650793374 ], [ 325832.734307514328975, 4121712.10419993987307 ], [ 328892.040564654162154, 4121649.223008818924427 ], [ 329735.2484644864453, 4122610.8704101042822 ], [ 330754.967537197167985, 4122590.254667975008488 ], [ 329911.805579235893674, 4121628.510477058589458 ], [ 330931.568743354291655, 4121607.921873997431248 ], [ 331774.684770352963824, 4122569.762881360482424 ], [ 333814.113762204651721, 4122529.151165361050516 ], [ 332128.241299947723746, 4120605.196734678931534 ], [ 327029.195788568817079, 4120708.623466853518039 ] ] ], [ [ [ 316830.962117483839393, 4120924.770234931726009 ], [ 317674.500110541062895, 4121885.240836763288826 ], [ 320733.852504074689932, 4121819.384981967508793 ], [ 321577.42833285726374, 4122780.259030219633132 ], [ 322597.162519784993492, 4122758.651558309793472 ], [ 321753.632720524328761, 4121797.680934546049684 ], [ 322773.410998033941723, 4121776.100835082121193 ], [ 321086.971354423323646, 4119854.309010793454945 ], [ 319047.228786873281933, 4119897.979061174206436 ], [ 319890.452654487569816, 4120858.625039800070226 ], [ 316830.962117483839393, 4120924.770234931726009 ] ] ], [ [ [ 330754.967537197167985, 4122590.254667975008488 ], [ 331598.305437149479985, 4123552.113786391913891 ], [ 332617.976735443342477, 4123531.718891690950841 ], [ 331774.684770352963824, 4122569.762881360482424 ], [ 330754.967537197167985, 4122590.254667975008488 ] ] ], [ [ [ 340775.282614977099001, 4123373.02282278239727 ], [ 341618.383395355311222, 4124335.870686021633446 ], [ 343657.600679679308087, 4124297.630778867285699 ], [ 341129.101042968570255, 4121408.851413105614483 ], [ 339089.60876718070358, 4121447.674204333219677 ], [ 339932.357737879909109, 4122410.290710033848882 ], [ 337892.95015753689222, 4122449.415097848977894 ], [ 338735.966741635114886, 4123411.95302364602685 ], [ 340775.282614977099001, 4123373.02282278239727 ] ] ], [ [ [ 323793.187347663100809, 4121754.64468111936003 ], [ 322773.410998033941723, 4121776.100835082121193 ], [ 323616.894778768357355, 4122737.168061082717031 ], [ 322597.162519784993492, 4122758.651558309793472 ], [ 323440.868291684077121, 4123719.736506200395525 ], [ 321401.490056398324668, 4123762.882152106147259 ], [ 320557.692206939216703, 4122801.990479270927608 ], [ 317498.472084794542752, 4122867.928714089561254 ], [ 318342.40813312336104, 4123828.530674649402499 ], [ 317322.71022913500201, 4123850.66153976181522 ], [ 318166.868358078645542, 4124811.280997551977634 ], [ 319186.520170017611235, 4124789.246725192293525 ], [ 320030.808192721102387, 4125750.077008489985019 ], [ 316971.985149835061748, 4125816.262032657396048 ], [ 317816.587487118085846, 4126776.916540912352502 ], [ 315777.45450392755447, 4126821.466959328856319 ], [ 316622.325116202351637, 4127782.042308571748435 ], [ 318661.365815861267038, 4127737.685341448988765 ], [ 319506.320133302360773, 4128698.568577308673412 ], [ 316447.894567646551877, 4128764.999863042961806 ], [ 317293.163335185497999, 4129725.707087514456362 ], [ 318312.594326440477744, 4129703.536003268323839 ], [ 319157.992918894044124, 4130664.454635031055659 ], [ 320177.375790594145656, 4130642.504676077980548 ], [ 321022.904208668333013, 4131603.635036276653409 ], [ 320003.567499204655178, 4131625.487980818841606 ], [ 320849.31806457915809, 4132586.636184104718268 ], [ 322887.89723422244424, 4132543.248739159200341 ], [ 322042.238989942066837, 4131581.90632910002023 ], [ 325100.231874079327099, 4131517.465607146266848 ], [ 324254.887995476718061, 4130555.946922088507563 ], [ 327313.002209924743511, 4130492.332723833154887 ], [ 325623.118907528929412, 4128569.058117801789194 ], [ 327662.036641117592808, 4128526.88111089123413 ], [ 326817.451048802700825, 4127565.222397449426353 ], [ 329875.951801149756648, 4127502.596649752464145 ], [ 329031.680247215204872, 4126540.761956853792071 ], [ 330051.222807801910676, 4126520.037853510119021 ], [ 328363.299549922114238, 4124596.51979964133352 ], [ 330402.563092706026509, 4124555.055859848391265 ], [ 329558.957343534682877, 4123593.275525151286274 ], [ 330578.632310193963349, 4123572.63266343344003 ], [ 329735.2484644864453, 4122610.8704101042822 ], [ 325656.353557086840738, 4122694.572980910073966 ], [ 323969.745967965223826, 4120772.166367025580257 ], [ 322949.925542379147373, 4120793.595158280339092 ], [ 323793.187347663100809, 4121754.64468111936003 ] ] ], [ [ [ 331390.461806136881933, 4130409.252492079511285 ], [ 333429.180648801033385, 4130368.457490464672446 ], [ 334274.10995108447969, 4131330.851472817361355 ], [ 335293.420662126038224, 4131310.737631822470576 ], [ 333603.830006994656287, 4129385.870737073477358 ], [ 334623.230937127023935, 4129365.686343344859779 ], [ 332934.435991570004262, 4127441.08781412942335 ], [ 334973.41639738518279, 4127400.702399285044521 ], [ 335817.633962546242401, 4128363.138304478488863 ], [ 337856.515329058864154, 4128323.443815087433904 ], [ 337012.389662269037217, 4127360.813343429937959 ], [ 335992.903916944982484, 4127380.695827622897923 ], [ 335148.908229419030249, 4126418.27837263699621 ], [ 336168.439914528396912, 4126398.298667425755411 ], [ 335324.666088896919973, 4125435.899643377400935 ], [ 336344.241924937115982, 4125415.9468242097646 ], [ 335500.689945464429911, 4124453.566211872734129 ], [ 330402.563092706026509, 4124555.055859848391265 ], [ 331246.344785746419802, 4125516.951257358770818 ], [ 330226.759915115428157, 4125537.524256709497422 ], [ 331914.943083318183199, 4127461.466661904938519 ], [ 330895.448356844775844, 4127481.969606335274875 ], [ 332584.427280328585766, 4129406.179281149059534 ], [ 330545.616393498959951, 4129447.168829588685185 ], [ 331390.461806136881933, 4130409.252492079511285 ] ], [ [ 334129.374759247293696, 4126438.382138438522816 ], [ 333109.839493009261787, 4126458.609967119526118 ], [ 332265.927827420120593, 4125496.502298669423908 ], [ 333285.509051156812347, 4125476.177378315944225 ], [ 334129.374759247293696, 4126438.382138438522816 ] ] ], [ [ [ 342751.20238752727164, 4135084.213481126818806 ], [ 341060.572318321152125, 4133157.635714296251535 ], [ 339022.14713430556003, 4133196.603599302936345 ], [ 339867.466186643461697, 4134159.638696191832423 ], [ 340886.633649366674945, 4134140.190325624775141 ], [ 341732.082617517153267, 4135103.439773262944072 ], [ 342751.20238752727164, 4135084.213481126818806 ] ] ], [ [ [ 337829.12608810281381, 4134198.908280421048403 ], [ 338674.713069340214133, 4135161.864488638471812 ], [ 339693.83796933607664, 4135142.265274815727025 ], [ 338848.297003195388243, 4134179.211347049102187 ], [ 337829.12608810281381, 4134198.908280421048403 ] ] ], [ [ [ 339693.83796933607664, 4135142.265274815727025 ], [ 340539.554845852311701, 4136105.43584859976545 ], [ 341558.632016495917924, 4136086.058766602538526 ], [ 340712.961148423957638, 4135122.790370427072048 ], [ 339693.83796933607664, 4135142.265274815727025 ] ] ], [ [ [ 335444.143121906556189, 4136204.1863486119546 ], [ 336290.266129227937199, 4137166.984625268727541 ], [ 337309.30589357810095, 4137147.083602897357196 ], [ 336463.22895245323889, 4136184.187562487553805 ], [ 335444.143121906556189, 4136204.1863486119546 ] ] ], [ [ [ 344789.436873950297013, 4135046.133803214877844 ], [ 342751.20238752727164, 4135084.213481126818806 ], [ 344442.536049043992534, 4137011.258743342477828 ], [ 343423.508257218752988, 4137030.289206920657307 ], [ 342577.707487860228866, 4136066.80601877393201 ], [ 341558.632016495917924, 4136086.058766602538526 ], [ 344096.700026761041954, 4138976.565734681673348 ], [ 341039.877619669539854, 4139034.188465328887105 ], [ 342733.078659016056918, 4140961.190552000422031 ], [ 344770.777773366309702, 4140923.043476422317326 ], [ 345617.550045456911903, 4141886.916969262994826 ], [ 343579.94302963023074, 4141924.867568427231163 ], [ 344426.98329658905277, 4142888.662094049155712 ], [ 343408.223361759854015, 4142907.725872372277081 ], [ 344255.485595403588377, 4143871.539702613838017 ], [ 347311.62225031235721, 4143815.017085088882595 ], [ 346464.498205527546816, 4142850.908123624511063 ], [ 347483.253201287938282, 4142832.217927241697907 ], [ 344943.074488200596534, 4139940.302467158995569 ], [ 345961.965927313896827, 4139921.441876713186502 ], [ 345115.637480170000345, 4138957.606990809552372 ], [ 347153.507428771816194, 4138920.062739654444158 ], [ 344615.853376346058212, 4136028.673516891431063 ], [ 346653.99259852617979, 4135991.038325631525367 ], [ 344963.286511499027256, 4134063.639602293726057 ], [ 345982.445534458442125, 4134044.812600326258689 ], [ 345137.402258650108706, 4133081.190914123319089 ], [ 343098.990663945616689, 4133119.164825063664466 ], [ 344789.436873950297013, 4135046.133803214877844 ] ] ], [ [ [ 351402.323099912842736, 4137863.974420543760061 ], [ 350383.351077019993681, 4137882.160584937781096 ], [ 349537.65022396389395, 4136917.971734538208693 ], [ 348518.630657234694809, 4136936.380435503553599 ], [ 349364.377452392363921, 4137900.471122572664171 ], [ 348345.402215151931159, 4137918.906035527121276 ], [ 349191.370838882401586, 4138883.016123102977872 ], [ 347153.507428771816194, 4138920.062739654444158 ], [ 347999.743879242567345, 4139884.094013409223408 ], [ 350037.515335163625423, 4139847.243892780970782 ], [ 350883.835700680618174, 4140811.589489982929081 ], [ 351902.673054339829832, 4140793.449442621320486 ], [ 350210.300119176448788, 4138864.679422538727522 ], [ 352248.153884605679195, 4138828.379226430784911 ], [ 351402.323099912842736, 4137863.974420543760061 ] ] ], [ [ [ 343236.77007678616792, 4143890.629689452704042 ], [ 344084.254292865807656, 4144854.462844495195895 ], [ 345102.923723091662396, 4144835.471256970893592 ], [ 344255.485595403588377, 4143871.539702613838017 ], [ 343236.77007678616792, 4143890.629689452704042 ] ] ], [ [ [ 366485.323029854916967, 4150344.11185069847852 ], [ 365466.954263120889664, 4150360.515716625377536 ], [ 366314.93304118711967, 4151326.762688504997641 ], [ 369369.897295323666185, 4151278.223424060735852 ], [ 368522.056339668633882, 4150311.67826592316851 ], [ 369540.420904236845672, 4150295.648543402086943 ], [ 367845.358195908309426, 4148362.71978547051549 ], [ 366826.901804791530594, 4148378.948177908547223 ], [ 367674.391174929332919, 4149345.253232930321246 ], [ 365637.566002974810544, 4149377.885482490062714 ], [ 366485.323029854916967, 4150344.11185069847852 ] ] ], [ [ [ 360107.398286485928111, 4175942.226030500140041 ], [ 359090.189402460237034, 4175959.533975249622017 ], [ 359944.03196137433406, 4176926.122921074274927 ], [ 358926.867995367734693, 4176943.455763616133481 ], [ 360635.173362648696639, 4178876.797645865008235 ], [ 362669.314372323919088, 4178842.660309614147991 ], [ 360107.398286485928111, 4175942.226030500140041 ] ] ], [ [ [ 368653.272167490562424, 4185614.621571639087051 ], [ 369508.826493814005516, 4186582.536102298647165 ], [ 370525.523850547266193, 4186566.464885814115405 ], [ 369670.015919401310384, 4185598.448944304604083 ], [ 368653.272167490562424, 4185614.621571639087051 ] ] ], [ [ [ 311653.357645753421821, 4082898.258087287191302 ], [ 312488.794057284132577, 4083856.931295700371265 ], [ 315553.343783511896618, 4083789.91102949064225 ], [ 314718.044189909647685, 4082830.955065905116498 ], [ 312674.921938046056312, 4082875.700926750898361 ], [ 311004.668340227042791, 4080958.496976306661963 ], [ 308961.355158328427933, 4081004.11052338173613 ], [ 310631.791227228124626, 4082920.938071343582124 ], [ 311653.357645753421821, 4082898.258087287191302 ] ] ], [ [ [ 362729.207130645983852, 4081920.808540673460811 ], [ 363562.376327089383267, 4082884.225823848042637 ], [ 364583.803909653332084, 4082867.902405047789216 ], [ 363750.679777875950094, 4081904.389552414417267 ], [ 364772.150885769107845, 4081888.093273750972003 ], [ 363939.247608706005849, 4080924.598970089107752 ], [ 360874.694473989191465, 4080974.14242126699537 ], [ 361707.732932557002641, 4081937.350240407511592 ], [ 362729.207130645983852, 4081920.808540673460811 ] ] ], [ [ [ 330502.7904670854914, 4085432.967597196344286 ], [ 331338.026163905218709, 4086393.486837320495397 ], [ 332359.376227486878633, 4086373.273566067218781 ], [ 331524.185979392146692, 4085412.659450607839972 ], [ 330502.7904670854914, 4085432.967597196344286 ] ] ], [ [ [ 335051.541793713113293, 4088274.937872051261365 ], [ 333380.724404797772877, 4086353.183183511253446 ], [ 332359.376227486878633, 4086373.273566067218781 ], [ 333194.742402967240196, 4087333.999778279569 ], [ 332173.437791859614663, 4087354.118099762126803 ], [ 333009.025348089751787, 4088314.861524167470634 ], [ 335051.541793713113293, 4088274.937872051261365 ] ] ], [ [ [ 321960.286026785324793, 4087562.062182485125959 ], [ 322796.328756666160189, 4088521.856838142033666 ], [ 323817.60718177317176, 4088500.603988803457469 ], [ 324653.780302893253975, 4089460.605032520834357 ], [ 326696.24012020684313, 4089418.657971195410937 ], [ 325024.252047160756774, 4087498.388180234469473 ], [ 322981.610019426210783, 4087540.7145766755566 ], [ 322145.788818594475742, 4086580.936656696721911 ], [ 320103.047693171771243, 4086623.944147448055446 ], [ 320938.960033032111824, 4087583.532729942817241 ], [ 321960.286026785324793, 4087562.062182485125959 ] ] ], [ [ [ 330226.632188606541604, 4092279.398540657479316 ], [ 328553.67952594475355, 4090358.26661490695551 ], [ 326511.314702958450653, 4090399.777753680478781 ], [ 327347.794165990664624, 4091360.097485974896699 ], [ 328368.931987918331288, 4091339.375442606396973 ], [ 329205.541837763041258, 4092299.902407958637923 ], [ 330226.632188606541604, 4092279.398540657479316 ] ] ], [ [ [ 365128.702016811643261, 4090675.31007068650797 ], [ 365963.679018380353227, 4091639.27884754864499 ], [ 366984.708160738577135, 4091623.203982068691403 ], [ 366149.776315497700125, 4090659.139098677784204 ], [ 365128.702016811643261, 4090675.31007068650797 ] ] ], [ [ [ 366984.708160738577135, 4091623.203982068691403 ], [ 367819.815798212075606, 4092587.383971208706498 ], [ 368840.798301456379704, 4092571.528305165003985 ], [ 368005.735813875682652, 4091607.25210734969005 ], [ 366984.708160738577135, 4091623.203982068691403 ] ] ], [ [ [ 364756.859371704864316, 4092635.689084524288774 ], [ 365592.278324622253422, 4093599.695633213501424 ], [ 366613.22011140617542, 4093583.567109754774719 ], [ 365777.846344736986794, 4092619.464359052944928 ], [ 366798.831816439284012, 4092603.362655228935182 ], [ 365963.679018380353227, 4091639.27884754864499 ], [ 362900.582541867624968, 4091688.241407021414489 ], [ 363735.870885942596942, 4092652.036833497695625 ], [ 364756.859371704864316, 4092635.689084524288774 ] ] ], [ [ [ 331063.372426082554739, 4093240.133054985664785 ], [ 331900.288597178412601, 4094200.980123793706298 ], [ 332921.285961465444416, 4094180.789869070053101 ], [ 332084.415335664409213, 4093219.847489583771676 ], [ 331063.372426082554739, 4093240.133054985664785 ] ] ], [ [ [ 362714.880876050563529, 4092668.50760784605518 ], [ 363550.39023360342253, 4093632.321834072470665 ], [ 364571.335035818396136, 4093615.947207366116345 ], [ 363735.870885942596942, 4092652.036833497695625 ], [ 362714.880876050563529, 4092668.50760784605518 ] ] ], [ [ [ 369676.036573541816324, 4093535.919825165066868 ], [ 370511.450626655481756, 4094500.426808966789395 ], [ 372553.230681775137782, 4094469.469971685204655 ], [ 371717.906913681596052, 4093504.770188796333969 ], [ 369676.036573541816324, 4093535.919825165066868 ] ] ], [ [ [ 364571.335035818396136, 4093615.947207366116345 ], [ 365406.97498810174875, 4094579.972670062445104 ], [ 366427.87307570327539, 4094563.817345705348998 ], [ 365592.278324622253422, 4093599.695633213501424 ], [ 364571.335035818396136, 4093615.947207366116345 ] ] ], [ [ [ 337005.256870036595501, 4094101.259998947847635 ], [ 337842.121336710755713, 4095062.69695773627609 ], [ 338863.063989570480771, 4095043.217785674147308 ], [ 338026.245016904664226, 4094081.685307236853987 ], [ 337005.256870036595501, 4094101.259998947847635 ] ] ], [ [ [ 366427.87307570327539, 4094563.817345705348998 ], [ 367263.643621519440785, 4095528.054363598115742 ], [ 368284.49502301029861, 4095512.118469156324863 ], [ 367448.769671978312545, 4094547.785099244210869 ], [ 366427.87307570327539, 4094563.817345705348998 ] ] ], [ [ [ 359466.595662892446853, 4093699.050904100760818 ], [ 361974.721477195271291, 4096590.029476038180292 ], [ 362995.53666980646085, 4096573.451187056023628 ], [ 362159.364177076378837, 4095609.58044933853671 ], [ 364201.080487719853409, 4095576.600684921722859 ], [ 363365.174293413525447, 4094612.652559863869101 ], [ 364386.075397797801998, 4094596.251074160449207 ], [ 363550.39023360342253, 4093632.321834072470665 ], [ 359466.595662892446853, 4093699.050904100760818 ] ] ], [ [ [ 338863.063989570480771, 4095043.217785674147308 ], [ 339700.058867039973848, 4096004.863547635730356 ], [ 340720.954234606120735, 4095985.603129602503031 ], [ 339884.00484405469615, 4095023.861746337264776 ], [ 338863.063989570480771, 4095043.217785674147308 ] ] ], [ [ [ 331457.470436185249127, 4102031.254532951395959 ], [ 329780.360624157241546, 4100109.20377937098965 ], [ 332842.565789329004474, 4100048.134159778244793 ], [ 331166.433531313319691, 4098125.962102772202343 ], [ 333208.07675796165131, 4098085.48296426795423 ], [ 332370.365727222175337, 4097124.375411969143897 ], [ 336453.81226137134945, 4097044.513509183190763 ], [ 337291.341027908725664, 4098006.003445988055319 ], [ 339332.962252490222454, 4097967.003029869869351 ], [ 340170.5758564369753, 4098928.797876595985144 ], [ 341191.338260248070583, 4098909.578288389369845 ], [ 342029.082240273943171, 4099871.582699418533593 ], [ 343049.797364623693284, 4099852.582247544080019 ], [ 340537.229646309453528, 4096966.622733870055526 ], [ 338495.524552121642046, 4097005.321739582810551 ], [ 336821.176874110125937, 4095082.299264747649431 ], [ 334779.28247423004359, 4095121.87329261098057 ], [ 333942.281459522317164, 4094160.7227315120399 ], [ 332921.285961465444416, 4094180.789869070053101 ], [ 333758.332514220383018, 4095141.84501798870042 ], [ 332737.380699013767298, 4095161.939887369051576 ], [ 331900.288597178412601, 4094200.980123793706298 ], [ 330879.289355283428449, 4094221.293497992679477 ], [ 331716.427017247769982, 4095182.157903053797781 ], [ 329674.514008591824677, 4095222.963382593821734 ], [ 328000.232319808099419, 4093301.728316490072757 ], [ 330042.32762783463113, 4093260.541713044513017 ], [ 329205.541837763041258, 4092299.902407958637923 ], [ 327163.355391281249467, 4092341.279349508229643 ], [ 325490.129380031547043, 4090420.717847396619618 ], [ 321405.368412426614668, 4090505.70844054967165 ], [ 324753.253837367868982, 4094345.759383283555508 ], [ 326795.273384203785099, 4094303.778236226644367 ], [ 325958.129320525215007, 4093343.4073187680915 ], [ 326979.181787264533341, 4093322.506266587879509 ], [ 328653.554658977081999, 4095243.550851116888225 ], [ 327632.59339735773392, 4095264.261475278995931 ], [ 328470.089357166085392, 4096224.857176154851913 ], [ 327449.171791420318186, 4096245.595659133046865 ], [ 329124.782789365504868, 4098166.934185459744185 ], [ 328103.954571833950467, 4098187.605086716357619 ], [ 328942.069626602344215, 4099148.347995831165463 ], [ 327921.285148871713318, 4099169.046670433599502 ], [ 327083.124441497609951, 4098208.399231062270701 ], [ 324020.622460379148833, 4098271.521146474406123 ], [ 324858.920192055986263, 4099231.882337221410125 ], [ 326900.498758079018444, 4099189.868617276661098 ], [ 327738.881079414160922, 4100150.533338581677526 ], [ 326718.138442738738377, 4100171.383069096133113 ], [ 328395.522293151821941, 4102092.860043074935675 ], [ 331457.470436185249127, 4102031.254532951395959 ] ], [ [ 330145.609105414478108, 4098146.386524927336723 ], [ 329307.761260800762102, 4097185.56547921244055 ], [ 330328.631302366498858, 4097165.045581677928567 ], [ 331166.433531313319691, 4098125.962102772202343 ], [ 330145.609105414478108, 4098146.386524927336723 ] ], [ [ 324937.074908209091518, 4093364.431475421879441 ], [ 324100.061188674066216, 4092404.267814817838371 ], [ 325121.161209115409292, 4092383.148582793306559 ], [ 325958.129320525215007, 4093343.4073187680915 ], [ 324937.074908209091518, 4093364.431475421879441 ] ] ], [ [ [ 327083.124441497609951, 4098208.399231062270701 ], [ 328103.954571833950467, 4098187.605086716357619 ], [ 327266.015462706563994, 4097226.974911371711642 ], [ 326245.139683502318803, 4097247.864450732711703 ], [ 327083.124441497609951, 4098208.399231062270701 ] ] ], [ [ [ 348703.979872576077469, 4096816.75399931287393 ], [ 347867.172714076586999, 4095854.228489743545651 ], [ 343783.629726416547783, 4095928.560811320319772 ], [ 344620.61860800901195, 4096890.702943541109562 ], [ 343599.773992557195015, 4096909.498118937946856 ], [ 342762.739652940654196, 4095947.451763625256717 ], [ 340720.954234606120735, 4095985.603129602503031 ], [ 341558.079523052845616, 4096947.458011932205409 ], [ 342578.927634685533121, 4096928.416474347468466 ], [ 343416.183334170083981, 4097890.480794513132423 ], [ 342395.380706352356356, 4097909.42653423640877 ], [ 343232.857781458587851, 4098871.508837545756251 ], [ 345274.370329611934721, 4098833.932339652907103 ], [ 346111.932320861727931, 4099796.320487387944013 ], [ 347132.640538380946964, 4099777.813092012889683 ], [ 346295.124017101130448, 4098815.328942684922367 ], [ 347315.875995299196802, 4098796.848777531180531 ], [ 346478.580805891193449, 4097834.382821486331522 ], [ 348520.170557289966382, 4097797.600189915392548 ], [ 347683.142113325477112, 4096835.056476006750017 ], [ 348703.979872576077469, 4096816.75399931287393 ] ] ], [ [ [ 362811.115046564198565, 4097553.919088447000831 ], [ 363647.684425953077152, 4098517.923981220927089 ], [ 366709.853881529590581, 4098469.136959220748395 ], [ 367546.463271675747819, 4099433.54682323615998 ], [ 369587.811665764485952, 4099401.831274959258735 ], [ 368751.292752902780194, 4098437.228242216166109 ], [ 367730.5740528954193, 4098453.121005510445684 ], [ 365221.936365241650492, 4095560.295469637494534 ], [ 364201.080487719853409, 4095576.600684921722859 ], [ 365873.420285195228644, 4097504.842742799781263 ], [ 362811.115046564198565, 4097553.919088447000831 ] ] ], [ [ [ 333680.895812590257265, 4101009.389977334067225 ], [ 334701.581522966036573, 4100989.375746548641473 ], [ 333863.297115756664425, 4100028.024202388711274 ], [ 332842.565789329004474, 4100048.134159778244793 ], [ 333680.895812590257265, 4101009.389977334067225 ] ] ], [ [ [ 335722.265398863470182, 4100969.484830009751022 ], [ 334701.581522966036573, 4100989.375746548641473 ], [ 335540.041851940914057, 4101950.840746258385479 ], [ 336560.680118919000961, 4101931.04565806267783 ], [ 335722.265398863470182, 4100969.484830009751022 ] ] ], [ [ [ 332660.208256443962455, 4101029.527524653822184 ], [ 334337.487342473119497, 4102952.187818751204759 ], [ 335358.083633004687726, 4102932.241895595099777 ], [ 333680.895812590257265, 4101009.389977334067225 ], [ 332660.208256443962455, 4101029.527524653822184 ] ] ], [ [ [ 329711.458757474669255, 4105978.092812885530293 ], [ 330551.209798671945464, 4106939.262590111233294 ], [ 331571.636286395136267, 4106918.836407069116831 ], [ 330731.93097218265757, 4105957.570668312720954 ], [ 329711.458757474669255, 4105978.092812885530293 ] ] ], [ [ [ 329530.781441047904082, 4106959.812269191257656 ], [ 330370.754162759752944, 4107920.999665623530746 ], [ 331391.136778589221649, 4107900.545996270608157 ], [ 330551.209798671945464, 4106939.262590111233294 ], [ 329530.781441047904082, 4106959.812269191257656 ] ] ], [ [ [ 361039.178244024980813, 4118120.350571043323725 ], [ 362721.603047813696321, 4120049.671474860515445 ], [ 363741.356928237946704, 4120033.073656293097883 ], [ 362059.023256678599864, 4118103.55771551374346 ], [ 361039.178244024980813, 4118120.350571043323725 ] ] ], [ [ [ 361701.847671678173356, 4120066.393125043716282 ], [ 362543.369377460912801, 4121031.131602376233786 ], [ 363563.079170401208103, 4121014.507557052187622 ], [ 362721.603047813696321, 4120049.671474860515445 ], [ 361701.847671678173356, 4120066.393125043716282 ] ] ], [ [ [ 359306.395107994438149, 4122063.331639491021633 ], [ 360990.682537118496839, 4123992.613376039080322 ], [ 362010.261478836415336, 4123975.786819560918957 ], [ 360326.06532239750959, 4122046.309711852110922 ], [ 359306.395107994438149, 4122063.331639491021633 ] ] ], [ [ [ 368438.943900388316251, 4127787.590714041609317 ], [ 367596.19157364917919, 4126822.028782783076167 ], [ 365557.314859823090956, 4126854.474504813086241 ], [ 364714.647074889973737, 4125889.226681679021567 ], [ 366753.615039293887094, 4125856.584921549540013 ], [ 365911.214300885738339, 4124891.258985543623567 ], [ 366930.741717381286435, 4124875.026117495726794 ], [ 366088.562379166251048, 4123909.720053986646235 ], [ 368127.70406403648667, 4123877.430321142077446 ], [ 367285.791685474454425, 4122912.046223437413573 ], [ 370344.630167496099602, 4122864.247321773320436 ], [ 369503.030231730372179, 4121898.687347332481295 ], [ 367463.714915103570092, 4121930.625132503919303 ], [ 366622.19968269742094, 4120965.378566377330571 ], [ 367641.903601553000044, 4120949.249945036135614 ], [ 366800.609706157818437, 4119984.023171454202384 ], [ 363741.356928237946704, 4120033.073656293097883 ], [ 365424.393832965113688, 4121963.05843942752108 ], [ 364404.73110215482302, 4121979.46091815084219 ], [ 365246.558839581673965, 4122944.531702355016023 ], [ 364226.940226099337451, 4122960.96031068218872 ], [ 365068.989361976040527, 4123926.050830102991313 ], [ 362010.261478836415336, 4123975.786819560918957 ], [ 364537.874325809534639, 4126870.883406340610236 ], [ 363518.432325715199113, 4126887.416337357833982 ], [ 362675.673248150444124, 4125922.364443485159427 ], [ 359617.201323261542711, 4125973.001122380141169 ], [ 362989.840630332240835, 4129832.739747759886086 ], [ 365028.45794003282208, 4129799.641930927988142 ], [ 365871.965916306129657, 4130765.067531235516071 ], [ 366891.226701104780659, 4130748.803023769520223 ], [ 364361.367213315679692, 4127852.585997485555708 ], [ 365380.763557443104219, 4127836.151093425694853 ], [ 366223.828591191093437, 4128801.536767504643649 ], [ 368262.525634439312853, 4128769.235415142960846 ], [ 367419.551889976253733, 4127803.653453551232815 ], [ 368438.943900388316251, 4127787.590714041609317 ] ] ], [ [ [ 358244.957965466659516, 4127953.800718157086521 ], [ 359088.342842852987815, 4128918.500242710579187 ], [ 355010.889172913215589, 4128988.066611020360142 ], [ 356698.55246379878372, 4130917.034717885777354 ], [ 357717.826658060192131, 4130899.652863586787134 ], [ 358561.876285885227844, 4131864.411282692570239 ], [ 359581.103178099147044, 4131847.251672074664384 ], [ 358737.099318517546635, 4130882.395166649948806 ], [ 359756.370456135598943, 4130865.261625111568719 ], [ 361444.462483107286971, 4132795.288821788039058 ], [ 364501.992435577965807, 4132745.222345081623644 ], [ 362814.174841607687995, 4130814.605913498904556 ], [ 361794.908206713560503, 4130831.367000462953001 ], [ 360951.217406570911407, 4129866.334039059001952 ], [ 361970.529763197293505, 4129849.474833151325583 ], [ 361127.060501853062306, 4128884.461649712175131 ], [ 360107.702427859650925, 4128901.418898575473577 ], [ 359264.363274045521393, 4127936.621434167027473 ], [ 358244.957965466659516, 4127953.800718157086521 ] ] ], [ [ [ 364501.992435577965807, 4132745.222345081623644 ], [ 366190.513255539466627, 4134676.312106063123792 ], [ 368228.676363151404075, 4134643.949172628112137 ], [ 366540.338429073337466, 4132712.465707545168698 ], [ 364501.992435577965807, 4132745.222345081623644 ] ] ] ] } }
]
}
