{
"type": "FeatureCollection",
"name": "urban-2020",
"crs": { "type": "name", "properties": { "name": "urn:ogc:def:crs:EPSG::32652" } },
"features": [
{ "type": "Feature", "properties": { "year": 2020 }, "geometry": { "type": "MultiPolygon", "coordinates": [ [ [ [ 276707.047867509128992, 4123853.76237102271989 ], [ 277552.836167546920478, 4124810.524322743993253 ], [ 278572.619583674066234, 4124783.554815284442157 ], [ 277726.877810499572661, 4123826.697377688717097 ], [ 276707.047867509128992, 4123853.76237102271989 ] ] ], [ [ [ 282651.729339160083327, 4124676.917979940772057 ], [ 280960.793890962086152, 4122762.55000951513648 ], [ 279940.927057327469811, 4122789.214152015279979 ], [ 280786.353203409933485, 4123746.246963026467711 ], [ 279766.530467432574369, 4123772.939676749985665 ], [ 280612.179221209837124, 4124729.988164803478867 ], [ 278572.619583674066234, 4124783.554815284442157 ], [ 279418.537479325779714, 4125740.523410861380398 ], [ 278398.800593204214238, 4125767.39735746011138 ], [ 277552.836167546920478, 4124810.524322743993253 ], [ 276533.050338504253887, 4124837.617955771274865 ], [ 277379.061305610463023, 4125794.39545585680753 ], [ 276359.319605545722879, 4125821.517709123902023 ], [ 278051.96303279948188, 4127735.215056790504605 ], [ 279071.611617652699351, 4127708.284045389387757 ], [ 278225.248399367323145, 4126751.284105255268514 ], [ 281284.319469212670811, 4126670.949170060455799 ], [ 280438.271974968374707, 4125713.773613002151251 ], [ 282477.733838801272213, 4125660.64645134145394 ], [ 281631.955464627826586, 4124703.391015686094761 ], [ 282651.729339160083327, 4124676.917979940772057 ] ] ], [ [ [ 278898.548935814062133, 4128692.230695671401918 ], [ 278051.96303279948188, 4127735.215056790504605 ], [ 276012.658650381374173, 4127789.449713872279972 ], [ 276859.337712350243237, 4128746.273964397609234 ], [ 278898.548935814062133, 4128692.230695671401918 ] ] ], [ [ [ 273791.469924820703454, 4146465.893361222930253 ], [ 274642.336653762147762, 4147423.114037199411541 ], [ 276679.858791208185721, 4147368.244179305620492 ], [ 275829.085751630191226, 4146410.830196043010801 ], [ 273791.469924820703454, 4146465.893361222930253 ] ] ], [ [ [ 276010.408318972447887, 4151307.719895611517131 ], [ 276862.249526043655351, 4152265.311546831857413 ], [ 275843.714535222621635, 4152292.699327528476715 ], [ 276695.778788151685148, 4153250.307229380123317 ], [ 275677.288346681045368, 4153277.72295731632039 ], [ 274825.177178873796947, 4152320.212045223917812 ], [ 273806.637446312350221, 4152347.849703035783023 ], [ 275511.12978411174845, 4154262.790783356875181 ], [ 279584.899213011027314, 4154153.766106481663883 ], [ 278732.752619088860229, 4153195.850660062860698 ], [ 279751.236029919818975, 4153168.809812512248755 ], [ 278899.312453873339109, 4152210.91078404057771 ], [ 280936.366047893825453, 4152157.009732202626765 ], [ 280084.712329300236888, 4151199.030057804659009 ], [ 278047.565013605752029, 4151253.125173710286617 ], [ 274642.336653762147762, 4147423.114037199411541 ], [ 273623.572005398222245, 4147450.736159535124898 ], [ 275325.927633732440881, 4149365.32229872699827 ], [ 274307.254340266576037, 4149392.875817704480141 ], [ 275158.743256337591447, 4150350.241367143578827 ], [ 276177.369667194550857, 4150322.784663189668208 ], [ 277028.987844006391242, 4151280.360082371626049 ], [ 276010.408318972447887, 4151307.719895611517131 ] ] ], [ [ [ 280936.366047893825453, 4152157.009732202626765 ], [ 281788.195895704906434, 4153115.102976317983121 ], [ 282806.672372026136145, 4153088.436981593258679 ], [ 283658.631496267218608, 4154046.741162618622184 ], [ 284677.05884310847614, 4154020.297362134326249 ], [ 283825.146558205247857, 4153061.895931750070304 ], [ 285862.088102897745557, 4153009.18865470495075 ], [ 284158.979166407254525, 4151092.338546141050756 ], [ 281103.282496806932613, 4151172.169844428543001 ], [ 281954.889371458441019, 4152130.246590252034366 ], [ 280936.366047893825453, 4152157.009732202626765 ] ] ], [ [ [ 277977.645612341468222, 4169891.701433276757598 ], [ 278833.491648237220943, 4170850.094890904147178 ], [ 282904.166269707609899, 4170742.198153770063072 ], [ 282048.508601935114712, 4169783.412364327348769 ], [ 277977.645612341468222, 4169891.701433276757598 ] ] ], [ [ [ 319212.171602524002083, 4171830.735588076058775 ], [ 320066.76327853865223, 4172793.22728355973959 ], [ 321084.216006145928986, 4172771.128430020064116 ], [ 320229.671034160710406, 4171808.537454915698618 ], [ 319212.171602524002083, 4171830.735588076058775 ] ] ], [ [ [ 322631.594295616727322, 4175681.412785818334669 ], [ 320066.76327853865223, 4172793.22728355973959 ], [ 319049.308692151214927, 4172815.451586193870753 ], [ 321614.279877293738537, 4175703.338868772611022 ], [ 322631.594295616727322, 4175681.412785818334669 ] ] ], [ [ [ 313799.636485507828183, 4173913.34722663834691 ], [ 314654.907442660070956, 4174875.380393080879003 ], [ 313637.533143355452921, 4174898.284547688439488 ], [ 314493.026924063859042, 4175860.336479335557669 ], [ 313475.697516224696301, 4175883.266886888537556 ], [ 316043.375445222540293, 4178769.833797828294337 ], [ 317060.564392333850265, 4178747.201661060098559 ], [ 316204.542551413644105, 4177784.794888170436025 ], [ 317221.77643394091865, 4177762.188853721600026 ], [ 315510.354421685449779, 4175837.531621256377548 ], [ 316527.680019526393153, 4175814.852310083806515 ], [ 314817.055661314574536, 4173890.469345890916884 ], [ 313799.636485507828183, 4173913.34722663834691 ] ] ], [ [ [ 317545.003728024545126, 4175792.298543256707489 ], [ 319256.23857441812288, 4177717.353583082556725 ], [ 320273.466853194404393, 4177695.124341836199164 ], [ 318562.325557611417025, 4175769.870318233966827 ], [ 317545.003728024545126, 4175792.298543256707489 ] ] ], [ [ [ 280759.954827221052255, 4177669.228413891978562 ], [ 279742.601456258562393, 4177696.330687646288425 ], [ 280600.092448235140182, 4178655.154993914067745 ], [ 281617.398627808899619, 4178628.151243807282299 ], [ 280759.954827221052255, 4177669.228413891978562 ] ] ], [ [ [ 273958.333978210110217, 4175889.481334981508553 ], [ 274815.661522252950817, 4176847.681375693064183 ], [ 275833.071243629558012, 4176819.97804267052561 ], [ 278405.969139839813579, 4179695.56486778287217 ], [ 276371.430829153337982, 4179750.506761274300516 ], [ 278087.765863548673224, 4181667.74831055290997 ], [ 279104.941649710293859, 4181640.411661670543253 ], [ 279963.326141152123455, 4182599.304761528968811 ], [ 280980.452416982850991, 4182572.192629574332386 ], [ 279263.95408177387435, 4180654.324933109339327 ], [ 280281.172591240145266, 4180627.141190466005355 ], [ 281139.286449499253649, 4181586.115736697334796 ], [ 282156.4554838288459, 4181559.156454490032047 ], [ 281298.388849366630893, 4180600.08320738747716 ], [ 282315.602866522967815, 4180573.150980822276324 ], [ 280600.092448235140182, 4178655.154993914067745 ], [ 279582.784015894168988, 4178682.284444940742105 ], [ 278725.245821424818132, 4177723.558636055327952 ], [ 279742.601456258562393, 4177696.330687646288425 ], [ 278885.286612093448639, 4176737.621977305505425 ], [ 281937.481505625706632, 4176656.396747635677457 ], [ 281080.48433201154694, 4175697.508296067360789 ], [ 279045.595661557628773, 4175751.729624902363867 ], [ 278188.680300992855337, 4174793.15337290847674 ], [ 275136.188624215719756, 4174875.722320812754333 ], [ 275993.245562024123501, 4175834.003768971189857 ], [ 273958.333978210110217, 4175889.481334981508553 ] ], [ [ 280440.498359294957481, 4179641.125919815152884 ], [ 279423.234880783827975, 4179668.282527148257941 ], [ 278565.473320394114126, 4178709.539599947165698 ], [ 279582.784015894168988, 4178682.284444940742105 ], [ 280440.498359294957481, 4179641.125919815152884 ] ], [ [ 277867.883778142160736, 4176764.948346578981727 ], [ 277010.697888275957666, 4175806.453430062625557 ], [ 278028.147917979047634, 4175779.028716404922307 ], [ 278885.286612093448639, 4176737.621977305505425 ], [ 277867.883778142160736, 4176764.948346578981727 ] ] ], [ [ [ 320596.963621808274183, 4175725.390483499504626 ], [ 321452.352752696780954, 4176688.157188327051699 ], [ 320435.081401646835729, 4176710.234830451663584 ], [ 321290.69328488537576, 4177673.020693294238299 ], [ 320273.466853194404393, 4177695.124341836199164 ], [ 321985.312154187646229, 4179620.853309655096382 ], [ 323002.445040448801592, 4179598.94900615606457 ], [ 322146.481165475794114, 4178635.925369117408991 ], [ 323163.659000448766164, 4178614.046971552539617 ], [ 322307.917879902524874, 4177651.04263496492058 ], [ 323325.140648666594643, 4177629.190164371859282 ], [ 321614.279877293738537, 4175703.338868772611022 ], [ 320596.963621808274183, 4175725.390483499504626 ] ] ], [ [ [ 277070.587806068942882, 4181695.21075446670875 ], [ 277929.066829517832957, 4182653.906483139842749 ], [ 278946.197615444310941, 4182626.542711694724858 ], [ 278087.765863548673224, 4181667.74831055290997 ], [ 277070.587806068942882, 4181695.21075446670875 ] ] ], [ [ [ 315721.844641916453838, 4180740.046857554931194 ], [ 314704.743722734740004, 4180762.856826363131404 ], [ 315561.48100615257863, 4181725.221007325686514 ], [ 316578.535057228116784, 4181702.510689886286855 ], [ 315721.844641916453838, 4180740.046857554931194 ] ] ], [ [ [ 312350.346723731723614, 4182779.403747517615557 ], [ 313207.623658130760305, 4183741.606547994539142 ], [ 314224.591487535857596, 4183718.592656594701111 ], [ 313367.36147194262594, 4182756.290157336741686 ], [ 312350.346723731723614, 4182779.403747517615557 ] ] ], [ [ [ 305213.081354901776649, 4195711.514394228346646 ], [ 304352.845016054052394, 4194749.6840432388708 ], [ 303336.357788847701158, 4194773.992056310176849 ], [ 302476.250355236115865, 4193812.38069758284837 ], [ 301459.713967303163372, 4193836.914852926973253 ], [ 303180.199264866183512, 4195760.056334547698498 ], [ 305213.081354901776649, 4195711.514394228346646 ] ] ], [ [ [ 305369.330268814985175, 4194725.502154034562409 ], [ 306229.519449256535154, 4195687.432651059702039 ], [ 307245.955590100027621, 4195663.477055605500937 ], [ 306385.813557344605215, 4194701.44638598151505 ], [ 305369.330268814985175, 4194725.502154034562409 ] ] ], [ [ [ 302163.755248782981653, 4195784.516537154093385 ], [ 303024.309206612640992, 4196746.165476754307747 ], [ 304040.706028239685111, 4196721.805417857132852 ], [ 303180.199264866183512, 4195760.056334547698498 ], [ 302163.755248782981653, 4195784.516537154093385 ] ] ], [ [ [ 317336.284748235484585, 4202309.293646422214806 ], [ 316475.098948879574891, 4201346.021928627975285 ], [ 313426.656243633304257, 4201414.944015693850815 ], [ 311704.529904583119787, 4199489.365890282206237 ], [ 310688.284294034878258, 4199512.793770154006779 ], [ 309827.438037723302841, 4198550.285186824388802 ], [ 308811.143363261886407, 4198573.939800303429365 ], [ 309672.036782871233299, 4199536.347901457920671 ], [ 308655.787360933609307, 4199560.028286838904023 ], [ 310378.19671536621172, 4201485.002821669913828 ], [ 312410.504950284899678, 4201438.170645447447896 ], [ 313271.879344488261268, 4202401.039237626828253 ], [ 316320.186164992570411, 4202332.040556246414781 ], [ 317181.595125293068122, 4203295.33198887296021 ], [ 319213.696200255537406, 4203250.166315105743706 ], [ 318352.381503229727969, 4202286.673057649284601 ], [ 317336.284748235484585, 4202309.293646422214806 ] ] ], [ [ [ 311239.66547056811396, 4202447.670010977424681 ], [ 310378.19671536621172, 4201485.002821669913828 ], [ 309362.039753520919476, 4201508.608373393304646 ], [ 310223.555705155129544, 4202471.174901211634278 ], [ 311239.66547056811396, 4202447.670010977424681 ] ] ], [ [ [ 342738.181494252989069, 4201781.668854976072907 ], [ 343598.368293487990741, 4202747.592373346909881 ], [ 344614.375769649224821, 4202728.230620032176375 ], [ 345474.691612010938115, 4203694.378523522056639 ], [ 346490.650673208059743, 4203675.244759111665189 ], [ 345630.381691387330648, 4202708.995153392665088 ], [ 346646.386068838881329, 4202689.885971271432936 ], [ 344066.77509072853718, 4199791.569022649899125 ], [ 342034.483712982502766, 4199830.523030564188957 ], [ 343754.235836712643504, 4201762.20550440903753 ], [ 342738.181494252989069, 4201781.668854976072907 ] ] ], [ [ [ 289747.4820280240383, 4203954.543352511711419 ], [ 288884.79634580318816, 4202993.966142694465816 ], [ 292949.39086660859175, 4202890.090142606757581 ], [ 292087.070939512050245, 4201929.230797925963998 ], [ 293103.261745292460546, 4201903.477560051716864 ], [ 293965.53429367474746, 4202864.437115401029587 ], [ 294981.675659710192122, 4202838.910471540875733 ], [ 293257.401411178521812, 4200916.909645170904696 ], [ 294273.635436790762469, 4200891.308932124637067 ], [ 293411.809833404608071, 4199930.386398419737816 ], [ 292395.528458110813517, 4199956.087220256216824 ], [ 291533.831622557598166, 4198995.383254998363554 ], [ 290517.500807063071989, 4199021.310383108444512 ], [ 291379.244999458256643, 4199981.914343296550214 ], [ 289346.671791496337391, 4200033.947504602372646 ], [ 290208.686858632951044, 4200994.469761595129967 ], [ 288176.19999250327237, 4201046.808182674460113 ], [ 289038.485989907989278, 4202007.24868205934763 ], [ 287006.08547873608768, 4202059.892442801035941 ], [ 287868.642461914976593, 4203020.251130103133619 ], [ 283804.005608364124782, 4203126.655117775313556 ], [ 284666.928582032211125, 4204086.731810750439763 ], [ 281618.570780598791316, 4204167.562131024897099 ], [ 283345.230211457004771, 4206087.469601379707456 ], [ 282329.201652809395455, 4206114.465810804627836 ], [ 284056.660769879585132, 4208034.645942180417478 ], [ 289136.306923096417449, 4207901.932561543770134 ], [ 288272.726868241094053, 4206941.281784972175956 ], [ 289288.697249211429153, 4206915.018358538858593 ], [ 287562.160508245695382, 4204993.872312922030687 ], [ 288578.223725450225174, 4204967.534804969094694 ], [ 287715.267022516694851, 4204007.03944237716496 ], [ 289747.4820280240383, 4203954.543352511711419 ] ] ], [ [ [ 294981.675659710192122, 4202838.910471540875733 ], [ 295844.076950045418926, 4203800.089172116480768 ], [ 296860.168904317077249, 4203774.789249694906175 ], [ 295997.814974828041159, 4202813.51020816527307 ], [ 294981.675659710192122, 4202838.910471540875733 ] ] ], [ [ [ 319213.696200255537406, 4203250.166315105743706 ], [ 320075.186914229183458, 4204213.780414740554988 ], [ 319059.184416064294055, 4204236.199074286036193 ], [ 319920.898278536624275, 4205199.833085669204593 ], [ 320936.853642126079649, 4205177.515507312491536 ], [ 322660.715127486502752, 4207105.349274988286197 ], [ 321644.854045477113687, 4207127.46445762552321 ], [ 322507.095943830616307, 4208091.462120311334729 ], [ 324538.722058624378406, 4208047.560863226652145 ], [ 322814.602829694049433, 4206119.281749767251313 ], [ 323830.507512497541029, 4206097.318178785033524 ], [ 322968.75901970139239, 4205133.259544206783175 ], [ 321952.807219147041906, 4205155.324327655136585 ], [ 320229.744021299411543, 4203227.77299733273685 ], [ 319213.696200255537406, 4203250.166315105743706 ] ] ], [ [ [ 329925.899088374455459, 4205968.191498356871307 ], [ 330787.541068076970987, 4206932.979888066649437 ], [ 331803.386622378253378, 4206912.002687739208341 ], [ 330941.791691696853377, 4205947.112820005975664 ], [ 329925.899088374455459, 4205968.191498356871307 ] ] ], [ [ [ 299295.443157821544446, 4207645.996052940376103 ], [ 300158.724958192207851, 4208607.771543224342167 ], [ 301174.580051541677676, 4208582.974488289095461 ], [ 300311.345630974043161, 4207621.098269354552031 ], [ 299295.443157821544446, 4207645.996052940376103 ] ] ], [ [ [ 331649.359018576215021, 4207897.890346922911704 ], [ 330787.541068076970987, 4206932.979888066649437 ], [ 329771.693828786723316, 4206954.083521274849772 ], [ 330633.558842984028161, 4207918.892451035790145 ], [ 328601.953427670174278, 4207961.276047931984067 ], [ 330326.399711292004213, 4209890.854064444079995 ], [ 326263.545277234108653, 4209976.326677677221596 ], [ 327126.220874808263034, 4210940.892476523295045 ], [ 332204.549091571301688, 4210834.876295565627515 ], [ 331342.10908451944124, 4209869.802218440920115 ], [ 332357.816783725516871, 4209848.876890622079372 ], [ 331495.599829046870582, 4208883.82352358661592 ], [ 333527.104379932279699, 4208842.14901611302048 ], [ 332665.157519545522518, 4207877.014702558517456 ], [ 331649.359018576215021, 4207897.890346922911704 ] ] ], [ [ [ 299142.867878391582053, 4208632.695137478411198 ], [ 300870.054551072535105, 4210556.404057367704809 ], [ 301885.816838342987467, 4210531.682100384496152 ], [ 300158.724958192207851, 4208607.771543224342167 ], [ 299142.867878391582053, 4208632.695137478411198 ] ] ], [ [ [ 303917.335527644725516, 4210482.61796070355922 ], [ 301885.816838342987467, 4210531.682100384496152 ], [ 302749.626912703271955, 4211493.817468498833477 ], [ 304781.050829855958, 4211444.955278806388378 ], [ 303917.335527644725516, 4210482.61796070355922 ] ] ], [ [ [ 274223.633753571193665, 4081854.695830267854035 ], [ 275060.321751502167899, 4082809.872597817797214 ], [ 276082.013313125586137, 4082782.921747938729823 ], [ 274408.905457863176707, 4080872.489394335076213 ], [ 271343.546997569559608, 4080954.269178100861609 ], [ 272180.150936578342225, 4081909.152451097033918 ], [ 274223.633753571193665, 4081854.695830267854035 ] ] ], [ [ [ 273016.930997323186602, 4082864.142990792635828 ], [ 272180.150936578342225, 4081909.152451097033918 ], [ 270136.657821528729983, 4081964.100578990299255 ], [ 270973.529992032330483, 4082918.904995494056493 ], [ 273016.930997323186602, 4082864.142990792635828 ] ] ], [ [ [ 272135.673085127316881, 4098531.400048618204892 ], [ 271295.428937538526952, 4097575.991755968425423 ], [ 270274.386189374665264, 4097603.632784609217197 ], [ 269434.271916159952525, 4096648.426744415424764 ], [ 266370.989436897623818, 4096732.371193654835224 ], [ 265530.912467902468052, 4095777.554449409246445 ], [ 264509.766814897535369, 4095805.87621904630214 ], [ 265349.89008462667698, 4096760.599324332550168 ], [ 263307.683523383748252, 4096817.425576440989971 ], [ 262467.467616958194412, 4095862.889670836739242 ], [ 261446.314049366366817, 4095891.581359513103962 ], [ 262286.576291777659208, 4096846.02370437188074 ], [ 261265.466411092173075, 4096874.745171245653182 ], [ 264628.462343487772159, 4100693.218092237599194 ], [ 265649.386804820969701, 4100664.871504860464483 ], [ 264808.419948783179279, 4099709.997515158262104 ], [ 267871.316772179387044, 4099625.416749798227102 ], [ 269553.148610043921508, 4101535.836508246604353 ], [ 270574.016415247577243, 4101508.077684156130999 ], [ 268892.277204951620661, 4099597.46998057467863 ], [ 270934.190375678415876, 4099541.946651775855571 ], [ 271774.879322673892602, 4100497.38417597161606 ], [ 272795.785805881663691, 4100469.901623935438693 ], [ 271114.676596715929918, 4098558.947185602970421 ], [ 272135.673085127316881, 4098531.400048618204892 ] ] ], [ [ [ 302157.961171840433963, 4106578.870094840414822 ], [ 302998.951034950790927, 4107537.459006896708161 ], [ 304019.431949462625198, 4107513.697566319722682 ], [ 303178.48811409890186, 4106555.013412557076663 ], [ 302157.961171840433963, 4106578.870094840414822 ] ] ], [ [ [ 304019.431949462625198, 4107513.697566319722682 ], [ 304860.551817943458445, 4108472.493402047082782 ], [ 305880.984550887602381, 4108448.950866055674851 ], [ 305039.910702328779735, 4107490.059687348548323 ], [ 304019.431949462625198, 4107513.697566319722682 ] ] ], [ [ [ 289861.945593615411781, 4112746.838218102231622 ], [ 290704.776187304756604, 4113704.476196522824466 ], [ 291725.018170717055909, 4113679.184106147382408 ], [ 290882.233817496802658, 4112721.45088692381978 ], [ 289861.945593615411781, 4112746.838218102231622 ] ] ], [ [ [ 298511.828872689337004, 4115471.334778934717178 ], [ 299354.910364728188142, 4116429.879907409660518 ], [ 300375.000275326427072, 4116405.61702781682834 ], [ 299531.964965864201076, 4115446.976275413297117 ], [ 298511.828872689337004, 4115471.334778934717178 ] ] ], [ [ [ 289821.482847392442636, 4118620.269016745500267 ], [ 290665.601353781996295, 4119578.098133072257042 ], [ 291685.577069898543414, 4119552.759386038873345 ], [ 290841.504880528606009, 4118594.834711549803615 ], [ 289821.482847392442636, 4118620.269016745500267 ] ] ], [ [ [ 286410.214678347867448, 4120664.114073684904724 ], [ 287254.917134568910114, 4121621.688488666433841 ], [ 288274.81161513295956, 4121595.921073541045189 ], [ 289119.643781504710205, 4122553.702698767185211 ], [ 291159.333109107392374, 4122502.731270344927907 ], [ 290314.593675961019471, 4121544.758263422176242 ], [ 291334.481278321822174, 4121519.362862603738904 ], [ 290489.964275404461659, 4120561.405984240118414 ], [ 286410.214678347867448, 4120664.114073684904724 ] ] ], [ [ [ 281310.475259632570669, 4120795.288854701910168 ], [ 282155.40978843648918, 4121752.385782768949866 ], [ 281135.501253237365745, 4121778.897306120488793 ], [ 281980.658343892660923, 4122736.009924829006195 ], [ 284020.380151785095222, 4122683.301916827447712 ], [ 284865.620454501360655, 4123640.716949024703354 ], [ 283845.807173611246981, 4123666.913332412019372 ], [ 284691.270025593810715, 4124624.344236531294882 ], [ 283671.500855810707435, 4124650.569054555147886 ], [ 284517.186272676917724, 4125608.015848290640861 ], [ 282477.733838801272213, 4125660.64645134145394 ], [ 283323.688323749869596, 4126618.013411466497928 ], [ 282304.005075025721453, 4126644.419206293765455 ], [ 283150.182170715765096, 4127601.802042733877897 ], [ 281110.901629504049197, 4127654.79464155016467 ], [ 282803.970243735646363, 4129569.512202177662402 ], [ 283823.518633164698258, 4129543.145503402221948 ], [ 285517.198621445568278, 4131458.502528832759708 ], [ 286536.651627136627212, 4131432.452133922372013 ], [ 285689.770106444950216, 4130474.621515437960625 ], [ 286709.267327011679299, 4130448.599330519791692 ], [ 284169.818917269585654, 4127575.492037663701922 ], [ 286209.085417148191482, 4127523.244601237121969 ], [ 285363.047793868754525, 4126565.574316627811641 ], [ 286382.724037241656333, 4126539.541010648477823 ], [ 285536.908980878710281, 4125581.886748749762774 ], [ 287576.347434806055389, 4125530.000938766170293 ], [ 286730.80136858986225, 4124572.26691064145416 ], [ 289790.081056838156655, 4124495.081652848981321 ], [ 288944.850326086510904, 4123537.172136798501015 ], [ 289964.652036106563173, 4123511.596099337562919 ], [ 289119.643781504710205, 4122553.702698767185211 ], [ 288099.795684571028687, 4122579.374462575186044 ], [ 287254.917134568910114, 4121621.688488666433841 ], [ 285215.121217914100271, 4121673.595353726297617 ], [ 284370.325966849806719, 4120716.212012415751815 ], [ 285390.271491226856597, 4120690.101049425080419 ], [ 284545.698742555454373, 4119732.733527155127376 ], [ 281485.715879540890455, 4119811.72465712716803 ], [ 282330.427862106880639, 4120768.805912059731781 ], [ 281310.475259632570669, 4120795.288854701910168 ] ] ], [ [ [ 313913.144258627668023, 4125883.56372933415696 ], [ 314757.885026647243649, 4126843.928326945751905 ], [ 315777.45450392755447, 4126821.466959328856319 ], [ 314932.759890524903312, 4125861.005751489195973 ], [ 313913.144258627668023, 4125883.56372933415696 ] ] ], [ [ [ 286536.651627136627212, 4131432.452133922372013 ], [ 287383.709248468687292, 4132390.395053072366863 ], [ 289422.515344076731708, 4132338.859519472811371 ], [ 288575.550748459296301, 4131380.724242520984262 ], [ 286536.651627136627212, 4131432.452133922372013 ] ] ], [ [ [ 324061.649038684787229, 4137415.498762412462384 ], [ 322023.520314901135862, 4137458.659311142750084 ], [ 322870.465363416704349, 4138420.207206464838237 ], [ 324908.501654720399529, 4138377.24161291308701 ], [ 324061.649038684787229, 4137415.498762412462384 ] ] ], [ [ [ 310922.761765714618377, 4191649.106586998794228 ], [ 311782.045949118677527, 4192611.480719907674938 ], [ 314831.72644377395045, 4192542.116547544952482 ], [ 313972.583379589021206, 4191579.441874190699309 ], [ 316005.788352967705578, 4191533.628797543235123 ], [ 315146.915339192550164, 4190570.873214942868799 ], [ 313113.616347561473958, 4190616.886630571447313 ], [ 312254.825350571307354, 4189654.450667466968298 ], [ 313271.522798964462709, 4189631.280889292247593 ], [ 312412.954846425098367, 4188668.864055931102484 ], [ 311396.210391475469805, 4188692.133835777174681 ], [ 310537.771473105589394, 4187729.935986538883299 ], [ 313588.140107530751266, 4187660.204579923767596 ], [ 312730.018196784134489, 4186697.82594241714105 ], [ 313746.850903246086091, 4186674.734012006316334 ], [ 314604.925847370061092, 4187637.21257675299421 ], [ 316638.491681386018172, 4187591.606253416743129 ], [ 314922.705618359730579, 4185666.368402740452439 ], [ 312888.951989839726593, 4185712.374440689571202 ], [ 312031.229110011830926, 4184750.133714080788195 ], [ 314065.076623958826531, 4184703.928050223737955 ], [ 313207.623658130760305, 4183741.606547994539142 ], [ 312190.653921264514793, 4183764.746222792193294 ], [ 310476.182231569080614, 4181840.658442456275225 ], [ 309459.11670025222702, 4181864.123117274139076 ], [ 306888.588693710276857, 4178979.176781512331218 ], [ 308922.999356884218287, 4178931.776597083546221 ], [ 309779.572137382463552, 4179893.506073251366615 ], [ 308762.414705678238533, 4179917.043974675703794 ], [ 309619.210446754703298, 4180878.792118563782424 ], [ 310636.320960550103337, 4180855.353658350650221 ], [ 311493.245823599922005, 4181817.319500394631177 ], [ 313527.367231260519475, 4181771.018804031889886 ], [ 314384.374312321539037, 4182733.302321309223771 ], [ 316418.394311008742079, 4182687.703901373315603 ], [ 315561.48100615257863, 4181725.221007325686514 ], [ 314544.425067620410118, 4181748.057044515851885 ], [ 313687.640905386186205, 4180785.792488254141062 ], [ 314704.743722734740004, 4180762.856826363131404 ], [ 313848.182463626319077, 4179800.611210200469941 ], [ 314865.330246981990058, 4179777.701667014975101 ], [ 312296.843213061743882, 4176891.376464817672968 ], [ 313314.129634783603251, 4176868.29424396250397 ], [ 312458.366187738138251, 4175906.322846503462642 ], [ 313475.697516224696301, 4175883.266886888537556 ], [ 312620.156923079222906, 4174921.314225120935589 ], [ 313637.533143355452921, 4174898.284547688439488 ], [ 312782.215388410259038, 4173936.350600973237306 ], [ 313799.636485507828183, 4173913.34722663834691 ], [ 312944.541553068440408, 4172951.431974375154823 ], [ 313962.007512021344155, 4172928.454924027435482 ], [ 314817.055661314574536, 4173890.469345890916884 ], [ 315834.472926287504379, 4173867.716956149786711 ], [ 314979.471549373294692, 4172905.603338030166924 ], [ 315996.933675592765212, 4172882.877213805448264 ], [ 317707.018919186783023, 4174807.421040433458984 ], [ 318724.385639059124514, 4174785.018951427657157 ], [ 317014.393901148985606, 4172860.276548787485808 ], [ 318031.852236511651427, 4172837.801340430043638 ], [ 315468.324923432897776, 4169951.275553128216416 ], [ 318521.109090403304435, 4169883.710057321935892 ], [ 319375.30206127173733, 4170846.064713171683252 ], [ 320392.846323242760263, 4170823.892770325765014 ], [ 318684.7297532853554, 4168899.103168267756701 ], [ 319702.36550140514737, 4168876.858333738520741 ], [ 317995.046276625071187, 4166952.342228278983384 ], [ 319012.773462697514333, 4166930.024699457455426 ], [ 318159.42450566298794, 4165967.844296467024833 ], [ 319177.196448001253884, 4165945.553120176307857 ], [ 318324.07012919121189, 4164983.391447731759399 ], [ 320359.701615017198492, 4164938.987061908934265 ], [ 321212.734699097461998, 4165901.346513800323009 ], [ 322230.501028958009556, 4165879.431078721769154 ], [ 323937.001958590466529, 4167804.701649125665426 ], [ 322919.328843094408512, 4167826.418994684703648 ], [ 324626.626935217995197, 4169751.963892647530884 ], [ 323609.045232624688651, 4169773.60819347621873 ], [ 324463.004883666173555, 4170736.45888068433851 ], [ 325480.539954384265002, 4170714.913866375107318 ], [ 327188.893923900439404, 4172641.169601133093238 ], [ 326171.452129031473305, 4172662.515811968129128 ], [ 327025.939717322413344, 4173625.722351489122957 ], [ 326008.542781173659023, 4173647.09450643742457 ], [ 326863.253001204109751, 4174610.320391921326518 ], [ 325845.900938641279936, 4174631.718470081221312 ], [ 327555.942648701020516, 4176558.328030302189291 ], [ 325521.41989198862575, 4176601.102205077186227 ], [ 326376.798101597232744, 4177564.386254441924393 ], [ 325359.580749093671329, 4177585.861976552288979 ], [ 326215.181653342908248, 4178549.165455997455865 ], [ 324180.835019812220708, 4178592.294188476167619 ], [ 325036.705377254926134, 4179555.517327820882201 ], [ 324019.576111338101327, 4179577.170346362516284 ], [ 325731.938292100094259, 4181503.774804380256683 ], [ 324714.90076154191047, 4181525.353757461067289 ], [ 325571.392601619765628, 4182488.735168850980699 ], [ 326588.383355890982784, 4182467.25618478609249 ], [ 327445.004397872136906, 4183430.857197809033096 ], [ 325411.114677168778144, 4183473.740824406500906 ], [ 327982.314404950651806, 4186364.662025850731879 ], [ 326965.507304153288715, 4186385.992026800755411 ], [ 327822.972650413983501, 4187349.772075825370848 ], [ 326806.210616270080209, 4187371.127638105303049 ], [ 328521.762900657951832, 4189298.847543901763856 ], [ 326488.420939455216285, 4189341.534864705055952 ], [ 327346.554756468045525, 4190305.374362135306001 ], [ 326329.92801184381824, 4190326.80648054741323 ], [ 323755.913902450352907, 4187435.94952616142109 ], [ 324772.681252595910337, 4187414.216360849794 ], [ 323915.075388906989247, 4186450.737055572681129 ], [ 325948.698441424930934, 4186407.447863792069256 ], [ 325091.362248931080103, 4185443.888009423390031 ], [ 326108.217936114640906, 4185422.331974997650832 ], [ 324394.167147042579018, 4183495.371266349218786 ], [ 323377.21782326605171, 4183517.127463963348418 ], [ 322520.409596176934429, 4182553.926474925130606 ], [ 321503.411645615240559, 4182575.908369733951986 ], [ 322360.26669549185317, 4183539.009419700596482 ], [ 320326.358986543840729, 4183583.150615406688303 ], [ 321183.483717525261454, 4184546.171108847483993 ], [ 319149.662396460655145, 4184590.61552152549848 ], [ 320007.056864219775889, 4185553.55540558649227 ], [ 318990.190325235598721, 4185575.866346907801926 ], [ 319847.807686783373356, 4186538.825578821823001 ], [ 318830.986201692547183, 4186561.162336505483836 ], [ 319688.826472737768199, 4187524.140937554650009 ], [ 318672.050056509440765, 4187546.503490346018225 ], [ 320388.352457966015209, 4189472.619073590729386 ], [ 319371.668057570816018, 4189494.907211781013757 ], [ 321088.768358978210017, 4191421.301184390671551 ], [ 319055.58186429052148, 4191465.854228900745511 ], [ 319914.489942620974034, 4192429.03033641166985 ], [ 320931.037135739577934, 4192406.791182659100741 ], [ 321790.074253819533624, 4193370.187700398266315 ], [ 320773.57403011166025, 4193392.326409811619669 ], [ 321632.83412375766784, 4194355.742598782293499 ], [ 319599.92221087065991, 4194400.197215369902551 ], [ 320459.452294512768276, 4195363.532551505602896 ], [ 319443.040620672749355, 4195385.848466431722045 ], [ 321162.722840642149094, 4197312.678799297660589 ], [ 322179.040483672171831, 4197290.564154841005802 ], [ 323039.098583125974983, 4198254.260722170583904 ], [ 328120.42520899430383, 4198146.084082211367786 ], [ 328980.424336563155521, 4199110.40590769611299 ], [ 326947.992898777476512, 4199153.096109145320952 ], [ 328668.70701542054303, 4201081.699394289404154 ], [ 327652.582695640448947, 4201103.031758447177708 ], [ 329374.094739170977846, 4203031.918262919411063 ], [ 328358.062730966135859, 4203053.174584965221584 ], [ 330080.37273075140547, 4204982.344947860576212 ], [ 331096.310683135176077, 4204961.291246195323765 ], [ 330235.114725201798137, 4203996.543869153596461 ], [ 331251.09801167412661, 4203975.515165972523391 ], [ 330390.125041009567212, 4203010.788261619396508 ], [ 331406.15364660724299, 4202989.784578694961965 ], [ 329684.829618117131758, 4201060.493294822983444 ], [ 330700.95051387778949, 4201039.413457665592432 ], [ 329840.599439251527656, 4200074.848982607014477 ], [ 331872.930082769016735, 4200032.865768254734576 ], [ 331012.848903751524631, 4199068.220531279221177 ], [ 332029.058636301429942, 4199047.317146530374885 ], [ 330309.51806094852509, 4197118.188726779073477 ], [ 331325.819965114758816, 4197097.209477921947837 ], [ 332185.455342762579676, 4198061.814014692790806 ], [ 333201.708632317313459, 4198041.061928598210216 ], [ 332342.120171480346471, 4197076.356372161768377 ], [ 333358.418690242571756, 4197055.629407156258821 ], [ 332499.053091771900654, 4196090.944218368269503 ], [ 333515.396824821305927, 4196070.242396026849747 ], [ 332656.254072977171745, 4195105.57755275350064 ], [ 330623.471133788698353, 4195147.309118367731571 ], [ 328905.525962801475544, 4193218.746007262729108 ], [ 331954.979120594274718, 4193155.732972984202206 ], [ 331096.411117110576015, 4192191.330539033282548 ], [ 332112.938945735164452, 4192170.477510774508119 ], [ 331254.593755309237167, 4191206.09523290488869 ], [ 332271.166724069509655, 4191185.267513186205178 ], [ 333129.465075450949371, 4192149.750479577574879 ], [ 334145.989516510395333, 4192129.149443110451102 ], [ 333287.737993719463702, 4191164.565761322621256 ], [ 334304.30757452303078, 4191143.989974988158792 ], [ 333446.278819626837503, 4190179.426528616342694 ], [ 334462.893525280640461, 4190158.876013825647533 ], [ 337895.87699084635824, 4194018.259497988969088 ], [ 338912.302819904813077, 4193998.238256758078933 ], [ 344066.77509072853718, 4199791.569022649899125 ], [ 345082.91842714586528, 4199772.281321726739407 ], [ 342505.031099460320547, 4196874.762676651589572 ], [ 343521.313303055241704, 4196855.296993499621749 ], [ 342662.416154419188388, 4195889.600635590963066 ], [ 343678.743570693070069, 4195870.159803166054189 ], [ 342820.069121416308917, 4194904.484298249706626 ], [ 343836.441735512693413, 4194885.068338113836944 ], [ 344695.069411449600011, 4195850.845057490281761 ], [ 345711.393686904688366, 4195831.656396391801536 ], [ 343994.407766908174381, 4193900.022597489878535 ], [ 345010.823988293996081, 4193880.757559563498944 ], [ 343294.635188486659899, 4191949.409500356763601 ], [ 344311.143307007674593, 4191930.068286166060716 ], [ 342595.751598697854206, 4189999.005328982137144 ], [ 343612.351565581571776, 4189979.588138855062425 ], [ 342754.966286290320568, 4189014.13816677685827 ], [ 343771.611362064024433, 4188994.746006889268756 ], [ 342914.448686548159458, 4188029.316681374330074 ], [ 343931.138856389326975, 4188009.949573090765625 ], [ 343074.198768884292804, 4187044.540872058365494 ], [ 344090.934017977211624, 4187025.198836714029312 ], [ 343234.216502726310864, 4186059.810738109983504 ], [ 344250.996816253464203, 4186040.493797015864402 ], [ 342538.182807772071101, 4184109.879923301748931 ], [ 341521.309205715078861, 4184129.398096245247871 ], [ 342377.674897509510629, 4185094.5438745575957 ], [ 341360.846330370870419, 4185114.087242632638663 ], [ 342217.434592420118861, 4186079.253478540107608 ], [ 340183.865940182469785, 4186118.516366174444556 ], [ 339327.184333266573958, 4185153.551304638851434 ], [ 337293.515783485374413, 4185193.518482619896531 ], [ 338150.29077693191357, 4186158.282477592583746 ], [ 337133.500727868988179, 4186178.354247804731131 ], [ 335420.033262480166741, 4184249.147864589001983 ], [ 336436.916725098795723, 4184228.875185966491699 ], [ 335580.493605033901986, 4183264.352438144385815 ], [ 333546.631588931428269, 4183305.224203772842884 ], [ 335259.840598345326725, 4185233.988794566132128 ], [ 334243.000491676386446, 4185254.412631460931152 ], [ 332529.698035344947129, 4183325.848686826881021 ], [ 329478.887068183685187, 4183388.476564858108759 ], [ 328622.359555285423994, 4182424.675379063002765 ], [ 329639.345021139830351, 4182403.573552609886974 ], [ 327926.911393238347955, 4180476.130371312145144 ], [ 328943.98858087870758, 4180454.954183924477547 ], [ 329800.070680519042071, 4181418.715916057582945 ], [ 331834.12637968902709, 4181376.940592813771218 ], [ 332690.291007690131664, 4182341.022350405342877 ], [ 333707.269567423732951, 4182320.423367564100772 ], [ 331995.209668455645442, 4180392.179562678094953 ], [ 333012.279907158284914, 4180371.505994710605592 ], [ 333868.175192844006233, 4181335.667991679161787 ], [ 334885.197043112013489, 4181315.220206083264202 ], [ 334029.34843459998956, 4180350.958075741305947 ], [ 335046.415261168265715, 4180330.535803453996778 ], [ 334190.789262092439458, 4179366.293619391042739 ], [ 335207.90105011430569, 4179345.896881518885493 ], [ 333497.270184327149764, 4177417.572249000892043 ], [ 334514.473551946692169, 4177397.101084045600146 ], [ 333659.468668476853054, 4176433.018542582634836 ], [ 334676.716953140508849, 4176412.573004376608878 ], [ 335531.675218358985148, 4177376.755478203296661 ], [ 336548.875193984131329, 4177356.535429180134088 ], [ 335693.963536496739835, 4176392.252996094990522 ], [ 336711.20842898148112, 4176372.058515447191894 ], [ 335002.006115198135376, 4174443.653219430241734 ], [ 336019.342487973743118, 4174423.384469226002693 ], [ 336873.809097752673551, 4175387.627101939637214 ], [ 337891.09721177443862, 4175367.583706839475781 ], [ 338745.69318308448419, 4176332.046127962414175 ], [ 337728.451641033170745, 4176351.989560157991946 ], [ 338583.270114582497627, 4177316.471992489416152 ], [ 339600.465080405003391, 4177296.628600307740271 ], [ 341310.536639927711803, 4179226.154293899890035 ], [ 339276.331400315044448, 4179265.56605919264257 ], [ 340987.293010263238102, 4181195.172557898797095 ], [ 339970.281146509223618, 4181214.866336114704609 ], [ 340826.072448932507541, 4182179.750101463869214 ], [ 342860.001321526418906, 4182140.688976369332522 ], [ 343715.875307543028612, 4183105.894381534308195 ], [ 345749.704557055840269, 4183067.537029652390629 ], [ 344038.318874547956511, 4181136.84517475636676 ], [ 345055.32428826141404, 4181117.654023577924818 ], [ 344199.941875524236821, 4180152.389078669715673 ], [ 345216.992264908971265, 4180133.22314901323989 ], [ 344361.832314092840534, 4179167.978653264697641 ], [ 345378.927664371323772, 4179148.837966246064752 ], [ 342814.642860072199255, 4176253.527585380245 ], [ 343831.876208707457408, 4176234.211735220160335 ], [ 342123.325579225667752, 4174304.406743582338095 ], [ 344157.973471973964479, 4174265.751172149088234 ], [ 342450.312459675013088, 4172336.026956491637975 ], [ 343467.726944710826501, 4172316.687377337832004 ], [ 342614.206771663622931, 4171351.905468065291643 ], [ 343631.666099443391431, 4171332.591386958956718 ], [ 341072.300398546154611, 4168438.665386231150478 ], [ 343107.492828533810098, 4168399.814617679920048 ], [ 345666.579912297369447, 4171294.339321097359061 ], [ 346684.034418366849422, 4171275.401332025881857 ], [ 345830.875915532466024, 4170310.339904707856476 ], [ 348883.369170125341043, 4170253.978221371769905 ], [ 349736.388461127178743, 4171219.339514646213502 ], [ 348718.938682281353977, 4171237.901430915575475 ], [ 350425.597694322001189, 4173168.7853630958125 ], [ 351442.954672913474496, 4173150.423642799723893 ], [ 352296.501586772792507, 4174116.146775185130537 ], [ 350261.87890906148823, 4174152.79522507917136 ], [ 351115.694523055455647, 4175118.43871355894953 ], [ 350098.427304567536339, 4175136.850858878809959 ], [ 350952.465227693901397, 4176102.514938841108233 ], [ 348918.019050251925364, 4176139.515088631305844 ], [ 349772.325759844970889, 4177105.099444804247469 ], [ 348755.146815542073455, 4177123.687457414809614 ], [ 349609.675880610593595, 4178089.292398392222822 ], [ 351643.939282076549716, 4178052.442700838204473 ], [ 350789.503159366431646, 4177086.636958393733948 ], [ 352823.853365788585506, 4177050.088555867783725 ], [ 351969.686009794590063, 4176084.203107442706823 ], [ 352986.905268071801402, 4176066.016768952365965 ], [ 352132.960207368654665, 4175100.15203406335786 ], [ 354167.487015298334882, 4175063.955064314417541 ], [ 353313.810634983645286, 4174098.010703197214752 ], [ 356365.728742644423619, 4174044.35507456632331 ], [ 354659.181814990355633, 4172112.227628841530532 ], [ 353641.78454851906281, 4172130.187976201064885 ], [ 352788.7285112173995, 4171164.40587789285928 ], [ 353806.172134102322161, 4171146.345362773630768 ], [ 352953.338313212501816, 4170180.583869403693825 ], [ 356005.799141177383717, 4170126.85395231610164 ], [ 354300.937040639051702, 4168195.092513563111424 ], [ 353283.358975223382004, 4168213.077283937018365 ], [ 352431.145401438116096, 4167247.477416677866131 ], [ 354466.392624588275794, 4167211.433225024491549 ], [ 356170.810415668413043, 4169143.153411941137165 ], [ 357188.339175864239223, 4169125.519227104727179 ], [ 355484.013962740253191, 4167193.598973140120506 ], [ 356501.633799340925179, 4167175.889947858639061 ], [ 354798.104532507248223, 4165244.252135351765901 ], [ 355815.815396707737818, 4165226.468467213213444 ], [ 354964.360795615008101, 4164260.730332789942622 ], [ 352928.84503987187054, 4164296.622448856011033 ], [ 354632.115132023754995, 4166227.819765859749168 ], [ 351579.107692744233645, 4166281.997882037889212 ], [ 350727.245852601365186, 4165316.638531762175262 ], [ 351744.962827181443572, 4165298.354170007165521 ], [ 350893.323153279197868, 4164333.015146060846746 ], [ 348857.795051190420054, 4164369.908440850209445 ], [ 349709.527324000548106, 4165335.048072049859911 ], [ 348691.807230815174989, 4165353.582792947534472 ], [ 346988.425939105334692, 4163423.622576637193561 ], [ 345970.611623953620438, 4163442.48166089085862 ], [ 345119.138490765588358, 4162477.780481786467135 ], [ 346136.999122840352356, 4162458.821922446601093 ], [ 345285.748197448556311, 4161494.140707310289145 ], [ 346303.653525075118523, 4161475.207824268378317 ], [ 343751.095008080243133, 4158581.581522906199098 ], [ 345787.178521215100773, 4158543.495097848121077 ], [ 344936.770015983958729, 4157578.992728325072676 ], [ 345954.855595539789647, 4157560.037798091303557 ], [ 343404.824195634922944, 4154666.946557896677405 ], [ 344423.046861628186889, 4154647.819365774746984 ], [ 343573.434417015465442, 4153683.594031484331936 ], [ 342555.165525162825361, 4153702.820143800694495 ], [ 340007.244947900995612, 4150811.150846417061985 ], [ 338988.83571303030476, 4150830.798029708210379 ], [ 339838.012887077347841, 4151794.470953917130828 ], [ 338819.648185327299871, 4151814.144271676894277 ], [ 337121.377289672615007, 4149887.113527082838118 ], [ 338139.834456334472634, 4149867.243011775426567 ], [ 337291.00912017171504, 4148903.805754026398063 ], [ 338309.510790386935696, 4148883.961472038179636 ], [ 337460.907589392503724, 4147920.54339362680912 ], [ 339497.998195663909428, 4147881.032022923696786 ], [ 338649.663300134299789, 4146917.534691188018769 ], [ 339668.252221598057076, 4146897.867593511939049 ], [ 338820.139414965815376, 4145934.389450042042881 ], [ 339838.772796016186476, 4145914.748617119621485 ], [ 338990.882062532589771, 4144951.289641735609621 ], [ 340009.559888493735343, 4144931.675093710888177 ], [ 337467.081607769825496, 4142041.707495464943349 ], [ 338485.896113607275765, 4142021.922897974494845 ], [ 336791.882426531403325, 4140095.667287013493478 ], [ 337810.787422246183269, 4140075.811099112033844 ], [ 336117.56962370837573, 4138149.827041666489094 ], [ 337136.565060985507444, 4138129.899457630701363 ], [ 337983.039914075052366, 4139092.930990454275161 ], [ 339001.987533884006552, 4139073.225723456591368 ], [ 338155.558755095233209, 4138110.09627495566383 ], [ 339174.550716917961836, 4138090.417491393629462 ], [ 340867.492057392839342, 4140016.989270984660834 ], [ 338829.69068539259024, 4140056.079368630889803 ], [ 340523.519970149791334, 4141982.727241223212332 ], [ 339504.708897455013357, 4142002.262813970446587 ], [ 340351.933505967026576, 4142965.664405772462487 ], [ 342389.461758929537609, 4142926.914182314649224 ], [ 341542.329342519748025, 4141963.316177515313029 ], [ 343579.94302963023074, 4141924.867568427231163 ], [ 344426.98329658905277, 4142888.662094049155712 ], [ 343408.223361759854015, 4142907.725872372277081 ], [ 344255.485595403588377, 4143871.539702613838017 ], [ 343236.77007678616792, 4143890.629689452704042 ], [ 344931.914403930713888, 4145818.413793132640421 ], [ 345950.537741572130471, 4145799.520681174006313 ], [ 345102.923723091662396, 4144835.471256970893592 ], [ 347140.257654117653146, 4144797.861836539581418 ], [ 346292.911671354726423, 4143833.73340257583186 ], [ 347311.62225031235721, 4143815.017085088882595 ], [ 346464.498205527546816, 4142850.908123624511063 ], [ 347483.253201287938282, 4142832.217927241697907 ], [ 348330.331204346031882, 4143796.425319790840149 ], [ 349349.038544263457879, 4143777.95810457225889 ], [ 350196.246389115345664, 4144742.382060558069497 ], [ 351214.906100920517929, 4144724.137954741716385 ], [ 350367.744280886370689, 4143759.615437339060009 ], [ 353423.851979133789428, 4143705.334702825173736 ], [ 352577.004026027047075, 4142740.634749264456332 ], [ 351558.257045533391647, 4142758.702351281885058 ], [ 350711.538967018947005, 4141794.219152322504669 ], [ 351730.331932084285654, 4141776.053060249891132 ], [ 350883.835700680618174, 4140811.589489982929081 ], [ 351902.673054339829832, 4140793.449442621320486 ], [ 351056.398654271615669, 4139829.005480736028403 ], [ 352075.28038195555564, 4139810.891498106531799 ], [ 351229.227797459519934, 4138846.467124336864799 ], [ 352248.153884605679195, 4138828.379226430784911 ], [ 353094.160529078741092, 4139792.901942835189402 ], [ 354113.039106505108066, 4139775.036812883801758 ], [ 351575.68453129864065, 4136881.527369119692594 ], [ 353613.712476421729662, 4136845.580371952150017 ], [ 352768.371139479801059, 4135881.116445791907609 ], [ 354806.484568732907064, 4135845.470328353345394 ], [ 355651.734146496746689, 4136810.130726710893214 ], [ 356670.742655632318929, 4136792.592406023759395 ], [ 359207.408828334184363, 4139687.577472449745983 ], [ 360226.278215687430929, 4139670.458852334413677 ], [ 359380.592856065137312, 4138705.246978703420609 ], [ 360399.506605545175262, 4138688.154210448265076 ], [ 359554.042926779715344, 4137722.962297320831567 ], [ 360573.001023883000016, 4137705.895400898531079 ], [ 358037.80246928636916, 4134810.734251159708947 ], [ 357018.706875760282855, 4134828.096222000662237 ], [ 357863.643058422894683, 4135792.933448603376746 ], [ 356844.59176787501201, 4135810.321438330691308 ], [ 355999.609746891190298, 4134845.582466600462794 ], [ 354980.511071755317971, 4134863.192986941896379 ], [ 353290.982878105773125, 4132934.264711540192366 ], [ 354310.173238086514175, 4132916.457963866181672 ], [ 353465.718757058435585, 4131952.072142690420151 ], [ 355504.186425953055732, 4131916.63522938452661 ], [ 354659.999430008989293, 4130952.170906480867416 ], [ 353640.720568551158067, 4130969.925244770478457 ], [ 352796.663614571443759, 4130005.676257780287415 ], [ 353815.988282298087142, 4129987.824017580598593 ], [ 352128.493545033328701, 4128059.481963052414358 ], [ 354167.321295434725471, 4128023.758574625477195 ], [ 353323.929267757688649, 4127059.567690167110413 ], [ 350265.547901049721986, 4127113.63199901022017 ], [ 351109.07727749820333, 4128077.529779386240989 ], [ 350089.659400413860567, 4128095.701679863967001 ], [ 351777.337358568562195, 4130023.652636249084026 ], [ 350758.009503318462521, 4130041.753155030310154 ], [ 352446.482561071403325, 4131969.97689001634717 ], [ 351427.244776123552583, 4131988.005833830684423 ], [ 352271.790939773782156, 4132952.195682779885828 ], [ 351252.597412146162242, 4132970.250879618339241 ], [ 350408.005391266662627, 4132006.158976183272898 ], [ 349388.764395548147149, 4132024.436319136526436 ], [ 351078.216040070110466, 4133952.54155693622306 ], [ 350059.065183750470169, 4133970.747243765275925 ], [ 349214.205545253586024, 4133006.733958317432553 ], [ 348195.007184113608673, 4133025.16184432245791 ], [ 350730.251392855832819, 4135917.259806836023927 ], [ 348692.125241618370637, 4135953.900427902583033 ], [ 349537.65022396389395, 4136917.971734538208693 ], [ 348518.630657234694809, 4136936.380435503553599 ], [ 349364.377452392363921, 4137900.471122572664171 ], [ 347326.425354412000161, 4137937.465325892437249 ], [ 348172.439945703721605, 4138901.477228110190481 ], [ 347153.507428771816194, 4138920.062739654444158 ], [ 345461.562174066901207, 4136992.352636550087482 ], [ 346480.586643178714439, 4136973.570884399116039 ], [ 345634.923815273446962, 4136009.793758506886661 ], [ 347673.059737007366493, 4135972.407216135878116 ], [ 345982.445534458442125, 4134044.812600326258689 ], [ 347001.602902235346846, 4134026.109865607693791 ], [ 345311.784085066756234, 4132098.787738698069006 ], [ 346331.031633722712286, 4132080.013572435360402 ], [ 345486.431960407178849, 4131116.430076027754694 ], [ 346505.72375004994683, 4131097.682357282843441 ], [ 343973.117721718270332, 4128207.338966459035873 ], [ 344992.545486966148019, 4128188.422517229802907 ], [ 345836.525736549461726, 4129151.851289028767496 ], [ 346855.90596447099233, 4129133.156524512451142 ], [ 343481.223726384108886, 4125279.749781472608447 ], [ 345520.34594827669207, 4125241.952496636193246 ], [ 344677.20677168853581, 4124278.696803194470704 ], [ 346716.413910579052754, 4124241.200796886347234 ], [ 345873.542229303449858, 4123277.866616757120937 ], [ 342814.591571214376017, 4123334.588469768408686 ], [ 341971.758357928192709, 4122371.662062352988869 ], [ 342991.45608548267046, 4122352.533635558094829 ], [ 342148.844582200283185, 4121389.625874129589647 ], [ 343168.58640374825336, 4121370.524236656725407 ], [ 341483.982682175119407, 4119444.861589771695435 ], [ 339444.314120494993404, 4119483.57681566523388 ], [ 341129.101042968570255, 4121408.851413105614483 ], [ 340109.355774983065203, 4121428.200855772476643 ], [ 339266.828543026931584, 4120465.602831009309739 ], [ 338247.035705963673536, 4120485.17316235974431 ], [ 337404.638557307422161, 4119522.787440920714289 ], [ 336384.798122426785994, 4119542.578533881809562 ], [ 338069.860008490213659, 4121467.271461004391313 ], [ 337050.109487849578727, 4121486.992628018837422 ], [ 337892.95015753689222, 4122449.415097848977894 ], [ 335853.535528458072804, 4122489.035243610851467 ], [ 335010.60311644669855, 4121526.806702066678554 ], [ 336030.357194188633002, 4121506.837707619648427 ], [ 335187.646580192493275, 4120544.627452605869621 ], [ 334167.846629820764065, 4120564.693322274833918 ], [ 333325.266071586403996, 4119602.694961186964065 ], [ 335364.955903904396109, 4119562.493483398109674 ], [ 333680.506014067097567, 4117638.45444532809779 ], [ 334700.439914674730971, 4117618.346015010494739 ], [ 333858.524697716755327, 4116656.402051483746618 ], [ 334878.502617200429086, 4116636.32076976634562 ], [ 334036.809149198466912, 4115674.394901043735445 ], [ 335056.831072962842882, 4115654.340787244960666 ], [ 333374.063530161511153, 4113730.639741091057658 ], [ 332353.949999218108132, 4113750.88684051297605 ], [ 330671.794583689421415, 4111827.836066886782646 ], [ 331691.999706293630879, 4111807.396282753907144 ], [ 330851.231696341885254, 4110845.94579352485016 ], [ 331871.480749397422187, 4110825.533390095457435 ], [ 329350.369676799047738, 4107941.576860163360834 ], [ 331391.136778589221649, 4107900.545996270608157 ], [ 330551.209798671945464, 4106939.262590111233294 ], [ 331571.636286395136267, 4106918.836407069116831 ], [ 329892.401595768984407, 4104996.418492004740983 ], [ 328871.883657886413857, 4105017.036523128394037 ], [ 328032.484502784907818, 4104056.093579503241926 ], [ 331094.169810775842052, 4103994.32228877954185 ], [ 330255.083716757304501, 4103033.205259579699486 ], [ 333316.889216858427972, 4102972.257114427629858 ], [ 332478.116064871195704, 4102010.966066614259034 ], [ 333498.759836204117164, 4101990.800948251970112 ], [ 334337.487342473119497, 4102952.187818751204759 ], [ 335358.083633004687726, 4102932.241895595099777 ], [ 334519.401761464774609, 4101970.759175563696772 ], [ 335540.041851940914057, 4101950.840746258385479 ], [ 336378.678099723823834, 4102912.419342682696879 ], [ 337399.270753908436745, 4102892.720157749485224 ], [ 338238.03730084176641, 4103854.508470400702208 ], [ 339258.582548024365678, 4103835.028656311333179 ], [ 340936.552142431843095, 4105759.139521715696901 ], [ 341957.004409108776599, 4105739.97538713272661 ], [ 341117.977263617387507, 4104777.766686834394932 ], [ 342138.473376112058759, 4104758.629785282537341 ], [ 340461.037954022176564, 4102834.36278839642182 ], [ 341481.62347083829809, 4102815.15705302124843 ], [ 340643.215177597128786, 4101853.098671341780573 ], [ 341663.844496399979107, 4101833.920255047269166 ], [ 344179.460375476046465, 4104720.726218785624951 ], [ 347240.927979319822043, 4104664.796428206842393 ], [ 345563.948089405195788, 4102739.567658497486264 ], [ 346584.524938271846622, 4102720.978685819078237 ], [ 345746.344326815102249, 4101758.439845688641071 ], [ 344725.721963346994016, 4101777.124963981099427 ], [ 342212.098898146068677, 4098890.481942765880376 ], [ 343232.857781458587851, 4098871.508837545756251 ], [ 344908.339594780351035, 4100796.015351928770542 ], [ 345929.00574736634735, 4100777.357455186080188 ], [ 345091.222393603355158, 4099814.951143679209054 ], [ 347132.640538380946964, 4099777.813092012889683 ], [ 347970.332933311350644, 4100740.411529651843011 ], [ 348990.993989281821996, 4100722.123496638610959 ], [ 349828.816787539981306, 4101684.932542675640434 ], [ 350849.430710902903229, 4101666.863998965825886 ], [ 350011.653368985862471, 4100703.958747336175293 ], [ 352052.967144822934642, 4100667.999091580044478 ], [ 351215.45653738983674, 4099705.016077599488199 ], [ 350194.755045667639934, 4099723.03045031381771 ], [ 347683.142113325477112, 4096835.056476006750017 ], [ 348703.979872576077469, 4096816.75399931287393 ], [ 347867.172714076586999, 4095854.228489743545651 ], [ 346846.289540384779684, 4095872.626851254608482 ], [ 346009.612841595080681, 4094910.311174535658211 ], [ 348051.468302417080849, 4094873.445947010535747 ], [ 348888.054191217524931, 4095835.953270635567605 ], [ 349908.933983164781239, 4095817.801191842649132 ], [ 350745.650345376459882, 4096780.518552072811872 ], [ 351766.483081628684886, 4096762.585577382706106 ], [ 349256.997717902006116, 4093874.488200563937426 ], [ 348236.028848184389062, 4093892.70884821517393 ], [ 346563.827186813927256, 4091968.072066925000399 ], [ 347584.886792065459304, 4091949.660011451691389 ], [ 345078.039441092289053, 4089063.270004229620099 ], [ 346099.233381056401413, 4089044.694344714749604 ], [ 345264.014692191791255, 4088082.695659087970853 ], [ 346285.25223288720008, 4088064.147522939834744 ], [ 342946.317571812542155, 4084216.902402789331973 ], [ 341924.898758349008858, 4084235.831479780375957 ], [ 341090.559495515655726, 4083274.3973757061176 ], [ 342112.023617413477041, 4083255.373249794356525 ], [ 340443.963382853311487, 4081332.652517647016793 ], [ 337379.293744145252276, 4081390.662709833588451 ], [ 338213.37184997741133, 4082351.682240641675889 ], [ 337191.856976437033154, 4082371.169616979081184 ], [ 336357.733536746236496, 4081410.244905556552112 ], [ 323077.278318336233497, 4081675.983282974921167 ], [ 323911.992109617800452, 4082635.677783625666052 ], [ 322890.45044715073891, 4082656.884053019341081 ], [ 324560.496888609952293, 4084576.417585806921124 ], [ 322517.58960112684872, 4084618.820452567189932 ], [ 321682.387373697478324, 4083659.187175143510103 ], [ 320660.885204525082372, 4083680.667401120532304 ], [ 319825.813415151031222, 4082721.239646092057228 ], [ 318804.263684622244909, 4082742.937113609630615 ], [ 317969.322331895760726, 4081783.714566953480244 ], [ 318990.917597193852998, 4081761.922762020491064 ], [ 318156.197753318585455, 4080802.716610162518919 ], [ 314069.622111347853206, 4080890.997407286427915 ], [ 315739.602172470418736, 4082808.766360466834158 ], [ 312674.921938046056312, 4082875.700926750898361 ], [ 311004.668340227042791, 4080958.496976306661963 ], [ 308961.355158328427933, 4081004.11052338173613 ], [ 309796.485190040722955, 4081962.46926486492157 ], [ 308774.870997285062913, 4081985.366172836627811 ], [ 309610.222670974559151, 4082943.740881517995149 ], [ 308588.65196550427936, 4082966.666520426049829 ], [ 310259.974635498423595, 4084883.558099376037717 ], [ 312302.931307907623705, 4084838.206433126702905 ], [ 311467.273267363372725, 4083879.517081248108298 ], [ 313510.31273229571525, 4083834.46836027270183 ], [ 314345.879520010319538, 4084793.346284115221351 ], [ 315367.350482129259035, 4084771.100522140040994 ], [ 316203.047647761704866, 4085730.183475182391703 ], [ 318245.892149363295175, 4085686.249443735461682 ], [ 319917.632026724808384, 4087605.126221507322043 ], [ 321960.286026785324793, 4087562.062182485125959 ], [ 322796.328756666160189, 4088521.856838142033666 ], [ 323817.60718177317176, 4088500.603988803457469 ], [ 325490.129380031547043, 4090420.717847396619618 ], [ 322426.561628536612261, 4090484.27625466696918 ], [ 321590.075793425319716, 4089524.448075588792562 ], [ 320568.836968977353536, 4089545.975086631719023 ], [ 323078.959200135199353, 4092425.510126980952919 ], [ 321036.749273212393746, 4092468.36400145990774 ], [ 321873.899883998092264, 4093428.242596351541579 ], [ 319831.77326468040701, 4093471.398910482879728 ], [ 320669.191166317672469, 4094431.199329321738333 ], [ 325774.26458370371256, 4094324.707242941018194 ], [ 326611.630212373973336, 4095285.095257445238531 ], [ 327632.59339735773392, 4095264.261475278995931 ], [ 328470.089357166085392, 4096224.857176154851913 ], [ 326428.252302046108525, 4096266.457329269032925 ], [ 327266.015462706563994, 4097226.974911371711642 ], [ 326245.139683502318803, 4097247.864450732711703 ], [ 327083.124441497609951, 4098208.399231062270701 ], [ 326062.29238702764269, 4098229.316620873752981 ], [ 325224.261969076411333, 4097268.877208791673183 ], [ 324203.382308089989237, 4097290.013187953736633 ], [ 325041.458397095790133, 4098250.357258541509509 ], [ 324020.622460379148833, 4098271.521146474406123 ], [ 323182.500689209555276, 4097311.272390635684133 ], [ 320119.843971857917495, 4097375.789364171680063 ], [ 319281.761061660014093, 4096415.938462820835412 ], [ 318260.825774773140438, 4096437.785717289894819 ], [ 314910.071073664817959, 4092599.879803942982107 ], [ 313888.950859767675865, 4092622.229948435444385 ], [ 314726.421274908236228, 4093581.44432419911027 ], [ 313705.344710262026638, 4093603.822791926097125 ], [ 314543.036852217977867, 4094563.0536731146276 ], [ 313522.003951467107981, 4094585.460445427335799 ], [ 314359.917835930071305, 4095544.707849390339106 ], [ 313338.928613720578142, 4095567.142907608766109 ], [ 311663.185323289129883, 4093648.94913276610896 ], [ 310642.102478216285817, 4093671.697011042386293 ], [ 308966.971671646926552, 4091754.137119462247938 ], [ 309988.146043286891654, 4091731.199911523610353 ], [ 309150.890413599554449, 4090772.491659858264029 ], [ 305065.996948346437421, 4090865.357089194469154 ], [ 305903.435678306268528, 4091823.687287133652717 ], [ 304882.252683082129806, 4091847.116866489406675 ], [ 306557.7498219787376, 4093763.919970745686442 ], [ 305536.656282083247788, 4093787.283585511613637 ], [ 306374.714707624050789, 4094745.756573787424713 ], [ 304332.612781172560062, 4094792.664064143784344 ], [ 306009.44108066521585, 4096709.563812259584665 ], [ 307030.401424950105138, 4096686.237879218533635 ], [ 307869.033752114395611, 4097644.948939613532275 ], [ 308889.946099311986472, 4097621.841084559913725 ], [ 308051.359618750168011, 4096663.035183729603887 ], [ 312135.171115905512124, 4096571.456724411807954 ], [ 312973.574322763073724, 4097530.642252743244171 ], [ 313994.476143930281978, 4097508.150678853970021 ], [ 313156.11872737162048, 4096548.870177151169628 ], [ 315198.007714292383753, 4096504.066745583433658 ], [ 316874.71544219146017, 4098423.119574349373579 ], [ 315853.863523554406129, 4098445.269552664365619 ], [ 316692.527142794802785, 4099404.868589551188052 ], [ 315671.718961663369555, 4099427.046691226307303 ], [ 314833.009556233067997, 4098467.542803523596376 ], [ 312791.295430251397192, 4098512.459133076947182 ], [ 314469.07345069560688, 4100431.198225514963269 ], [ 315489.839928591274656, 4100408.868688375223428 ], [ 316328.947116866707802, 4101368.50125097297132 ], [ 313266.778972013911698, 4101435.574209627695382 ], [ 312427.53430296946317, 4100476.227302771061659 ], [ 311406.761610544228461, 4100498.926848033443093 ], [ 312246.052128926618025, 4101458.178589552640915 ], [ 311225.323202965431847, 4101480.906337288673967 ], [ 312904.523977886186913, 4103399.55489072855562 ], [ 311883.884711919527035, 4103422.215560587588698 ], [ 312723.794985077693127, 4104381.612455836497247 ], [ 311703.19952971173916, 4104404.301242298446596 ], [ 312543.331702288705856, 4105363.714835672173649 ], [ 311522.780072218738496, 4105386.431719792075455 ], [ 309842.599919744418003, 4103467.907181534450501 ], [ 310863.243362960987724, 4103444.999656654894352 ], [ 309183.859057276451495, 4101526.731946602929384 ], [ 310204.592182843887713, 4101503.757455435115844 ], [ 309365.209932097815908, 4100544.695964797399938 ], [ 307323.649786892579868, 4100590.95846733963117 ], [ 309002.773860118701123, 4102508.812671404331923 ], [ 307982.082398858619854, 4102531.938809437211603 ], [ 308821.954371013096534, 4103490.938137841876596 ], [ 306780.656911958358251, 4103537.370355278253555 ], [ 305100.905274928663857, 4101619.863694193772972 ], [ 306121.646935090888292, 4101596.395684550981969 ], [ 305282.081084581499454, 4100637.714376806747168 ], [ 304261.293496284401044, 4100661.277365810237825 ], [ 303421.857747539761476, 4099702.80218547815457 ], [ 300359.344056537025608, 4099774.515877245459706 ], [ 301198.917647325317375, 4100732.706502247136086 ], [ 298136.521935196826234, 4100805.245950121898204 ], [ 298976.409520297544077, 4101763.26295893965289 ], [ 299997.164320751908235, 4101739.054590852465481 ], [ 300837.181954185594805, 4102697.2773352349177 ], [ 299816.473153175786138, 4102721.3908083839342 ], [ 300656.712831423734315, 4103679.629638366401196 ], [ 301677.375629614514764, 4103655.611134741455317 ], [ 304199.012883434945252, 4106531.280265368521214 ], [ 305219.535491072398145, 4106507.670650562271476 ], [ 306901.415144651313312, 4108425.531915506813675 ], [ 305880.984550887602381, 4108448.950866055674851 ], [ 306722.234426596318372, 4109407.953942187596112 ], [ 305701.847717040742282, 4109431.401060399133712 ], [ 304860.551817943458445, 4108472.493402047082782 ], [ 302819.679889701830689, 4108519.949241113383323 ], [ 303661.067869331571274, 4109478.666143490932882 ], [ 301620.279375555808656, 4109526.425706808455288 ], [ 302461.935522694489919, 4110485.063623402267694 ], [ 301441.584088702802546, 4110509.03348193038255 ], [ 302283.462361846817657, 4111467.68776860460639 ], [ 303303.767709263134748, 4111443.813344919122756 ], [ 304145.775932786171325, 4112402.675012234132737 ], [ 305166.033040071604773, 4112379.019803267437965 ], [ 306850.485420006909408, 4114297.270836624316871 ], [ 305830.320480695459992, 4114320.734748416114599 ], [ 304987.960190765850712, 4113361.648766357451677 ], [ 303967.747026844881475, 4113385.332095751073211 ], [ 304810.153413727763109, 4114344.322418289259076 ], [ 303789.984207965899259, 4114368.033848929684609 ], [ 304632.612739421369042, 4115327.040757741779089 ], [ 303612.487506610283162, 4115350.780270421877503 ], [ 304455.338198306853883, 4116309.803783399052918 ], [ 303435.256953251198865, 4116333.571358884684741 ], [ 302592.360123973630834, 4115374.64357580197975 ], [ 300552.098864721891005, 4115422.741575555875897 ], [ 301395.088002871605568, 4116381.477978364098817 ], [ 300375.000275326427072, 4116405.61702781682834 ], [ 301218.211633469851222, 4117364.369907239917666 ], [ 298158.073899855837226, 4117437.243030223064125 ], [ 297314.723949928360526, 4116478.777168090455234 ], [ 298334.818259964580648, 4116454.266619908157736 ], [ 295805.963378463871777, 4113579.253393561579287 ], [ 293765.495297495392151, 4113628.971225789282471 ], [ 294608.363273258903064, 4114587.006410006433725 ], [ 291547.782860289444216, 4114662.225354745518416 ], [ 290704.776187304756604, 4113704.476196522824466 ], [ 289684.531909025274217, 4113729.892057538032532 ], [ 291370.813845522061456, 4115645.311041249427944 ], [ 290350.659797518106643, 4115670.660075244493783 ], [ 291194.111156945466064, 4116628.441163989715278 ], [ 293234.324434893729631, 4116578.05777374887839 ], [ 294077.859331859275699, 4117536.14131640503183 ], [ 291017.674825100461021, 4117611.615721307229251 ], [ 288487.18189581943443, 4114738.558472697157413 ], [ 287466.976955405902117, 4114764.250452900771052 ], [ 288310.344807262765244, 4115721.729633630719036 ], [ 287290.183842778671533, 4115747.450163844041526 ], [ 288977.540425243671052, 4117662.551410458050668 ], [ 289997.608772102510557, 4117637.021622035652399 ], [ 290841.504880528606009, 4118594.834711549803615 ], [ 294921.570298807229847, 4118494.336602621246129 ], [ 295765.457333369413391, 4119452.64377364795655 ], [ 294745.490635507274419, 4119477.486776100937277 ], [ 295589.600010406575166, 4120435.810234562028199 ], [ 296609.520433168683667, 4120411.062970859929919 ], [ 297453.759595811134204, 4121369.594335753470659 ], [ 295414.009091867832467, 4121419.02122028497979 ], [ 294569.677360978792422, 4120460.681456550955772 ], [ 293549.75247382739326, 4120485.676639658398926 ], [ 295238.684608288342133, 4122402.27672932529822 ], [ 293199.013355267001316, 4122452.255954860243946 ], [ 294043.836175431730226, 4123410.532524531707168 ], [ 292004.248623867402785, 4123460.816202701535076 ], [ 292849.340217913093511, 4124419.013202111236751 ], [ 295908.579149223165587, 4124344.061480503063649 ], [ 295063.626590208499692, 4123385.576760206837207 ], [ 298122.984522862825543, 4123311.453732230700552 ], [ 299812.787830158893485, 4125229.111749995965511 ], [ 300832.476826338854153, 4125204.844306441955268 ], [ 299987.533436594239902, 4124245.862853361293674 ], [ 301007.266554331523366, 4124221.62335676793009 ], [ 299318.000488189514726, 4122303.806457283906639 ], [ 300337.823975462408271, 4122279.498910199850798 ], [ 299493.501282414828893, 4121320.663378882221878 ], [ 300513.368846851459239, 4121296.38386634318158 ], [ 301357.645291736815125, 4122255.315365930087864 ], [ 302377.46444806130603, 4122231.255821720696986 ], [ 301533.234240115853027, 4121272.228327379096299 ], [ 302553.09747326298384, 4121248.196759238839149 ], [ 303397.281455476069823, 4122207.320274832192808 ], [ 305436.909067766740918, 4122159.821162135340273 ], [ 303748.901975311280694, 4120241.302721995860338 ], [ 304768.80498309363611, 4120217.547024305444211 ], [ 306456.719694732921198, 4122136.257590917870402 ], [ 309516.138991493207868, 4122066.310785635840148 ], [ 311204.480772582697682, 4123986.051162257324904 ], [ 310184.768754772027023, 4124009.050195280462503 ], [ 311029.249837436713278, 4124968.994250087533146 ], [ 315107.901045334991068, 4124878.128082694020122 ], [ 316797.021987084415741, 4126799.129698163829744 ], [ 315777.45450392755447, 4126821.466959328856319 ], [ 317467.371724622207694, 4128742.731942187994719 ], [ 314408.934293534955941, 4128809.908194245304912 ], [ 311873.906935304868966, 4125929.051934718620032 ], [ 310854.285221867379732, 4125951.982167432550341 ], [ 312544.219831840018742, 4127872.245860628783703 ], [ 309485.61962310684612, 4127941.202021157834679 ], [ 308640.425670559401624, 4126981.302912264596671 ], [ 307620.841926522669382, 4127004.633097394835204 ], [ 308466.082114859018475, 4127964.435706932097673 ], [ 305407.457120358303655, 4128034.881698042619973 ], [ 306253.012118829647079, 4128994.508423724211752 ], [ 305233.51254464907106, 4129018.142272422555834 ], [ 306079.289864009362645, 4129977.786051749717444 ], [ 305059.834484598366544, 4130001.447574196849018 ], [ 304214.010866711498238, 4129041.900312222074717 ], [ 300135.982898059301078, 4129138.174436673056334 ], [ 300981.99182150803972, 4130097.335894430521876 ], [ 296904.114799853530712, 4130195.21191471349448 ], [ 297750.485273707308806, 4131154.100978551898152 ], [ 295711.626475676952396, 4131203.591749513056129 ], [ 296558.265836292121094, 4132162.401109561789781 ], [ 293500.100416593719274, 4132237.280280272010714 ], [ 294347.055174398701638, 4133195.913484120275825 ], [ 293327.7087343018502, 4133221.025449750479311 ], [ 295022.239416346303187, 4135138.438140965998173 ], [ 294002.983716777525842, 4135163.481526047922671 ], [ 294850.559657686622813, 4136122.261099188122898 ], [ 295869.768870287807658, 4136097.314286861568689 ], [ 296717.474396287230775, 4137056.303823561873287 ], [ 295698.3116740884725, 4137081.15398764796555 ], [ 297394.343923703127075, 4138999.280282993335277 ], [ 294337.121686048747506, 4139073.997217557393014 ], [ 292640.810328737017699, 4137156.451174256857485 ], [ 290602.46500748366816, 4137207.271572494879365 ], [ 289754.480370945762843, 4136248.861529065761715 ], [ 291792.918773917364888, 4136197.848072003573179 ], [ 290945.203304817783646, 4135239.358058671467006 ], [ 288906.671826873789541, 4135290.5644236728549 ], [ 288059.039377587614581, 4134332.380113542545587 ], [ 285001.085450897691771, 4134410.411672189831734 ], [ 287544.93017168197548, 4137284.435638312716037 ], [ 289583.288986941159237, 4137232.868462398648262 ], [ 290431.496274698874913, 4138191.295021454803646 ], [ 288393.230615357751958, 4138242.669145829975605 ], [ 289241.707156911841594, 4139201.015650846995413 ], [ 288222.617533494951203, 4139226.792894748970866 ], [ 289071.316772149177268, 4140185.155903086997569 ], [ 288052.271497015375644, 4140210.961061994545162 ], [ 288901.193448410718702, 4141169.340592104010284 ], [ 287882.192536569200456, 4141195.173646118957549 ], [ 288731.337216339132283, 4142153.56971648382023 ], [ 287712.380682805320248, 4142179.430645677261055 ], [ 288561.748106583021581, 4143137.843274814076722 ], [ 286523.921563346637413, 4143189.745486660394818 ], [ 287373.558417938300408, 4144148.077885358128697 ], [ 285335.816156297223642, 4144200.285144519992173 ], [ 287035.804947713157162, 4146116.902769653592259 ], [ 286017.023816160333809, 4146142.999730616342276 ], [ 286867.329087264486589, 4147101.381825010757893 ], [ 285848.592409621458501, 4147127.506590395234525 ], [ 286699.120517494389787, 4148085.905287308152765 ], [ 285680.428308812552132, 4148112.057837025262415 ], [ 287382.106338745448738, 4150029.002217219676822 ], [ 286363.50537273142254, 4150055.085427195299417 ], [ 288065.981358358927537, 4151972.29092399450019 ], [ 287047.471682592993602, 4151998.304599333554506 ], [ 286196.098859113000799, 4151039.742102038115263 ], [ 285177.540147659427021, 4151065.977883942425251 ], [ 287732.327316868933849, 4153941.715757876634598 ], [ 286713.906742734718136, 4153967.784662735648453 ], [ 287565.901493887009565, 4154926.494832422118634 ], [ 288584.275258882145863, 4154900.523331788368523 ], [ 289436.39930647885194, 4155859.445287834387273 ], [ 286381.411764797812793, 4155937.442396925762296 ], [ 288086.469140295404941, 4157855.04462739918381 ], [ 290122.942391897027846, 4157803.31175731215626 ], [ 290975.641564887366258, 4158762.480020157527179 ], [ 286902.873570246738382, 4158866.05548504460603 ], [ 287755.936259284848347, 4159824.947759832721204 ], [ 285719.632677585119382, 4159877.290836306288838 ], [ 286572.96525945776375, 4160836.102406518068165 ], [ 290645.37601351441117, 4160732.307749087922275 ], [ 291498.697177763155196, 4161691.625310147646815 ], [ 286408.412624367279932, 4161821.19251173408702 ], [ 288116.05218834959669, 4163739.194096575956792 ], [ 285062.136387478676625, 4163817.84983616322279 ], [ 285916.361169201438315, 4164776.729390763211995 ], [ 284898.431732566794381, 4164803.100601886864752 ], [ 286607.503594975511078, 4166721.008865113370121 ], [ 284571.825939163740259, 4166773.735343710519373 ], [ 286281.79025376169011, 4168691.712040026206523 ], [ 284246.291706096264534, 4168744.547691388987005 ], [ 283391.127450371277519, 4167785.697917384561151 ], [ 284408.924862203828525, 4167759.119317413307726 ], [ 282699.218780502444133, 4165841.568857023492455 ], [ 281681.327330852625892, 4165868.343378033023328 ], [ 282536.139324524789117, 4166826.963194813579321 ], [ 281518.292631330317818, 4166853.765142559539527 ], [ 282373.327788917697035, 4167812.401892785448581 ], [ 277284.295369399478659, 4167947.802507302723825 ], [ 278139.742003176477738, 4168906.064383778721094 ], [ 283228.539079775102437, 4168771.153618176002055 ], [ 284083.926501619280316, 4169730.020464460831136 ], [ 283066.218675960786641, 4169756.653697370085865 ], [ 283921.829279550060164, 4170715.537635461427271 ], [ 282904.166269707609899, 4170742.198153770063072 ], [ 283760.000070676207542, 4171701.099203228019178 ], [ 282742.381891809403896, 4171727.786986188963056 ], [ 283598.438905790797435, 4172686.705166613217443 ], [ 280545.712157844973262, 4172767.226816095877439 ], [ 281402.086627068580128, 4173725.965575578156859 ], [ 282419.617344266385771, 4173699.097774376161397 ], [ 284132.800452277879231, 4175617.118392473086715 ], [ 283115.363983016111888, 4175643.789419093634933 ], [ 283972.266865155892447, 4176602.874795819167048 ], [ 282954.875302064523567, 4176629.572953619528562 ], [ 284669.303753794636577, 4178547.894168639089912 ], [ 285686.601026177697349, 4178521.393191914539784 ], [ 286544.032300378195941, 4179480.826504755299538 ], [ 288578.525985071551986, 4179428.399095722008497 ], [ 287721.188978875579778, 4178468.768293018452823 ], [ 289755.768211429822259, 4178416.646113774739206 ], [ 291470.429887802223675, 4180336.419488814659417 ], [ 293504.812116270884871, 4180285.195560726337135 ], [ 292647.487409263034351, 4179325.052729478105903 ], [ 293664.722420634934679, 4179299.530381707008928 ], [ 292807.620891887578182, 4178339.405392909422517 ], [ 293824.900848722318187, 4178313.909820464905351 ], [ 292111.320218966691755, 4176393.812078916002065 ], [ 294146.061952988267876, 4176342.802554406225681 ], [ 292433.373877512989566, 4174422.775840249843895 ], [ 291415.910018933587708, 4174448.415201091207564 ], [ 290559.783111412078142, 4173488.674959760159254 ], [ 291577.293992735736538, 4173462.937012792564929 ], [ 288154.735530432139058, 4169624.741813380271196 ], [ 289172.432271651807241, 4169598.735705889295787 ], [ 291738.945950990484562, 4172477.503384524490684 ], [ 293774.050980149535462, 4172426.457951095886528 ], [ 295485.752650638460182, 4174346.611052531283349 ], [ 294468.295182922622189, 4174371.873768841382116 ], [ 295324.457150858768728, 4175332.026305058039725 ], [ 294307.04456762742484, 4175357.315851163119078 ], [ 296019.990799880353734, 4177277.773222131188959 ], [ 295002.670138726010919, 4177302.990734796971083 ], [ 295859.454419801244512, 4178263.295660075731575 ], [ 294842.178687895706389, 4178288.539910472929478 ], [ 295699.186102458974347, 4179248.862758527975529 ], [ 294681.955314901773818, 4179274.133725678082556 ], [ 295539.185878616408445, 4180234.474516777787358 ], [ 294522.000050522387028, 4180259.77217966876924 ], [ 295379.453779049450532, 4181220.130934110842645 ], [ 297413.729210780584253, 4181169.859489886090159 ], [ 296556.369610932772048, 4180209.302569204010069 ], [ 297573.551257846062072, 4180184.256334107834846 ], [ 298430.863809722592123, 4181144.91237759264186 ], [ 300465.126825586950872, 4181095.395358590874821 ], [ 301322.521391956717707, 4182056.367215117905289 ], [ 300305.437940794392489, 4182080.963605362921953 ], [ 301163.055615898338147, 4183041.953768204431981 ], [ 300146.017166312783957, 4183066.576615310274065 ], [ 299288.3524467429379, 4182105.685755430720747 ], [ 296237.083603693288751, 4182180.606792487669736 ], [ 297094.889521915116347, 4183141.199902375228703 ], [ 295060.794075833866373, 4183191.577743255998939 ], [ 295918.870279298454989, 4184152.089730955660343 ], [ 294901.866533749853261, 4184177.368133701849729 ], [ 295760.165950123395305, 4185137.898216762579978 ], [ 294743.207239068229683, 4185163.203180497512221 ], [ 296460.428626967943273, 4187084.417113692499697 ], [ 295443.562111754668877, 4187109.649218368344009 ], [ 296302.484100059256889, 4188070.333160169888288 ], [ 297319.303465384757146, 4188045.200531334616244 ], [ 298178.354396688635461, 4189006.101780580822378 ], [ 299195.124558998446446, 4188981.194672161713243 ], [ 300913.660393258032855, 4190903.550648819189519 ], [ 302947.006082282634452, 4190854.513262163382024 ], [ 301228.65877639548853, 4188931.758346839342266 ], [ 303262.184919350256678, 4188882.825858351774514 ], [ 304980.343783230986446, 4190805.979924500919878 ], [ 303963.675926137831993, 4190830.183588577434421 ], [ 304823.066569459857419, 4191791.838624723255634 ], [ 302789.81913867755793, 4191840.424230349250138 ], [ 303649.480110801581759, 4192801.99809282226488 ], [ 301616.31899870489724, 4192850.888062501326203 ], [ 302476.250355236115865, 4193812.38069758284837 ], [ 303492.784747755213175, 4193787.972642307635397 ], [ 304352.845016054052394, 4194749.6840432388708 ], [ 305369.330268814985175, 4194725.502154034562409 ], [ 304509.317155084863771, 4193763.690684357658029 ], [ 311624.989279804634862, 4193597.247476367745548 ], [ 310765.4819902292802, 4192634.854200487025082 ], [ 309748.916117271932308, 4192658.353730327449739 ], [ 308030.335536515456624, 4190734.12496218085289 ], [ 310063.653626296669245, 4190686.851651988457888 ], [ 309204.721533692092635, 4189724.715765766333789 ], [ 311238.12599707825575, 4189677.74640452163294 ], [ 312096.9640152437496, 4190640.082315372303128 ], [ 311080.309778243594337, 4190663.40398830268532 ], [ 311939.370871183287818, 4191625.758999550715089 ], [ 310922.761765714618377, 4191649.106586998794228 ] ], [ [ 335099.915643235261086, 4186218.875228531192988 ], [ 334083.120587023324333, 4186239.324443604331464 ], [ 333226.158695167046972, 4185274.962258698418736 ], [ 334243.000491676386446, 4185254.412631460931152 ], [ 335099.915643235261086, 4186218.875228531192988 ] ], [ [ 335165.051814925798681, 4173459.261513536330312 ], [ 333130.284209253732115, 4173500.1240224246867 ], [ 333984.668040937627666, 4174464.047441186849028 ], [ 331949.986746141279582, 4174505.212308570276946 ], [ 332804.639732153271325, 4175469.055666910484433 ], [ 330770.044757391384337, 4175510.522972320206463 ], [ 331624.966953484690748, 4176474.286218002438545 ], [ 329590.458308047847822, 4176516.056040963158011 ], [ 328735.442809903644957, 4175552.492317873518914 ], [ 329752.744660459342413, 4175531.444888902362436 ], [ 328897.951781389419921, 4174567.900704245548695 ], [ 329915.298519920441322, 4174546.879089945927262 ], [ 329060.728244192432612, 4173583.354422625619918 ], [ 330078.119855844881386, 4173562.35864393087104 ], [ 329223.772167728689965, 4172598.853472888469696 ], [ 330241.208637644187547, 4172577.883550703991205 ], [ 329387.083521408028901, 4171614.397854916285723 ], [ 331422.044393924297765, 4171572.635160929523408 ], [ 332276.076325867557898, 4172536.31997838569805 ], [ 334310.937081807292998, 4172495.258086527232081 ], [ 333456.998291807074565, 4171531.374039980582893 ], [ 334474.472651486867107, 4171510.931563567370176 ], [ 335328.364886370487511, 4172474.915264969691634 ], [ 336345.790989305882249, 4172454.697856597136706 ], [ 338054.010170916677453, 4174383.22337434347719 ], [ 336019.342487973743118, 4174423.384469226002693 ], [ 335165.051814925798681, 4173459.261513536330312 ] ], [ [ 342004.303245932445861, 4181175.604439735412598 ], [ 343021.311863899580203, 4181156.161979416850954 ], [ 343876.963341702823527, 4182121.346942159347236 ], [ 342860.001321526418906, 4182140.688976369332522 ], [ 342004.303245932445861, 4181175.604439735412598 ] ], [ [ 351771.283365094277542, 4171182.591740208212286 ], [ 350918.356829922704492, 4170217.0304010421969 ], [ 351935.848338373471051, 4170198.744475169572979 ], [ 352788.7285112173995, 4171164.40587789285928 ], [ 351771.283365094277542, 4171182.591740208212286 ] ], [ [ 352624.385769170010462, 4172148.273697855416685 ], [ 351606.985466450045351, 4172166.484795846045017 ], [ 350753.836685231188312, 4171200.902951770462096 ], [ 351771.283365094277542, 4171182.591740208212286 ], [ 352624.385769170010462, 4172148.273697855416685 ] ], [ [ 348526.086361078603659, 4166337.302848747000098 ], [ 347508.409447394078597, 4166355.988258561119437 ], [ 348360.63247243675869, 4167321.068608792498708 ], [ 347343.00032810412813, 4167339.779504085425287 ], [ 348195.445595357683487, 4168304.88007363723591 ], [ 346160.269288795185275, 4168342.478065927512944 ], [ 345307.731271127064247, 4167377.577026129700243 ], [ 344290.094337397255003, 4167396.663657146971673 ], [ 342585.453223610878922, 4165467.42002939991653 ], [ 344620.91100084973732, 4165428.973524735774845 ], [ 342917.158996108919382, 4163499.809706850443035 ], [ 343934.978163041407242, 4163480.575223844964057 ], [ 344786.719861999037676, 4164445.196890089660883 ], [ 345804.491058870160487, 4164426.187040033284575 ], [ 344952.795702127681579, 4163461.465875912923366 ], [ 345970.611623953620438, 4163442.48166089085862 ], [ 348526.086361078603659, 4166337.302848747000098 ] ], [ [ 338328.343914904398844, 4137127.30695273168385 ], [ 339347.380204091896303, 4137107.654672528151423 ], [ 338501.395363114774227, 4136144.563023914117366 ], [ 340539.554845852311701, 4136105.43584859976545 ], [ 341385.447629600996152, 4137068.723213096149266 ], [ 340366.414772028569132, 4137088.126760054845363 ], [ 341212.529487201245502, 4138051.433112688362598 ], [ 339174.550716917961836, 4138090.417491393629462 ], [ 338328.343914904398844, 4137127.30695273168385 ] ], [ [ 347999.743879242567345, 4139884.094013409223408 ], [ 346980.85572070768103, 4139902.705726172309369 ], [ 346134.573277218674775, 4138938.77265984704718 ], [ 347153.507428771816194, 4138920.062739654444158 ], [ 347999.743879242567345, 4139884.094013409223408 ] ], [ [ 336696.643862830358557, 4123451.379090083297342 ], [ 335676.979768769000657, 4123471.278078491799533 ], [ 334833.825543004786596, 4122509.031231351196766 ], [ 335853.535528458072804, 4122489.035243610851467 ], [ 336696.643862830358557, 4123451.379090083297342 ] ], [ [ 346295.124017101130448, 4098815.328942684922367 ], [ 347315.875995299196802, 4098796.848777531180531 ], [ 348153.347057479841169, 4099759.42895543994382 ], [ 347132.640538380946964, 4099777.813092012889683 ], [ 346295.124017101130448, 4098815.328942684922367 ] ], [ [ 346478.580805891193449, 4097834.382821486331522 ], [ 347499.376530340174213, 4097815.92990540061146 ], [ 348336.626275533810258, 4098778.491842077113688 ], [ 347315.875995299196802, 4098796.848777531180531 ], [ 346478.580805891193449, 4097834.382821486331522 ] ], [ [ 344056.843762392585631, 4089081.968610918615013 ], [ 343221.534384637256153, 4088120.160687743220478 ], [ 344242.775413257011678, 4088101.366713310126215 ], [ 345078.039441092289053, 4089063.270004229620099 ], [ 344056.843762392585631, 4089081.968610918615013 ] ], [ [ 344892.329024052480236, 4090043.889721574261785 ], [ 343871.176959992852062, 4090062.615862153004855 ], [ 343035.646333524957299, 4089100.790166921913624 ], [ 344056.843762392585631, 4089081.968610918615013 ], [ 344892.329024052480236, 4090043.889721574261785 ] ], [ [ 342759.413912462885492, 4085197.378220268990844 ], [ 341738.038640174316242, 4085216.335011073388159 ], [ 340903.478162739833351, 4084254.883367050439119 ], [ 341924.898758349008858, 4084235.831479780375957 ], [ 342759.413912462885492, 4085197.378220268990844 ] ], [ [ 321496.132962637231685, 4084640.206165977753699 ], [ 320474.674312343471684, 4084661.714736003894359 ], [ 319639.381012325757183, 4083702.27045701444149 ], [ 320660.885204525082372, 4083680.667401120532304 ], [ 321496.132962637231685, 4084640.206165977753699 ] ], [ [ 316761.158074780250899, 4082786.700468288734555 ], [ 315926.125618717924226, 4081827.666516467463225 ], [ 316947.725009571702685, 4081805.629150932189077 ], [ 318617.874785611697007, 4083723.996345301158726 ], [ 316574.856182692048606, 4083767.816629028413445 ], [ 315739.602172470418736, 4082808.766360466834158 ], [ 316761.158074780250899, 4082786.700468288734555 ] ], [ [ 314531.829303876962513, 4083812.128272389061749 ], [ 315553.343783511896618, 4083789.91102949064225 ], [ 316388.819363588001579, 4084748.977631778456271 ], [ 315367.350482129259035, 4084771.100522140040994 ], [ 314531.829303876962513, 4083812.128272389061749 ] ], [ [ 326795.273384203785099, 4094303.778236226644367 ], [ 327816.280250242678449, 4094282.972360749263316 ], [ 328653.554658977081999, 4095243.550851116888225 ], [ 327632.59339735773392, 4095264.261475278995931 ], [ 326795.273384203785099, 4094303.778236226644367 ] ], [ [ 312363.13415989925852, 4106345.862029009964317 ], [ 311342.626369835110381, 4106368.606991815846413 ], [ 310502.22635906888172, 4105409.272088521625847 ], [ 311522.780072218738496, 4105386.431719792075455 ], [ 312363.13415989925852, 4106345.862029009964317 ] ], [ [ 313023.954411876329686, 4108287.613357777241617 ], [ 312003.536417905357666, 4108310.290851317346096 ], [ 310322.116496656090021, 4106391.475468433462083 ], [ 311342.626369835110381, 4106368.606991815846413 ], [ 313023.954411876329686, 4108287.613357777241617 ] ], [ [ 312844.510388902097475, 4109269.866991927847266 ], [ 311824.136279100435786, 4109292.572477874346077 ], [ 310983.116351982695051, 4108333.091914471238852 ], [ 312003.536417905357666, 4108310.290851317346096 ], [ 312844.510388902097475, 4109269.866991927847266 ] ], [ [ 307620.796765325358137, 4104496.290968356654048 ], [ 306600.190782251185738, 4104519.597058056853712 ], [ 305760.004979113582522, 4103560.771621711086482 ], [ 306780.656911958358251, 4103537.370355278253555 ], [ 307620.796765325358137, 4104496.290968356654048 ] ], [ [ 307440.552608738595154, 4105478.534128518775105 ], [ 306419.99045087309787, 4105501.868461907841265 ], [ 305579.582659888721537, 4104543.026616332586855 ], [ 306600.190782251185738, 4104519.597058056853712 ], [ 307440.552608738595154, 4105478.534128518775105 ] ], [ [ 299845.301966755418107, 4119354.511026103049517 ], [ 300865.257640964118764, 4119330.287640809081495 ], [ 301709.089534259052016, 4120289.185928496997803 ], [ 299669.268452108488418, 4120337.564901359844953 ], [ 297138.02359324938152, 4117461.781797368079424 ], [ 298158.073899855837226, 4117437.243030223064125 ], [ 299845.301966755418107, 4119354.511026103049517 ] ], [ [ 315254.295425551186781, 4129770.421825491823256 ], [ 314234.858485245204065, 4129792.965484304353595 ], [ 313389.451154451060575, 4128832.548609699122608 ], [ 314408.934293534955941, 4128809.908194245304912 ], [ 315254.295425551186781, 4129770.421825491823256 ] ], [ [ 307013.673578162561171, 4190757.950614002998918 ], [ 306154.600293528754264, 4189796.114565201569349 ], [ 307171.309326622867957, 4189772.188994158990681 ], [ 308030.335536515456624, 4190734.12496218085289 ], [ 307013.673578162561171, 4190757.950614002998918 ] ], [ [ 328747.96963209589012, 4194204.122819124720991 ], [ 327731.526971654617228, 4194225.404580691363662 ], [ 326872.548560902941972, 4193261.384859586134553 ], [ 327889.038131680514198, 4193240.00241555692628 ], [ 328747.96963209589012, 4194204.122819124720991 ] ], [ [ 333764.164071836392395, 4188209.284517901949584 ], [ 334780.86898252624087, 4188188.784610316157341 ], [ 335638.405474852654152, 4189153.408242061268538 ], [ 334621.747338158078492, 4189173.807559107430279 ], [ 333764.164071836392395, 4188209.284517901949584 ] ], [ [ 333923.508436868316494, 4187224.281738934572786 ], [ 334940.258427757711615, 4187203.807166954968125 ], [ 335797.572214139741845, 4188168.410578354727477 ], [ 334780.86898252624087, 4188188.784610316157341 ], [ 333923.508436868316494, 4187224.281738934572786 ] ], [ [ 306312.459174081799574, 4188810.37177158286795 ], [ 305295.703070090501569, 4188834.397184680681676 ], [ 304436.981910581351258, 4187872.798323704861104 ], [ 305453.785081636393443, 4187848.673145676963031 ], [ 306312.459174081799574, 4188810.37177158286795 ] ], [ [ 300369.749240751203615, 4187970.558280187658966 ], [ 298336.120770415756851, 4188020.193843599408865 ], [ 297477.293071020336356, 4187059.310923656914383 ], [ 299511.015786839474458, 4187009.476276219822466 ], [ 300369.749240751203615, 4187970.558280187658966 ] ], [ [ 300844.928472517000046, 4185013.261225167196244 ], [ 301861.874842669349164, 4184988.711372619029135 ], [ 301003.857965830655303, 4184027.585105056408793 ], [ 302020.849367225193419, 4184003.061637814622372 ], [ 303736.965087957680225, 4185925.63108942238614 ], [ 301703.168490538198967, 4185974.40591137483716 ], [ 300844.928472517000046, 4185013.261225167196244 ] ], [ [ 305929.640219635330141, 4184891.770356084220111 ], [ 308980.443432647269219, 4184820.385830827057362 ], [ 309838.307220993447118, 4185782.3273183288984 ], [ 306787.645013217465021, 4185853.412843903061002 ], [ 305929.640219635330141, 4184891.770356084220111 ] ], [ [ 308122.755692347767763, 4183858.562808273360133 ], [ 309139.733162476972211, 4183834.919973691459745 ], [ 309997.373926401953213, 4184796.842638949397951 ], [ 308980.443432647269219, 4184820.385830827057362 ], [ 308122.755692347767763, 4183858.562808273360133 ] ], [ [ 307105.776263051549904, 4183882.331439420580864 ], [ 306248.217590270214714, 4182920.726272577885538 ], [ 307265.244002868421376, 4182896.858102319296449 ], [ 308122.755692347767763, 4183858.562808273360133 ], [ 307105.776263051549904, 4183882.331439420580864 ] ], [ [ 330175.623063255043235, 4185337.365905661601573 ], [ 329158.774404050083831, 4185358.418717535678297 ], [ 328301.801414962566923, 4184394.577992371283472 ], [ 329318.696852281515021, 4184373.424953070934862 ], [ 330175.623063255043235, 4185337.365905661601573 ] ], [ [ 306567.867163573508151, 4180949.861746710259467 ], [ 305550.748787337332033, 4180973.803047492634505 ], [ 304693.76526672556065, 4180012.452402584254742 ], [ 305710.930604054534342, 4179988.411766914185137 ], [ 306567.867163573508151, 4180949.861746710259467 ] ], [ [ 303676.597927031340078, 4180036.618728552479297 ], [ 302659.428574589663185, 4180060.910747541580349 ], [ 301802.527168532309588, 4179099.876263601705432 ], [ 302819.74349997472018, 4179075.485039656516165 ], [ 303676.597927031340078, 4180036.618728552479297 ] ], [ [ 312991.797231681703124, 4178838.484010676853359 ], [ 310957.402175148832612, 4178884.879013853147626 ], [ 310101.099228194332682, 4177923.068844069726765 ], [ 312135.588029733975418, 4177876.475079768337309 ], [ 312991.797231681703124, 4178838.484010676853359 ] ], [ [ 333335.339208999532275, 4178402.171392955817282 ], [ 332318.179061742615886, 4178422.793754251673818 ], [ 331462.858303763321601, 4177458.891265492886305 ], [ 332480.065105072339065, 4177438.168975376524031 ], [ 333335.339208999532275, 4178402.171392955817282 ] ], [ [ 288041.810992282931693, 4176497.338466785382479 ], [ 287024.428258455882315, 4176523.534109683707356 ], [ 286167.666730448021553, 4175564.15314792143181 ], [ 287185.096560207079165, 4175537.858924018684775 ], [ 288041.810992282931693, 4176497.338466785382479 ] ], [ [ 308019.552161830826662, 4172083.193491010926664 ], [ 309037.072734374844003, 4172059.615570806898177 ], [ 309892.13204192725243, 4173021.115937510505319 ], [ 308874.658291899191681, 4173044.594871321693063 ], [ 308019.552161830826662, 4172083.193491010926664 ] ], [ [ 308182.189468605094589, 4171098.232593489345163 ], [ 309199.754874739213847, 4171074.681185171473771 ], [ 310054.591332625248469, 4172036.16309880791232 ], [ 309037.072734374844003, 4172059.615570806898177 ], [ 308182.189468605094589, 4171098.232593489345163 ] ], [ [ 295809.147483873413876, 4172375.914476082660258 ], [ 294791.600292457849719, 4172401.123470218386501 ], [ 293936.060573151858989, 4171441.122814834583551 ], [ 294953.6547251973534, 4171415.815255561843514 ], [ 295809.147483873413876, 4172375.914476082660258 ] ], [ [ 299186.511828160379082, 4170330.683451068587601 ], [ 298168.881276173808146, 4170355.462372214533389 ], [ 297313.928408725943882, 4169395.201586159877479 ], [ 298331.605859261879232, 4169370.324120630510151 ], [ 299186.511828160379082, 4170330.683451068587601 ] ], [ [ 298494.598213356453925, 4168385.230557171627879 ], [ 300530.036436967318878, 4168335.905498902779073 ], [ 301384.625707454630174, 4169296.4440554571338 ], [ 299349.281218894117046, 4169345.572045530658215 ], [ 298494.598213356453925, 4168385.230557171627879 ] ], [ [ 299675.623237530584447, 4167375.483361792284995 ], [ 301711.146863763511647, 4167326.462704655714333 ], [ 302565.466379245161079, 4168287.081863 ], [ 300530.036436967318878, 4168335.905498902779073 ], [ 299675.623237530584447, 4167375.483361792284995 ] ], [ [ 288317.279931496421341, 4168639.377971748355776 ], [ 287299.536196117813233, 4168665.482309485320002 ], [ 286444.512979078572243, 4167706.338231765665114 ], [ 287462.303705151018221, 4167680.135740127880126 ], [ 288317.279931496421341, 4168639.377971748355776 ] ], [ [ 291533.444639083696529, 4167576.579379265196621 ], [ 290515.662680114503019, 4167602.280434490181506 ], [ 289661.003465130808763, 4166642.859168607275933 ], [ 290678.832367014954798, 4166617.059930357616395 ], [ 291533.444639083696529, 4167576.579379265196621 ] ], [ [ 303746.662249063258059, 4167277.943341781385243 ], [ 302728.905581264931243, 4167302.140362810809165 ], [ 301020.888391999702435, 4165381.054306317586452 ], [ 302038.738678051275201, 4165356.660360843408853 ], [ 303746.662249063258059, 4167277.943341781385243 ] ], [ [ 306110.119317325646989, 4165260.337201986927539 ], [ 305092.277212142362259, 4165284.230103699956089 ], [ 304238.719866837433074, 4164323.467913852538913 ], [ 305256.608731895685196, 4164299.476558432448655 ], [ 306110.119317325646989, 4165260.337201986927539 ] ], [ [ 301185.040987532178406, 4164396.19337291456759 ], [ 300331.519363799365237, 4163435.842525142710656 ], [ 301349.461170512775425, 4163411.377172839827836 ], [ 302202.936005219642539, 4164371.826318361330777 ], [ 301185.040987532178406, 4164396.19337291456759 ] ], [ [ 299313.575474113575183, 4163460.433089481666684 ], [ 298460.183123361784965, 4162500.296430812217295 ], [ 299478.173809426487423, 4162475.607671541161835 ], [ 300331.519363799365237, 4163435.842525142710656 ], [ 299313.575474113575183, 4163460.433089481666684 ] ], [ [ 296424.19542702822946, 4162550.049517181236297 ], [ 294717.751724561094306, 4160630.515533580910414 ], [ 296753.926650961395353, 4160580.370283850934356 ], [ 298460.183123361784965, 4162500.296430812217295 ], [ 296424.19542702822946, 4162550.049517181236297 ] ], [ [ 295901.06253433827078, 4159620.580504291225225 ], [ 296919.193587984307669, 4159595.597617781721056 ], [ 296066.552336473832838, 4158635.825283530168235 ], [ 297084.728034130646847, 4158610.869586707092822 ], [ 296232.309632075135596, 4157651.114678282756358 ], [ 297250.529958719678689, 4157626.186191577464342 ], [ 298102.901604357175529, 4158586.038966765161604 ], [ 299121.07305778429145, 4158561.333420893643051 ], [ 299973.574029334180523, 4159521.399583919439465 ], [ 297937.322514622472227, 4159570.739837421104312 ], [ 298790.09307103959145, 4160530.72557581635192 ], [ 296753.926650961395353, 4160580.370283850934356 ], [ 295901.06253433827078, 4159620.580504291225225 ] ], [ [ 303550.115719933761284, 4162378.104462255723774 ], [ 302532.133346202783287, 4162402.29249593289569 ], [ 301679.104176109656692, 4161441.878975791390985 ], [ 302697.133298673608806, 4161417.592717490624636 ], [ 303550.115719933761284, 4162378.104462255723774 ] ], [ [ 293699.661044982611202, 4160655.775868660770357 ], [ 292681.568207015865482, 4160681.161347690504044 ], [ 291828.51683739607688, 4159721.763168559409678 ], [ 292846.656505213468336, 4159696.279829051345587 ], [ 293699.661044982611202, 4160655.775868660770357 ] ], [ [ 316071.560028366395272, 4142485.950757563579828 ], [ 317090.413197156391107, 4142463.55083670374006 ], [ 317938.654758329968899, 4143424.798975658137351 ], [ 319976.26259181543719, 4143380.568055155687034 ], [ 322521.765198477078229, 4146265.593724264297634 ], [ 321503.101252549153287, 4146287.353545287624002 ], [ 322352.000429926381912, 4147249.163168493192643 ], [ 320314.759561748825945, 4147292.861029145307839 ], [ 321163.927447816065978, 4148254.591045390348881 ], [ 320145.350540457060561, 4148276.529094070661813 ], [ 318447.098001893144101, 4146353.381025568582118 ], [ 317428.426411460968666, 4146375.639533049892634 ], [ 315730.785094682709314, 4144453.150728640612215 ], [ 316749.549447407829575, 4144430.696795186493546 ], [ 315901.039171209209599, 4143469.528257216792554 ], [ 316919.84793938085204, 4143447.101320042740554 ], [ 316071.560028366395272, 4142485.950757563579828 ] ], [ [ 328633.709683446679264, 4146137.652686459477991 ], [ 327785.310639641364105, 4145175.273684521671385 ], [ 325747.91064442100469, 4145217.618077844846994 ], [ 324899.595008661272004, 4144255.551508666481823 ], [ 325918.342208241054323, 4144234.219083252828568 ], [ 325070.24882087809965, 4143272.170952402986586 ], [ 324051.455343780689873, 4143293.601217287126929 ], [ 322355.70393831061665, 4141370.048888452351093 ], [ 326431.236756901955232, 4141284.293131834361702 ], [ 324736.559250931022689, 4139360.42326690768823 ], [ 323717.586388564785011, 4139381.870739558711648 ], [ 322870.465363416704349, 4138420.207206464838237 ], [ 320832.421490624605212, 4138463.67053728736937 ], [ 319985.383966036140919, 4137502.317490208428353 ], [ 322023.520314901135862, 4137458.659311142750084 ], [ 321176.751245880383067, 4136497.226909349672496 ], [ 322195.862773316213861, 4136475.487044010311365 ], [ 321349.315900666289963, 4135514.07267898414284 ], [ 323387.625642864382826, 4135470.77137554064393 ], [ 322541.347139242105186, 4134509.277737678959966 ], [ 321522.147032928129192, 4134530.963505156338215 ], [ 320675.998321328312159, 4133569.682370600290596 ], [ 321695.244612197391689, 4133547.899388485122472 ], [ 320849.31806457915809, 4132586.636184104718268 ], [ 322887.89723422244424, 4132543.248739159200341 ], [ 323733.731453138869256, 4133504.706301625818014 ], [ 324752.97202505619498, 4133483.296191975008696 ], [ 323061.571853971108794, 4131560.301856820937246 ], [ 324080.902811701409519, 4131538.821616983506829 ], [ 324926.468778620008379, 4132500.358340741600841 ], [ 325945.751718687009998, 4132479.099527881015092 ], [ 327637.319294329965487, 4134402.713651613797992 ], [ 326618.128610466257669, 4134423.777843411080539 ], [ 327464.222469591652043, 4135385.660910188686103 ], [ 325425.927803431870416, 4135427.967459090054035 ], [ 326272.289929032092914, 4136389.771342059131712 ], [ 325253.185961424955167, 4136411.013708517421037 ], [ 326946.530451480532065, 4138334.773737122304738 ], [ 325927.516984482412226, 4138355.945461508352309 ], [ 328468.992011264956091, 4141242.162336202803999 ], [ 329487.866887639625929, 4141221.283700654748827 ], [ 330335.330941477441229, 4142183.686245794408023 ], [ 328297.671778772724792, 4142225.37235469603911 ], [ 329145.404210078238975, 4143187.695598275400698 ], [ 328126.618119029561058, 4143208.627585799433291 ], [ 328974.572738778893836, 4144170.969395730644464 ], [ 327955.831062498036772, 4144191.928029181901366 ], [ 328804.007886410574429, 4145154.288425220176578 ], [ 330841.396932239178568, 4145112.691769437864423 ], [ 331689.657217077095993, 4146075.364987317007035 ], [ 328633.709683446679264, 4146137.652686459477991 ] ], [ [ 327965.542066582420375, 4138313.726437353529036 ], [ 328812.432072655530646, 4139275.877938407938927 ], [ 327793.466639666527044, 4139296.827591029461473 ], [ 326946.530451480532065, 4138334.773737122304738 ], [ 327965.542066582420375, 4138313.726437353529036 ] ], [ [ 330164.188481651130132, 4143166.888174121733755 ], [ 331012.05064366676379, 4144129.42590411240235 ], [ 329993.312595566967502, 4144150.135354828089476 ], [ 329145.404210078238975, 4143187.695598275400698 ], [ 330164.188481651130132, 4143166.888174121733755 ] ], [ [ 329156.938059601699933, 4137309.774395230226219 ], [ 330175.990329938067589, 4137289.002703356556594 ], [ 331022.565909216005821, 4138251.331061925273389 ], [ 330003.559784577635583, 4138272.005102123599499 ], [ 329156.938059601699933, 4137309.774395230226219 ] ], [ [ 329329.590699048188981, 4136326.790445036720484 ], [ 330348.687281094375066, 4136306.045538867358118 ], [ 331195.040781051502563, 4137268.355399804189801 ], [ 330175.990329938067589, 4137289.002703356556594 ], [ 329329.590699048188981, 4136326.790445036720484 ] ], [ [ 334771.602843748754822, 4134258.744798065163195 ], [ 335790.779019300010987, 4134238.675003670621663 ], [ 336636.458062991499901, 4135201.435853514820337 ], [ 335617.327934819157235, 4135221.408009057864547 ], [ 334771.602843748754822, 4134258.744798065163195 ] ], [ [ 334945.275901230401359, 4133276.030427697580308 ], [ 336983.715024427394383, 4133236.068497792351991 ], [ 337829.12608810281381, 4134198.908280421048403 ], [ 335790.779019300010987, 4134238.675003670621663 ], [ 334945.275901230401359, 4133276.030427697580308 ] ], [ [ 342254.031401679152623, 4132155.855512842070311 ], [ 341234.777124922373332, 4132175.126536547206342 ], [ 342079.782340465520974, 4133138.338146306108683 ], [ 339022.14713430556003, 4133196.603599302936345 ], [ 339867.466186643461697, 4134159.638696191832423 ], [ 338848.297003195388243, 4134179.211347049102187 ], [ 337157.742814557743259, 4132253.452851468231529 ], [ 335119.215184154687449, 4132293.361372189130634 ], [ 334274.10995108447969, 4131330.851472817361355 ], [ 336312.729598265257664, 4131290.747994907665998 ], [ 334623.230937127023935, 4129365.686343344859779 ], [ 335642.630081700510345, 4129345.626097668893635 ], [ 336487.24546514893882, 4130308.196328624617308 ], [ 337506.596861747035291, 4130288.357623017858714 ], [ 336662.027451688365545, 4129325.689997763838619 ], [ 337681.423058070824482, 4129305.878041363786906 ], [ 336837.075527515611611, 4128343.229002605192363 ], [ 338875.953378163743764, 4128303.782739675603807 ], [ 337187.969825589156244, 4126378.443020533304662 ], [ 338207.497973606339656, 4126358.711429702118039 ], [ 339051.355874204309657, 4127321.420628419611603 ], [ 340070.836362813948654, 4127301.910393121652305 ], [ 340914.824263012444135, 4128264.83291624346748 ], [ 339895.389685818750877, 4128284.245774135459214 ], [ 340739.599405340733938, 4129247.187010741792619 ], [ 339720.209023919771425, 4129266.626550084911287 ], [ 342254.031401679152623, 4132155.855512842070311 ] ], [ [ 337363.815987120615318, 4125396.118034213781357 ], [ 338383.388286463799886, 4125376.413271131459624 ], [ 337539.928116517025046, 4124413.838384781964123 ], [ 338559.544552583713084, 4124394.160469016525894 ], [ 340246.549024560605176, 4126319.62040725722909 ], [ 338207.497973606339656, 4126358.711429702118039 ], [ 337363.815987120615318, 4125396.118034213781357 ] ], [ [ 337716.306183436419815, 4123431.60407255217433 ], [ 338735.966741635114886, 4123411.95302364602685 ], [ 339579.159237057901919, 4124374.606548783835024 ], [ 338559.544552583713084, 4124394.160469016525894 ], [ 337716.306183436419815, 4123431.60407255217433 ] ], [ [ 340598.772180970525369, 4124355.176621856167912 ], [ 341442.094717684958596, 4125318.043121025897563 ], [ 340422.527640722575597, 4125337.375816758722067 ], [ 339579.159237057901919, 4124374.606548783835024 ], [ 340598.772180970525369, 4124355.176621856167912 ] ], [ [ 339755.625548465643078, 4123392.425941131077707 ], [ 340775.282614977099001, 4123373.02282278239727 ], [ 341618.383395355311222, 4124335.870686021633446 ], [ 340598.772180970525369, 4124355.176621856167912 ], [ 339755.625548465643078, 4123392.425941131077707 ] ], [ [ 316127.558806758141145, 4124855.721673774067312 ], [ 317147.214573999168351, 4124833.439312905073166 ], [ 317991.59479926363565, 4125794.076286582276225 ], [ 316971.985149835061748, 4125816.262032657396048 ], [ 316127.558806758141145, 4124855.721673774067312 ] ], [ [ 316303.010341980378143, 4123872.916421191766858 ], [ 314263.604574034456164, 4123917.798243151977658 ], [ 313419.484106049058028, 4122957.582192191854119 ], [ 312399.732070625119377, 4122980.305548621807247 ], [ 313243.898671186179854, 4123940.425188790075481 ], [ 312224.190741046040785, 4123963.176160961855203 ], [ 310535.941265859291889, 4122043.243144484702498 ], [ 311555.741479698452167, 4122020.299479248002172 ], [ 310711.92690105503425, 4121060.406838328577578 ], [ 311731.771190740517341, 4121037.490886146202683 ], [ 310888.178748729929794, 4120077.615346431732178 ], [ 313947.837663352722302, 4120009.322429315187037 ], [ 313104.559522938914597, 4119049.271619774866849 ], [ 314124.487831862817984, 4119026.658920645713806 ], [ 312438.551707461825572, 4117106.704860982485116 ], [ 315498.600790062453598, 4117039.033095640130341 ], [ 316341.342717249004636, 4117999.241865118499845 ], [ 315321.374420634820126, 4118021.579151417594403 ], [ 317850.794275942782406, 4120902.597908658906817 ], [ 316830.962117483839393, 4120924.770234931726009 ], [ 318518.214093951275572, 4122845.825318711809814 ], [ 316478.728092467295937, 4122890.156096588820219 ], [ 318166.868358078645542, 4124811.280997551977634 ], [ 317147.214573999168351, 4124833.439312905073166 ], [ 316303.010341980378143, 4123872.916421191766858 ] ], [ [ 314656.034859460662119, 4116078.937645646277815 ], [ 315676.093191196559928, 4116056.531935694161803 ], [ 316518.61310343653895, 4117016.723483042325824 ], [ 315498.600790062453598, 4117039.033095640130341 ], [ 314656.034859460662119, 4116078.937645646277815 ] ], [ [ 297805.38405952451285, 4119403.329553034156561 ], [ 296785.421804350451566, 4119427.924700231291354 ], [ 295097.916320347692817, 4117511.23093764251098 ], [ 296117.971070445608348, 4117486.444432237651199 ], [ 297805.38405952451285, 4119403.329553034156561 ] ], [ [ 305965.003661023918539, 4119211.029386095236987 ], [ 304945.058733544545248, 4119234.633223217446357 ], [ 304101.587637557182461, 4118275.463888097088784 ], [ 305121.57872428977862, 4118251.764122486580163 ], [ 305965.003661023918539, 4119211.029386095236987 ] ], [ [ 317361.309008609154262, 4117977.02842502342537 ], [ 318381.273305813781917, 4117954.938828601501882 ], [ 319224.09918658179231, 4118915.453581621870399 ], [ 318204.180904000648297, 4118937.44690367905423 ], [ 317361.309008609154262, 4117977.02842502342537 ] ], [ [ 317538.623411578708328, 4116994.537687452044338 ], [ 318558.631725600920618, 4116972.475706341676414 ], [ 319401.235619962099008, 4117932.973073335830122 ], [ 318381.273305813781917, 4117954.938828601501882 ], [ 317538.623411578708328, 4116994.537687452044338 ] ], [ [ 323481.06526799191488, 4117846.348414001520723 ], [ 322638.645262672798708, 4116885.46587664168328 ], [ 323658.643772751791403, 4116864.022930508479476 ], [ 324501.017833367106505, 4117825.001827262807637 ], [ 323481.06526799191488, 4117846.348414001520723 ] ], [ [ 321618.644814031780697, 4116907.032624827232212 ], [ 320776.354827446513809, 4115946.360190663486719 ], [ 321796.401228060480207, 4115924.697185025550425 ], [ 322638.645262672798708, 4116885.46587664168328 ], [ 321618.644814031780697, 4116907.032624827232212 ] ], [ [ 318914.146497451991308, 4115007.684323952067643 ], [ 317894.050193918868899, 4115029.691016556229442 ], [ 317052.020242252387106, 4114069.437831518240273 ], [ 318072.162512473994866, 4114047.335085144732147 ], [ 318914.146497451991308, 4115007.684323952067643 ] ], [ [ 321132.577403842704371, 4113981.769197468645871 ], [ 322152.711765018873848, 4113960.16134375333786 ], [ 322994.511993919732049, 4114920.895064563024789 ], [ 321974.423555186251178, 4114942.406757716555148 ], [ 321132.577403842704371, 4113981.769197468645871 ] ], [ [ 321311.087507738964632, 4112999.54119289945811 ], [ 322331.265827184659429, 4112977.960943997837603 ], [ 323172.844176794402301, 4113938.677207009866834 ], [ 322152.711765018873848, 4113960.16134375333786 ], [ 321311.087507738964632, 4112999.54119289945811 ] ], [ [ 321489.863448259653524, 4112017.358184200711548 ], [ 322510.08571131323697, 4111995.805559311062098 ], [ 323351.442197342053987, 4112956.504382889252156 ], [ 322331.265827184659429, 4112977.960943997837603 ], [ 321489.863448259653524, 4112017.358184200711548 ] ], [ [ 309910.967583355377428, 4114227.621623041108251 ], [ 308890.808960199356079, 4114250.714276589918882 ], [ 308048.586893851927016, 4113291.341156711801887 ], [ 309068.791569146909751, 4113268.152737434022129 ], [ 309910.967583355377428, 4114227.621623041108251 ] ], [ [ 318250.540742086712271, 4113065.024091044906527 ], [ 317230.354513912112452, 4113087.099115868564695 ], [ 316388.722504487144761, 4112126.976274435408413 ], [ 317408.954680932278279, 4112104.805319307837635 ], [ 318250.540742086712271, 4113065.024091044906527 ] ], [ [ 306364.670828032307327, 4111372.932134065311402 ], [ 305344.371931187226437, 4111396.435530352406204 ], [ 304502.631883991882205, 4110437.494859622791409 ], [ 305522.976833658234682, 4110413.89594894554466 ], [ 306364.670828032307327, 4111372.932134065311402 ] ], [ [ 311645.002002295455895, 4110274.898913093842566 ], [ 309604.335353321104776, 4110320.736718312371522 ], [ 308763.001473074313253, 4109361.430539055261761 ], [ 310803.760097325663082, 4109315.401562638115138 ], [ 311645.002002295455895, 4110274.898913093842566 ] ], [ [ 317105.605892400606535, 4108198.139028227888048 ], [ 318126.01369473116938, 4108176.079344227444381 ], [ 318966.712163288379088, 4109136.229507326614112 ], [ 317946.350250192219391, 4109158.193454279564321 ], [ 317105.605892400606535, 4108198.139028227888048 ] ], [ [ 317285.491210598614998, 4107216.041976884938776 ], [ 318305.942882699659094, 4107194.010158380959183 ], [ 319146.419492361252196, 4108154.143214526120573 ], [ 318126.01369473116938, 4108176.079344227444381 ], [ 317285.491210598614998, 4107216.041976884938776 ] ], [ [ 321187.225118368398398, 4108110.641608019825071 ], [ 322207.624969163967762, 4108089.076126250904053 ], [ 323048.139991785166785, 4109049.609504448249936 ], [ 322027.785985842405353, 4109071.079142383765429 ], [ 321187.225118368398398, 4108110.641608019825071 ] ], [ [ 320527.122835864895023, 4106168.348515121731907 ], [ 321547.612383264000528, 4106146.715061457827687 ], [ 320707.671100799227133, 4105186.424900337588042 ], [ 321728.204489000490867, 4105164.819262666627765 ], [ 320888.484988766140305, 4104204.54625086998567 ], [ 318847.324603504268453, 4104248.072156525682658 ], [ 318007.689457002445124, 4103288.102844466920942 ], [ 321069.564469428150915, 4103222.712567729875445 ], [ 320230.242708179459441, 4102262.569302087649703 ], [ 321250.909512436250225, 4102240.923851932864636 ], [ 322929.637446995358914, 4104161.514075611252338 ], [ 321909.06220313324593, 4104182.96844817372039 ], [ 324428.611211409792304, 4107064.41318772174418 ], [ 323408.171398591483012, 4107085.70389277022332 ], [ 324248.41880240815226, 4108046.315793374087662 ], [ 322207.624969163967762, 4108089.076126250904053 ], [ 320527.122835864895023, 4106168.348515121731907 ] ], [ [ 319572.885463984624948, 4100320.783823688514531 ], [ 320593.641810280969366, 4100299.070915901102126 ], [ 319754.939506451948546, 4099339.074069630820304 ], [ 320775.739605459617451, 4099317.389149670023471 ], [ 319937.259019185090438, 4098357.409249423071742 ], [ 322999.784565555281006, 4098292.808287087827921 ], [ 323838.127994196722284, 4099253.074115124996752 ], [ 325879.710442913579755, 4099210.813838741276413 ], [ 326718.138442738738377, 4100171.383069096133113 ], [ 325697.393881452037022, 4100192.35610338812694 ], [ 326536.04352577147074, 4101152.942585607990623 ], [ 324494.640003994572908, 4101195.067577477544546 ], [ 326172.650008167431224, 4103116.196809095796198 ], [ 325152.036796031985432, 4103137.253168650437146 ], [ 325991.351468139269855, 4104097.891514277551323 ], [ 324970.78206824028166, 4104118.975611091591418 ], [ 323292.237187865073793, 4102198.003071907442063 ], [ 321250.909512436250225, 4102240.923851932864636 ], [ 319572.885463984624948, 4100320.783823688514531 ] ], [ [ 316085.196074157487601, 4108220.32226904341951 ], [ 315064.784228796779644, 4108242.629069207701832 ], [ 314224.124054458574392, 4107282.878608299884945 ], [ 315244.581807699461933, 4107260.476199309341609 ], [ 316085.196074157487601, 4108220.32226904341951 ] ], [ [ 319506.631306431954727, 4106190.105459734797478 ], [ 318486.137783729238436, 4106211.985897779930383 ], [ 317646.05899981467519, 4105251.982593918219209 ], [ 318666.598367450817022, 4105230.006563475355506 ], [ 319506.631306431954727, 4106190.105459734797478 ] ], [ [ 316625.517616545432247, 4105274.082093617878854 ], [ 315604.974206400103867, 4105296.305065099149942 ], [ 314764.979691689019091, 4104336.605238786898553 ], [ 315785.568965438753366, 4104314.286803060676903 ], [ 316625.517616545432247, 4105274.082093617878854 ] ], [ [ 345381.817065347218886, 4103720.740893230773509 ], [ 344361.282323476159945, 4103739.480397814884782 ], [ 343522.789247300301213, 4102777.115650701802224 ], [ 344543.369529506657273, 4102758.279979412443936 ], [ 345381.817065347218886, 4103720.740893230773509 ] ], [ [ 337108.277936322730966, 4098987.196118767838925 ], [ 336087.50835565244779, 4099006.908699424006045 ], [ 336925.48006746720057, 4099968.434045469388366 ], [ 337946.204079874441959, 4099948.817224013619125 ], [ 338784.306132678757422, 4100910.551943219732493 ], [ 337763.627692422713153, 4100930.072930596303195 ], [ 339440.450669781770557, 4102853.691882836166769 ], [ 338419.861606837017462, 4102873.144338546320796 ], [ 335904.754243517527357, 4099988.174147511832416 ], [ 333863.297115756664425, 4100028.024202388711274 ], [ 333025.188633257173933, 4099066.785972732584924 ], [ 335066.736952462699264, 4099026.744533789809793 ], [ 334228.895581373595633, 4098065.428243290167302 ], [ 336270.527705015498213, 4098025.688486422412097 ], [ 337108.277936322730966, 4098987.196118767838925 ] ], [ [ 303899.295160847366787, 4102625.677463143132627 ], [ 301857.888548289309256, 4102673.287288471590728 ], [ 301017.916902964934707, 4101714.969622672069818 ], [ 303059.415457767201588, 4101667.169875039253384 ], [ 303899.295160847366787, 4102625.677463143132627 ] ], [ [ 339987.646715297945775, 4099909.953413902781904 ], [ 338966.926292046438903, 4099929.32368090050295 ], [ 337291.341027908725664, 4098006.003445988055319 ], [ 338312.152539955626708, 4097986.441627883352339 ], [ 339987.646715297945775, 4099909.953413902781904 ] ], [ [ 342029.082240273943171, 4099871.582699418533593 ], [ 341008.365360935218632, 4099890.706420808564872 ], [ 340170.5758564369753, 4098928.797876595985144 ], [ 341191.338260248070583, 4098909.578288389369845 ], [ 342029.082240273943171, 4099871.582699418533593 ] ], [ [ 341558.079523052845616, 4096947.458011932205409 ], [ 340537.229646309453528, 4096966.622733870055526 ], [ 339700.058867039973848, 4096004.863547635730356 ], [ 340720.954234606120735, 4095985.603129602503031 ], [ 341558.079523052845616, 4096947.458011932205409 ] ], [ [ 345825.404658781131729, 4095891.148357274476439 ], [ 344804.518057911715005, 4095909.793009917717427 ], [ 343967.750505558564328, 4094947.66887216642499 ], [ 344988.682538663153537, 4094928.928463524207473 ], [ 345825.404658781131729, 4095891.148357274476439 ] ], [ [ 329021.280929537373595, 4093281.073466097004712 ], [ 330042.32762783463113, 4093260.541713044513017 ], [ 329205.541837763041258, 4092299.902407958637923 ], [ 330226.632188606541604, 4092279.398540657479316 ], [ 329390.06788761424832, 4091318.776440646499395 ], [ 332453.464167342404835, 4091257.717659709975123 ], [ 333289.891888270503841, 4092218.625324534717947 ], [ 334310.974708517198451, 4092198.613706693053246 ], [ 333474.592492149444297, 4091237.610799946822226 ], [ 337559.087253390811384, 4091158.413635704200715 ], [ 338395.287561881472357, 4092119.797778685111552 ], [ 337374.21208989090519, 4092139.317183707375079 ], [ 339884.00484405469615, 4095023.861746337264776 ], [ 338863.063989570480771, 4095043.217785674147308 ], [ 338026.245016904664226, 4094081.685307236853987 ], [ 332921.285961465444416, 4094180.789869070053101 ], [ 332084.415335664409213, 4093219.847489583771676 ], [ 331063.372426082554739, 4093240.133054985664785 ], [ 331900.288597178412601, 4094200.980123793706298 ], [ 329858.288224410032853, 4094241.729993991088122 ], [ 329021.280929537373595, 4093281.073466097004712 ] ], [ [ 341925.881203360273503, 4094985.519056994467974 ], [ 340904.943911529146135, 4095004.628837510943413 ], [ 339231.66377639665734, 4093081.294932992663234 ], [ 340252.691986512159929, 4093061.994026478845626 ], [ 341925.881203360273503, 4094985.519056994467974 ] ], [ [ 344152.136299793433864, 4093966.822301992215216 ], [ 343131.158838417497464, 4093985.658391824923456 ], [ 342294.74305955437012, 4093023.761428086552769 ], [ 343315.765945258899592, 4093004.829731832258403 ], [ 344152.136299793433864, 4093966.822301992215216 ] ], [ [ 333659.558149369666353, 4090256.641441588290036 ], [ 329574.859048831393011, 4090337.695565096568316 ], [ 328738.692159621510655, 4089377.202861334662884 ], [ 332823.573270379332826, 4089295.768420288339257 ], [ 333659.558149369666353, 4090256.641441588290036 ] ], [ [ 338765.390151581144892, 4090158.091284680180252 ], [ 336723.062853895127773, 4090197.142363720573485 ], [ 334216.045138887653593, 4087314.004372323397547 ], [ 336258.645030980638694, 4087274.382297846488655 ], [ 334588.361177982063964, 4085352.472172875422984 ], [ 335609.749169643619098, 4085332.655459980014712 ], [ 338115.302595703396946, 4088215.974438907578588 ], [ 337094.050828643376008, 4088235.505980298854411 ], [ 338765.390151581144892, 4090158.091284680180252 ] ], [ [ 341828.867568515997846, 4090100.437080721836537 ], [ 340807.710218255524524, 4090119.532163041178137 ], [ 339972.043431578727905, 4089157.992552437353879 ], [ 340993.246179550187662, 4089138.8021355047822 ], [ 341828.867568515997846, 4090100.437080721836537 ] ], [ [ 328273.964540928369388, 4086454.864006492774934 ], [ 329295.320332083967514, 4086434.282055196817964 ], [ 330130.82289828825742, 4087394.723498541396111 ], [ 329109.512592927436344, 4087415.210580488666892 ], [ 328273.964540928369388, 4086454.864006492774934 ] ], [ [ 328459.993704469874501, 4085473.952485325746238 ], [ 329481.393045934382826, 4085453.398607986979187 ], [ 330316.674202589550987, 4086413.822999586351216 ], [ 329295.320332083967514, 4086434.282055196817964 ], [ 328459.993704469874501, 4085473.952485325746238 ] ], [ [ 331338.026163905218709, 4086393.486837320495397 ], [ 332173.437791859614663, 4087354.118099762126803 ], [ 331152.131294116610661, 4087374.359339077025652 ], [ 330316.674202589550987, 4086413.822999586351216 ], [ 331338.026163905218709, 4086393.486837320495397 ] ], [ [ 327438.592431223834865, 4085494.62923156330362 ], [ 326417.189214721787721, 4085515.428849069401622 ], [ 325581.947560555883683, 4084555.400427597109228 ], [ 326603.396266614086926, 4084534.506116286385804 ], [ 327438.592431223834865, 4085494.62923156330362 ] ], [ [ 328646.287826978834346, 4084493.086024795193225 ], [ 327624.843018260085955, 4084513.734649479389191 ], [ 326789.868276260560378, 4083553.62840833235532 ], [ 327811.358548542833887, 4083532.885110648348927 ], [ 328646.287826978834346, 4084493.086024795193225 ] ], [ [ 334774.916520742466673, 4084371.77382977027446 ], [ 333753.483128479332663, 4084391.685450908262283 ], [ 332918.781000842340291, 4083431.010769860818982 ], [ 333940.25978993170429, 4083411.004314882680774 ], [ 334774.916520742466673, 4084371.77382977027446 ] ], [ [ 331897.300326621509157, 4083451.140026141423732 ], [ 330875.817755774944089, 4083471.392086032778025 ], [ 330041.200733397039585, 4082511.0187449590303 ], [ 331062.728719544713385, 4082490.671979236416519 ], [ 331897.300326621509157, 4083451.140026141423732 ] ] ], [ [ [ 344760.623133247368969, 4152681.211744010448456 ], [ 343911.454893629183061, 4151717.025644364301115 ], [ 344929.811248760670424, 4151697.976296387147158 ], [ 344080.865088006015867, 4150733.809783201664686 ], [ 342044.058356367168017, 4150772.230785220395774 ], [ 343742.311326492577791, 4152700.28706038556993 ], [ 344760.623133247368969, 4152681.211744010448456 ] ] ], [ [ [ 344591.701660727092531, 4153664.492767053190619 ], [ 343742.311326492577791, 4152700.28706038556993 ], [ 342723.997871721512638, 4152719.487195495516062 ], [ 343573.434417015465442, 4153683.594031484331936 ], [ 344591.701660727092531, 4153664.492767053190619 ] ] ], [ [ [ 356005.799141177383717, 4170126.85395231610164 ], [ 356858.49396835063817, 4171092.915880279615521 ], [ 357875.931603310222272, 4171075.356733704917133 ], [ 357023.28308669681428, 4170109.194606620818377 ], [ 356005.799141177383717, 4170126.85395231610164 ] ] ], [ [ [ 357711.364642053609714, 4172059.098812345881015 ], [ 356858.49396835063817, 4171092.915880279615521 ], [ 355841.054852164816111, 4171110.60036598239094 ], [ 356693.971851265523583, 4172076.683048918843269 ], [ 357711.364642053609714, 4172059.098812345881015 ] ] ], [ [ [ 334310.937081807292998, 4172495.258086527232081 ], [ 335165.051814925798681, 4173459.261513536330312 ], [ 336182.4330601861584, 4173439.018423791974783 ], [ 335328.364886370487511, 4172474.915264969691634 ], [ 334310.937081807292998, 4172495.258086527232081 ] ] ], [ [ [ 346883.566652194480412, 4176177.017235006671399 ], [ 347737.966316021163948, 4177142.40099832136184 ], [ 348755.146815542073455, 4177123.687457414809614 ], [ 347900.793634022935294, 4176158.203411193564534 ], [ 346883.566652194480412, 4176177.017235006671399 ] ] ], [ [ [ 334724.246426537865773, 4182299.950089790392667 ], [ 335580.493605033901986, 4183264.352438144385815 ], [ 336597.422088259772863, 4183244.105150968302041 ], [ 335741.221595408627763, 4182279.602514779660851 ], [ 334724.246426537865773, 4182299.950089790392667 ] ] ], [ [ [ 345428.150997329677921, 4185036.668395698070526 ], [ 343715.875307543028612, 4183105.894381534308195 ], [ 341682.039670465281233, 4183144.754580708686262 ], [ 342538.182807772071101, 4184109.879923301748931 ], [ 343555.054802620143164, 4184090.487493533175439 ], [ 344411.327220651553944, 4185055.834453269839287 ], [ 345428.150997329677921, 4185036.668395698070526 ] ] ], [ [ [ 351689.974143953528255, 4183939.874550655949861 ], [ 352545.873881159815937, 4184906.027317055501044 ], [ 353562.685338242561556, 4184887.86732695158571 ], [ 352706.832139718229882, 4183921.613712916150689 ], [ 351689.974143953528255, 4183939.874550655949861 ] ] ], [ [ [ 368653.272167490562424, 4185614.621571639087051 ], [ 367797.893636719789356, 4184646.830215481109917 ], [ 366781.102145866199862, 4184663.229897912126034 ], [ 365925.853018734313082, 4183695.662793680094182 ], [ 364909.013763085356914, 4183712.289400847628713 ], [ 366619.780638025084045, 4185647.344075865112245 ], [ 368653.272167490562424, 4185614.621571639087051 ] ] ], [ [ [ 368814.683779029757716, 4184630.556255009956658 ], [ 369670.015919401310384, 4185598.448944304604083 ], [ 370686.758343217312358, 4185582.402064390480518 ], [ 369831.472583142691292, 4184614.408014667686075 ], [ 368814.683779029757716, 4184630.556255009956658 ] ] ], [ [ [ 370525.523850547266193, 4186566.464885814115405 ], [ 369670.015919401310384, 4185598.448944304604083 ], [ 368653.272167490562424, 4185614.621571639087051 ], [ 369508.826493814005516, 4186582.536102298647165 ], [ 370525.523850547266193, 4186566.464885814115405 ] ] ], [ [ [ 353562.685338242561556, 4184887.86732695158571 ], [ 354418.714401213685051, 4185854.242878362070769 ], [ 353401.949487341684289, 4185872.301943310536444 ], [ 354258.200958932749927, 4186838.698579613585025 ], [ 352224.759766730479896, 4186874.992122179828584 ], [ 353937.976571725099348, 4188807.747712630778551 ], [ 356987.856740893563256, 4188754.102659797295928 ], [ 355274.919325047056191, 4186820.740517375059426 ], [ 356291.636218260508031, 4186802.908258467447013 ], [ 355435.477831940748729, 4185836.309589615557343 ], [ 356452.239789855899289, 4185818.502075055148453 ], [ 355596.303782527102157, 4184851.924591976217926 ], [ 353562.685338242561556, 4184887.86732695158571 ] ] ], [ [ [ 367475.427785005420446, 4186615.055866685230285 ], [ 368331.250733239285182, 4187582.890827427152544 ], [ 367314.595790755876806, 4187599.237972257193178 ], [ 368170.64097142603714, 4188567.094769385643303 ], [ 367154.031124852481298, 4188583.466266309376806 ], [ 368010.298553762724623, 4189551.344922602176666 ], [ 370043.424018083314877, 4189518.930862629320472 ], [ 369187.249478885380086, 4188550.849109048489481 ], [ 370203.856657536351122, 4188534.72928346786648 ], [ 371059.984766989131458, 4189502.912626637145877 ], [ 372076.544207454542629, 4189487.020250900182873 ], [ 369508.826493814005516, 4186582.536102298647165 ], [ 367475.427785005420446, 4186615.055866685230285 ] ] ], [ [ [ 366993.733817756525241, 4189567.74075022758916 ], [ 367850.223510711453855, 4190535.641288508661091 ], [ 368866.741781949764118, 4190519.347046420443803 ], [ 368010.298553762724623, 4189551.344922602176666 ], [ 366993.733817756525241, 4189567.74075022758916 ] ] ], [ [ [ 343521.313303055241704, 4196855.296993499621749 ], [ 344380.386363963829353, 4197821.115542793646455 ], [ 345396.620199593016878, 4197801.877318547107279 ], [ 344537.593931235198397, 4196835.957426276057959 ], [ 343521.313303055241704, 4196855.296993499621749 ] ] ], [ [ [ 354151.582924954942428, 4206482.487190768122673 ], [ 353135.771888909337576, 4206500.683437541127205 ], [ 352275.162608360755257, 4205533.656307089142501 ], [ 351259.303275751299225, 4205552.080982971005142 ], [ 352980.791380758222658, 4207486.054862561635673 ], [ 351965.024256734759547, 4207504.401784492656589 ], [ 352826.07897391798906, 4208471.472264871001244 ], [ 353841.799245027359575, 4208453.227516861632466 ], [ 354702.982978928950615, 4209420.524184173904359 ], [ 358765.662305619334802, 4209349.218859060667455 ], [ 356183.200648188940249, 4206446.473842337727547 ], [ 355167.392508016899228, 4206464.417326374910772 ], [ 356888.951381185441278, 4208399.251908987760544 ], [ 355873.235438591160346, 4208417.117340942844748 ], [ 354151.582924954942428, 4206482.487190768122673 ] ] ], [ [ [ 298372.82417579414323, 4083202.679074980318546 ], [ 300045.061157191637903, 4085117.689924686681479 ], [ 302088.061507512291428, 4085069.880355909001082 ], [ 303760.819571528118104, 4086985.705884097144008 ], [ 304782.224894842598587, 4086962.173696618992835 ], [ 303109.558332287706435, 4085046.159931669943035 ], [ 307195.523563061258756, 4084952.507239109370857 ], [ 306359.637192206748296, 4083994.288851864635944 ], [ 304316.567555907357018, 4084041.057602635584772 ], [ 303480.765797663712874, 4083083.137238438706845 ], [ 298372.82417579414323, 4083202.679074980318546 ] ] ], [ [ [ 286950.109989622142166, 4084458.437911338172853 ], [ 287786.866619225183968, 4085414.872672577388585 ], [ 286765.335144366545137, 4085440.436977967619896 ], [ 288439.46847846347373, 4087353.4453021036461 ], [ 289460.90810760675231, 4087328.068440840579569 ], [ 291135.653886762680486, 4089241.700123746413738 ], [ 292156.999313471955247, 4089216.634053560905159 ], [ 290482.345369622693397, 4087302.814577653538436 ], [ 291503.780275947181508, 4087277.683709652163088 ], [ 289829.922409724851605, 4085364.112895058467984 ], [ 290851.446748282527551, 4085338.917417112272233 ], [ 290014.827803776483051, 4084382.201664573978633 ], [ 286950.109989622142166, 4084458.437911338172853 ] ] ], [ [ [ 292894.488369298051111, 4085288.895268409047276 ], [ 293731.191642725258134, 4086245.907552862539887 ], [ 292709.7178680250654, 4086270.763343443628401 ], [ 294383.744326437008567, 4088184.92782682646066 ], [ 295405.126364256429952, 4088160.259892156347632 ], [ 294568.070975142647512, 4087203.029048029333353 ], [ 295589.496573075070046, 4087178.39013211382553 ], [ 294752.663095995550975, 4086221.174719630274922 ], [ 295774.132239285972901, 4086196.564840912353247 ], [ 294937.520658587571234, 4085239.364843538496643 ], [ 292894.488369298051111, 4085288.895268409047276 ] ] ], [ [ [ 304967.252469340281095, 4085980.608424995094538 ], [ 305803.628022638964467, 4086938.764465302228928 ], [ 306825.028966363111977, 4086915.478187461383641 ], [ 305988.69914271478774, 4085957.227938657160848 ], [ 304967.252469340281095, 4085980.608424995094538 ] ] ], [ [ [ 304782.224894842598587, 4086962.173696618992835 ], [ 305618.822212807135656, 4087920.34564528381452 ], [ 306640.179596198839135, 4087897.030670124106109 ], [ 305803.628022638964467, 4086938.764465302228928 ], [ 304782.224894842598587, 4086962.173696618992835 ] ] ], [ [ [ 295405.126364256429952, 4088160.259892156347632 ], [ 296242.357807754422538, 4089117.600223612971604 ], [ 297263.691685270983726, 4089093.149364647455513 ], [ 296426.506103607825935, 4088135.714967649895698 ], [ 295405.126364256429952, 4088160.259892156347632 ] ] ], [ [ [ 300981.068533836863935, 4090960.191643808502704 ], [ 300143.622559492476285, 4090002.349201020784676 ], [ 299122.339063975960016, 4090026.459802597761154 ], [ 298285.023287201183848, 4089068.821539469528943 ], [ 297263.691685270983726, 4089093.149364647455513 ], [ 298938.590992599842139, 4091008.347397238016129 ], [ 300981.068533836863935, 4090960.191643808502704 ] ] ], [ [ [ 310172.108404609956779, 4090749.582958335056901 ], [ 311846.70417466852814, 4092667.299555236939341 ], [ 312867.828563897055574, 4092644.703198009170592 ], [ 311193.324268306721933, 4090726.797313871327788 ], [ 312214.538016094942577, 4090704.134723857510835 ], [ 311377.595592743833549, 4089745.253596222959459 ], [ 308313.810794178862125, 4089813.894128463696688 ], [ 309150.890413599554449, 4090772.491659858264029 ], [ 310172.108404609956779, 4090749.582958335056901 ] ] ], [ [ [ 303128.919990088557824, 4095798.269515889696777 ], [ 302290.502116863091942, 4094840.064303171355277 ], [ 304332.612781172560062, 4094792.664064143784344 ], [ 302656.488592364126816, 4092876.207046035211533 ], [ 304698.773879876942374, 4092828.921289130114019 ], [ 303861.067503481404856, 4091870.669545367825776 ], [ 304882.252683082129806, 4091847.116866489406675 ], [ 304044.768149715149775, 4090888.881115628406405 ], [ 305065.996948346437421, 4090865.357089194469154 ], [ 304228.734242339152843, 4089907.137314263731241 ], [ 301164.903813677257858, 4089978.361654139123857 ], [ 302002.303953860595357, 4090936.298390221316367 ], [ 300981.068533836863935, 4090960.191643808502704 ], [ 301818.690545599092729, 4091918.144212493672967 ], [ 300797.498744539334439, 4091942.066206174436957 ], [ 301635.342643541749567, 4092900.034624352585524 ], [ 299593.044078879174776, 4092948.059194351080805 ], [ 300431.155759140907321, 4093905.949042231310159 ], [ 298388.940020163776353, 4093954.277387690730393 ], [ 299227.319538181996904, 4094912.088612975087017 ], [ 296164.116788333631121, 4094985.22173030115664 ], [ 295325.599488494393881, 4094027.693720655981451 ], [ 296346.715270630898885, 4094003.098430645186454 ], [ 294670.300711084739305, 4092088.183583313599229 ], [ 293649.093061391497031, 4092112.967408028896898 ], [ 294487.258245406730566, 4093070.275659539736807 ], [ 293466.09422968927538, 4093095.088410389143974 ], [ 294304.481419631512836, 4094052.412193437572569 ], [ 292262.238376274763141, 4094102.218698642216623 ], [ 293939.724809528212063, 4096016.818626902531832 ], [ 292918.69178448501043, 4096041.718044428154826 ], [ 293757.745086083363276, 4096999.088522807694972 ], [ 294778.732120168046094, 4096974.283527053892612 ], [ 295617.915490394632798, 4097931.85857008676976 ], [ 297659.790756271453574, 4097882.807458763476461 ], [ 296820.6993402504595, 4096925.043344201985747 ], [ 299883.633220102521591, 4096852.10754943266511 ], [ 299044.855692974932026, 4095894.170144088100642 ], [ 302107.907237908337265, 4095822.059837488923222 ], [ 302946.547031577327289, 4096780.28106342907995 ], [ 300904.606705304351635, 4096828.04213457647711 ], [ 302582.598031158791855, 4098744.438013315666467 ], [ 305645.229791934718378, 4098673.549750575330108 ], [ 304806.283830088039394, 4097715.012100031133741 ], [ 306848.11926572676748, 4097668.180058769416064 ], [ 306009.44108066521585, 4096709.563812259584665 ], [ 304988.478574566193856, 4096733.012985518202186 ], [ 304149.930546443909407, 4095774.602413375861943 ], [ 303128.919990088557824, 4095798.269515889696777 ] ] ], [ [ [ 318627.147860214929096, 4094474.658167402260005 ], [ 319464.833109176135622, 4095434.380358716007322 ], [ 320485.810075737361331, 4095412.684402998071164 ], [ 319648.170520286541432, 4094452.867174216546118 ], [ 318627.147860214929096, 4094474.658167402260005 ] ] ], [ [ [ 318443.854128389735706, 4095456.199491897597909 ], [ 319281.761061660014093, 4096415.938462820835412 ], [ 320302.694334149069618, 4096394.214414989575744 ], [ 319464.833109176135622, 4095434.380358716007322 ], [ 318443.854128389735706, 4095456.199491897597909 ] ] ], [ [ [ 321506.785039433219936, 4095391.111622260883451 ], [ 323182.500689209555276, 4097311.272390635684133 ], [ 324203.382308089989237, 4097290.013187953736633 ], [ 322527.758011617348529, 4095369.662014039698988 ], [ 321506.785039433219936, 4095391.111622260883451 ] ] ], [ [ [ 322817.333838017540984, 4099274.389174874871969 ], [ 323655.898939839680679, 4100234.672092908993363 ], [ 324676.647384252515621, 4100213.452443855814636 ], [ 323838.127994196722284, 4099253.074115124996752 ], [ 322817.333838017540984, 4099274.389174874871969 ] ] ], [ [ [ 339916.09811851172708, 4105778.427100531756878 ], [ 340755.392383183643688, 4106740.557701282203197 ], [ 341775.800789548549801, 4106721.366352699697018 ], [ 340936.552142431843095, 4105759.139521715696901 ], [ 339916.09811851172708, 4105778.427100531756878 ] ] ], [ [ [ 334813.801246755232569, 4105876.716735662892461 ], [ 335653.323762834537774, 4106838.366588843520731 ], [ 336673.741069483221509, 4106818.557851292658597 ], [ 335834.264225542079657, 4105856.811902372632176 ], [ 334813.801246755232569, 4105876.716735662892461 ] ] ], [ [ [ 331210.90282410493819, 4108882.300757540855557 ], [ 332891.72795404138742, 4110805.244594646152109 ], [ 333911.973321458732244, 4110785.079404862597585 ], [ 333071.518542914942373, 4109823.454261871986091 ], [ 334091.807826671167277, 4109803.316413648426533 ], [ 333251.574716574512422, 4108841.709138052538037 ], [ 335292.239262102404609, 4108801.611708068754524 ], [ 336132.380928019993007, 4109763.411437582224607 ], [ 337152.664768005895894, 4109743.644305186346173 ], [ 336312.568807782838121, 4108781.74830841133371 ], [ 337332.896550353732891, 4108762.008449285756797 ], [ 335653.323762834537774, 4106838.366588843520731 ], [ 333612.483697043498978, 4106878.354519780259579 ], [ 332772.869803838257212, 4105916.896777496207505 ], [ 331752.401317223033402, 4105937.171990626025945 ], [ 333431.896444716490805, 4107860.009223808068782 ], [ 331391.136778589221649, 4107900.545996270608157 ], [ 332231.239694310119376, 4108861.943172956816852 ], [ 331210.90282410493819, 4108882.300757540855557 ] ] ], [ [ [ 332532.943651878740638, 4112768.960884576197714 ], [ 333374.063530161511153, 4113730.639741091057658 ], [ 336434.393207071814686, 4113670.640578490216285 ], [ 337275.551675635622814, 4114632.723358624149114 ], [ 339315.670969983097166, 4114593.535492718219757 ], [ 337633.712953361100517, 4112669.098401247058064 ], [ 338653.861423398600891, 4112649.496871346607804 ], [ 337813.19201168557629, 4111687.353877091780305 ], [ 334752.604026986402459, 4111746.818743882700801 ], [ 335593.410656519059557, 4112708.672421023249626 ], [ 332532.943651878740638, 4112768.960884576197714 ] ] ], [ [ [ 351915.634465424809605, 4112405.928369365632534 ], [ 352755.88625127094565, 4113369.443557926919311 ], [ 347655.466229278012179, 4113460.166859064251184 ], [ 348496.121955864189658, 4114423.313309639692307 ], [ 349516.163617766462266, 4114405.018196970690042 ], [ 351197.91138943633996, 4116331.851967698894441 ], [ 350177.961017874185927, 4116349.953135789372027 ], [ 349336.953553134342656, 4115386.575354219414294 ], [ 348316.955885292263702, 4115404.897246326785535 ], [ 349999.237999081378803, 4117331.574648128822446 ], [ 348979.330012625083327, 4117349.826268936973065 ], [ 350662.406944998539984, 4119276.773172772955149 ], [ 353721.851989326765761, 4119222.972649175673723 ], [ 352039.049067021347582, 4117295.442714865785092 ], [ 353058.952170737087727, 4117277.562398297246546 ], [ 352217.860133822832722, 4116313.874538579024374 ], [ 354257.752785572432913, 4116278.290889074560255 ], [ 355098.753573247406166, 4117242.173055096529424 ], [ 357138.548643324058503, 4117207.278751732781529 ], [ 355456.905320115503855, 4115279.241923542227596 ], [ 357496.876465963432565, 4115244.453749033622444 ], [ 356656.409713311935775, 4114280.41547037800774 ], [ 355636.379357794998214, 4114297.844831775408238 ], [ 354796.04287859791657, 4113334.019799248315394 ], [ 353775.96536673331866, 4113351.669854786712676 ], [ 352935.759162025526166, 4112388.057747268117964 ], [ 351915.634465424809605, 4112405.928369365632534 ] ], [ [ 352396.936706949374638, 4115332.351953633129597 ], [ 351556.242006772314198, 4114368.799024247564375 ], [ 354616.347420532722026, 4114315.397865853272378 ], [ 355456.905320115503855, 4115279.241923542227596 ], [ 352396.936706949374638, 4115332.351953633129597 ] ] ], [ [ [ 339136.900830002210569, 4115575.361754584591836 ], [ 340820.005793972406536, 4117500.295212919823825 ], [ 342859.847058737650514, 4117461.935284155420959 ], [ 341176.925101559376344, 4115536.614660321269184 ], [ 339136.900830002210569, 4115575.361754584591836 ] ] ], [ [ [ 337760.230828595347703, 4117558.763531825505197 ], [ 338602.184519187547266, 4118521.112581068184227 ], [ 340641.944669255346525, 4118482.203556898981333 ], [ 341483.982682175119407, 4119444.861589771695435 ], [ 342503.814365173573606, 4119425.689746065996587 ], [ 340820.005793972406536, 4117500.295212919823825 ], [ 337760.230828595347703, 4117558.763531825505197 ] ] ], [ [ [ 349464.662456783116795, 4120276.712500337976962 ], [ 350306.731989268097095, 4121240.281835526227951 ], [ 351326.460467858647462, 4121222.17133297258988 ], [ 350484.436646243499126, 4120258.50471823848784 ], [ 349464.662456783116795, 4120276.712500337976962 ] ] ], [ [ [ 351814.402842978714034, 4124149.630361613351852 ], [ 350971.759992567705922, 4123185.809189687948674 ], [ 351991.3986446299823, 4123167.769534545950592 ], [ 350306.731989268097095, 4121240.281835526227951 ], [ 348267.270133653655648, 4121276.874496210832149 ], [ 347425.109147290932015, 4120313.499639023561031 ], [ 345385.549189817393199, 4120350.782224338967353 ], [ 347912.834279399714433, 4123240.671807319391519 ], [ 349952.119721710158046, 4123203.972785484045744 ], [ 350794.808316898648627, 4124167.696504989638925 ], [ 351814.402842978714034, 4124149.630361613351852 ] ] ], [ [ [ 352480.71309322520392, 4126095.49381324229762 ], [ 353323.929267757688649, 4127059.567690167110413 ], [ 355362.842224601656199, 4127024.145075764972717 ], [ 354519.717554261616897, 4126059.875812391284853 ], [ 352480.71309322520392, 4126095.49381324229762 ] ] ], [ [ [ 357193.087949000648223, 4133845.916756690014154 ], [ 358037.80246928636916, 4134810.734251159708947 ], [ 360075.989093978423625, 4134776.383122877683491 ], [ 357542.647870424902067, 4131881.695077805314213 ], [ 355504.186425953055732, 4131916.63522938452661 ], [ 356348.549266749585513, 4132881.217131131794304 ], [ 355329.362030654156115, 4132898.775437733158469 ], [ 356173.946532030939125, 4133863.376933438703418 ], [ 357193.087949000648223, 4133845.916756690014154 ] ] ], [ [ [ 360573.001023883000016, 4137705.895400898531079 ], [ 361418.418861753016245, 4138671.185824520885944 ], [ 363456.238937868620269, 4138637.622191967442632 ], [ 362610.912750339019112, 4137672.134665834251791 ], [ 360573.001023883000016, 4137705.895400898531079 ] ] ], [ [ [ 349177.585084584075958, 4144760.750741405412555 ], [ 350025.014838684466667, 4145725.194337964057922 ], [ 351043.630103557487018, 4145706.924267787020653 ], [ 350196.246389115345664, 4144742.382060558069497 ], [ 349177.585084584075958, 4144760.750741405412555 ] ] ], [ [ [ 349854.049659955897368, 4146708.052269847132266 ], [ 350872.620463303523138, 4146689.756255465559661 ], [ 350025.014838684466667, 4145725.194337964057922 ], [ 349006.397980840643868, 4145743.589012299198657 ], [ 349854.049659955897368, 4146708.052269847132266 ] ] ], [ [ [ 351891.189684231881984, 4146671.584872297011316 ], [ 350872.620463303523138, 4146689.756255465559661 ], [ 351720.401955085340887, 4147654.436640048865229 ], [ 352738.925127763708588, 4147636.364020261913538 ], [ 351891.189684231881984, 4146671.584872297011316 ] ] ], [ [ [ 352398.059912543976679, 4149602.152971818111837 ], [ 351549.880629178893287, 4148637.334103318862617 ], [ 352568.359310651663691, 4148619.235637972597033 ], [ 351720.401955085340887, 4147654.436640048865229 ], [ 349683.350883299252018, 4147690.955856517422944 ], [ 351379.625736876158044, 4149620.277262482792139 ], [ 352398.059912543976679, 4149602.152971818111837 ] ] ], [ [ [ 343232.094823707011528, 4149769.761558245401829 ], [ 344080.865088006015867, 4150733.809783201664686 ], [ 345099.265976852271706, 4150714.786423936486244 ], [ 344250.541879199270625, 4149750.639476683456451 ], [ 343232.094823707011528, 4149769.761558245401829 ] ] ], [ [ [ 368351.577271245827433, 4151294.278436543885618 ], [ 370388.215939749847166, 4151262.293151477817446 ], [ 367845.358195908309426, 4148362.71978547051549 ], [ 366826.901804791530594, 4148378.948177908547223 ], [ 367674.391174929332919, 4149345.253232930321246 ], [ 366655.979294486227445, 4149361.507014099974185 ], [ 365808.444003008073196, 4148395.301228475291282 ], [ 364789.984779790509492, 4148411.778939029201865 ], [ 365637.566002974810544, 4149377.885482490062714 ], [ 363600.735143716738094, 4149411.016488359775394 ], [ 364448.584074172540568, 4150377.044300719164312 ], [ 363430.212452269974165, 4150393.697604849003255 ], [ 365126.529685148852877, 4152325.914128377102315 ], [ 366144.809358794358559, 4152309.459528334904462 ], [ 365296.608813740080222, 4151343.191931658890098 ], [ 367333.255856779171154, 4151310.458190748468041 ], [ 368181.3644800883485, 4152276.924649867694825 ], [ 369199.639949182397686, 4152260.844367761630565 ], [ 368351.577271245827433, 4151294.278436543885618 ] ] ], [ [ [ 357810.127180501818657, 4081024.790048605296761 ], [ 358643.300917941029184, 4081987.711627503391355 ], [ 359664.779837723530363, 4081970.801781906280667 ], [ 358831.651204077876173, 4081007.784816717263311 ], [ 357810.127180501818657, 4081024.790048605296761 ] ] ], [ [ [ 370981.791397750377655, 4086676.01321927132085 ], [ 370148.099259797658306, 4085711.754909245297313 ], [ 371169.385706893110182, 4085696.209909425582737 ], [ 370335.914382029208355, 4084731.970554658677429 ], [ 368293.249946535914205, 4084763.375144824385643 ], [ 369960.548538149450906, 4086691.585082039702684 ], [ 370981.791397750377655, 4086676.01321927132085 ] ] ], [ [ [ 358913.84933394251857, 4085890.855962016619742 ], [ 359748.037605251534842, 4086854.060318409465253 ], [ 360769.295607186795678, 4086837.259953528642654 ], [ 359935.152492749271914, 4085873.959919009357691 ], [ 358913.84933394251857, 4085890.855962016619742 ] ] ], [ [ [ 361416.94160955544794, 4088780.811700189020485 ], [ 359748.037605251534842, 4086854.060318409465253 ], [ 358726.778026021551341, 4086870.98354385048151 ], [ 359561.187290812260471, 4087834.206350603606552 ], [ 358539.971305449958891, 4087851.156739939004183 ], [ 360209.407676907954738, 4089777.753598948009312 ], [ 361230.533284601056948, 4089760.994831108953804 ], [ 360395.772378108347766, 4088797.543399417772889 ], [ 361416.94160955544794, 4088780.811700189020485 ] ] ], [ [ [ 367634.16040756192524, 4093567.561635145451874 ], [ 369676.036573541816324, 4093535.919825165066868 ], [ 367170.849114255688619, 4090643.09109022654593 ], [ 369212.990257676399779, 4090611.363956657238305 ], [ 370047.786698135139886, 4091575.717322909273207 ], [ 371068.809952080599032, 4091560.134409579448402 ], [ 368565.083310498332139, 4088667.131315504666418 ], [ 366522.764659933163784, 4088698.996888768859208 ], [ 365688.450466917885933, 4087735.084629680495709 ], [ 369773.262247095583007, 4087671.461073105689138 ], [ 370607.396058639802504, 4088635.757349539548159 ], [ 371628.550247915380169, 4088620.254714795853943 ], [ 369960.548538149450906, 4086691.585082039702684 ], [ 368939.304215914977249, 4086707.279786760453135 ], [ 367271.915508449543267, 4084779.261620242148638 ], [ 366250.579574817791581, 4084795.27088497299701 ], [ 365417.10384308808716, 4083831.529469057451934 ], [ 366438.484839015407488, 4083815.424458325374871 ], [ 363939.247608706005849, 4080924.598970089107752 ], [ 359853.173631395678967, 4080990.902274916414171 ], [ 360686.257172089186497, 4081954.014653516467661 ], [ 359664.779837723530363, 4081970.801781906280667 ], [ 361331.564566515851766, 4083897.177170179784298 ], [ 360310.175866665958893, 4083913.896019410807639 ], [ 359476.650481084478088, 4082950.746904363390058 ], [ 358455.215083105140366, 4082967.684035349171609 ], [ 360122.531923241796903, 4084893.905152606777847 ], [ 359101.185199133993592, 4084910.773994665127248 ], [ 359935.152492749271914, 4085873.959919009357691 ], [ 361977.754091959388461, 4085840.536325583234429 ], [ 362811.806925038457848, 4086804.027797769755125 ], [ 360769.295607186795678, 4086837.259953528642654 ], [ 361603.614539140136912, 4087800.674238868523389 ], [ 362624.825825014093425, 4087784.092512628994882 ], [ 363459.275416746968403, 4088747.717044338118285 ], [ 365501.603092626784928, 4088715.11403269181028 ], [ 366336.138206030242145, 4089679.04511242127046 ], [ 364293.900815135217272, 4089711.456183339469135 ], [ 365963.679018380353227, 4091639.27884754864499 ], [ 364942.648375389515422, 4091655.476705629844218 ], [ 364107.626206777524203, 4090691.604008099995553 ], [ 363086.548873971332796, 4090708.020912786014378 ], [ 363921.616220357012935, 4091671.79755816468969 ], [ 361879.547328513348475, 4091704.808254081755877 ], [ 362714.880876050563529, 4092668.50760784605518 ], [ 361693.889330629608594, 4092685.101409450639039 ], [ 362529.443906591041014, 4093648.81951520498842 ], [ 359466.595662892446853, 4093699.050904100760818 ], [ 360302.461782008176669, 4094662.59552543098107 ], [ 359281.554507532273419, 4094679.489356451667845 ], [ 360117.641716526122764, 4095643.052671481389552 ], [ 361138.503721222397871, 4095626.25500224204734 ], [ 363647.684425953077152, 4098517.923981220927089 ], [ 364668.40907939261524, 4098501.538445223588496 ], [ 363831.884971709689125, 4097537.437138422392309 ], [ 364852.653380804404151, 4097521.078357162885368 ], [ 365689.132227474940009, 4098485.276105176191777 ], [ 366709.853881529590581, 4098469.136959220748395 ], [ 367546.463271675747819, 4099433.54682323615998 ], [ 371629.154262306401506, 4099370.60859005106613 ], [ 369956.473082599928603, 4097441.131917404476553 ], [ 370977.232633642095607, 4097425.512109965085983 ], [ 369305.34495522652287, 4095496.305677997879684 ], [ 368284.49502301029861, 4095512.118469156324863 ], [ 367448.769671978312545, 4094547.785099244210869 ], [ 366427.87307570327539, 4094563.817345705348998 ], [ 365592.278324622253422, 4093599.695633213501424 ], [ 366613.22011140617542, 4093583.567109754774719 ], [ 365777.846344736986794, 4092619.464359052944928 ], [ 366798.831816439284012, 4092603.362655228935182 ], [ 367634.16040756192524, 4093567.561635145451874 ] ], [ [ 369120.396161042677704, 4096476.567361250054091 ], [ 368099.589958633063361, 4096492.406828615814447 ], [ 367263.643621519440785, 4095528.054363598115742 ], [ 368284.49502301029861, 4095512.118469156324863 ], [ 369120.396161042677704, 4096476.567361250054091 ] ], [ [ 367078.782286245259456, 4096508.36942830728367 ], [ 366057.973132526967674, 4096524.455162152182311 ], [ 364386.075397797801998, 4094596.251074160449207 ], [ 365406.97498810174875, 4094579.972670062445104 ], [ 367078.782286245259456, 4096508.36942830728367 ] ], [ [ 364854.312071295338683, 4086771.287061350885779 ], [ 363833.060263884020969, 4086787.596003085374832 ], [ 362999.052555308677256, 4085824.008771336171776 ], [ 364020.349476455827244, 4085807.604042870458215 ], [ 364854.312071295338683, 4086771.287061350885779 ] ], [ [ 364395.721329374937341, 4083847.757243742700666 ], [ 363374.337286374764517, 4083864.107784240506589 ], [ 364207.903174966282677, 4084827.657789720688015 ], [ 363186.562685768119991, 4084844.035433448851109 ], [ 361519.51653025491396, 4082917.240879253484309 ], [ 362540.947204459633213, 4082900.671981289051473 ], [ 361707.732932557002641, 4081937.350240407511592 ], [ 363750.679777875950094, 4081904.389552414417267 ], [ 364583.803909653332084, 4082867.902405047789216 ], [ 363562.376327089383267, 4082884.225823848042637 ], [ 364395.721329374937341, 4083847.757243742700666 ] ] ], [ [ [ 360858.510568884375971, 4091721.498101239558309 ], [ 360023.307624703797046, 4090758.009449329227209 ], [ 361044.389594355132431, 4090741.223631500266492 ], [ 360209.407676907954738, 4089777.753598948009312 ], [ 358167.151746662624646, 4089811.639973992947489 ], [ 359837.472251573519316, 4091738.310950406827033 ], [ 360858.510568884375971, 4091721.498101239558309 ] ] ], [ [ [ 369861.779337575833779, 4092555.79565528454259 ], [ 371532.341371428337879, 4094484.886855891440064 ], [ 372553.230681775137782, 4094469.469971685204655 ], [ 370882.758917967730667, 4092540.186019768472761 ], [ 369861.779337575833779, 4092555.79565528454259 ] ] ], [ [ [ 349540.962898073135875, 4097779.393672935664654 ], [ 351215.45653738983674, 4099705.016077599488199 ], [ 352236.156375951715745, 4099687.124955369625241 ], [ 353073.621563566848636, 4100650.204181018751115 ], [ 354094.274351265921723, 4100632.532545951195061 ], [ 354931.869975883513689, 4101595.822890374809504 ], [ 355952.475741491711233, 4101578.370869644917548 ], [ 354277.551138857612386, 4099651.712454195134342 ], [ 353256.854572667856701, 4099669.357081578113139 ], [ 350745.650345376459882, 4096780.518552072811872 ], [ 349724.81594614504138, 4096798.574692027177662 ], [ 350561.753564031620044, 4097761.31035237852484 ], [ 349540.962898073135875, 4097779.393672935664654 ] ] ], [ [ [ 346949.670189774886239, 4100758.82284846669063 ], [ 348625.673548042192124, 4102684.170776693150401 ], [ 349646.245331507001538, 4102665.951836043037474 ], [ 347970.332933311350644, 4100740.411529651843011 ], [ 346949.670189774886239, 4100758.82284846669063 ] ] ], [ [ [ 350302.380379135487601, 4104609.977257623802871 ], [ 348625.673548042192124, 4102684.170776693150401 ], [ 347605.100087391794659, 4102702.513059254270047 ], [ 349281.897916434274521, 4104628.126915763132274 ], [ 350302.380379135487601, 4104609.977257623802871 ] ] ], [ [ [ 357810.760574545245618, 4102524.640372835099697 ], [ 359486.649394828127697, 4104452.182908249553293 ], [ 358466.181426697061397, 4104469.222075717523694 ], [ 359304.434983524843119, 4105433.070001609157771 ], [ 361345.278559621598106, 4105399.308409024495631 ], [ 360507.115808769944124, 4104435.267118718009442 ], [ 361527.580679787672125, 4104418.474705192726105 ], [ 359014.28349751920905, 4101526.754590909462422 ], [ 357993.682491010171361, 4101543.836721885949373 ], [ 358831.317771107249428, 4102507.531417421996593 ], [ 357810.760574545245618, 4102524.640372835099697 ] ] ], [ [ [ 343158.967742979293689, 4104739.616296656429768 ], [ 344837.015575448283926, 4106664.533125255256891 ], [ 345857.417063799104653, 4106645.835648333653808 ], [ 344179.460375476046465, 4104720.726218785624951 ], [ 343158.967742979293689, 4104739.616296656429768 ] ] ], [ [ [ 372387.291440838482231, 4106203.030648099258542 ], [ 371549.406306794844568, 4105237.90433527296409 ], [ 365426.947414999245666, 4105333.266046584118158 ], [ 364588.966147955099586, 4104368.83770155441016 ], [ 365609.42495993967168, 4104352.538773022126406 ], [ 364771.664836092269979, 4103388.129646561574191 ], [ 361710.147843257640488, 4103437.686726819723845 ], [ 363386.11600676458329, 4105366.040429078042507 ], [ 361345.278559621598106, 4105399.308409024495631 ], [ 362183.61712731292937, 4106363.46551567222923 ], [ 364224.363802697625943, 4106330.391159316524863 ], [ 365901.386805767193437, 4108259.441091301385313 ], [ 366921.667136498261243, 4108243.282985055353492 ], [ 365244.734886150807142, 4106314.039121891371906 ], [ 369326.20445410971297, 4106249.865200497675687 ], [ 370164.401290062058251, 4107214.816951974760741 ], [ 368123.760110886651091, 4107246.463024358730763 ], [ 368962.2234093954321, 4108211.337208015844226 ], [ 369982.499374013277702, 4108195.549533578101546 ], [ 370821.093106340267695, 4109160.637499153614044 ], [ 371841.322297497536056, 4109145.070486015640199 ], [ 371002.773905706999358, 4108179.885332787875086 ], [ 372023.047015706950333, 4108164.344603857956827 ], [ 371184.719725637231022, 4107199.179083584342152 ], [ 372205.036740183539223, 4107183.664658010937274 ], [ 371366.930536026833579, 4106218.518751197028905 ], [ 372387.291440838482231, 4106203.030648099258542 ] ] ], [ [ [ 360142.864365665242076, 4106397.033593307714909 ], [ 360981.469569751410745, 4107361.112993326969445 ], [ 362001.801300174091011, 4107344.364057594910264 ], [ 361163.241512894339394, 4106380.187838376499712 ], [ 360142.864365665242076, 4106397.033593307714909 ] ] ], [ [ [ 354859.446593213360757, 4107464.199362803250551 ], [ 355698.500366588996258, 4108427.813916483893991 ], [ 356718.795980529510416, 4108410.420915578491986 ], [ 355879.787692367448471, 4107446.709630136378109 ], [ 354859.446593213360757, 4107464.199362803250551 ] ] ], [ [ [ 359961.136305953026749, 4107377.9853903548792 ], [ 360799.962760337337386, 4108342.083873958792537 ], [ 361820.250592401367612, 4108325.308344308286905 ], [ 360981.469569751410745, 4107361.112993326969445 ], [ 359961.136305953026749, 4107377.9853903548792 ] ] ], [ [ [ 357557.980105024180375, 4109374.247918028384447 ], [ 358578.22866145032458, 4109357.075249470304698 ], [ 357739.09001565631479, 4108393.151412837207317 ], [ 356718.795980529510416, 4108410.420915578491986 ], [ 357557.980105024180375, 4109374.247918028384447 ] ] ], [ [ [ 360799.962760337337386, 4108342.083873958792537 ], [ 358759.382483184686862, 4108376.005406287964433 ], [ 359598.475660972413607, 4109340.026104226242751 ], [ 358578.22866145032458, 4109357.075249470304698 ], [ 359417.543136018328369, 4110321.1150211840868 ], [ 360437.744663299876265, 4110304.162812613882124 ], [ 361277.189486781251617, 4111268.415674347430468 ], [ 362297.344013190711848, 4111251.684053521603346 ], [ 361457.944655551458709, 4110287.334152556490153 ], [ 362478.143123974790797, 4110270.629039091989398 ], [ 360799.962760337337386, 4108342.083873958792537 ] ] ], [ [ [ 369619.490676602174062, 4110157.152391182258725 ], [ 370458.526689698104747, 4111122.279584860429168 ], [ 371478.668000275152735, 4111106.660060854628682 ], [ 368962.2234093954321, 4108211.337208015844226 ], [ 367941.946000632829964, 4108227.24835790367797 ], [ 368780.630445734539535, 4109192.14202993735671 ], [ 367760.396953859424684, 4109208.07955117803067 ], [ 368599.302561352029443, 4110172.992731051985174 ], [ 369619.490676602174062, 4110157.152391182258725 ] ] ], [ [ [ 354497.224982231564354, 4109426.507083251141012 ], [ 355336.721452649158891, 4110390.159379471559078 ], [ 356356.929232024413068, 4110372.71295737568289 ], [ 355517.47827662108466, 4109408.963832939043641 ], [ 354497.224982231564354, 4109426.507083251141012 ] ] ], [ [ [ 354136.064492881647311, 4111388.997247389517725 ], [ 356656.409713311935775, 4114280.41547037800774 ], [ 358696.465723730972968, 4114245.927757694851607 ], [ 357016.24191697104834, 4112317.811444032471627 ], [ 360076.587463049159851, 4112266.424655145499855 ], [ 358397.340062512317672, 4110338.190780200529844 ], [ 356356.929232024413068, 4110372.71295737568289 ], [ 357196.556025502854027, 4111336.577933599706739 ], [ 354136.064492881647311, 4111388.997247389517725 ] ] ], [ [ [ 369257.542359508224763, 4112118.938843613490462 ], [ 370936.674854014185257, 4114049.388955495785922 ], [ 371956.682821991562378, 4114033.814453819300979 ], [ 371117.074089338304475, 4113068.433385741431266 ], [ 372137.126048340287525, 4113052.88504308834672 ], [ 370458.526689698104747, 4111122.279584860429168 ], [ 369438.383955457946286, 4111138.022667868994176 ], [ 370277.641132636344992, 4112103.169504950288683 ], [ 369257.542359508224763, 4112118.938843613490462 ] ] ], [ [ [ 369916.665471631276887, 4114065.087101533543319 ], [ 371596.591917221201584, 4115995.811150007415563 ], [ 372616.510455685900524, 4115980.308088923804462 ], [ 370936.674854014185257, 4114049.388955495785922 ], [ 369916.665471631276887, 4114065.087101533543319 ] ] ], [ [ [ 359536.841372127877548, 4115210.160365766379982 ], [ 360377.392846024536993, 4116174.509465755429119 ], [ 362417.260531407606322, 4116140.905447160359472 ], [ 361576.800127747585066, 4115176.361758108250797 ], [ 359536.841372127877548, 4115210.160365766379982 ] ] ], [ [ [ 354078.853669107076712, 4117259.805845715105534 ], [ 354920.075924492790364, 4118223.707094976678491 ], [ 355939.930205155455042, 4118206.171546599362046 ], [ 355098.753573247406166, 4117242.173055096529424 ], [ 354078.853669107076712, 4117259.805845715105534 ] ] ], [ [ [ 372257.392398750700522, 4117942.436496673617512 ], [ 371416.944299041875638, 4116976.878436401486397 ], [ 372436.818802890542429, 4116961.349303352180868 ], [ 371596.591917221201584, 4115995.811150007415563 ], [ 369556.750615605444182, 4116027.188376008998603 ], [ 370397.068390052358154, 4116992.531299185007811 ], [ 369377.191064791346435, 4117008.307893485762179 ], [ 370217.730083180358633, 4117973.670626708772033 ], [ 369197.896805634023622, 4117989.473331689834595 ], [ 370038.657083758618683, 4118954.855894811451435 ], [ 367999.077224214852322, 4118986.637278731912374 ], [ 368840.104282878397498, 4119951.94197203265503 ], [ 367820.357714647660032, 4119967.920660589821637 ], [ 368661.606079589459114, 4120933.245175064541399 ], [ 371720.704979574889876, 4120885.973955222405493 ], [ 370879.593142939265817, 4119920.356054577510804 ], [ 371899.335456954257097, 4119904.7488220827654 ], [ 371058.444881763891317, 4118939.150888191536069 ], [ 372078.231273392040748, 4118923.569669409189373 ], [ 371237.561943846812937, 4117957.991682298481464 ], [ 372257.392398750700522, 4117942.436496673617512 ] ] ], [ [ [ 361880.302737864898518, 4119084.95252750441432 ], [ 362721.603047813696321, 4120049.671474860515445 ], [ 363741.356928237946704, 4120033.073656293097883 ], [ 362900.102186571806669, 4119068.257152613718063 ], [ 361880.302737864898518, 4119084.95252750441432 ] ] ], [ [ [ 363563.079170401208103, 4121014.507557052187622 ], [ 362721.603047813696321, 4120049.671474860515445 ], [ 361701.847671678173356, 4120066.393125043716282 ], [ 362543.369377460912801, 4121031.131602376233786 ], [ 363563.079170401208103, 4121014.507557052187622 ] ] ], [ [ [ 368086.373007841641083, 4129750.926062448415905 ], [ 369105.675168564543128, 4129734.935660698451102 ], [ 368262.525634439312853, 4128769.235415142960846 ], [ 369281.872015923727304, 4128753.270860245916992 ], [ 370124.975916651135776, 4129719.069366444833577 ], [ 372163.573218833771534, 4129687.709093226119876 ], [ 370477.723664514312986, 4127755.837386742699891 ], [ 369458.334488233260345, 4127771.652025708463043 ], [ 368615.627775490400381, 4126805.991958590224385 ], [ 367596.19157364917919, 4126822.028782783076167 ], [ 365911.214300885738339, 4124891.258985543623567 ], [ 367950.267690871667583, 4124858.917217083275318 ], [ 367108.133942838292569, 4123893.513218281324953 ], [ 368127.70406403648667, 4123877.430321142077446 ], [ 367285.791685474454425, 4122912.046223437413573 ], [ 370344.630167496099602, 4122864.247321773320436 ], [ 369503.030231730372179, 4121898.687347332481295 ], [ 367463.714915103570092, 4121930.625132503919303 ], [ 366622.19968269742094, 4120965.378566377330571 ], [ 367641.903601553000044, 4120949.249945036135614 ], [ 364277.782805062597618, 4117089.046901143621653 ], [ 367337.432120961020701, 4117040.232283842749894 ], [ 366496.977934411552269, 4116075.182001509238034 ], [ 369556.750615605444182, 4116027.188376008998603 ], [ 367876.64241902786307, 4114096.85433387150988 ], [ 369916.665471631276887, 4114065.087101533543319 ], [ 367398.09417123143794, 4111169.87951808096841 ], [ 369438.383955457946286, 4111138.022667868994176 ], [ 368599.302561352029443, 4110172.992731051985174 ], [ 365538.729498278815299, 4110221.254959275014699 ], [ 364699.687697377521545, 4109256.633160149678588 ], [ 365719.925590894010384, 4109240.325114444829524 ], [ 364042.460205821902491, 4107311.236562385223806 ], [ 362001.801300174091011, 4107344.364057594910264 ], [ 364518.535534139024094, 4110237.58944433555007 ], [ 363498.340079769841395, 4110254.047470314893872 ], [ 364337.648537638480775, 4111218.591531245503575 ], [ 365357.798558057867922, 4111202.230626023374498 ], [ 366197.237382503575645, 4112166.988405954092741 ], [ 364157.026738019427285, 4112199.639421103522182 ], [ 364996.732255343988072, 4113164.319426270201802 ], [ 363976.67016543331556, 4113180.733114130329341 ], [ 364816.596953150699846, 4114145.432560284622014 ], [ 363796.578850032179616, 4114161.872610567137599 ], [ 365477.050801796838641, 4116091.427293686661869 ], [ 364457.122197848046198, 4116107.796297442167997 ], [ 363616.752821975562256, 4115143.057910654228181 ], [ 362596.777226962207351, 4115159.647990309633315 ], [ 363437.192111430456862, 4116124.289014640729874 ], [ 362417.260531407606322, 4116140.905447160359472 ], [ 363257.896748562285211, 4117105.565922784153372 ], [ 360198.229569724295288, 4117155.865461658686399 ], [ 361039.178244024980813, 4118120.350571043323725 ], [ 362059.023256678599864, 4118103.55771551374346 ], [ 362900.102186571806669, 4119068.257152613718063 ], [ 364939.696609499165788, 4119035.23780856654048 ], [ 365780.860246319789439, 4120000.249506458640099 ], [ 363741.356928237946704, 4120033.073656293097883 ], [ 365424.393832965113688, 4121963.05843942752108 ], [ 364404.73110215482302, 4121979.46091815084219 ], [ 365246.558839581673965, 4122944.531702355016023 ], [ 363207.320137513976078, 4122977.512834073510021 ], [ 360682.090788744273596, 4120083.238608743995428 ], [ 361701.847671678173356, 4120066.393125043716282 ], [ 360860.501782866427675, 4119101.771706835832447 ], [ 358820.895309589570388, 4119135.781486497726291 ], [ 359662.332387923495844, 4120100.207927881740034 ], [ 358642.572458129841834, 4120117.301084389444441 ], [ 356959.782913372735493, 4118188.759785273578018 ], [ 355939.930205155455042, 4118206.171546599362046 ], [ 356781.282677945913747, 4119170.286507092416286 ], [ 353721.851989326765761, 4119222.972649175673723 ], [ 355405.358312462223694, 4121150.968126743566245 ], [ 353365.912581962766126, 4121186.321973135694861 ], [ 355050.304998536361381, 4123114.394192583393306 ], [ 353011.035688945383299, 4123149.85381800448522 ], [ 353853.587081813486293, 4124113.869975942652673 ], [ 352833.995760936988518, 4124131.688185945153236 ], [ 353676.768731922958978, 4125095.723563858773559 ], [ 354696.314325137296692, 4125078.002936132252216 ], [ 355539.217415574705228, 4126042.252842714544386 ], [ 356558.715712113305926, 4126024.753890858031809 ], [ 357401.7489207489416, 4126989.218649056740105 ], [ 356382.296349758573342, 4127006.619839947205037 ], [ 357225.551124312391039, 4127971.104072223883122 ], [ 355186.732800294877961, 4128006.082998469471931 ], [ 356030.254911857307889, 4128970.48886623699218 ], [ 355010.889172913215589, 4128988.066611020360142 ], [ 356698.55246379878372, 4130917.034717885777354 ], [ 357717.826658060192131, 4130899.652863586787134 ], [ 358561.876285885227844, 4131864.411282692570239 ], [ 360600.328558018314652, 4131830.216244000475854 ], [ 361444.462483107286971, 4132795.288821788039058 ], [ 362463.640610155649483, 4132778.475790985859931 ], [ 363307.904599039175082, 4133743.764765563420951 ], [ 364327.035500782483723, 4133727.1742605548352 ], [ 365171.429551619454287, 4134692.679956638719887 ], [ 369247.755788696464151, 4134627.954086093232036 ], [ 368403.544632683158852, 4133662.054533584509045 ], [ 372480.031129352748394, 4133598.922387267928571 ], [ 370792.501591378706507, 4131666.691584386862814 ], [ 369773.290731803630479, 4131682.485291141550988 ], [ 368086.373007841641083, 4129750.926062448415905 ] ], [ [ 366047.764404555840883, 4129783.279195724986494 ], [ 364361.367213315679692, 4127852.585997485555708 ], [ 365380.763557443104219, 4127836.151093425694853 ], [ 366223.828591191093437, 4128801.536767504643649 ], [ 367243.177829858148471, 4128785.324050286319107 ], [ 368086.373007841641083, 4129750.926062448415905 ], [ 366047.764404555840883, 4129783.279195724986494 ] ], [ [ 366016.792864474817179, 4113148.029364654328674 ], [ 367696.640382898389362, 4115077.934435856994241 ], [ 366676.67069324455224, 4115094.029781707096845 ], [ 364996.732255343988072, 4113164.319426270201802 ], [ 366016.792864474817179, 4113148.029364654328674 ] ], [ [ 359484.230977027094923, 4121081.746910131536424 ], [ 360326.06532239750959, 4122046.309711852110922 ], [ 356247.375241018016823, 4122115.140803455840796 ], [ 355405.358312462223694, 4121150.968126743566245 ], [ 359484.230977027094923, 4121081.746910131536424 ] ], [ [ 363482.817257329472341, 4132761.78696604911238 ], [ 364501.992435577965807, 4132745.222345081623644 ], [ 365346.164944085176103, 4133710.707986717112362 ], [ 364327.035500782483723, 4133727.1742605548352 ], [ 363482.817257329472341, 4132761.78696604911238 ] ], [ [ 370617.013270549941808, 4132648.442798259202391 ], [ 369597.846676001907326, 4132664.262234430294484 ], [ 368754.078469502623193, 4131698.403161718975753 ], [ 369773.290731803630479, 4131682.485291141550988 ], [ 370617.013270549941808, 4132648.442798259202391 ] ], [ [ 367559.509266212058719, 4132696.273687253706157 ], [ 366540.338429073337466, 4132712.465707545168698 ], [ 365696.433156663610134, 4131746.901774554513395 ], [ 366715.649692890583538, 4131730.611401596106589 ], [ 367559.509266212058719, 4132696.273687253706157 ] ], [ [ 361303.169337482715491, 4127902.635068614967167 ], [ 359264.363274045521393, 4127936.621434167027473 ], [ 356735.400796391186304, 4125042.933650850318372 ], [ 357754.941696494002827, 4125025.584989305585623 ], [ 358597.707654934260063, 4125990.128032659646124 ], [ 359617.201323261542711, 4125973.001122380141169 ], [ 361303.169337482715491, 4127902.635068614967167 ] ], [ [ 358774.481054285133723, 4125008.360312522388995 ], [ 359794.018880800809711, 4124991.259618541691452 ], [ 358951.520116400904953, 4124026.638340448960662 ], [ 360990.682537118496839, 4123992.613376039080322 ], [ 361833.089984125457704, 4124957.430171218235046 ], [ 360813.555187068472151, 4124974.282905417494476 ], [ 361656.184108847985044, 4125939.119329720269889 ], [ 359617.201323261542711, 4125973.001122380141169 ], [ 358774.481054285133723, 4125008.360312522388995 ] ], [ [ 357931.936615316430107, 4124043.836752251256257 ], [ 357089.568009765003808, 4123079.430297282058746 ], [ 358109.197181121446192, 4123062.134243444073945 ], [ 358951.520116400904953, 4124026.638340448960662 ], [ 357931.936615316430107, 4124043.836752251256257 ] ] ], [ [ [ 370124.975916651135776, 4129719.069366444833577 ], [ 369105.675168564543128, 4129734.935660698451102 ], [ 369949.000488752848469, 4130700.754335356410593 ], [ 370968.255598952877335, 4130684.986377814318985 ], [ 370124.975916651135776, 4129719.069366444833577 ] ] ] ] } }
]
}
