{
"type": "FeatureCollection",
"name": "urban-2035",
"crs": { "type": "name", "properties": { "name": "urn:ogc:def:crs:EPSG::32636" } },
"features": [
{ "type": "Feature", "properties": { "year": 2035 }, "geometry": { "type": "MultiPolygon", "coordinates": [ [ [ [ 637942.751502269180492, 3492670.054126318078488 ], [ 638988.550101998611353, 3492683.995255578309298 ], [ 639163.401381378644146, 3493639.344245192594826 ], [ 644392.251813536975533, 3493710.739915477577597 ], [ 644217.57857270387467, 3492755.281362721696496 ], [ 645263.391484507359564, 3492769.854688826948404 ], [ 645088.797137422952801, 3491814.413840320892632 ], [ 637767.907982998294756, 3491714.766557158902287 ], [ 637942.751502269180492, 3492670.054126318078488 ] ] ], [ [ [ 668619.678477932349779, 3495029.113955743610859 ], [ 668098.114020795794204, 3492161.198805545456707 ], [ 667052.207655156264082, 3492144.329449002165347 ], [ 667399.945380637422204, 3494056.187590152025223 ], [ 665308.283324641059153, 3494022.674734950065613 ], [ 665482.287911608815193, 3494978.618675312958658 ], [ 668619.678477932349779, 3495029.113955743610859 ] ] ], [ [ [ 669317.799453572835773, 3493134.127851706929505 ], [ 669665.480984762893058, 3495046.156659087631851 ], [ 670711.286346593638882, 3495063.304837579838932 ], [ 670363.675951707060449, 3493151.230651336256415 ], [ 669317.799453572835773, 3493134.127851706929505 ] ] ], [ [ [ 646483.808881234377623, 3493740.035964557435364 ], [ 647529.591105795232579, 3493754.842092309612781 ], [ 647180.501495483913459, 3491843.832561590708792 ], [ 646134.648085048655048, 3491829.070528035983443 ], [ 646309.206843281164765, 3492784.533387389499694 ], [ 645263.391484507359564, 3492769.854688826948404 ], [ 645612.710050437948667, 3494680.85551236057654 ], [ 644566.968354990240186, 3494666.238174707628787 ], [ 644741.728194560855627, 3495621.776160258799791 ], [ 646833.142786269425415, 3495651.16035172669217 ], [ 647007.874648332945071, 3496606.782201452646405 ], [ 649099.227853390853852, 3496636.632463485468179 ], [ 648924.567257423419505, 3495680.96638190979138 ], [ 647878.853778125951067, 3495666.010636049788445 ], [ 647704.20081046409905, 3494710.406477620825171 ], [ 646658.454196399776265, 3494695.578279383480549 ], [ 646483.808881234377623, 3493740.035964557435364 ] ] ], [ [ [ 666702.094017329392955, 3495951.35154366819188 ], [ 666876.149124906398356, 3496907.398195485584438 ], [ 665830.426273524295539, 3496890.626691560260952 ], [ 666178.736868952866644, 3498802.795021744444966 ], [ 665133.08805160690099, 3498786.083822731394321 ], [ 665307.34357119910419, 3499742.205522693227977 ], [ 666352.956747803953476, 3499758.939354568254203 ], [ 666527.219677311950363, 3500715.123825900722295 ], [ 668618.383125626947731, 3500748.953702025581151 ], [ 668444.191496403655037, 3499792.723848121706396 ], [ 669489.813103476772085, 3499809.774514031130821 ], [ 669315.70013737375848, 3498853.56211154256016 ], [ 670361.360224135918543, 3498870.695646126754582 ], [ 670535.437555785640143, 3499826.930795541033149 ], [ 671581.064870866946876, 3499844.192694797646254 ], [ 671233.024467734852806, 3497931.717041819822043 ], [ 670187.325898623559624, 3497914.500677804462612 ], [ 669665.480984762893058, 3495046.156659087631851 ], [ 668619.678477932349779, 3495029.113955743610859 ], [ 668793.619356883922592, 3495985.165816606022418 ], [ 666702.094017329392955, 3495951.35154366819188 ] ] ], [ [ [ 670535.437555785640143, 3499826.930795541033149 ], [ 669489.813103476772085, 3499809.774514031130821 ], [ 669663.969084909418598, 3500766.027101997751743 ], [ 670709.55789098283276, 3500783.20614609029144 ], [ 670535.437555785640143, 3499826.930795541033149 ] ] ], [ [ [ 648927.679966058814898, 3501400.471935677342117 ], [ 648752.767473291605711, 3500444.628720859531313 ], [ 649798.302674490143545, 3500459.695273704826832 ], [ 649623.469108676770702, 3499503.869758741930127 ], [ 647532.329842551262118, 3499473.886613754555583 ], [ 647707.234768244903535, 3500429.6677718879655 ], [ 646661.704541815910488, 3500414.812424915377051 ], [ 646486.763933566980995, 3499459.053402493707836 ], [ 643350.080892415135168, 3499415.18719139508903 ], [ 643875.353808865882456, 3502282.385012489277869 ], [ 645966.259208264760673, 3502311.656065142247826 ], [ 646842.222609138465486, 3507091.337877006269991 ], [ 647887.500255845254287, 3507106.242812689393759 ], [ 648062.786964162485674, 3508062.321283333469182 ], [ 649108.031307707424276, 3508077.354279418475926 ], [ 649283.325478941434994, 3509033.495047607459128 ], [ 650328.536528489552438, 3509048.656178615987301 ], [ 650153.278143746312708, 3508092.493105289060622 ], [ 651198.527489740983583, 3508107.737762838602066 ], [ 650848.211939946748316, 3506195.487132771406323 ], [ 652938.861289982451126, 3506226.204539284110069 ], [ 652763.839839136926457, 3505270.094617562834173 ], [ 653809.204088254598901, 3505285.589618529193103 ], [ 654159.218686818494461, 3507197.894280987326056 ], [ 656249.811935749603435, 3507229.291237012017518 ], [ 656074.854550914024003, 3506273.074007424991578 ], [ 657120.190837372560054, 3506288.908733510877937 ], [ 656945.31235406443011, 3505332.709152763709426 ], [ 655899.940328230848536, 3505316.896884170826524 ], [ 655725.069270254578441, 3504360.759847228880972 ], [ 654679.664124866947532, 3504345.075749796349555 ], [ 654329.980089953285642, 3502432.966634461190552 ], [ 653284.50610846944619, 3502417.432987081352621 ], [ 652934.923430335242301, 3500505.528574408497661 ], [ 650843.840389374410734, 3500474.867432308848947 ], [ 651193.56583702750504, 3502386.682695777155459 ], [ 650148.099512037821114, 3502371.466048003640026 ], [ 649973.179476453689858, 3501415.560696810018271 ], [ 648927.679966058814898, 3501400.471935677342117 ] ], [ [ 653459.362242595758289, 3503373.445175926201046 ], [ 652413.926539936568588, 3503357.994871987961233 ], [ 652239.034696666058153, 3502402.00500816386193 ], [ 653284.50610846944619, 3502417.432987081352621 ], [ 653459.362242595758289, 3503373.445175926201046 ] ] ], [ [ [ 663916.515086869709194, 3509255.384864611551166 ], [ 663566.971535429591313, 3507342.513855167198926 ], [ 661476.34109228849411, 3507309.635421434417367 ], [ 661651.162838596617803, 3508266.005506726447493 ], [ 662696.440946493297815, 3508282.414441512897611 ], [ 662871.270024418714456, 3509238.84739879053086 ], [ 663916.515086869709194, 3509255.384864611551166 ] ] ], [ [ [ 653464.184816958615556, 3509094.774740253109485 ], [ 653113.925938266562298, 3507182.354520296212286 ], [ 652068.635750363348052, 3507166.920568556524813 ], [ 652243.779363152338192, 3508123.088253971654922 ], [ 651198.527489740983583, 3508107.737762838602066 ], [ 651373.750089707085863, 3509063.923169784713537 ], [ 653464.184816958615556, 3509094.774740253109485 ] ] ], [ [ [ 663921.149160865461454, 3514978.291320784483105 ], [ 664966.179386030882597, 3514994.965170325245708 ], [ 664616.119032874936238, 3513081.610361226368695 ], [ 665661.223662568023428, 3513098.344686692580581 ], [ 666011.212359243421815, 3515011.745076999533921 ], [ 667056.248097896808758, 3515028.631042905617505 ], [ 666881.268058520974591, 3514071.887824365403503 ], [ 670016.499529470922425, 3514123.113446462899446 ], [ 669666.883429984678514, 3512209.611052112653852 ], [ 668621.731842345907353, 3512192.475586334243417 ], [ 668446.952506595524028, 3511235.8078877273947 ], [ 667401.767937930650078, 3511218.801238795742393 ], [ 667052.266775199444965, 3509305.632586517371237 ], [ 663916.515086869709194, 3509255.384864611551166 ], [ 664091.351471858215518, 3510211.880773886106908 ], [ 662000.935623067431152, 3510178.866372092161328 ], [ 662525.917990733520128, 3513048.459708485286683 ], [ 663571.017148067941889, 3513064.982035850174725 ], [ 663921.149160865461454, 3514978.291320784483105 ] ], [ [ 667576.583067694911733, 3512175.446100564207882 ], [ 666531.437088609440252, 3512158.522592673543841 ], [ 666356.586163272033446, 3511201.900539215654135 ], [ 667401.767937930650078, 3511218.801238795742393 ], [ 667576.583067694911733, 3512175.446100564207882 ] ] ], [ [ [ 675070.923654042067938, 3518977.823459600564092 ], [ 675245.867632387438789, 3519934.9301632726565 ], [ 676290.746841404703446, 3519952.780193149577826 ], [ 676115.838742626132444, 3518995.6503553125076 ], [ 675070.923654042067938, 3518977.823459600564092 ] ] ], [ [ [ 677160.756759120849892, 3519013.583443936891854 ], [ 677335.628979805624112, 3519970.736444492824376 ], [ 678380.514064937597141, 3519988.798919547814876 ], [ 678205.677720879903063, 3519031.62272771447897 ], [ 677160.756759120849892, 3519013.583443936891854 ] ] ], [ [ [ 677685.502157978480682, 3521885.164481217041612 ], [ 677335.628979805624112, 3519970.736444492824376 ], [ 676290.746841404703446, 3519952.780193149577826 ], [ 676465.697865189053118, 3520909.950686967000365 ], [ 675420.854547595372424, 3520892.077507134061307 ], [ 675770.957178046461195, 3522806.494196528568864 ], [ 676815.728677215403877, 3522824.413723677396774 ], [ 676640.691811340395361, 3521867.161857046652585 ], [ 677685.502157978480682, 3521885.164481217041612 ] ] ], [ [ [ 684653.825781707186252, 3525825.316999592352659 ], [ 683609.14116882532835, 3525806.583035176619887 ], [ 684134.247990036732517, 3528679.370510037057102 ], [ 685178.824709341395646, 3528698.174856550525874 ], [ 684653.825781707186252, 3525825.316999592352659 ] ] ], [ [ [ 680832.726309786434285, 3533393.54704718850553 ], [ 681877.110859432956204, 3533412.042487433645874 ], [ 681701.710180534981191, 3532454.271377701312304 ], [ 680657.289589327177964, 3532435.799379017669708 ], [ 680832.726309786434285, 3533393.54704718850553 ] ] ], [ [ [ 682228.040770940948278, 3535327.70769279031083 ], [ 683272.35620593954809, 3535346.356749248690903 ], [ 683096.905889442074113, 3534388.48014018451795 ], [ 684141.260408434201963, 3534407.212353888433427 ], [ 683965.888980138814077, 3533449.353255028370768 ], [ 681877.110859432956204, 3533412.042487433645874 ], [ 682228.040770940948278, 3535327.70769279031083 ] ] ], [ [ [ 664475.123984276200645, 3535026.994758259970695 ], [ 663430.859993310412392, 3535010.265696729067713 ], [ 663959.525690996670164, 3537882.815112723968923 ], [ 665003.681338782422245, 3537899.613232920877635 ], [ 664475.123984276200645, 3535026.994758259970695 ] ] ], [ [ [ 681359.293644700432196, 3536267.035969051998109 ], [ 681534.901805256376974, 3537224.94765028078109 ], [ 682579.142069524386898, 3537243.537015680689365 ], [ 682403.569998189574108, 3536285.60182931413874 ], [ 681359.293644700432196, 3536267.035969051998109 ] ] ], [ [ [ 689195.486840335419402, 3539273.5920379627496 ], [ 689370.970706643303856, 3540231.792414585594088 ], [ 691459.280564957298338, 3540270.714908570051193 ], [ 691283.868928263778798, 3539312.466997172683477 ], [ 690239.676319338032044, 3539292.976109363138676 ], [ 690064.271320930798538, 3538334.793202453292906 ], [ 687975.823267312371172, 3538296.179319345392287 ], [ 688151.300474096555263, 3539254.314780559390783 ], [ 689195.486840335419402, 3539273.5920379627496 ] ] ], [ [ [ 691293.004015699611045, 3545042.939949090592563 ], [ 690249.031408880837262, 3545023.413119985722005 ], [ 690424.771804433315992, 3545981.861169546842575 ], [ 691468.708224011934362, 3546001.411847461480647 ], [ 691293.004015699611045, 3545042.939949090592563 ] ] ], [ [ [ 673106.902492431225255, 3570517.269798877183348 ], [ 672063.97667634638492, 3570499.463563638739288 ], [ 674733.940853296546265, 3584889.508754570968449 ], [ 676818.696549040963873, 3584925.942334520630538 ], [ 676996.964001264306717, 3585885.660503564402461 ], [ 678039.309380817809142, 3585904.063455753494054 ], [ 678395.899420723551884, 3587823.673471829853952 ], [ 679438.174186538555659, 3587842.232606222853065 ], [ 679259.894480225048028, 3586882.382615557406098 ], [ 680302.208863007137552, 3586901.025938973296434 ], [ 680480.451829112600535, 3587860.899971710052341 ], [ 682565.015811301302165, 3587898.559405222535133 ], [ 682208.719639417366125, 3585978.757002956233919 ], [ 683251.079472712939605, 3585997.700835929717869 ], [ 682895.027954164426774, 3584078.018188147805631 ], [ 680810.164385077077895, 3584040.334995354525745 ], [ 680988.242145098396577, 3585000.107200492173433 ], [ 679945.851428713649511, 3584981.403765026479959 ], [ 679411.63656343834009, 3582102.284918808378279 ], [ 680454.13735158520285, 3582120.916336792521179 ], [ 680632.129452986875549, 3583080.604714430402964 ], [ 681674.596466018818319, 3583099.368214610032737 ], [ 681496.641041788854636, 3582139.65581872407347 ], [ 682539.147650797618553, 3582158.503366920631379 ], [ 681827.900778005830944, 3578319.976534425280988 ], [ 682870.556899915914983, 3578338.836011125240475 ], [ 683048.267768221325241, 3579298.428931023925543 ], [ 686176.144012094475329, 3579355.727313106879592 ], [ 686886.975668166414835, 3583194.807185905054212 ], [ 685844.493887015851215, 3583175.503187734168023 ], [ 686200.23965308314655, 3585095.24667207384482 ], [ 685157.834238949581049, 3585076.002464025747031 ], [ 685513.82449243706651, 3586995.865674281958491 ], [ 686556.15647832560353, 3587015.15826142532751 ], [ 686734.179031187319197, 3587975.177147937938571 ], [ 687776.477278414648026, 3587994.602196529973298 ], [ 688132.577152492711321, 3589914.814792066346854 ], [ 689174.804914353531785, 3589934.396681746933609 ], [ 688640.829443698050454, 3587054.068094821181148 ], [ 689683.170456579653546, 3587073.685345890931785 ], [ 690217.035705725545995, 3589954.086881108116359 ], [ 691259.269543278147466, 3589973.885392588563263 ], [ 691793.408896737964824, 3592854.739728772547096 ], [ 689709.164925008779392, 3592815.104742687661201 ], [ 690243.909400062984787, 3595696.192846193909645 ], [ 691285.919421416707337, 3595716.029381326399744 ], [ 691107.665374776814133, 3594755.599988068919629 ], [ 694233.82429583335761, 3594815.687045909464359 ], [ 694055.723381834453903, 3593855.226524922065437 ], [ 693013.630518538528122, 3593835.113545813132077 ], [ 692835.535474154399708, 3592874.719821425154805 ], [ 693877.665134794311598, 3592894.808317108545452 ], [ 693521.67665286292322, 3590974.098756595049053 ], [ 692479.47343391366303, 3590954.059178919531405 ], [ 692301.506443680496886, 3589993.792218636255711 ], [ 694385.989499713759869, 3590033.930824304465204 ], [ 694030.330561800161377, 3588113.425822206772864 ], [ 696114.973028215579689, 3588153.89978839084506 ], [ 695937.281008563819341, 3587193.661687335930765 ], [ 696979.643668849952519, 3587214.036573185585439 ], [ 696802.031007131910883, 3586253.816202292218804 ], [ 694717.235412672511302, 3586213.223611408378929 ], [ 694539.591999723110348, 3585253.09435745049268 ], [ 695582.024922997457907, 3585273.312107396777719 ], [ 695404.460862707230262, 3584313.200586428400129 ], [ 696446.933609533007257, 3584333.502068272791803 ], [ 696092.006798470742069, 3582413.356604360975325 ], [ 697134.556029015337117, 3582433.717331536579877 ], [ 696779.873106613522395, 3580513.691522293258458 ], [ 693652.015011655632406, 3580453.080008687451482 ], [ 693474.627648985013366, 3579493.203376145102084 ], [ 694517.280498484848067, 3579513.274830827489495 ], [ 694339.972432703129016, 3578553.415902589447796 ], [ 695382.665025817113928, 3578573.571014473214746 ], [ 694851.106652873568237, 3575694.173331792466342 ], [ 693808.304299821029417, 3575674.091186211444438 ], [ 693100.011043870006688, 3571835.578942304942757 ], [ 692057.06563610653393, 3571815.701641188934445 ], [ 692411.199952242546715, 3573734.8254803433083 ], [ 690325.464579737395979, 3573695.297504694666713 ], [ 690148.30298649740871, 3572735.763014893513173 ], [ 691191.205669041723013, 3572755.448913832195103 ], [ 690660.086825203150511, 3569877.024051502812654 ], [ 689617.074588568997569, 3569857.410570130683482 ], [ 689263.13600244326517, 3567938.717918935231864 ], [ 690306.22121490444988, 3567958.283202589023858 ], [ 690129.352503732196055, 3566998.975433391984552 ], [ 689086.230821417411789, 3566979.434224417898804 ], [ 688909.36838542832993, 3566020.192256201524287 ], [ 687866.213309831451625, 3566000.782709068153054 ], [ 687689.357174544595182, 3565041.606460177339613 ], [ 686646.168698177789338, 3565022.328499111812562 ], [ 686469.31888908194378, 3564063.217887932900339 ], [ 688555.771759583614767, 3564101.833415446337312 ], [ 688732.548697232501581, 3565060.991993475705385 ], [ 689775.743283152813092, 3565080.485101413913071 ], [ 689422.305016646976583, 3563162.161572625860572 ], [ 692552.125873891171068, 3563221.141915015876293 ], [ 692375.58007666002959, 3562261.970495482441038 ], [ 693418.896334399119951, 3562281.821551860775799 ], [ 693771.957815662142821, 3564200.254331959411502 ], [ 694815.20439878560137, 3564220.26118011539802 ], [ 694462.215736138867214, 3562301.780109190382063 ], [ 695505.538298817817122, 3562321.846169950440526 ], [ 695329.144386079860851, 3561362.644073266070336 ], [ 696372.506515384651721, 3561382.79346137912944 ], [ 696725.264225937658921, 3563301.287762927822769 ], [ 697768.556761760963127, 3563321.593061344698071 ], [ 697592.192974745412357, 3562362.300811743829399 ], [ 698635.525121869635768, 3562382.689397803042084 ], [ 698459.240371664054692, 3561423.414679468143731 ], [ 699502.612132532172836, 3561443.886514490004629 ], [ 699326.406396606587805, 3560484.629310133401304 ], [ 694109.397820077603683, 3560383.465913750696927 ], [ 693756.750672720139846, 3558465.318427510093898 ], [ 691669.824022399261594, 3558425.701476617716253 ], [ 691846.198960250825621, 3559384.706273978110403 ], [ 692889.624359496985562, 3559404.485100653022528 ], [ 693242.429640403715894, 3561322.667726383544505 ], [ 691155.72746565612033, 3561283.121268760878593 ], [ 690979.230710818083026, 3560324.057249782141298 ], [ 689935.847912098630331, 3560304.469242591876537 ], [ 689759.357514449045993, 3559345.470855922903866 ], [ 687672.528425787575543, 3559306.665068699046969 ], [ 687496.008049136144109, 3558347.756162761710584 ], [ 689582.909859807463363, 3558386.514061528723687 ], [ 689230.142790531506762, 3556468.725166630465537 ], [ 688186.617665015277453, 3556449.340397841762751 ], [ 687305.266684646252543, 3551655.713967008981854 ], [ 688348.973311920184642, 3551674.979344095103443 ], [ 688172.867700008675456, 3550716.354542354121804 ], [ 685041.648189121973701, 3550658.951342733111233 ], [ 684689.347784351906739, 3548741.968602816108614 ], [ 686776.969397330889478, 3548780.0352021609433 ], [ 686600.955868059303612, 3547821.558338961098343 ], [ 688688.662167430156842, 3547860.005707095842808 ], [ 688336.908314307918772, 3545943.08085412485525 ], [ 687292.98120956774801, 3545923.851211788132787 ], [ 687468.872956031002104, 3546882.269189560320228 ], [ 683293.339899879414588, 3546806.325837292242795 ], [ 683117.303327164845541, 3545848.002689230721444 ], [ 684161.218251477112062, 3545866.804317585192621 ], [ 683809.345977358403616, 3543950.234436999075115 ], [ 684853.336299741873518, 3543969.095726955682039 ], [ 685029.214843555819243, 3544927.383711200207472 ], [ 687117.132244356209412, 3544965.474536973983049 ], [ 686765.562668543425389, 3543048.845013892278075 ], [ 685721.53009273763746, 3543029.793533809483051 ], [ 685545.773330864496529, 3542071.56433088844642 ], [ 684501.707646583206952, 3542052.643427555449307 ], [ 684150.250257399166003, 3540136.355883311480284 ], [ 685194.388221966102719, 3540155.229518696665764 ], [ 685018.759880345663987, 3539197.123868360649794 ], [ 683974.585793546400964, 3539178.273843047674745 ], [ 683798.964153781649657, 3538220.232930006459355 ], [ 681710.552819134667516, 3538182.900385917164385 ], [ 681534.901805256376974, 3537224.94765028078109 ], [ 680490.664530813926831, 3537206.465025167912245 ], [ 680315.020279629155993, 3536248.576820492278785 ], [ 681359.293644700432196, 3536267.035969051998109 ], [ 680832.726309786434285, 3533393.54704718850553 ], [ 679788.34474432002753, 3533375.15823289938271 ], [ 679612.871980881085619, 3532417.433977710548788 ], [ 678568.457337970612571, 3532399.175171488896012 ], [ 678217.568396506598219, 3530483.896170782856643 ], [ 677173.084645909606479, 3530465.790621415711939 ], [ 677348.543692098231986, 3531423.386347671039402 ], [ 676304.098893182002939, 3531405.36403618985787 ], [ 675602.376142815919593, 3527575.31931919278577 ], [ 676646.96496441331692, 3527593.248543732333928 ], [ 676296.433084195479751, 3525678.424539212603122 ], [ 675251.772322544245981, 3525660.541763070505112 ], [ 674726.188595350366086, 3522788.680974283721298 ], [ 673681.422911807079799, 3522770.974054718390107 ], [ 673331.176635624957271, 3520856.649888623505831 ], [ 672286.342006572638638, 3520839.095445521641523 ], [ 672461.479574757046066, 3521796.214123900979757 ], [ 671416.683716458734125, 3521778.742870424408466 ], [ 671241.510239023948088, 3520821.647243594750762 ], [ 670196.681315639521927, 3520804.305280663073063 ], [ 669846.391522291814908, 3518890.281797238159925 ], [ 670891.292231674538925, 3518907.57776153087616 ], [ 671066.379743221681565, 3519864.59221404697746 ], [ 673156.117933119181544, 3519899.548759016674012 ], [ 672806.129412428010255, 3517985.468305375427008 ], [ 668626.377359997713938, 3517916.164039729628712 ], [ 668451.304096481762826, 3516959.276571786496788 ], [ 670541.246171834412962, 3516993.670506654772907 ], [ 670191.3720804520417, 3515079.925317184068263 ], [ 669146.327941107330844, 3515062.721160866320133 ], [ 669321.279329177108593, 3516019.55057918606326 ], [ 665141.274148572585545, 3515951.703160575591028 ], [ 665666.816748881596141, 3518822.159716146066785 ], [ 663577.045957638183609, 3518788.735711505170912 ], [ 663401.750273791607469, 3517831.922046100255102 ], [ 662356.833080123178661, 3517815.392071348614991 ], [ 662006.299195016734302, 3515901.931503492873162 ], [ 660961.312961944844574, 3515885.553112759720534 ], [ 661136.594225281034596, 3516842.240485668182373 ], [ 660091.64653802884277, 3516825.945484946947545 ], [ 659741.055392773123458, 3514912.656452482100576 ], [ 661831.096885095816106, 3514945.261784783564508 ], [ 661480.821543456753716, 3513032.043377065099776 ], [ 660435.727788825752214, 3513015.733039539307356 ], [ 660260.618945355759934, 3512059.206963196862489 ], [ 659215.492047414998524, 3512043.025241945404559 ], [ 659040.390508611453697, 3511086.562048140913248 ], [ 657995.230458474135958, 3511070.508868402801454 ], [ 658170.367805660702288, 3512026.949482015799731 ], [ 653989.897052046842873, 3511963.706015503499657 ], [ 654340.587790332036093, 3513876.527729833498597 ], [ 655385.629916220903397, 3513892.22464399272576 ], [ 655210.298795860726386, 3512935.771189398597926 ], [ 658345.5482878445182, 3512983.43033802183345 ], [ 658520.771902453387156, 3513939.951456521172076 ], [ 657475.721954876091331, 3513923.936505354940891 ], [ 657651.024544731597416, 3514880.47530758054927 ], [ 656606.013068827218376, 3514864.543800368439406 ], [ 656781.394656585878693, 3515821.100303469225764 ], [ 654691.451236646273173, 3515789.510322865098715 ], [ 654515.997926266863942, 3514832.998906465247273 ], [ 653470.99422481819056, 3514817.385515831410885 ], [ 653646.483399005723186, 3515773.874431630130857 ], [ 652601.518119733664207, 3515758.344603829551488 ], [ 653304.050207358202897, 3519584.612863552290946 ], [ 654348.871906796353869, 3519600.232737236656249 ], [ 654700.325211377581581, 3521513.653757242485881 ], [ 653655.575372637948021, 3521497.988766052760184 ], [ 654183.186964591266587, 3524368.355288855265826 ], [ 655227.82892373460345, 3524384.088074644561857 ], [ 655403.749819007236511, 3525340.980337787419558 ], [ 661671.440353200770915, 3525437.746218728832901 ], [ 661495.735324533074163, 3524480.71757810562849 ], [ 660451.077665737597272, 3524464.346842661965638 ], [ 660275.379764753393829, 3523507.381507376674563 ], [ 661320.073385441792198, 3523523.729457749053836 ], [ 661144.454538526013494, 3522566.781837431713939 ], [ 662189.186783255194314, 3522583.213293501641601 ], [ 663067.532052929745987, 3527368.47074482915923 ], [ 662022.979668860323727, 3527351.925141728017479 ], [ 662198.813950643176213, 3528309.075464610010386 ], [ 663243.330327062634751, 3528325.643944564741105 ], [ 663770.983542880858295, 3531197.407327541615814 ], [ 664815.394530784222297, 3531214.151066854130477 ], [ 664639.503104186616838, 3530256.833002046216279 ], [ 666728.405344131169841, 3530290.594098994974047 ], [ 666904.224692142568529, 3531247.958155215252191 ], [ 667948.643900076043792, 3531265.02150848088786 ], [ 668124.470223126700148, 3532222.449344617314637 ], [ 666035.70666373334825, 3532188.383097979240119 ], [ 666563.660118768224493, 3535060.772827249951661 ], [ 665519.390687027946115, 3535043.830467733554542 ], [ 666047.839703016914427, 3537916.518086689990014 ], [ 665003.681338782422245, 3537899.613232920877635 ], [ 665179.953209310537204, 3538857.234338124282658 ], [ 664135.833699673297815, 3538840.413166592363268 ], [ 664488.578865421819501, 3540755.731769408565015 ], [ 662400.492564717307687, 3540722.317574845161289 ], [ 662577.002068799571134, 3541679.99205211782828 ], [ 663621.00769883824978, 3541696.668783849105239 ], [ 664857.526362529257312, 3548401.696927580982447 ], [ 665901.281120278756134, 3548418.642442459706217 ], [ 667316.736905785161071, 3556084.178992408327758 ], [ 668360.20389344485011, 3556101.417812949512154 ], [ 668891.60030054289382, 3558976.743258838076144 ], [ 667848.242442241986282, 3558959.434326688293368 ], [ 668202.79444414540194, 3560876.477458339184523 ], [ 669246.079489777330309, 3560893.833211714867502 ], [ 669778.120596770197153, 3563769.778036888223141 ], [ 670821.299090984044597, 3563787.311647240072489 ], [ 671531.142883969703689, 3567622.578229370061308 ], [ 673617.216416122275405, 3567658.156600597314537 ], [ 673439.76402631145902, 3566699.230591690633446 ], [ 672396.689370018080808, 3566681.411211181432009 ], [ 672041.84042124543339, 3564763.730812535621226 ], [ 673084.988025053171441, 3564781.503007594961673 ], [ 672907.664419012726285, 3563822.701390993781388 ], [ 676037.233513936051168, 3563876.592347308062017 ], [ 676214.447761271614581, 3564835.464841287117451 ], [ 675171.291678150184453, 3564817.370019743684679 ], [ 675703.301203648443334, 3567694.165474702138454 ], [ 676746.347860396374017, 3567712.331355910748243 ], [ 677101.162363590672612, 3569630.45010020583868 ], [ 675015.217922376818024, 3569594.13111798837781 ], [ 675192.762545298086479, 3570553.20539943035692 ], [ 674149.831109795137309, 3570535.183743399567902 ], [ 673794.711728446302004, 3568617.124115027021617 ], [ 672751.710067625623196, 3568599.257484713569283 ], [ 673106.902492431225255, 3570517.269798877183348 ] ], [ [ 688379.037575233727694, 3563142.716501332819462 ], [ 688202.346146932104602, 3562183.641230357345194 ], [ 687159.045355110196397, 3562164.327642011921853 ], [ 686982.360286595416255, 3561205.317942901048809 ], [ 688025.697477428242564, 3561224.607581759337336 ], [ 687849.091569465352222, 3560265.615534788928926 ], [ 688892.468203967320733, 3560284.988671733997762 ], [ 689422.305016646976583, 3563162.161572625860572 ], [ 688379.037575233727694, 3563142.716501332819462 ] ], [ [ 681886.246683651115745, 3539140.894196439534426 ], [ 680842.081626230385154, 3539122.364570487756282 ], [ 681017.854465098469518, 3540080.3759520878084 ], [ 679973.728510954184458, 3540061.929625573568046 ], [ 679622.15344940405339, 3538145.994917332660407 ], [ 681710.552819134667516, 3538182.900385917164385 ], [ 681886.246683651115745, 3539140.894196439534426 ] ], [ [ 682061.983396118623205, 3540098.929102338384837 ], [ 682589.45059432729613, 3542973.280597311910242 ], [ 681545.430114108952694, 3542954.656778574921191 ], [ 681721.374365613679402, 3543912.832683012355119 ], [ 682765.358671688009053, 3543931.480089796707034 ], [ 682941.309583534253761, 3544889.720780252479017 ], [ 680853.416327435523272, 3544852.485725372098386 ], [ 680325.475048987427726, 3541978.028669899329543 ], [ 681369.528711726539768, 3541996.522035622037947 ], [ 681017.854465098469518, 3540080.3759520878084 ], [ 682061.983396118623205, 3540098.929102338384837 ] ], [ [ 681029.48246852948796, 3545810.720423025079072 ], [ 679985.576500010909513, 3545792.239780534524471 ], [ 679809.474158088094555, 3544834.028645653743297 ], [ 680853.416327435523272, 3544852.485725372098386 ], [ 681029.48246852948796, 3545810.720423025079072 ] ], [ [ 674557.790227754390799, 3527557.496540125459433 ], [ 674382.430875065620057, 3526600.11058237683028 ], [ 675427.052767562447116, 3526617.910157890059054 ], [ 675602.376142815919593, 3527575.31931919278577 ], [ 674557.790227754390799, 3527557.496540125459433 ] ], [ [ 671591.900172899360768, 3522735.879114795010537 ], [ 670547.143082893686369, 3522718.491090055555105 ], [ 670371.890703839249909, 3521761.377884487621486 ], [ 671416.683716458734125, 3521778.742870424408466 ], [ 671591.900172899360768, 3522735.879114795010537 ] ], [ [ 670722.438450178131461, 3523675.644917626399547 ], [ 669677.720126028871164, 3523658.34016074007377 ], [ 670203.972010060911998, 3526529.976405189372599 ], [ 669159.364383636391722, 3526512.708881168160588 ], [ 669334.903645894257352, 3527469.979249459225684 ], [ 668290.334807288018055, 3527452.795096972491592 ], [ 668465.953066665679216, 3528410.083108990453184 ], [ 667421.423013520310633, 3528392.982367150485516 ], [ 667245.768754294025712, 3527435.717374666128308 ], [ 666201.205469637643546, 3527418.746080410201102 ], [ 666025.558243396109901, 3526461.544723230414093 ], [ 667070.157517588697374, 3526478.493042324203998 ], [ 666543.581968805287033, 3523607.063803302124143 ], [ 667588.291902654804289, 3523624.049605717882514 ], [ 667412.888722825213335, 3522666.964770710095763 ], [ 670547.143082893686369, 3522718.491090055555105 ], [ 670722.438450178131461, 3523675.644917626399547 ] ], [ [ 664980.961718710837886, 3526444.702801532112062 ], [ 664805.321550221880898, 3525487.564999185036868 ], [ 663760.691776951192878, 3525470.852375050075352 ], [ 663233.921719282399863, 3522599.751026595942676 ], [ 664278.659363931743428, 3522616.395038778427988 ], [ 664629.724433188675903, 3524530.467784779611975 ], [ 665674.392904511536472, 3524547.263860686216503 ], [ 666025.558243396109901, 3526461.544723230414093 ], [ 664980.961718710837886, 3526444.702801532112062 ] ], [ [ 668801.493636678671464, 3518873.092012695036829 ], [ 667756.598557478282601, 3518856.00840575248003 ], [ 667581.446402483386919, 3517899.103351359721273 ], [ 668626.377359997713938, 3517916.164039729628712 ], [ 668801.493636678671464, 3518873.092012695036829 ] ], [ [ 660610.879741134704091, 3513972.299409831874073 ], [ 659565.82449207175523, 3513956.072424008045346 ], [ 659390.636709426296875, 3512999.528693865984678 ], [ 660435.727788825752214, 3513015.733039539307356 ], [ 660610.879741134704091, 3513972.299409831874073 ] ], [ [ 676569.004937215475366, 3566753.334324864204973 ], [ 677612.090944514260627, 3566771.584107265342027 ], [ 677434.827384611708112, 3565812.60489414865151 ], [ 680564.212167804478668, 3565867.928570007905364 ], [ 680387.100865593878552, 3564908.919616506900638 ], [ 682473.444917663931847, 3564946.292329510208219 ], [ 682296.449349696515128, 3563987.277308556716889 ], [ 683339.662251646514051, 3564006.101149863097817 ], [ 683516.621377875213511, 3564965.140025445725769 ], [ 684559.800816755741835, 3564984.095284119714051 ], [ 684382.878130911849439, 3564025.03252529213205 ], [ 685426.097004416398704, 3564044.071437194012105 ], [ 685779.912284636520781, 3565962.286414991132915 ], [ 681607.346264940686524, 3565886.584960964508355 ], [ 681784.463942606933415, 3566845.659320756793022 ], [ 679698.271615989971906, 3566808.406492657028139 ], [ 680052.781404963578098, 3568726.584715990815312 ], [ 679009.762599296751432, 3568708.072126082144678 ], [ 679187.118274074280635, 3569667.199841030407697 ], [ 678144.138876739307307, 3569648.771124657709152 ], [ 677789.397381650400348, 3567730.604869560338557 ], [ 676746.347860396374017, 3567712.331355910748243 ], [ 676569.004937215475366, 3566753.334324864204973 ] ], [ [ 690547.681586018181406, 3586133.336927676107734 ], [ 689505.300815706024878, 3586113.635762722697109 ], [ 689327.473900576587766, 3585153.628275484777987 ], [ 690369.891373829217628, 3585173.305144409649074 ], [ 690547.681586018181406, 3586133.336927676107734 ] ], [ [ 693674.84231078485027, 3586193.089631954673678 ], [ 692632.452316851355135, 3586173.063859832473099 ], [ 692454.73550676740706, 3585212.983398541808128 ], [ 693497.162199885118753, 3585232.984788663219661 ], [ 693674.84231078485027, 3586193.089631954673678 ] ], [ [ 677682.890775351785123, 3583984.621109423693269 ], [ 677504.745767411077395, 3583024.962760100606829 ], [ 678547.204120420734398, 3583043.401989479549229 ], [ 678725.312435044441372, 3584003.084287379402667 ], [ 677682.890775351785123, 3583984.621109423693269 ] ], [ [ 676462.290267599048093, 3583006.63161640195176 ], [ 676284.151443870738149, 3582047.039025516714901 ], [ 677326.64362632879056, 3582065.346265458501875 ], [ 677504.745767411077395, 3583024.962760100606829 ], [ 676462.290267599048093, 3583006.63161640195176 ] ], [ [ 677148.584354849881493, 3581105.77160460036248 ], [ 678191.116058336570859, 3581124.162985422182828 ], [ 678369.138660602504387, 3582083.761562461033463 ], [ 677326.64362632879056, 3582065.346265458501875 ], [ 677148.584354849881493, 3581105.77160460036248 ] ], [ [ 688794.249537537340075, 3582273.858179392758757 ], [ 688438.98030865425244, 3580354.221543602179736 ], [ 689481.581115287262946, 3580373.777175688650459 ], [ 690192.143878080300055, 3584213.31545229954645 ], [ 689149.689713979722001, 3584193.662863172590733 ], [ 688971.948258704738691, 3583233.739504801575094 ], [ 687929.460453150561079, 3583214.219290792476386 ], [ 687751.725064031197689, 3582254.362184095662087 ], [ 688794.249537537340075, 3582273.858179392758757 ] ], [ [ 687396.382535478682257, 3580334.773937113117427 ], [ 687218.775401599123143, 3579375.042754939757288 ], [ 688261.409806499490514, 3579394.466191319283098 ], [ 688438.98030865425244, 3580354.221543602179736 ], [ 687396.382535478682257, 3580334.773937113117427 ] ], [ [ 692099.429966136929579, 3583292.948825807776302 ], [ 693141.930021321284585, 3583312.901500617619604 ], [ 693319.52476913027931, 3584272.922085221391171 ], [ 692277.061388929723762, 3584252.945060869678855 ], [ 692099.429966136929579, 3583292.948825807776302 ] ], [ [ 692786.868585740914568, 3581392.986603913363069 ], [ 693829.445056371274404, 3581412.998692318797112 ], [ 694184.433180750347674, 3583332.962296770419925 ], [ 693141.930021321284585, 3583312.901500617619604 ], [ 692786.868585740914568, 3581392.986603913363069 ] ], [ [ 691744.295216868515126, 3581373.082579535897821 ], [ 690701.724932999000885, 3581353.28661672025919 ], [ 690524.184972140239552, 3580393.44083579769358 ], [ 691566.791895978501998, 3580413.212526365183294 ], [ 691744.295216868515126, 3581373.082579535897821 ] ], [ [ 678699.949926211964339, 3578264.045819562859833 ], [ 679742.597307938151062, 3578282.581440961919725 ], [ 679564.819401265587658, 3577323.10226623993367 ], [ 680607.506296513718553, 3577341.721899767406285 ], [ 680963.031708432827145, 3579260.769938845187426 ], [ 678877.807307650218718, 3579223.542868225835264 ], [ 678699.949926211964339, 3578264.045819562859833 ] ], [ [ 686863.689408500795253, 3577455.706168581731617 ], [ 685820.984789145994, 3577436.438961128238589 ], [ 685643.469338631723076, 3576476.857608045451343 ], [ 686686.210554821765982, 3576496.100722573697567 ], [ 686863.689408500795253, 3577455.706168581731617 ] ], [ [ 679209.392132228356786, 3575404.269229809287935 ], [ 678166.634931773180142, 3575385.805286032147706 ], [ 677988.948992715100758, 3574426.475242859683931 ], [ 679031.742775345221162, 3574444.915326408110559 ], [ 679209.392132228356786, 3575404.269229809287935 ] ], [ [ 680939.805665466235951, 3573522.759038761723787 ], [ 681982.64473794598598, 3573541.498704226687551 ], [ 682337.68115581292659, 3575460.308251938782632 ], [ 681294.915227436344139, 3575441.520710452459753 ], [ 680939.805665466235951, 3573522.759038761723787 ] ], [ [ 681805.190760717494413, 3572582.156555346678942 ], [ 682848.069326070835814, 3572600.980091696605086 ], [ 683025.486750654876232, 3573560.346182989887893 ], [ 681982.64473794598598, 3573541.498704226687551 ], [ 681805.190760717494413, 3572582.156555346678942 ] ], [ [ 689637.125997951021418, 3575594.841549696866423 ], [ 688594.339116023154929, 3575575.298864738550037 ], [ 688417.018937841523439, 3574615.728931242134422 ], [ 689459.842388588935137, 3574635.247469693887979 ], [ 689637.125997951021418, 3575594.841549696866423 ] ], [ [ 687019.613313008798286, 3572677.352130756247789 ], [ 685976.722823767689988, 3572658.097432219423354 ], [ 685799.45782572531607, 3571698.701128699816763 ], [ 686842.384850238449872, 3571717.931786455679685 ], [ 687019.613313008798286, 3572677.352130756247789 ] ], [ [ 683359.065042639849707, 3569741.991671671159565 ], [ 686488.056229541427456, 3569799.21642320882529 ], [ 686665.199154831003398, 3570758.553224220871925 ], [ 684579.275062928907573, 3570720.24769483320415 ], [ 684756.533806122257374, 3571679.578236409462988 ], [ 683713.612774579785764, 3571660.56310721160844 ], [ 683359.065042639849707, 3569741.991671671159565 ] ], [ [ 682138.827782812062651, 3568763.932901805266738 ], [ 681095.803127175662667, 3568745.204973795451224 ], [ 680918.56330132484436, 3567786.071227893698961 ], [ 681961.624449475202709, 3567804.775294116232544 ], [ 682138.827782812062651, 3568763.932901805266738 ] ], [ [ 679343.933239907841198, 3564890.394594798330218 ], [ 678300.7685252353549, 3564871.977126548066735 ], [ 678123.62717659608461, 3563913.057237997185439 ], [ 679166.828338513616472, 3563931.450966059230268 ], [ 679343.933239907841198, 3564890.394594798330218 ] ], [ [ 685939.02613680344075, 3561186.135761776007712 ], [ 684895.69501110073179, 3561167.061035999562591 ], [ 684718.979938149452209, 3560208.140703419223428 ], [ 685762.347453514812514, 3560227.191553017124534 ], [ 685939.02613680344075, 3561186.135761776007712 ] ], [ [ 680528.8495159012964, 3554399.409887976944447 ], [ 679485.275803028373048, 3554380.930955176241696 ], [ 679308.715152824879624, 3553422.395686358213425 ], [ 682439.554077837150544, 3553478.083190025761724 ], [ 683322.24094028538093, 3558271.528837337624282 ], [ 681235.375370464520529, 3558234.05937278456986 ], [ 681058.679637442808598, 3557275.33488853322342 ], [ 682102.14729554229416, 3557293.992197400890291 ], [ 681925.530752739519812, 3556335.285409477073699 ], [ 678795.027572294231504, 3556279.706567774526775 ], [ 678618.344859115080908, 3555321.112242231145501 ], [ 680705.416707448661327, 3555358.01016678661108 ], [ 680528.8495159012964, 3554399.409887976944447 ] ], [ [ 683306.800394470104948, 3552538.271481292322278 ], [ 682263.145188520196825, 3552519.518258914351463 ], [ 682086.77913326153066, 3551560.994679087307304 ], [ 683130.470622348831967, 3551579.724198215641081 ], [ 683306.800394470104948, 3552538.271481292322278 ] ], [ [ 683997.914427458541468, 3550640.031231959350407 ], [ 682954.183675025240518, 3550621.218261803500354 ], [ 682777.939555212622508, 3549662.753651440609246 ], [ 681734.175535754067823, 3549644.071490810252726 ], [ 681557.937998920446262, 3548685.671841150615364 ], [ 682601.73826561961323, 3548704.330346519593149 ], [ 682425.579808952286839, 3547745.948326440993696 ], [ 683469.419298972818069, 3547764.690245009027421 ], [ 683997.914427458541468, 3550640.031231959350407 ] ], [ [ 678765.534938398981467, 3544815.67852801643312 ], [ 677721.598651258740574, 3544797.435370173305273 ], [ 677545.466794937849045, 3543839.312413814477623 ], [ 674413.566773947328329, 3543785.294973856769502 ], [ 674061.214686297695152, 3541869.312846699729562 ], [ 675105.250830790493637, 3541887.164974842686206 ], [ 675281.369236105587333, 3542845.158885497134179 ], [ 677369.377832795958966, 3542881.230575674213469 ], [ 677193.331767512951046, 3541923.189835248049349 ], [ 679281.424348796019331, 3541959.642182786483318 ], [ 679633.414683785289526, 3543875.858681423123926 ], [ 678589.439273798023351, 3543857.5320820142515 ], [ 678765.534938398981467, 3544815.67852801643312 ] ], [ [ 673017.181401535635814, 3541851.567583625670522 ], [ 672841.033597584930249, 3540893.661401933990419 ], [ 673885.103044089628384, 3540911.383337484672666 ], [ 674061.214686297695152, 3541869.312846699729562 ], [ 673017.181401535635814, 3541851.567583625670522 ] ], [ [ 674929.175348857650533, 3540929.21210953546688 ], [ 675973.250529035227373, 3540947.14772030711174 ], [ 676149.28985214990098, 3541905.123970280401409 ], [ 675105.250830790493637, 3541887.164974842686206 ], [ 674929.175348857650533, 3540929.21210953546688 ] ], [ [ 676841.368338236701675, 3540007.231565544847399 ], [ 673709.034339847741649, 3539953.494837219361216 ], [ 673533.008576237247325, 3538995.647325441241264 ], [ 675621.300627880729735, 3539031.318322284612805 ], [ 675445.390055180061609, 3538073.465133302845061 ], [ 678577.958208452444524, 3538127.702330597210675 ], [ 678753.760420629754663, 3539085.625701740384102 ], [ 676665.450979594839737, 3539049.313995302189142 ], [ 676841.368338236701675, 3540007.231565544847399 ] ], [ [ 675435.231030172784813, 3532345.038300633430481 ], [ 673346.428003472276032, 3532309.479987434111536 ], [ 672995.178752859821543, 3530394.433735618833452 ], [ 675084.125912010087632, 3530429.89912065397948 ], [ 675435.231030172784813, 3532345.038300633430481 ] ], [ [ 671942.462012285832316, 3524650.273537240922451 ], [ 672987.15007171430625, 3524667.814040188211948 ], [ 673162.459492723573931, 3525625.095373619347811 ], [ 672117.807389969122596, 3525607.531755885109305 ], [ 671942.462012285832316, 3524650.273537240922451 ] ], [ [ 672811.883609960321337, 3523710.573400955181569 ], [ 673856.610480215633288, 3523728.197131756227463 ], [ 674031.840998654253781, 3524685.460898510646075 ], [ 672987.15007171430625, 3524667.814040188211948 ], [ 672811.883609960321337, 3523710.573400955181569 ] ], [ [ 660968.878786383895203, 3521609.874696935992688 ], [ 660793.346131609752774, 3520653.008016058243811 ], [ 661838.150237787747756, 3520669.393923909403384 ], [ 662013.64696774922777, 3521626.283371003810316 ], [ 660968.878786383895203, 3521609.874696935992688 ] ], [ [ 658703.745914208819158, 3520620.554852123372257 ], [ 658177.191138433758169, 3517750.333516631275415 ], [ 660267.006777418893762, 3517782.650529216043651 ], [ 660793.346131609752774, 3520653.008016058243811 ], [ 658703.745914208819158, 3520620.554852123372257 ] ], [ [ 667237.528566765016876, 3521709.920510299969465 ], [ 666192.746763566043228, 3521692.980572971515357 ], [ 666017.39371697162278, 3520735.999775767792016 ], [ 667062.211437087738886, 3520752.91680424567312 ], [ 667237.528566765016876, 3521709.920510299969465 ] ], [ [ 663927.766531804692931, 3520702.484401606954634 ], [ 662882.957032072241418, 3520685.886051737703383 ], [ 662707.539301642798819, 3519729.014280887320638 ], [ 663752.384711175807752, 3519745.589823276270181 ], [ 663927.766531804692931, 3520702.484401606954634 ] ] ], [ [ [ 699064.378483938402496, 3587255.111077991314232 ], [ 696979.643668849952519, 3587214.036573185585439 ], [ 697157.298968758666888, 3588174.299174735322595 ], [ 699241.96034794789739, 3588215.422766555100679 ], [ 699064.378483938402496, 3587255.111077991314232 ] ] ], [ [ [ 694385.989499713759869, 3590033.930824304465204 ], [ 694563.882969229016453, 3590994.246682446915656 ], [ 697690.520669419434853, 3591055.340574054047465 ], [ 697512.737471866072156, 3590094.95115408860147 ], [ 696470.485007176874205, 3590074.502717980649322 ], [ 696292.707695359364152, 3589114.180124916136265 ], [ 695250.421631672885269, 3589093.864520165137947 ], [ 695428.235688681947067, 3590054.162608890794218 ], [ 694385.989499713759869, 3590033.930824304465204 ] ] ], [ [ [ 686254.380463202018291, 3596578.281252667307854 ], [ 689380.272836241056211, 3596636.887628532480448 ], [ 688667.047497412888333, 3592795.449844352900982 ], [ 684498.607787168119103, 3592717.914159155916423 ], [ 683963.696066744276322, 3589837.570281896740198 ], [ 685005.911877268925309, 3589856.718956949189305 ], [ 684649.591500819311477, 3587936.651791011914611 ], [ 682565.015811301302165, 3587898.559405222535133 ], [ 682743.228105826303363, 3588858.523632258642465 ], [ 680658.737624172354117, 3588820.815996236167848 ], [ 680480.451829112600535, 3587860.899971710052341 ], [ 679438.174186538555659, 3587842.232606222853065 ], [ 679616.496733881765977, 3588802.124572445172817 ], [ 678574.258721705991775, 3588783.541408377233893 ], [ 678752.660873029846698, 3589743.451325208880007 ], [ 677710.46248936234042, 3589724.95240128133446 ], [ 677532.023570962366648, 3588765.066501734778285 ], [ 676489.791264969622716, 3588746.69985023047775 ], [ 676668.266951817204244, 3589706.561761118005961 ], [ 675626.074243720155209, 3589688.279402442742139 ], [ 675983.227805719245225, 3591608.081182685215026 ], [ 678067.468902375898324, 3591644.850176376756281 ], [ 678246.036391468602233, 3592604.862093889154494 ], [ 679288.124401442008093, 3592623.433167161419988 ], [ 679466.697926510241814, 3593583.511214941740036 ], [ 680508.751989300828427, 3593602.214771097060293 ], [ 680330.215278280549683, 3592642.112612382508814 ], [ 681372.309038627892733, 3592660.900431861169636 ], [ 681193.851955420686863, 3591700.816230338532478 ], [ 682235.985415201750584, 3591719.688274456653744 ], [ 682592.868786068866029, 3593639.94709442043677 ], [ 681550.808936942135915, 3593621.026730148121715 ], [ 682086.565494753420353, 3596501.658415907528251 ], [ 685212.422304772539064, 3596558.962798497639596 ], [ 685390.982860289048404, 3597519.33048020163551 ], [ 686432.904162834514864, 3597538.673253670334816 ], [ 686254.380463202018291, 3596578.281252667307854 ] ], [ [ 682057.607937064836733, 3590759.622012997977436 ], [ 683099.781098178005777, 3590778.578243072610348 ], [ 683278.121790454606526, 3591738.668668853584677 ], [ 682235.985415201750584, 3591719.688274456653744 ], [ 682057.607937064836733, 3590759.622012997977436 ] ] ], [ [ [ 699978.15769507875666, 3597800.006361806299537 ], [ 699622.110919966362417, 3595878.627298753708601 ], [ 698580.076004070811905, 3595857.922821034211665 ], [ 698224.12601215869654, 3593936.762808319646865 ], [ 697182.02064474474173, 3593916.216077398043126 ], [ 697004.072782457573339, 3592955.72424726234749 ], [ 695961.93377230502665, 3592935.310527522582561 ], [ 696139.91842830600217, 3593895.77778820740059 ], [ 695097.819346213364042, 3593875.447938219644129 ], [ 695632.139616612694226, 3596757.03015924571082 ], [ 690422.242981853662059, 3596656.640099657233804 ], [ 690957.499958190368488, 3599538.235812501981854 ], [ 696166.843704104656354, 3599638.993916114792228 ], [ 695988.566366649465635, 3598678.296902362257242 ], [ 698072.399357752292417, 3598719.31108171492815 ], [ 698250.602960814954713, 3599680.057401405647397 ], [ 699292.487317970837466, 3599700.752063542604446 ], [ 698936.196446916786954, 3597779.252516323700547 ], [ 699978.15769507875666, 3597800.006361806299537 ] ] ], [ [ [ 683843.308645215933211, 3600362.18129293853417 ], [ 683485.826168585335836, 3598441.331858919933438 ], [ 682443.95055787358433, 3598422.29040934657678 ], [ 682622.707288451725617, 3599382.669730158057064 ], [ 681580.871471171500161, 3599363.71259172167629 ], [ 681223.327049883198924, 3597443.04463149420917 ], [ 682265.236625711433589, 3597461.953311624936759 ], [ 682086.565494753420353, 3596501.658415907528251 ], [ 680002.675509736873209, 3596463.997953866608441 ], [ 679823.973483430454507, 3595503.79358726600185 ], [ 678781.995955923455767, 3595485.150218275375664 ], [ 678603.299921008991078, 3594525.012093823868781 ], [ 679645.314288096153177, 3594543.631347966380417 ], [ 679466.697926510241814, 3593583.511214941740036 ], [ 676340.552880888339132, 3593528.050940786022693 ], [ 677234.615794067969546, 3598328.711341518443078 ], [ 678276.477030156762339, 3598347.210072146728635 ], [ 679529.706617584452033, 3605070.074372115079314 ], [ 680571.312215728219599, 3605088.851044228766114 ], [ 679676.118721059290692, 3600286.472926837392151 ], [ 680717.911869146977551, 3600305.237114433664829 ], [ 680896.828008637530729, 3601265.652433482930064 ], [ 682980.349133695242926, 3601303.555125416722149 ], [ 682801.506814655964263, 3600343.091295144986361 ], [ 683843.308645215933211, 3600362.18129293853417 ] ] ], [ [ [ 681612.920681545045227, 3605107.736458316445351 ], [ 680571.312215728219599, 3605088.851044228766114 ], [ 680750.479371562716551, 3606049.453548918478191 ], [ 684916.782722584553994, 3606125.745029686950147 ], [ 684200.962244693306275, 3602283.199853376019746 ], [ 683159.23424277594313, 3602264.061242083087564 ], [ 683517.132819870486856, 3604185.200419110711664 ], [ 681433.833301659440622, 3604147.151997566688806 ], [ 681612.920681545045227, 3605107.736458316445351 ] ] ], [ [ [ 686398.721330879838206, 3495333.186025716830045 ], [ 688490.431351054692641, 3495370.963703503832221 ], [ 688317.209178296732716, 3494414.516343514900655 ], [ 689363.104484278708696, 3494433.540244038682431 ], [ 688843.801389367086813, 3491564.370719176251441 ], [ 685705.805236824555323, 3491507.823837262578309 ], [ 685878.970009334851056, 3492464.103927833028138 ], [ 684833.013092864654027, 3492445.442685754504055 ], [ 685006.256229209946468, 3493401.739973289426416 ], [ 686052.177617597626522, 3493420.42430938128382 ], [ 686398.721330879838206, 3495333.186025716830045 ] ] ], [ [ [ 689183.748058138415217, 3499197.15716995485127 ], [ 691275.186153683578596, 3499235.543026384431869 ], [ 691621.958832649514079, 3501148.975703063420951 ], [ 692667.611470357049257, 3501168.373791032005101 ], [ 692494.239362861262634, 3500211.613833278417587 ], [ 694585.625580261228606, 3500250.680285198614001 ], [ 694239.152018016669899, 3498337.18841444933787 ], [ 693193.386094623827375, 3498317.649145811330527 ], [ 692500.809598604333587, 3494491.244893295224756 ], [ 691454.904676843434572, 3494471.904516524169594 ], [ 691281.831913752248511, 3493515.427847292274237 ], [ 690235.894681964884512, 3493496.216217464301735 ], [ 690409.002977930940688, 3494452.669634241610765 ], [ 689363.104484278708696, 3494433.540244038682431 ], [ 689709.520527297165245, 3496346.521784136071801 ], [ 690755.347916984464973, 3496365.697669063229114 ], [ 690928.58455478225369, 3497322.272327352780849 ], [ 689882.792734808521345, 3497303.073171578347683 ], [ 690056.10772946360521, 3498259.66499745612964 ], [ 689010.354684241814539, 3498240.548159115947783 ], [ 689183.748058138415217, 3499197.15716995485127 ] ] ], [ [ [ 689873.57710747141391, 3514469.707056498620659 ], [ 690918.717050674604252, 3514489.009510308504105 ], [ 690744.603511052322574, 3513531.774162786081433 ], [ 689699.427780748461373, 3513512.495177001692355 ], [ 689525.321231521782465, 3512555.324032431468368 ], [ 690570.532737053115852, 3512574.579565958119929 ], [ 690048.577035515918396, 3509703.240076770074666 ], [ 689003.258275505620986, 3509684.05480546830222 ], [ 688829.322862941073254, 3508727.046397843398154 ], [ 686738.623337559169158, 3508689.040364539250731 ], [ 687086.679893918102607, 3510603.004416620824486 ], [ 688131.956614479538985, 3510622.001158863306046 ], [ 688306.013353569782339, 3511579.067502269055694 ], [ 687260.772387252189219, 3511560.047396446112543 ], [ 687434.907687144703232, 3512517.131039126776159 ], [ 686389.705613465281203, 3512498.193574571982026 ], [ 686215.534546082373708, 3511541.133282650262117 ], [ 685170.299812632612884, 3511522.325158518273383 ], [ 685344.506648903014138, 3512479.362128253560513 ], [ 684299.310776039259508, 3512460.636697817593813 ], [ 684473.596222074353136, 3513417.691009786911309 ], [ 685518.756312789861113, 3513436.4397495938465 ], [ 686041.762243574834429, 3516307.916725903749466 ], [ 688131.876899036811665, 3516345.872643833979964 ], [ 688306.226191759109497, 3517303.159904953092337 ], [ 689351.252383422572166, 3517322.320523308124393 ], [ 689525.60862936405465, 3518279.672043002210557 ], [ 691615.598811851115897, 3518318.358813555445522 ], [ 691441.314236513222568, 3517360.960260123945773 ], [ 690396.281725883367471, 3517341.587307562120259 ], [ 689873.57710747141391, 3514469.707056498620659 ] ] ], [ [ [ 687261.203133522882126, 3517284.10545010259375 ], [ 687435.631055512814783, 3518241.410050407983363 ], [ 688480.618275039596483, 3518260.487950660288334 ], [ 688306.226191759109497, 3517303.159904953092337 ], [ 687261.203133522882126, 3517284.10545010259375 ] ] ], [ [ [ 691615.598811851115897, 3518318.358813555445522 ], [ 691964.296216515824199, 3520233.278497702907771 ], [ 694054.155744701507501, 3520272.484456582926214 ], [ 693705.601741870166734, 3518357.470381402410567 ], [ 691615.598811851115897, 3518318.358813555445522 ] ] ], [ [ [ 696320.123666240368038, 3526996.252270959317684 ], [ 694230.760345025220886, 3526956.502025670837611 ], [ 694580.155106575344689, 3528872.20652132993564 ], [ 690401.754601791035384, 3528793.794056577142328 ], [ 690226.891999299870804, 3527836.016036692541093 ], [ 689182.263820891152136, 3527816.702812597155571 ], [ 689007.408021757379174, 3526858.989405086264014 ], [ 686918.089121492230333, 3526820.729502787813544 ], [ 687267.987355348421261, 3528736.103035950101912 ], [ 688312.573316576890647, 3528755.226873569190502 ], [ 688487.550641759065911, 3529712.998680474236608 ], [ 686398.453786988044158, 3529674.81037687882781 ], [ 686223.404492024332285, 3528717.085697735194117 ], [ 685178.824709341395646, 3528698.174856550525874 ], [ 685353.909991252003238, 3529655.876014699693769 ], [ 684309.369260277366266, 3529637.048175778239965 ], [ 684484.533357640262693, 3530594.766795923002064 ], [ 686573.545885255327448, 3530632.576042156200856 ], [ 686923.858480945462361, 3532548.230412857607007 ], [ 684834.990023001329973, 3532510.326981112360954 ], [ 685185.617964646895416, 3534426.051229095552117 ], [ 687274.34225756675005, 3534464.048973426222801 ], [ 687449.648331988137215, 3535422.019876075908542 ], [ 689538.312867423868738, 3535460.491613148711622 ], [ 689888.909077668446116, 3537376.651497798971832 ], [ 691977.441824835841544, 3537415.645003851503134 ], [ 692152.731888932874426, 3538373.834236780647188 ], [ 693196.966908752801828, 3538393.514941725414246 ], [ 693547.603016871027648, 3540310.064792374148965 ], [ 694591.769008305389434, 3540329.900011577643454 ], [ 694241.205108676687814, 3538413.302441789768636 ], [ 696329.691117513924837, 3538453.197837153915316 ], [ 696154.545396075467579, 3537494.913204304408282 ], [ 694065.987218496156856, 3537455.065566134639084 ], [ 693715.679571027634665, 3535538.715530538000166 ], [ 694760.029187396750785, 3535558.538283098023385 ], [ 694584.975484707159922, 3534600.401265552267432 ], [ 699806.952295734430663, 3534700.996279419865459 ], [ 699632.121466094395146, 3533742.781029217410833 ], [ 694409.964488289551809, 3533642.305447729304433 ], [ 694234.996200865600258, 3532684.250809113029391 ], [ 696323.921294149011374, 3532724.073398062493652 ], [ 696149.067741186590865, 3531766.0122946575284 ], [ 698238.077816651551984, 3531806.21367897791788 ], [ 697713.989221439347602, 3528932.134283446706831 ], [ 696669.374602318741381, 3528912.051842212677002 ], [ 696320.123666240368038, 3526996.252270959317684 ] ], [ [ 693190.538472875603475, 3532664.4994584210217 ], [ 692840.658021171577275, 3530748.561158549971879 ], [ 693885.187763868481852, 3530768.264987481292337 ], [ 694234.996200865600258, 3532684.250809113029391 ], [ 693190.538472875603475, 3532664.4994584210217 ] ] ], [ [ [ 694760.029187396750785, 3535558.538283098023385 ], [ 694935.125593638396822, 3536516.716520901303738 ], [ 697023.762356970924884, 3536556.729921865742654 ], [ 696848.738069073762745, 3535598.503933324944228 ], [ 694760.029187396750785, 3535558.538283098023385 ] ] ], [ [ [ 697373.938960763975047, 3538473.305737426504493 ], [ 697549.091271191020496, 3539431.655605581589043 ], [ 699637.524536134907976, 3539472.239784655626863 ], [ 699812.647306258324534, 3540430.678979877382517 ], [ 700856.832754053641111, 3540451.155365571379662 ], [ 700506.702051857253537, 3538534.270278717856854 ], [ 699462.444410767522641, 3538513.84195568272844 ], [ 699287.40693290240597, 3537555.485472358297557 ], [ 698243.116494996007532, 3537535.18793822452426 ], [ 698418.190052792546339, 3538493.520442762877792 ], [ 697373.938960763975047, 3538473.305737426504493 ] ] ], [ [ [ 693898.409980343072675, 3542226.779807702172548 ], [ 693547.603016871027648, 3540310.064792374148965 ], [ 691459.280564957298338, 3540270.714908570051193 ], [ 691634.734939410584047, 3541229.004079249687493 ], [ 692678.858457804075442, 3541248.64942245092243 ], [ 692854.319430544041097, 3542207.00371517566964 ], [ 693898.409980343072675, 3542226.779807702172548 ] ] ], [ [ [ 695986.600652934983373, 3542266.65272401412949 ], [ 695811.24808267748449, 3541308.226732986047864 ], [ 694767.115012296126224, 3541288.260746852029115 ], [ 695117.935114970896393, 3543205.106221084482968 ], [ 694073.877526013646275, 3543185.199303573928773 ], [ 694424.9407315608114, 3545102.162374737206846 ], [ 695468.925992332049645, 3545122.117170924786478 ], [ 695293.409208184224553, 3544163.591001247987151 ], [ 696337.433844013139606, 3544183.628819434437901 ], [ 696161.995907627162524, 3543225.120079291518778 ], [ 697206.059921105159447, 3543245.240880687255412 ], [ 697030.700809992849827, 3542286.749552767723799 ], [ 695986.600652934983373, 3542266.65272401412949 ] ] ], [ [ [ 692336.979760348680429, 3545062.573766284622252 ], [ 693380.958659934345633, 3545082.314574013929814 ], [ 693205.369534339639358, 3544123.83627035934478 ], [ 692161.354462096700445, 3544104.119352704379708 ], [ 692336.979760348680429, 3545062.573766284622252 ] ] ], [ [ [ 693732.265044847270474, 3546999.395336525514722 ], [ 694776.174737803870812, 3547019.291022574994713 ], [ 694424.9407315608114, 3545102.162374737206846 ], [ 693380.958659934345633, 3545082.314574013929814 ], [ 693556.590497681405395, 3546040.834255861584097 ], [ 691468.708224011934362, 3546001.411847461480647 ], [ 691644.455165697960183, 3546959.925112689845264 ], [ 692688.35852650704328, 3546979.606700718402863 ], [ 692864.111988946911879, 3547938.185262820217758 ], [ 693907.982298691524193, 3547957.997836642432958 ], [ 693732.265044847270474, 3546999.395336525514722 ] ] ], [ [ [ 698434.768297008238733, 3549955.840555319096893 ], [ 697390.957624227274209, 3549935.551498025655746 ], [ 697215.263655327260494, 3548976.794015258084983 ], [ 695127.579522821702994, 3548936.585412179585546 ], [ 695303.345950509654358, 3549895.294811782427132 ], [ 694259.544915456790477, 3549875.327177823055536 ], [ 694083.742256476427428, 3548916.641776856966317 ], [ 693039.908167312853038, 3548896.80524902837351 ], [ 693391.628660862101242, 3550814.169576366432011 ], [ 696522.923053203616291, 3550874.144524651579559 ], [ 696698.738597030634992, 3551832.960999079514295 ], [ 697742.473546640831046, 3551853.191072589717805 ], [ 697566.694255584618077, 3550894.350510236341506 ], [ 698610.468688847264275, 3550914.663668078836054 ], [ 698434.768297008238733, 3549955.840555319096893 ] ] ], [ [ [ 698786.211728377500549, 3551873.528346997220069 ], [ 699829.953159278491512, 3551893.972824831493199 ], [ 699654.246370039298199, 3550935.084000706672668 ], [ 698610.468688847264275, 3550914.663668078836054 ], [ 698786.211728377500549, 3551873.528346997220069 ] ] ], [ [ [ 697050.497688771225512, 3553750.718633116688579 ], [ 693919.52970208262559, 3553690.527264750562608 ], [ 693391.628660862101242, 3550814.169576366432011 ], [ 692347.870211518835276, 3550794.392254804261029 ], [ 692523.830779060255736, 3551753.112663876265287 ], [ 691480.111734485952184, 3551733.418557368218899 ], [ 691832.233571936842054, 3553650.935930863488466 ], [ 690788.590214093448594, 3553631.301130021456629 ], [ 691140.955550234531984, 3555548.936623508110642 ], [ 689053.823381380876526, 3555509.893024693243206 ], [ 689230.142790531506762, 3556468.725166630465537 ], [ 690273.671001408714801, 3556488.217257246375084 ], [ 690449.996826771413907, 3557447.114884349517524 ], [ 691493.491806279169396, 3557466.738282907288522 ], [ 691317.202314641559497, 3556507.816672111861408 ], [ 692360.736747224349529, 3556527.523413666058332 ], [ 692536.9899064298952, 3557486.469036780297756 ], [ 693580.491144209285267, 3557506.307148423045874 ], [ 693404.274316153489053, 3556547.337484356481582 ], [ 694447.815038421191275, 3556567.258886647876352 ], [ 694095.582118406193331, 3554649.396229600999504 ], [ 695139.198632181389257, 3554669.376817663665861 ], [ 695315.257440632442012, 3555628.311417521443218 ], [ 697402.427434230805375, 3555668.642652194015682 ], [ 697754.527811300940812, 3557586.733222205191851 ], [ 698798.044991988688707, 3557607.10815995093435 ], [ 698446.017252639634535, 3555688.969237688463181 ], [ 700533.206617685733363, 3555729.944357627537102 ], [ 700885.089088948327117, 3557648.180156282149255 ], [ 702972.14627990545705, 3557689.681664112489671 ], [ 702796.256375986849889, 3556730.494342592544854 ], [ 703839.826243001152761, 3556751.381842338945717 ], [ 703664.015240851091221, 3555792.211948229465634 ], [ 705751.237571702338755, 3555834.260312532540411 ], [ 705575.54174123168923, 3554875.083475868683308 ], [ 706619.194223501021042, 3554896.244275724049658 ], [ 706794.853762751678005, 3555855.445493678562343 ], [ 707838.473326882813126, 3555876.738010994624346 ], [ 707662.850077693583444, 3554917.512383083812892 ], [ 708706.509320818120614, 3554938.887800591997802 ], [ 708355.462987970910035, 3553020.513027273584157 ], [ 707311.731203162693419, 3552999.186438857577741 ], [ 706960.78251239832025, 3551081.027438164688647 ], [ 704873.184091608971357, 3551038.793375003151596 ], [ 705048.709647600189783, 3551997.803354896605015 ], [ 704004.951715301023796, 3551976.822821509558707 ], [ 704531.892613876610994, 3554854.029980883467942 ], [ 701400.965191201656125, 3554791.513299047481269 ], [ 700873.697856383048929, 3551914.52450863737613 ], [ 699829.953159278491512, 3551893.972824831493199 ], [ 700005.702581431833096, 3552852.903251850511879 ], [ 698961.997412836062722, 3552832.434612783137709 ], [ 699137.825739458552562, 3553791.382486163638532 ], [ 698094.160096811596304, 3553770.996930550318211 ], [ 697918.295494636520743, 3552812.073205787688494 ], [ 696874.596809805254452, 3552791.819028330501169 ], [ 697050.497688771225512, 3553750.718633116688579 ] ], [ [ 706443.577236645971425, 3553937.084819180890918 ], [ 705399.888475198531523, 3553915.948384562972933 ], [ 705224.277776391711086, 3552956.855017828755081 ], [ 706268.002804978750646, 3552977.967103256378323 ], [ 706443.577236645971425, 3553937.084819180890918 ] ] ], [ [ [ 704236.471356587484479, 3575879.768424598500133 ], [ 703193.640096601331607, 3575858.715091897174716 ], [ 703370.490999921108596, 3576818.667792083695531 ], [ 704413.285696115810424, 3576839.745688718277961 ], [ 704236.471356587484479, 3575879.768424598500133 ] ] ], [ [ [ 701284.911431540502235, 3576776.835842085536569 ], [ 701107.987397148855962, 3575816.932183730881661 ], [ 699022.347679680096917, 3575775.5809346283786 ], [ 698845.393133018864319, 3574815.768246819730848 ], [ 697802.541542915161699, 3574795.278892387636006 ], [ 698156.566387035883963, 3576714.897486459463835 ], [ 697113.791120494832285, 3576694.467242832295597 ], [ 697822.498784364084713, 3580534.111447527538985 ], [ 699907.759709578938782, 3580575.275444209575653 ], [ 699553.467049538390711, 3578655.271342363674194 ], [ 698510.761762358713895, 3578634.684273287653923 ], [ 698333.642759699141607, 3577674.769845295697451 ], [ 700419.129736069822684, 3577716.003044539131224 ], [ 700242.126525761326775, 3576756.081783533561975 ], [ 701284.911431540502235, 3576776.835842085536569 ] ] ], [ [ [ 705120.968628099421039, 3580680.076408461201936 ], [ 705652.177600381663069, 3583560.767783470917493 ], [ 707737.264353238279, 3583603.592838049400598 ], [ 707206.275189651409164, 3580722.753237726166844 ], [ 705120.968628099421039, 3580680.076408461201936 ] ] ], [ [ [ 704255.384044824633747, 3581619.0636500203982 ], [ 703212.775635259225965, 3581597.970782755874097 ], [ 703389.918567725922912, 3582558.151940398849547 ], [ 704432.490339673822746, 3582579.269440157338977 ], [ 704255.384044824633747, 3581619.0636500203982 ] ] ], [ [ [ 703921.602758623077534, 3585438.94893188867718 ], [ 703389.918567725922912, 3582558.151940398849547 ], [ 701304.784818363375962, 3582516.241292610298842 ], [ 701659.345012999256141, 3584436.63189087016508 ], [ 702701.836944622220472, 3584457.582355948165059 ], [ 702879.144246144685894, 3585417.865641424432397 ], [ 703921.602758623077534, 3585438.94893188867718 ] ] ], [ [ [ 699929.248126114718616, 3586315.516706359107047 ], [ 699219.664016770781018, 3582474.763096508104354 ], [ 697134.556029015337117, 3582433.717331536579877 ], [ 697489.409512016689405, 3584353.911707623396069 ], [ 698531.888586881803349, 3584374.429507012479007 ], [ 698886.839233874925412, 3586294.841652588918805 ], [ 699929.248126114718616, 3586315.516706359107047 ] ] ], [ [ [ 706183.769436086760834, 3586441.83979179058224 ], [ 706538.376657204702497, 3588362.766208149027079 ], [ 708623.09657676180359, 3588405.838954654987901 ], [ 708268.636161827715114, 3586484.813363988418132 ], [ 706183.769436086760834, 3586441.83979179058224 ] ] ], [ [ [ 701681.779125916771591, 3590177.828219528310001 ], [ 702037.094074046472088, 3592098.846407452598214 ], [ 703079.28900705371052, 3592119.885918574407697 ], [ 703256.97357123286929, 3593080.483329106587917 ], [ 705341.299653626861982, 3593122.937089974991977 ], [ 704808.594218191923574, 3590241.123577647842467 ], [ 703766.319263458950445, 3590219.916780796367675 ], [ 703943.881948977359571, 3591180.454098804853857 ], [ 702901.647006224142388, 3591159.330925573594868 ], [ 702724.047571589704603, 3590198.818328960798681 ], [ 701681.779125916771591, 3590177.828219528310001 ] ] ], [ [ [ 699952.713886884390377, 3592057.092574181035161 ], [ 700130.508778182789683, 3593017.615894959773868 ], [ 702214.81541278178338, 3593059.419092710595578 ], [ 702037.094074046472088, 3592098.846407452598214 ], [ 699952.713886884390377, 3592057.092574181035161 ] ] ], [ [ [ 705365.915139099932276, 3598866.281276917550713 ], [ 705543.860708244261332, 3599827.20107123022899 ], [ 706585.767635857337154, 3599848.656102631241083 ], [ 706407.858924198546447, 3598887.711411420721561 ], [ 705365.915139099932276, 3598866.281276917550713 ] ] ], [ [ [ 703282.037371205864474, 3598823.746815235819668 ], [ 703104.06063929758966, 3597862.919278089422733 ], [ 699978.15769507875666, 3597800.006361806299537 ], [ 700334.374849758925848, 3599721.55534208053723 ], [ 699292.487317970837466, 3599700.752063542604446 ], [ 699470.69665696285665, 3600661.565584592986852 ], [ 700512.547312315437011, 3600682.393604158889502 ], [ 700869.019993600086309, 3602604.197778270579875 ], [ 701910.800054217339493, 3602625.184033988974988 ], [ 702089.063355416525155, 3603586.174807254225016 ], [ 701047.320206614909694, 3603565.163732761051506 ], [ 701225.662997400620952, 3604526.172293866518885 ], [ 706434.226421233965084, 3604632.439518829341978 ], [ 706256.068239246844314, 3603671.306494961492717 ], [ 707297.827615033602342, 3603692.86127746803686 ], [ 706941.712604688596912, 3601770.673365529626608 ], [ 705899.879428604384884, 3601749.168491291347891 ], [ 706077.952574077877216, 3602710.216159543022513 ], [ 703994.369825580506586, 3602667.482670998200774 ], [ 703638.118498769705184, 3600745.529559219721705 ], [ 705721.848805702407844, 3600788.163468938320875 ], [ 705543.860708244261332, 3599827.20107123022899 ], [ 704501.95705469942186, 3599805.854671855922788 ], [ 704323.974626963259652, 3598844.959745734464377 ], [ 703282.037371205864474, 3598823.746815235819668 ] ], [ [ 704172.55930653703399, 3603628.523167923558503 ], [ 703130.809716545394622, 3603607.294618105981499 ], [ 702952.58332602889277, 3602646.278997362591326 ], [ 703994.369825580506586, 3602667.482670998200774 ], [ 704172.55930653703399, 3603628.523167923558503 ] ] ], [ [ [ 707983.549073599278927, 3601792.286931873299181 ], [ 708339.59028581995517, 3603714.524809509515762 ], [ 709381.35626813932322, 3603736.297093765344471 ], [ 709025.388851887313649, 3601814.009192993398756 ], [ 707983.549073599278927, 3601792.286931873299181 ] ] ], [ [ [ 692327.772367013385519, 3493534.744943040423095 ], [ 692500.809598604333587, 3494491.244893295224756 ], [ 693546.717760801315308, 3494510.690766979008913 ], [ 693373.71605934551917, 3493554.167507131118327 ], [ 692327.772367013385519, 3493534.744943040423095 ] ] ], [ [ [ 698762.534092559246346, 3506051.945521741639823 ], [ 698935.984263382502832, 3507009.066796034574509 ], [ 699981.442663177265786, 3507029.240619699470699 ], [ 699808.028171218000352, 3506072.095717476215214 ], [ 698762.534092559246346, 3506051.945521741639823 ] ] ], [ [ [ 699981.442663177265786, 3507029.240619699470699 ], [ 700154.899820782011375, 3507986.426288104150444 ], [ 698064.05773178266827, 3507946.137260471936315 ], [ 698411.242869973299094, 3509860.536365067586303 ], [ 697365.898223967524245, 3509840.503489117138088 ], [ 697713.325557285454124, 3511755.018492862582207 ], [ 700849.155053736874834, 3511815.577029573731124 ], [ 700675.527260513510555, 3510858.22809339966625 ], [ 701720.846176448161714, 3510878.602581608574837 ], [ 702068.072929128538817, 3512793.388808064162731 ], [ 703113.323729492258281, 3512813.916837783064693 ], [ 702939.724780672928318, 3511856.479503116104752 ], [ 703985.014715199591592, 3511877.089782263617963 ], [ 703464.58081752457656, 3509004.951762408018112 ], [ 702419.183715197490528, 3508984.412813519127667 ], [ 702072.369516097358428, 3507069.905912440270185 ], [ 699981.442663177265786, 3507029.240619699470699 ] ] ], [ [ [ 696841.869134275708348, 3512692.339435891713947 ], [ 696320.556874761125073, 3509820.576572380959988 ], [ 694229.88399697560817, 3509781.040606590453535 ], [ 694577.525755412643775, 3511695.414103959221393 ], [ 695622.789085679338314, 3511715.17622133390978 ], [ 695796.638294798554853, 3512672.447699047625065 ], [ 696841.869134275708348, 3512692.339435891713947 ] ] ], [ [ [ 697537.549892661627382, 3516521.928232286591083 ], [ 695447.377765299635939, 3516482.061733191367239 ], [ 695621.476308137178421, 3517439.513802066445351 ], [ 697711.576804592856206, 3517479.427646461874247 ], [ 697537.549892661627382, 3516521.928232286591083 ] ] ], [ [ [ 699803.228288477752358, 3528972.618740032427013 ], [ 699977.809874816099182, 3529930.651794736273587 ], [ 701022.398388703819364, 3529951.077736631035805 ], [ 700847.852770913392305, 3528993.020760435145348 ], [ 699803.228288477752358, 3528972.618740032427013 ] ] ], [ [ [ 699457.333285687724128, 3532784.607037746813148 ], [ 699632.121466094395146, 3533742.781029217410833 ], [ 700676.562674986082129, 3533763.196143941953778 ], [ 700851.357475056080148, 3534721.435366495978087 ], [ 701895.765966893173754, 3534741.981154254637659 ], [ 702070.567361199529842, 3535700.285688902251422 ], [ 703114.943143688025884, 3535720.962225440889597 ], [ 702940.177788449684158, 3534762.63364525930956 ], [ 703984.592956927837804, 3534783.392842083238065 ], [ 703809.906238162424415, 3533825.081530682742596 ], [ 701721.007195152807981, 3533783.717930720187724 ], [ 701546.291048722690903, 3532825.495997737627476 ], [ 699457.333285687724128, 3532784.607037746813148 ] ] ], [ [ [ 703984.592956927837804, 3534783.392842083238065 ], [ 704159.322274317964911, 3535741.745496436953545 ], [ 705203.70477028307505, 3535762.635504482313991 ], [ 705029.011489532189444, 3534804.258747317362577 ], [ 703984.592956927837804, 3534783.392842083238065 ] ] ], [ [ [ 699806.952295734430663, 3534700.996279419865459 ], [ 699981.825771870091558, 3535659.252808903343976 ], [ 701026.194909658399411, 3535679.71588424500078 ], [ 700851.357475056080148, 3534721.435366495978087 ], [ 699806.952295734430663, 3534700.996279419865459 ] ] ], [ [ [ 697893.097368772840127, 3535618.646835974417627 ], [ 698068.085599409532733, 3536576.89674281841144 ], [ 700156.741891764802858, 3536617.550638232845813 ], [ 699981.825771870091558, 3535659.252808903343976 ], [ 697893.097368772840127, 3535618.646835974417627 ] ] ], [ [ [ 701026.194909658399411, 3535679.71588424500078 ], [ 701201.074976052041166, 3536638.037717763334513 ], [ 702245.411375326686539, 3536658.631555241532624 ], [ 702070.567361199529842, 3535700.285688902251422 ], [ 701026.194909658399411, 3535679.71588424500078 ] ] ], [ [ [ 701201.074976052041166, 3536638.037717763334513 ], [ 700156.741891764802858, 3536617.550638232845813 ], [ 700331.700652675237507, 3537575.889787975698709 ], [ 701375.997671491466463, 3537596.400887622032315 ], [ 701201.074976052041166, 3536638.037717763334513 ] ] ], [ [ [ 701901.021504597738385, 3540471.738621199503541 ], [ 702945.213575040339492, 3540492.428749325685203 ], [ 702770.199109136825427, 3539533.917350284289569 ], [ 701725.970938513986766, 3539513.25131873646751 ], [ 701901.021504597738385, 3540471.738621199503541 ] ] ], [ [ [ 704858.665475035668351, 3539575.56995527073741 ], [ 703814.430615591933019, 3539554.690228265710175 ], [ 703989.40898252860643, 3540513.225752527825534 ], [ 702945.213575040339492, 3540492.428749325685203 ], [ 703295.370322258677334, 3542409.575872182380408 ], [ 704339.493495842092671, 3542430.42117370152846 ], [ 704164.429943533381447, 3541471.802727457601577 ], [ 706252.758619925472885, 3541513.765737764071673 ], [ 706077.809877236257307, 3540555.14039454003796 ], [ 705033.607744211796671, 3540534.12963339779526 ], [ 704858.665475035668351, 3539575.56995527073741 ] ] ], [ [ [ 710442.936785567784682, 3553063.487973168492317 ], [ 709399.198176430305466, 3553041.946871154941618 ], [ 709574.663813629653305, 3554001.137806648854166 ], [ 710618.36616022977978, 3554022.703372526913881 ], [ 710442.936785567784682, 3553063.487973168492317 ] ] ], [ [ [ 705059.216700720833614, 3557731.612704074475914 ], [ 705235.076536263688467, 3558690.890500795096159 ], [ 706278.580421796883456, 3558712.041502650361508 ], [ 706102.756914780358784, 3557752.739305112045258 ], [ 705059.216700720833614, 3557731.612704074475914 ] ] ], [ [ [ 707849.704441818175837, 3561611.530956518370658 ], [ 708025.661769421771169, 3562571.02508732676506 ], [ 710112.395559780299664, 3562614.060300973244011 ], [ 709936.510979992570356, 3561654.517096462659538 ], [ 707849.704441818175837, 3561611.530956518370658 ] ] ], [ [ [ 712199.14301006286405, 3562657.525683529675007 ], [ 710112.395559780299664, 3562614.060300973244011 ], [ 710288.322645385633223, 3563573.645465798676014 ], [ 712374.997328171273693, 3563617.160069002769887 ], [ 712199.14301006286405, 3562657.525683529675007 ] ] ], [ [ [ 707158.336199629004113, 3563509.180336128920317 ], [ 707510.536304992274381, 3565428.329253605566919 ], [ 709597.044921056483872, 3565471.296633169054985 ], [ 709244.990436602034606, 3563552.04952190676704 ], [ 707158.336199629004113, 3563509.180336128920317 ] ] ], [ [ [ 704909.745693114120513, 3568243.502914577722549 ], [ 704557.071728730807081, 3566324.249237084295601 ], [ 707686.700159477652051, 3566387.966663897968829 ], [ 707510.536304992274381, 3565428.329253605566919 ], [ 702294.323402022360824, 3565322.794113056734204 ], [ 702470.669393293443136, 3566282.309162052348256 ], [ 701427.473160396679305, 3566261.500579559244215 ], [ 701603.898185758269392, 3567221.033141135703772 ], [ 703690.221051111351699, 3567262.806775347795337 ], [ 703866.615768065326847, 3568222.430122308433056 ], [ 704909.745693114120513, 3568243.502914577722549 ] ] ], [ [ [ 714122.036219127709046, 3567478.135393972508609 ], [ 716208.440366703434847, 3567522.493356917984784 ], [ 716560.397513882955536, 3569442.373423778451979 ], [ 717603.531945811817423, 3569464.76360923005268 ], [ 717427.568609548732638, 3568504.777656234335154 ], [ 718470.743015870917588, 3568527.250736227724701 ], [ 718294.85853415413294, 3567567.282117173541337 ], [ 719338.072917546262033, 3567589.838053235318512 ], [ 719162.26726796082221, 3566629.886750728357583 ], [ 720205.521631124312989, 3566652.525504389312118 ], [ 720029.794791264808737, 3565692.591501017101109 ], [ 716899.933109461329877, 3565625.072809865232557 ], [ 716724.139455168740824, 3564665.255462019704282 ], [ 717767.459542144788429, 3564687.629243610892445 ], [ 717591.744705363060348, 3563727.829210373573005 ], [ 716548.388228490948677, 3563705.480213043279946 ], [ 716372.679432271048427, 3562745.747041985858232 ], [ 715329.290094181313179, 3562723.530371378175914 ], [ 715153.587364499340765, 3561763.863980628084391 ], [ 714110.165158219286241, 3561741.779560473747551 ], [ 714461.685810743831098, 3563661.104977471753955 ], [ 712374.997328171273693, 3563617.160069002769887 ], [ 712550.894125108257867, 3564576.836467918939888 ], [ 713594.200238774996251, 3564598.779802108649164 ], [ 713770.103105433867313, 3565558.522920988034457 ], [ 711683.567142787622288, 3565514.694515110459179 ], [ 711507.591462484328076, 3564555.000738732051104 ], [ 710464.292233986314386, 3564533.272611838299781 ], [ 710816.358908881549723, 3566452.652931205462664 ], [ 708729.916351342806593, 3566409.421100509352982 ], [ 708906.086300613358617, 3567369.125080794561654 ], [ 706819.730158746708184, 3567326.274736355058849 ], [ 706996.015521187218837, 3568285.971596857067198 ], [ 704909.745693114120513, 3568243.502914577722549 ], [ 705086.146518804482184, 3569203.192726387642324 ], [ 706129.24330063466914, 3569224.397737678140402 ], [ 706305.650209237006493, 3570184.154096219688654 ], [ 705262.589903075946495, 3570162.924548133742064 ], [ 705968.788969642366283, 3574002.272353307809681 ], [ 708054.620878828573041, 3574045.035940079484135 ], [ 707348.713854931294918, 3570205.491402663290501 ], [ 711521.002170257037506, 3570291.91826518252492 ], [ 711344.77762304386124, 3569332.038792411331087 ], [ 712387.89468826376833, 3569353.890221718233079 ], [ 712211.749083921778947, 3568394.028163010254502 ], [ 714298.066460483474657, 3568438.004789990838617 ], [ 714122.036219127709046, 3567478.135393972508609 ] ] ], [ [ [ 709097.541866359300911, 3574066.579545761458576 ], [ 708054.620878828573041, 3574045.035940079484135 ], [ 708407.829523730091751, 3575965.06100725568831 ], [ 709450.677431340212934, 3575986.653979104477912 ], [ 709097.541866359300911, 3574066.579545761458576 ] ] ], [ [ [ 706145.445104547310621, 3574962.214538949076086 ], [ 706322.143781108316034, 3575922.198860288597643 ], [ 705279.305912487907335, 3575900.929679854307324 ], [ 705456.083689375431277, 3576860.931536588352174 ], [ 704413.285696115810424, 3576839.745688718277961 ], [ 704767.042052990291268, 3578759.826673907227814 ], [ 706852.495032423175871, 3578802.404848515987396 ], [ 707029.363847292610444, 3579762.55792272510007 ], [ 710157.458568386267871, 3579827.309477294795215 ], [ 709803.983006264315918, 3577906.897233526688069 ], [ 706675.66874787863344, 3577842.293994056992233 ], [ 706498.884996495442465, 3576882.225338321644813 ], [ 707541.689634273643605, 3576903.627096557524055 ], [ 707188.322850951459259, 3574983.567013402469456 ], [ 706145.445104547310621, 3574962.214538949076086 ] ] ], [ [ [ 713639.009611838613637, 3581813.763915207702667 ], [ 713815.78621839499101, 3582774.192689041141421 ], [ 714858.391615266911685, 3582796.39151600562036 ], [ 714328.298988782917149, 3579915.157604529988021 ], [ 713285.583748498582281, 3579893.033487330190837 ], [ 713462.275454252026975, 3580853.377521670423448 ], [ 712419.600251988973469, 3580831.336604902055115 ], [ 712596.371025105938315, 3581791.698123896028847 ], [ 713639.009611838613637, 3581813.763915207702667 ] ] ], [ [ [ 712596.371025105938315, 3581791.698123896028847 ], [ 710511.104094926500693, 3581747.89087884221226 ], [ 710687.990587724256329, 3582708.245066466741264 ], [ 712773.184259339002892, 3582752.102006951346993 ], [ 712596.371025105938315, 3581791.698123896028847 ] ] ], [ [ [ 711617.627524431445636, 3598996.491226934362203 ], [ 711439.94554197229445, 3598035.464300732593983 ], [ 712481.946151868789457, 3598057.521058403421193 ], [ 712304.343456991831772, 3597096.511754637118429 ], [ 713346.384280464961194, 3597118.652040489017963 ], [ 713168.860850621247664, 3596157.66034184768796 ], [ 714210.941889984882437, 3596179.884117504581809 ], [ 714033.497702633379959, 3595218.910006673075259 ], [ 709865.046686702640727, 3595130.76619823789224 ], [ 709509.991346233990043, 3593209.145837812218815 ], [ 708467.81344051240012, 3593187.430990950670093 ], [ 709000.570551968296058, 3596069.850599026773125 ], [ 707958.506358967861161, 3596048.16948969848454 ], [ 708669.591379574034363, 3599891.892072140239179 ], [ 706585.767635857337154, 3599848.656102631241083 ], [ 706941.712604688596912, 3601770.673365529626608 ], [ 707983.549073599278927, 3601792.286931873299181 ], [ 707805.592213322874159, 3600831.232021619565785 ], [ 709889.348854127340019, 3600874.735238553024828 ], [ 709711.508228819817305, 3599913.673015592154115 ], [ 710753.428418418043293, 3599935.562601758632809 ], [ 710575.667125818436034, 3598974.518035823944956 ], [ 711617.627524431445636, 3598996.491226934362203 ] ] ], [ [ [ 718911.445671504247002, 3599153.345062161330134 ], [ 718556.639782686368562, 3597230.982036482542753 ], [ 717514.581775605096482, 3597208.298885813914239 ], [ 717692.000352769391611, 3598169.433803072664887 ], [ 716649.982637108187191, 3598146.834050762467086 ], [ 716827.48043570376467, 3599107.986528523266315 ], [ 714743.529021238675341, 3599063.062527694739401 ], [ 714921.142911736387759, 3600024.207427897490561 ], [ 715963.080051643773913, 3600046.640268496237695 ], [ 716140.699500521761365, 3601007.853090996854007 ], [ 718224.510398912010714, 3601053.095182140823454 ], [ 718402.09850947081577, 3602014.401255306322128 ], [ 719443.972291845595464, 3602037.210614030715078 ], [ 719621.565896854968742, 3602998.584820191375911 ], [ 720663.406290023704059, 3603021.528223413042724 ], [ 720308.335192884318531, 3601098.77204721281305 ], [ 719266.421050671022385, 3601075.879266529344022 ], [ 719088.912176251527853, 3600114.590756351593882 ], [ 718046.964667333289981, 3600091.831929929554462 ], [ 717869.46131764864549, 3599130.611477344296873 ], [ 718911.445671504247002, 3599153.345062161330134 ] ] ], [ [ [ 702432.510257898946293, 3497540.431713440921158 ], [ 704524.176661419565789, 3497581.469824667554349 ], [ 704351.4023080378538, 3496624.590044498443604 ], [ 705397.27620881376788, 3496645.243843149859458 ], [ 705224.580018895678222, 3495688.381045246962458 ], [ 707316.409275069832802, 3495729.958001297898591 ], [ 706971.286821590503678, 3493816.259585476946086 ], [ 703833.335002876352519, 3493754.194449123926461 ], [ 703488.169955446966924, 3491840.800304520409554 ], [ 702442.121906166663393, 3491820.370064834598452 ], [ 702614.718605782138184, 3492777.023294551298022 ], [ 701568.70946354791522, 3492756.67495541414246 ], [ 701396.077269362285733, 3491800.0452612452209 ], [ 694073.858881513006054, 3491660.723634397145361 ], [ 694246.739574293140322, 3492617.189380167983472 ], [ 695292.725313166272826, 3492636.799537163227797 ], [ 695638.543876859475859, 3494549.899014853406698 ], [ 694592.629181023919955, 3494530.242140015587211 ], [ 694765.638089668937027, 3495486.829194349702448 ], [ 696857.399697355227545, 3495526.295241673011333 ], [ 696684.461865894962102, 3494569.66139395814389 ], [ 697730.383165719103999, 3494589.529279807116836 ], [ 698249.218141057994217, 3497459.622732151299715 ], [ 699295.03612789104227, 3497479.666578683070838 ], [ 699468.030937356990762, 3498436.469011986162513 ], [ 700513.816704557277262, 3498456.641999779269099 ], [ 700340.857464602682739, 3497499.816022722050548 ], [ 701386.682168751955032, 3497520.071066796313971 ], [ 701213.801153937354684, 3496563.262128224596381 ], [ 702259.664798167883419, 3496583.599189603701234 ], [ 702432.510257898946293, 3497540.431713440921158 ] ], [ [ 701741.38431619759649, 3493713.345175160560757 ], [ 702086.861986186821014, 3495626.807272074278444 ], [ 701040.962798724183813, 3495606.493780286982656 ], [ 700695.414077811874449, 3493693.07877555815503 ], [ 701741.38431619759649, 3493713.345175160560757 ] ] ], [ [ [ 706261.39628717827145, 3501430.168037425726652 ], [ 706434.348109718528576, 3502387.275058957748115 ], [ 708525.679341641487554, 3502429.184450274799019 ], [ 708352.79873667168431, 3501472.029843782074749 ], [ 706261.39628717827145, 3501430.168037425726652 ] ] ], [ [ [ 707825.972162084770389, 3504322.560866749379784 ], [ 707999.016119397012517, 3505279.814099041279405 ], [ 709044.576578988227993, 3505300.89318866841495 ], [ 708871.568265513982624, 3504343.61610241420567 ], [ 707825.972162084770389, 3504322.560866749379784 ] ] ], [ [ [ 719138.755112869199365, 3515050.28409957466647 ], [ 718093.523163354024291, 3515028.116461262106895 ], [ 718266.749139998108149, 3515986.013200694229454 ], [ 719311.94532380416058, 3516008.205095610115677 ], [ 719138.755112869199365, 3515050.28409957466647 ] ] ], [ [ [ 712863.487527527147904, 3537829.07147030159831 ], [ 713387.320646333973855, 3540705.208591749891639 ], [ 712343.094433802645653, 3540683.449594652745873 ], [ 712517.826549655059353, 3541642.220730478875339 ], [ 714606.210283407825045, 3541685.894453109242022 ], [ 714780.912670649122447, 3542644.756046799942851 ], [ 713736.755160331260413, 3542622.841276620514691 ], [ 713911.536139386007562, 3543581.720062326639891 ], [ 715999.782442202209495, 3543625.705512459389865 ], [ 715825.073708843090571, 3542666.77777864318341 ], [ 716869.238292038207874, 3542688.90647488925606 ], [ 716345.475132907507941, 3539812.299741540569812 ], [ 717389.751566385268234, 3539834.461863589473069 ], [ 717215.284820470027626, 3538875.651741342619061 ], [ 718259.600900868186727, 3538897.896236760076135 ], [ 717562.302544112550095, 3535062.973826484754682 ], [ 718606.766375701408833, 3535085.227182664908469 ], [ 718432.583896069903858, 3534126.576047429349273 ], [ 716343.587800062727183, 3534082.224968551658094 ], [ 717040.860518100904301, 3537916.883235906250775 ], [ 715996.511952644097619, 3537894.77006157906726 ], [ 716170.972314992337488, 3538853.514101134613156 ], [ 715126.663367271889001, 3538831.483313379343599 ], [ 715475.783614081447013, 3540749.047293440438807 ], [ 714431.550367378164083, 3540727.074490438681096 ], [ 713907.82547452871222, 3537850.864181513432413 ], [ 714952.166943843476474, 3537872.763711029663682 ], [ 714777.712990792118944, 3536914.085672887973487 ], [ 713733.335471299942583, 3536892.210535953752697 ], [ 713558.887953248573467, 3535933.59841798292473 ], [ 712514.477915655472316, 3535911.854418655391783 ], [ 712165.638303639483638, 3533994.803331012837589 ], [ 715299.095114821568131, 3534060.209498254116625 ], [ 715124.847072219359688, 3533101.673152838367969 ], [ 716169.375757390167564, 3533123.664236970711499 ], [ 715821.07905578892678, 3531206.667231590021402 ], [ 714776.478406753740273, 3531184.724872027058154 ], [ 714950.641501936130226, 3532143.178284305613488 ], [ 713906.080378832994029, 3532121.318222179543227 ], [ 713209.539040233939886, 3528287.850311717484146 ], [ 714254.243999627418816, 3528309.613166629802436 ], [ 714080.250832650694065, 3527351.325373331084847 ], [ 715124.995265529374592, 3527373.170474637299776 ], [ 714951.08050354802981, 3526414.899759790394455 ], [ 715995.864412952214479, 3526436.827068782877177 ], [ 715822.028033657930791, 3525478.573414924088866 ], [ 714777.208221351960674, 3525456.67039354564622 ], [ 714429.591107402928174, 3523540.335624639876187 ], [ 716519.377846217947081, 3523584.151011451613158 ], [ 716172.074126412975602, 3521667.884404742624611 ], [ 715127.10725003387779, 3521645.972033176571131 ], [ 714779.901737127103843, 3519729.918995002284646 ], [ 715824.940285403979942, 3519751.782908490393311 ], [ 715651.437076367205009, 3518793.794025493320078 ], [ 716696.515028783585876, 3518815.73999243741855 ], [ 716869.982420938904397, 3519773.753109368495643 ], [ 717915.028161078924313, 3519795.82960038119927 ], [ 718088.502188783488236, 3520753.908248165156692 ], [ 720178.5329001249047, 3520798.428754496853799 ], [ 720351.977700291085057, 3521756.597365611698478 ], [ 721396.962697487673722, 3521779.041488334536552 ], [ 721223.553733724402264, 3520820.848496946040541 ], [ 722268.578242389950901, 3520843.374569314997643 ], [ 721921.959190233494155, 3518927.063804654870182 ], [ 719831.77057636261452, 3518882.215473177377135 ], [ 719485.177973212325014, 3516966.167309559416026 ], [ 718440.017567070666701, 3516943.951142221223563 ], [ 718266.749139998108149, 3515986.013200694229454 ], [ 717221.556591063388623, 3515963.927486802916974 ], [ 716875.075569270527922, 3514048.223629639483988 ], [ 714784.55825633648783, 3514004.467442150227726 ], [ 714264.940843660850078, 3511131.365020791068673 ], [ 715310.304900982999243, 3511153.117685708217323 ], [ 715483.432487517595291, 3512110.801520589273423 ], [ 718619.439138575340621, 3512176.76821415591985 ], [ 718446.418709195335396, 3511219.011885039042681 ], [ 717401.043816321995109, 3511196.941115090157837 ], [ 717228.030133250285871, 3510239.250079183839262 ], [ 716182.623162542120554, 3510217.309495950117707 ], [ 715663.729876484372653, 3507344.555135136470199 ], [ 714618.219463299959898, 3507322.792824557982385 ], [ 714445.304344714502804, 3506365.314126877579838 ], [ 715490.850418453570455, 3506387.052380213979632 ], [ 715318.013450322207063, 3505429.590607326477766 ], [ 712181.279028224642389, 3505364.765550344716758 ], [ 711835.518780977698043, 3503450.108804649207741 ], [ 712881.164612045395188, 3503471.563377148937434 ], [ 713053.987842963077128, 3504428.895255683455616 ], [ 714099.601615723920986, 3504450.479610002133995 ], [ 713754.068915875745006, 3502535.808795421384275 ], [ 711662.702456722618081, 3502492.84175261342898 ], [ 711489.928669010405429, 3501535.61555403098464 ], [ 709398.505195517558604, 3501493.119344462174922 ], [ 709571.350193530670367, 3502450.297786361537874 ], [ 708525.679341641487554, 3502429.184450274799019 ], [ 708871.568265513982624, 3504343.61610241420567 ], [ 709917.167867822921835, 3504364.777156481519341 ], [ 710263.15576168266125, 3506279.419977119192481 ], [ 709217.627456532325596, 3506258.21114213950932 ], [ 709390.720895424950868, 3507215.569983151275665 ], [ 706254.263924366561696, 3507152.507151103112847 ], [ 706081.063478934811428, 3506195.219880558550358 ], [ 707126.581332634203136, 3506216.1110964929685 ], [ 706434.348109718528576, 3502387.275058957748115 ], [ 704343.03072351985611, 3502345.788691309746355 ], [ 704170.007678470923565, 3501388.729140282142907 ], [ 706261.39628717827145, 3501430.168037425726652 ], [ 705915.620440864353441, 3499516.076237806584686 ], [ 701732.572166459052823, 3499433.810796652920544 ], [ 701905.581143984454684, 3500390.741628371644765 ], [ 700859.863180063897744, 3500370.415820188354701 ], [ 700686.818610604852438, 3499413.50859219674021 ], [ 699641.068424767581746, 3499393.312044965103269 ], [ 699468.030937356990762, 3498436.469011986162513 ], [ 698422.24852133449167, 3498416.401650294195861 ], [ 698941.595790234394372, 3501286.981989501044154 ], [ 695804.588847942184657, 3501227.202231777366251 ], [ 695977.896833858801983, 3502184.073044918477535 ], [ 694932.270069873193279, 3502164.334402516018599 ], [ 695105.65640577476006, 3503121.222354140598327 ], [ 694060.068547228584066, 3503101.565989051479846 ], [ 694407.040696758776903, 3505015.416830827016383 ], [ 696498.077068846323527, 3505054.929271742235869 ], [ 696324.640946984989569, 3504097.936544672120363 ], [ 697370.199717391631566, 3504117.827948960941285 ], [ 697023.526884138118476, 3502203.917417786084116 ], [ 698069.160238224663772, 3502223.86752360407263 ], [ 698242.439672096516006, 3503180.825998798478395 ], [ 699288.040716117247939, 3503200.905405106488615 ], [ 699114.796913634636439, 3502243.923364870250225 ], [ 700160.436927881790325, 3502264.084944098256528 ], [ 700506.895937193185091, 3504178.13691266393289 ], [ 698415.76179423101712, 3504137.825143384281546 ], [ 698589.126601947005838, 3505094.864977614022791 ], [ 700680.189435959677212, 3505135.223968439735472 ], [ 700853.525593879865482, 3506092.351765565574169 ], [ 701899.02637802134268, 3506112.713668547570705 ], [ 702072.369516097358428, 3507069.905912440270185 ], [ 704163.309889912372455, 3507110.994749384466559 ], [ 705030.308053663000464, 3511897.806093093007803 ], [ 703985.014715199591592, 3511877.089782263617963 ], [ 704332.18373378040269, 3513792.053003610111773 ], [ 702241.75026314612478, 3513750.843266929965466 ], [ 702589.232832986977883, 3515665.874977742787451 ], [ 700498.955965955858119, 3515624.99447129946202 ], [ 700846.752265894552693, 3517540.094810882117599 ], [ 697711.576804592856206, 3517479.427646461874247 ], [ 697885.646400056080893, 3518436.967987394891679 ], [ 696840.630342339165509, 3518416.934270925354213 ], [ 697014.778457243926823, 3519374.491840433329344 ], [ 694924.827826627180912, 3519334.695688613690436 ], [ 695099.090336491935886, 3520292.246826905291528 ], [ 696144.028169871075079, 3520312.115461102686822 ], [ 696492.609578381292522, 3522227.387981287203729 ], [ 697537.478931332705542, 3522247.410340843256563 ], [ 697363.202754446538165, 3521289.729854991659522 ], [ 698408.111260595498607, 3521309.834774596616626 ], [ 698582.351563130738214, 3522267.539026472251862 ], [ 699627.227491100784391, 3522287.774040688760579 ], [ 700150.096717026666738, 3525161.20452960440889 ], [ 699105.328479826333933, 3525140.898036443628371 ], [ 699454.193071358837187, 3527056.676126164849848 ], [ 700498.8894550553523, 3527077.030351214576513 ], [ 700847.852770913392305, 3528993.020760435145348 ], [ 702937.111719912732951, 3529034.144398192409426 ], [ 702762.68065058812499, 3528076.080712780356407 ], [ 704852.024931364925578, 3528117.582485306542367 ], [ 705026.384096139809117, 3529075.694182344246656 ], [ 703981.746220993460156, 3529054.866020678076893 ], [ 704505.187178191845305, 3531929.376546749845147 ], [ 702416.137397303013131, 3531887.895784645341337 ], [ 702590.774912509601563, 3532846.100445424206555 ], [ 704679.752690732828341, 3532887.629289027303457 ], [ 704854.36079543014057, 3533845.923349026590586 ], [ 706943.280067552346736, 3533887.927035434171557 ], [ 707117.858715927693993, 3534846.3106934344396 ], [ 706073.43340346426703, 3534825.231363562401384 ], [ 706422.790466002188623, 3536742.0745361992158 ], [ 702245.411375326686539, 3536658.631555241532624 ], [ 702420.298006526427343, 3537617.018773852847517 ], [ 704508.908693959820084, 3537658.574916361365467 ], [ 704858.665475035668351, 3539575.56995527073741 ], [ 705902.903704625787213, 3539596.556533900555223 ], [ 706077.809877236257307, 3540555.14039454003796 ], [ 708166.22432590124663, 3540597.482568126637489 ], [ 707991.390342872473411, 3539638.850256510544568 ], [ 709035.63878584059421, 3539660.157405760139227 ], [ 708860.883432697854005, 3538701.542335484176874 ], [ 709905.171394309261814, 3538722.932065730448812 ], [ 710079.890667580766603, 3539681.571417176164687 ], [ 711124.146005246904679, 3539703.092293427325785 ], [ 710600.223971245111898, 3536827.225852129980922 ], [ 711644.590978708583862, 3536848.780628282111138 ], [ 711819.153085664031096, 3537807.385574677959085 ], [ 712863.487527527147904, 3537829.07147030159831 ] ], [ [ 711121.159724060329609, 3533973.214680751785636 ], [ 710598.111127030104399, 3531098.021637573838234 ], [ 711642.697683973237872, 3531119.537521039135754 ], [ 711468.469168076757342, 3530161.198387679178268 ], [ 712513.095189523650333, 3530182.796633674297482 ], [ 713035.800338005647063, 3533058.011023129336536 ], [ 711991.282254526042379, 3533036.339972104411572 ], [ 712165.638303639483638, 3533994.803331012837589 ], [ 711121.159724060329609, 3533973.214680751785636 ] ], [ [ 699987.271422711783089, 3501307.119990797713399 ], [ 702078.632770375348628, 3501347.713131589815021 ], [ 702251.727042942424305, 3502304.725326546002179 ], [ 700160.436927881790325, 3502264.084944098256528 ], [ 699987.271422711783089, 3501307.119990797713399 ] ], [ [ 701725.725884525454603, 3505155.562202017754316 ], [ 703816.808932210551575, 3505196.556158234830946 ], [ 703990.038100654492155, 3506153.755049391184002 ], [ 701899.02637802134268, 3506112.713668547570705 ], [ 701725.725884525454603, 3505155.562202017754316 ] ], [ [ 699104.742187786265276, 3519414.712953246664256 ], [ 699278.861292963614687, 3520372.358971834648401 ], [ 697188.969262181199156, 3520332.090361656621099 ], [ 697014.778457243926823, 3519374.491840433329344 ], [ 699104.742187786265276, 3519414.712953246664256 ] ], [ [ 701718.01355219935067, 3528055.489589757286012 ], [ 701543.589158543385565, 3527097.491050478536636 ], [ 702588.292199098854326, 3527118.058226511348039 ], [ 702762.68065058812499, 3528076.080712780356407 ], [ 701718.01355219935067, 3528055.489589757286012 ] ], [ [ 702413.946368179866113, 3526160.076918877195567 ], [ 701369.207397403079085, 3526139.53367396723479 ], [ 701194.868271507904865, 3525181.617439737543464 ], [ 703284.4214014938334, 3525222.762521119788289 ], [ 703458.688692066003568, 3526180.726614496670663 ], [ 704503.43438634800259, 3526201.482763399370015 ], [ 704677.708360520424321, 3527159.512019163463265 ], [ 702588.292199098854326, 3527118.058226511348039 ], [ 702413.946368179866113, 3526160.076918877195567 ] ], [ [ 705728.04010486160405, 3538638.014135205652565 ], [ 706772.31780513888225, 3538659.083372867666185 ], [ 706947.145321519463323, 3539617.649966771248728 ], [ 705902.903704625787213, 3539596.556533900555223 ], [ 705728.04010486160405, 3538638.014135205652565 ] ], [ [ 707816.598908695741557, 3538680.259438747074455 ], [ 707467.14369798777625, 3536763.202202200889587 ], [ 708511.500348067376763, 3536784.436641756910831 ], [ 708860.883432697854005, 3538701.542335484176874 ], [ 707816.598908695741557, 3538680.259438747074455 ] ], [ [ 700672.106732565443963, 3522308.115386019460857 ], [ 701716.989304847083986, 3522328.563065005000681 ], [ 701542.85661773965694, 3521370.787343366537243 ], [ 705722.564031282789074, 3521453.545753411948681 ], [ 706070.585052394424565, 3523369.329723780974746 ], [ 703980.868071257020347, 3523327.642053373157978 ], [ 703806.764511154498905, 3522369.777434170246124 ], [ 702761.875225269468501, 3522349.117080199532211 ], [ 702936.014665363472886, 3523306.957774446345866 ], [ 700846.317936364328489, 3523265.908316224813461 ], [ 700672.106732565443963, 3522308.115386019460857 ] ], [ [ 705548.617403178010136, 3520495.715457217302173 ], [ 706593.588606230681762, 3520516.646868884097785 ], [ 706767.499381880974397, 3521474.501144243404269 ], [ 705722.564031282789074, 3521453.545753411948681 ], [ 705548.617403178010136, 3520495.715457217302173 ] ], [ [ 713918.741730773122981, 3509216.168702909257263 ], [ 712873.309841267531738, 3509194.570177817251533 ], [ 712700.238355017034337, 3508237.057578047271818 ], [ 711654.774334870278835, 3508215.589025364723057 ], [ 711308.68758560041897, 3506300.734690411016345 ], [ 712354.222945762565359, 3506322.15528467670083 ], [ 712527.209388937219046, 3507279.585953791625798 ], [ 713572.712639939622022, 3507301.136431680526584 ], [ 713918.741730773122981, 3509216.168702909257263 ] ], [ [ 705907.905630539287813, 3505237.97345032915473 ], [ 704862.355566301150247, 3505217.211886005941778 ], [ 704689.20467013574671, 3504260.030043892562389 ], [ 705734.790381890255958, 3504280.767840105108917 ], [ 705907.905630539287813, 3505237.97345032915473 ] ] ], [ [ [ 717564.27659459086135, 3523606.218306518625468 ], [ 716519.377846217947081, 3523584.151011451613158 ], [ 716693.093403741950169, 3524542.346282558981329 ], [ 717737.956275397911668, 3524564.437890818342566 ], [ 717564.27659459086135, 3523606.218306518625468 ] ] ], [ [ [ 714254.243999627418816, 3528309.613166629802436 ], [ 714428.279652820783667, 3529267.942333788610995 ], [ 716517.628346563782543, 3529311.836299571674317 ], [ 716343.664572183741257, 3528353.458490525372326 ], [ 714254.243999627418816, 3528309.613166629802436 ] ] ], [ [ [ 718957.57816193473991, 3542733.484771637711674 ], [ 718783.020209214300849, 3541774.525116240140051 ], [ 719827.231636100681499, 3541796.950135162100196 ], [ 719652.752200372284278, 3540838.007603553589433 ], [ 717564.260753042064607, 3540793.313623354304582 ], [ 717913.406437359401025, 3542711.14213829766959 ], [ 718957.57816193473991, 3542733.484771637711674 ] ] ], [ [ [ 717568.183378691785038, 3546524.965788125991821 ], [ 717393.383450335240923, 3545565.888361641671509 ], [ 718437.443199192290194, 3545588.197710295207798 ], [ 717913.406437359401025, 3542711.14213829766959 ], [ 716869.238292038207874, 3542688.90647488925606 ], [ 717218.625957898097113, 3544606.852681112010032 ], [ 716174.533629140933044, 3544584.674934729468077 ], [ 716349.327266851905733, 3545543.686066196300089 ], [ 713217.179937665467151, 3545477.721471534576267 ], [ 713567.111547281499952, 3547395.721850820817053 ], [ 715655.061576988198794, 3547439.689205965492874 ], [ 716005.018339857459068, 3549357.954612648580223 ], [ 719136.752802715287544, 3549424.85657085198909 ], [ 718961.861775893135928, 3548465.62914001615718 ], [ 717917.910531903151423, 3548443.245962060056627 ], [ 717743.025740153854713, 3547484.084981337655336 ], [ 716699.041883348254487, 3547461.833539745770395 ], [ 716524.163352524396032, 3546502.738927613012493 ], [ 717568.183378691785038, 3546524.965788125991821 ] ] ], [ [ [ 716180.060395830776542, 3550317.150001160800457 ], [ 716530.271842768415809, 3552235.66625253809616 ], [ 717574.071116148494184, 3552257.933588669169694 ], [ 717223.932118568569422, 3550339.368088251445442 ], [ 716180.060395830776542, 3550317.150001160800457 ] ] ], [ [ [ 713749.493901090929285, 3554088.043817880097777 ], [ 712705.781186943873763, 3554066.156375440303236 ], [ 712881.180522802053019, 3555025.462625476066023 ], [ 717055.907308322377503, 3555113.754627804271877 ], [ 716530.271842768415809, 3552235.66625253809616 ], [ 715486.476108171278611, 3552213.506164888385683 ], [ 715661.681737340870313, 3553172.802449484355748 ], [ 713574.173307311022654, 3553128.754854870494455 ], [ 713749.493901090929285, 3554088.043817880097777 ] ] ], [ [ [ 710793.838041897164658, 3554981.960576700046659 ], [ 711837.507553866948001, 3555003.657940657343715 ], [ 711662.071945662377402, 3554044.376227891538292 ], [ 710618.36616022977978, 3554022.703372526913881 ], [ 710793.838041897164658, 3554981.960576700046659 ] ] ], [ [ [ 712881.180522802053019, 3555025.462625476066023 ], [ 711837.507553866948001, 3555003.657940657343715 ], [ 712012.985654214513488, 3555962.981495115906 ], [ 713056.62233874364756, 3555984.810733265709132 ], [ 712881.180522802053019, 3555025.462625476066023 ] ] ], [ [ [ 719318.516017386224121, 3556118.040655496530235 ], [ 719493.78255455638282, 3557077.578660732600838 ], [ 720537.40763258386869, 3557100.1841926779598 ], [ 720712.680270690703765, 3558059.788980153854936 ], [ 721756.272643787786365, 3558082.526727469172329 ], [ 721581.036305698100477, 3557122.897124959155917 ], [ 722624.668590885470621, 3557145.717460399959236 ], [ 722274.395612699328922, 3555226.534679477103055 ], [ 720186.989528912585229, 3555181.100632809568197 ], [ 720362.177384376525879, 3556140.621417196001858 ], [ 719318.516017386224121, 3556118.040655496530235 ] ] ], [ [ [ 712188.506243889918551, 3556922.346912095323205 ], [ 712364.069320078822784, 3557881.754212439991534 ], [ 710276.951524929376319, 3557838.3196444157511 ], [ 710101.315828341175802, 3556878.961428965907544 ], [ 709057.725766872288659, 3556857.429747992195189 ], [ 708882.09628109598998, 3555898.137867128476501 ], [ 707838.473326882813126, 3555876.738010994624346 ], [ 708014.139113622019067, 3556836.005437171086669 ], [ 705926.975963816279545, 3556793.478915344923735 ], [ 706102.756914780358784, 3557752.739305112045258 ], [ 709233.397775343619287, 3557816.763464011251926 ], [ 709409.112303701578639, 3558776.139036018867046 ], [ 711496.150582439266145, 3558819.407858026679605 ], [ 711671.834956977516413, 3559778.874398720916361 ], [ 712715.322920719627291, 3559800.694546652026474 ], [ 712891.013439530972391, 3560760.227622258476913 ], [ 713934.468521015718579, 3560782.179868198931217 ], [ 713758.814346960163675, 3559822.622158862184733 ], [ 714802.309252657811157, 3559844.657238074112684 ], [ 715153.587364499340765, 3561763.863980628084391 ], [ 716197.013069352833554, 3561786.055927910842001 ], [ 716021.389142573811114, 3560826.406849899329245 ], [ 717064.854716550325975, 3560848.681591156870127 ], [ 716538.346569721936248, 3557969.912253228481859 ], [ 715494.772007445339113, 3557947.711623114533722 ], [ 715319.317853580228984, 3556988.23048029281199 ], [ 712188.506243889918551, 3556922.346912095323205 ] ] ], [ [ [ 718459.468675119103864, 3562790.503061727620661 ], [ 718635.104716797126457, 3563750.28579776501283 ], [ 722808.580446602078155, 3563841.188103931490332 ], [ 722633.089901572442614, 3562881.305893450509757 ], [ 721589.679210036993027, 3562858.443829464260489 ], [ 721414.194665165850893, 3561898.628668239805847 ], [ 717240.442289721453562, 3561808.35540508152917 ], [ 717416.072286939597689, 3562768.071271177381277 ], [ 718459.468675119103864, 3562790.503061727620661 ] ] ], [ [ [ 719338.072917546262033, 3567589.838053235318512 ], [ 719689.811398366815411, 3569509.867261465173215 ], [ 720732.956452726270072, 3569532.580733846407384 ], [ 720381.290856563020498, 3567612.501696982420981 ], [ 719338.072917546262033, 3567589.838053235318512 ] ] ], [ [ [ 714474.139154388802126, 3569397.916320310439914 ], [ 712387.89468826376833, 3569353.890221718233079 ], [ 712740.31331586651504, 3571273.740729045122862 ], [ 714826.411888465518132, 3571317.865867802873254 ], [ 714474.139154388802126, 3569397.916320310439914 ] ] ], [ [ [ 721451.04669009859208, 3579112.550835136324167 ], [ 721803.802164944354445, 3581033.596236408222467 ], [ 722846.508891680161469, 3581056.610040200874209 ], [ 722670.14656967355404, 3580096.040988803375512 ], [ 723712.893476073164493, 3580119.137759709265083 ], [ 723184.170299961231649, 3577237.610086823347956 ], [ 722141.313687045476399, 3577214.58865510346368 ], [ 722493.826592972502112, 3579135.514421578496695 ], [ 721451.04669009859208, 3579112.550835136324167 ] ] ], [ [ [ 717633.0107878401177, 3580942.62209079740569 ], [ 717279.962588452850468, 3579021.776984381955117 ], [ 716237.200356637593359, 3578999.353631380014122 ], [ 716060.703294088598341, 3578039.019602296408266 ], [ 715017.907970233471133, 3578016.729199592024088 ], [ 715547.636182627058588, 3580897.783620314672589 ], [ 717633.0107878401177, 3580942.62209079740569 ] ] ], [ [ [ 722156.727058109245263, 3582954.811594007071108 ], [ 721803.802164944354445, 3581033.596236408222467 ], [ 720761.099007947253995, 3581010.690542403608561 ], [ 720937.576885993941687, 3581971.251861783675849 ], [ 719894.913890282972716, 3581948.429199154954404 ], [ 720071.470752658555284, 3582909.00792070152238 ], [ 722156.727058109245263, 3582954.811594007071108 ] ] ], [ [ [ 720797.11346891708672, 3592494.144951638765633 ], [ 720974.173031985061243, 3593455.167084421031177 ], [ 719931.957367497263476, 3593432.259198433719575 ], [ 720109.096052696346305, 3594393.298817369621247 ], [ 719066.92067368212156, 3594370.474202344659716 ], [ 718889.745218793977983, 3593409.459784450009465 ], [ 717847.536569242598489, 3593386.768839651253074 ], [ 717493.239291095989756, 3591464.918328169267625 ], [ 715408.685407310957089, 3591419.962253843434155 ], [ 715585.886345529695973, 3592380.81599355628714 ], [ 714543.651332104811445, 3592358.475509313400835 ], [ 714720.931449164403602, 3593319.34679234912619 ], [ 713678.736629884457216, 3593297.089696345850825 ], [ 713324.145312322652899, 3591375.439792921300977 ], [ 714366.413644543499686, 3591397.646823089569807 ], [ 714012.065569458995014, 3589476.117156228516251 ], [ 716096.759464407106861, 3589520.756247469224036 ], [ 715211.998874117154628, 3584717.426176734268665 ], [ 714169.466766947647557, 3584695.177462053019553 ], [ 714523.317076950916089, 3586616.332009728066623 ], [ 713480.861750142648816, 3586594.141602043062449 ], [ 713657.887246968224645, 3587554.757622196339071 ], [ 712615.472034992533736, 3587532.650528167374432 ], [ 712969.723773014964536, 3589453.960126701742411 ], [ 711927.385388362337835, 3589431.911437576636672 ], [ 712459.191583358682692, 3592314.119826007634401 ], [ 711416.966814749408513, 3592292.104621456004679 ], [ 711771.790093683404848, 3594213.739682534709573 ], [ 713856.09594830381684, 3594257.978540034033358 ], [ 714033.497702633379959, 3595218.910006673075259 ], [ 715075.618960225023329, 3595241.217233760282397 ], [ 715430.476154591306113, 3597163.258317246101797 ], [ 717514.581775605096482, 3597208.298885813914239 ], [ 717159.871796049410477, 3595286.157237174920738 ], [ 722370.56486471532844, 3595400.406413274351507 ], [ 722193.457377652521245, 3594439.273552491795272 ], [ 723235.643356841639616, 3594462.423678274732083 ], [ 722881.628921855473891, 3592540.235637825913727 ], [ 720797.11346891708672, 3592494.144951638765633 ] ] ], [ [ [ 718712.612141738180071, 3592448.488049854058772 ], [ 718889.745218793977983, 3593409.459784450009465 ], [ 719931.957367497263476, 3593432.259198433719575 ], [ 719754.861047928687185, 3592471.26227911375463 ], [ 718712.612141738180071, 3592448.488049854058772 ] ] ], [ [ [ 720663.406290023704059, 3603021.528223413042724 ], [ 720841.005363070173189, 3603982.970645429566503 ], [ 721882.812373274588026, 3604006.048169868066907 ], [ 721705.250192138715647, 3603044.580383259803057 ], [ 720663.406290023704059, 3603021.528223413042724 ] ] ] ] } }
]
}
