{
"type": "FeatureCollection",
"name": "urban-2035",
"crs": { "type": "name", "properties": { "name": "urn:ogc:def:crs:EPSG::32651" } },
"features": [
{ "type": "Feature", "properties": { "year": 2035 }, "geometry": { "type": "MultiPolygon", "coordinates": [ [ [ [ 232582.197758584516123, 3408540.089780946727842 ], [ 233243.652826563920826, 3409474.333119151182473 ], [ 234293.075605641817674, 3409448.229201335459948 ], [ 233631.658590716251638, 3408513.928875363431871 ], [ 232582.197758584516123, 3408540.089780946727842 ] ] ], [ [ [ 232194.225367321807425, 3409500.540175236295909 ], [ 232855.886818534461781, 3410434.785517755895853 ], [ 231806.492743960698135, 3410461.038725525140762 ], [ 232468.36059548339108, 3411395.286068052519113 ], [ 234567.067901323141996, 3411342.99693459039554 ], [ 233243.652826563920826, 3409474.333119151182473 ], [ 232194.225367321807425, 3409500.540175236295909 ] ] ], [ [ [ 233792.601240831310861, 3413263.9580357382074 ], [ 234454.974030148645397, 3414198.382817517034709 ], [ 235504.215743537235539, 3414172.358112354762852 ], [ 234841.881048774870578, 3413237.876123433467001 ], [ 235891.156212789705023, 3413211.897456971928477 ], [ 235229.027903598558623, 3412277.417568260803819 ], [ 232081.074186277517583, 3412355.834766890387982 ], [ 232743.316770615056157, 3413290.143197194673121 ], [ 233792.601240831310861, 3413263.9580357382074 ] ] ], [ [ [ 232312.575543991464656, 3424714.173914256971329 ], [ 232977.311652914504521, 3425648.795953118242323 ], [ 234026.137033785926178, 3425622.529568502679467 ], [ 233361.439176172949374, 3424687.849903401918709 ], [ 232312.575543991464656, 3424714.173914256971329 ] ] ], [ [ [ 240872.032925890089246, 3439726.444757991004735 ], [ 241539.538305286579998, 3440661.915521837305278 ], [ 242587.760161277430598, 3440636.370524581521749 ], [ 241920.29310583343613, 3439700.841310376767069 ], [ 240872.032925890089246, 3439726.444757991004735 ] ] ], [ [ [ 238775.499102589557879, 3439777.963703119661659 ], [ 239443.081170576624572, 3440713.317644565366209 ], [ 240491.311981083883438, 3440687.564560752362013 ], [ 239823.768264174257638, 3439752.152221154887229 ], [ 238775.499102589557879, 3439777.963703119661659 ] ] ], [ [ [ 250211.978036111016991, 3442357.230164749082178 ], [ 249544.404130108596291, 3441421.227007215376943 ], [ 248496.246949119813507, 3441446.089159678202122 ], [ 247828.803051309339935, 3440510.206050691194832 ], [ 246780.603264980047243, 3440535.230887797661126 ], [ 248115.73583867168054, 3442406.941110173240304 ], [ 250211.978036111016991, 3442357.230164749082178 ] ] ], [ [ [ 235158.04824664327316, 3443675.396784550976008 ], [ 235826.533889135229401, 3444610.643291816581041 ], [ 236874.638238622865174, 3444584.499386167619377 ], [ 236206.191040050587617, 3443649.194417352322489 ], [ 235158.04824664327316, 3443675.396784550976008 ] ] ], [ [ [ 234778.424981150426902, 3444636.891369638498873 ], [ 235447.117374063876923, 3445572.140188375953585 ], [ 236495.187821713567246, 3445545.950601052027196 ], [ 235826.533889135229401, 3444610.643291816581041 ], [ 234778.424981150426902, 3444636.891369638498873 ] ] ], [ [ [ 240398.716853960155277, 3443545.426343674305826 ], [ 239350.592168308852706, 3443571.212159392423928 ], [ 238014.433116887317738, 3441700.433884831611067 ], [ 236966.227133573323954, 3441726.4407480773516 ], [ 237634.260915154707618, 3442661.74102473910898 ], [ 235537.912130976794288, 3442713.950225349981338 ], [ 236206.191040050587617, 3443649.194417352322489 ], [ 238302.46298281851341, 3443597.10210806177929 ], [ 238970.833334322756855, 3444532.524078195448965 ], [ 241067.010412693576654, 3444480.965419471729547 ], [ 242404.102355636074208, 3446352.226882671006024 ], [ 241356.092847340245498, 3446377.836835629306734 ], [ 242024.929625206830679, 3447313.500652715098113 ], [ 240976.95406945614377, 3447339.156111981719732 ], [ 242315.209270963270683, 3449210.550041051581502 ], [ 241267.306110629666364, 3449236.192217925563455 ], [ 241936.724551874998724, 3450171.922351710963994 ], [ 246128.156991838826798, 3450070.214921672362834 ], [ 245458.892204662843142, 3449134.249254405032843 ], [ 246506.777726840431569, 3449109.024229481816292 ], [ 247176.004134290502407, 3450045.04884544480592 ], [ 248223.84692573553184, 3450019.987075359094888 ], [ 247554.658884512202349, 3449083.90348455728963 ], [ 248602.535695691709407, 3449058.887016460299492 ], [ 246596.096157967549516, 3446250.829118866939098 ], [ 245548.104305929038674, 3446276.022259027231485 ], [ 241539.538305286579998, 3440661.915521837305278 ], [ 240491.311981083883438, 3440687.564560752362013 ], [ 241826.904250243766, 3442558.571919080335647 ], [ 240778.750150444509927, 3442584.208041718229651 ], [ 240110.831520611129235, 3441648.732397404033691 ], [ 239062.634573204704793, 3441674.531102365814149 ], [ 240398.716853960155277, 3443545.426343674305826 ] ], [ [ 246216.787572344415821, 3447211.921157033648342 ], [ 245168.829690878279507, 3447237.15968617098406 ], [ 244500.108066888351459, 3446301.319597583264112 ], [ 245548.104305929038674, 3446276.022259027231485 ], [ 246216.787572344415821, 3447211.921157033648342 ] ] ], [ [ [ 235067.941523800254799, 3446533.685103672556579 ], [ 234399.042363462562207, 3445598.43397724814713 ], [ 232302.878581218014006, 3445651.334172923117876 ], [ 232971.854735883069225, 3446586.468338574748486 ], [ 234019.900422556733247, 3446560.024603998754174 ], [ 234689.006367320718709, 3447495.278034326154739 ], [ 236785.007029683503788, 3447442.820387571118772 ], [ 238123.569830155698583, 3449313.744537823367864 ], [ 239171.48640823783353, 3449287.789463056251407 ], [ 240510.645383927825605, 3451159.075794784352183 ], [ 242606.311264107585885, 3451107.713880114722997 ], [ 241936.724551874998724, 3450171.922351710963994 ], [ 240888.855384324328043, 3450197.610006544273347 ], [ 238880.989548982382985, 3447390.77975554857403 ], [ 237833.000548199866898, 3447416.747946365736425 ], [ 237164.010042147128843, 3446481.318792473524809 ], [ 235067.941523800254799, 3446533.685103672556579 ] ] ], [ [ [ 241180.477284543798305, 3452094.810967735480517 ], [ 240510.645383927825605, 3451159.075794784352183 ], [ 239462.805757614638424, 3451184.913282607216388 ], [ 240132.676138374285074, 3452120.589579338207841 ], [ 241180.477284543798305, 3452094.810967735480517 ] ] ], [ [ [ 253960.444099712360185, 3456549.762146805413067 ], [ 253290.116703134204727, 3455613.185388920363039 ], [ 251194.8958888425841, 3455662.494451534934342 ], [ 252535.87244201276917, 3457535.472705876920372 ], [ 250440.788179803348612, 3457584.962220770306885 ], [ 251111.605640293477336, 3458521.425919292960316 ], [ 252159.111482731357682, 3458496.688322546891868 ], [ 253501.174280195933534, 3460369.921675159130245 ], [ 254548.599054503196385, 3460345.407681726384908 ], [ 253877.521949012734694, 3459408.700235376134515 ], [ 255972.435689683683449, 3459359.866835024673492 ], [ 255301.603595275169937, 3458423.102788497228175 ], [ 256349.092554283706704, 3458398.783352239057422 ], [ 255008.009786846028874, 3456525.323716410901397 ], [ 253960.444099712360185, 3456549.762146805413067 ] ] ], [ [ [ 255891.257958051457535, 3462219.010345071088523 ], [ 256562.83975154030486, 3463155.905725255142897 ], [ 259704.743412002688274, 3463083.528779809828848 ], [ 259033.276799448853126, 3462146.454072217456996 ], [ 255891.257958051457535, 3462219.010345071088523 ] ] ], [ [ [ 255515.530229756579502, 3463180.240715010557324 ], [ 256187.31867137743393, 3464117.139124226290733 ], [ 257234.589769784419332, 3464092.86391334887594 ], [ 256562.83975154030486, 3463155.905725255142897 ], [ 255515.530229756579502, 3463180.240715010557324 ] ] ], [ [ [ 240775.71710474169231, 3466391.861013873945922 ], [ 241448.626957259373739, 3467327.992603111546487 ], [ 242495.850941929908004, 3467302.220199686940759 ], [ 241822.979736820212565, 3466366.029083508066833 ], [ 240775.71710474169231, 3466391.861013873945922 ] ] ], [ [ [ 240401.398560043686302, 3467353.869837457779795 ], [ 241074.515341148740845, 3468290.004061115439981 ], [ 242121.705074598110514, 3468264.18638313934207 ], [ 241448.626957259373739, 3467327.992603111546487 ], [ 240401.398560043686302, 3467353.869837457779795 ] ] ], [ [ [ 251025.596284668747103, 3474718.744512516073883 ], [ 251699.865828322625021, 3475655.67903117230162 ], [ 252746.724871132348198, 3475630.865104171447456 ], [ 252072.493946826900356, 3474693.870453346520662 ], [ 251025.596284668747103, 3474718.744512516073883 ] ] ], [ [ [ 284077.610705935396254, 3477795.170496887993068 ], [ 282730.459988978691399, 3475917.468295842874795 ], [ 281683.750145431375131, 3475939.281022460665554 ], [ 282357.279686438618228, 3476878.038674836512655 ], [ 281310.604399823700078, 3476899.895445284433663 ], [ 281984.340354710409883, 3477838.656968501862139 ], [ 283030.977371870772913, 3477816.861207577865571 ], [ 283704.843199348426424, 3478755.748703865800053 ], [ 284751.438274005660787, 3478734.119085076265037 ], [ 285425.433978614979424, 3479673.132776054553688 ], [ 284378.877166484307963, 3479694.701246950775385 ], [ 285053.079270894173533, 3480633.718920160550624 ], [ 286099.597817376314197, 3480612.211653169710189 ], [ 288123.098114618449472, 3483429.840235882904381 ], [ 286030.287048798287287, 3483472.592082560993731 ], [ 286705.199969668581616, 3484411.809709163382649 ], [ 287751.569013437547255, 3484390.442583190277219 ], [ 288426.611768321832642, 3485329.787159364670515 ], [ 289472.938939581392333, 3485308.586752965580672 ], [ 288797.934466021077242, 3484369.180692451540381 ], [ 290890.654668367002159, 3484326.972606013063341 ], [ 288192.624050234211609, 3480569.512496863026172 ], [ 287146.112737918272614, 3480590.809512966778129 ], [ 285124.24037465476431, 3477773.584833703935146 ], [ 284077.610705935396254, 3477795.170496887993068 ] ] ], [ [ [ 267499.293440477224067, 3485775.903877224307507 ], [ 266147.83933850878384, 3483899.72743750968948 ], [ 265101.356202669267077, 3483923.260723695158958 ], [ 265777.037715628568549, 3484861.255855892319232 ], [ 264730.589172627194785, 3484884.833561853505671 ], [ 265406.47744683525525, 3485822.832159869838506 ], [ 267499.293440477224067, 3485775.903877224307507 ] ] ], [ [ [ 290758.208108088991139, 3490048.493727095425129 ], [ 291434.297877589939162, 3490988.171556266956031 ], [ 292480.398794282111339, 3490967.235815585590899 ], [ 290452.748760756861884, 3488148.215012635570019 ], [ 287314.090532056754455, 3488211.893918622750789 ], [ 287989.920724394381978, 3489151.316555715166032 ], [ 289036.105369013326708, 3489130.046537966001779 ], [ 289712.06534774589818, 3490069.596659585367888 ], [ 290758.208108088991139, 3490048.493727095425129 ] ] ], [ [ [ 282388.965695590013638, 3490220.268516922835261 ], [ 283065.362442902289331, 3491159.452937014400959 ], [ 284111.491990969167091, 3491137.673736819531769 ], [ 283435.133661771309562, 3490198.427733100019395 ], [ 282388.965695590013638, 3490220.268516922835261 ] ] ], [ [ [ 296232.229863222921267, 3494706.274041349999607 ], [ 296909.083521133288741, 3495646.407290269155055 ], [ 297954.985972221475095, 3495625.992473724298179 ], [ 297278.170617496711202, 3494685.797094887122512 ], [ 296232.229863222921267, 3494706.274041349999607 ] ] ], [ [ [ 265898.384597726690117, 3495346.0192118040286 ], [ 266576.354744301293977, 3496284.362193290144205 ], [ 267622.363419969042297, 3496260.885322871617973 ], [ 266944.431957538472489, 3495322.480977049097419 ], [ 265898.384597726690117, 3495346.0192118040286 ] ] ], [ [ [ 232086.051260844396893, 3516202.718717277981341 ], [ 232769.349486503226217, 3517139.595026429276913 ], [ 233814.730960324057378, 3517112.532325212843716 ], [ 233131.472095143340994, 3516175.594669985119253 ], [ 232086.051260844396893, 3516202.718717277981341 ] ] ], [ [ [ 290576.926734975597356, 3517710.930964232422411 ], [ 291258.622936153318733, 3518651.359287845902145 ], [ 292303.674027413886506, 3518630.222103891894221 ], [ 291622.016479016514495, 3517689.730847037862986 ], [ 290576.926734975597356, 3517710.930964232422411 ] ] ], [ [ [ 287717.637630436685868, 3522541.29080106317997 ], [ 288400.406600915361196, 3523481.678578835912049 ], [ 289445.28507867990993, 3523460.218635600525886 ], [ 288762.554854871705174, 3522519.767798654735088 ], [ 287717.637630436685868, 3522541.29080106317997 ] ] ], [ [ [ 232331.553417581948452, 3523834.286292816977948 ], [ 233016.394840417837258, 3524771.36956971231848 ], [ 234061.483208196121268, 3524744.266974018421024 ], [ 233376.68123535515042, 3523807.122028086334467 ], [ 232331.553417581948452, 3523834.286292816977948 ] ] ], [ [ [ 289445.28507867990993, 3523460.218635600525886 ], [ 290128.183407954347786, 3524400.737086936365813 ], [ 291173.019655995303765, 3524379.446672867517918 ], [ 290490.160063512157649, 3523438.865078909788281 ], [ 289445.28507867990993, 3523460.218635600525886 ] ] ], [ [ [ 287355.524612909706775, 3523503.24491129303351 ], [ 288038.500454838620499, 3524443.637156740296632 ], [ 289083.343680004356429, 3524422.133914003614336 ], [ 288400.406600915361196, 3523481.678578835912049 ], [ 287355.524612909706775, 3523503.24491129303351 ] ] ], [ [ [ 287637.999621299211867, 3528270.272961243055761 ], [ 289006.033285062410869, 3530151.422955183312297 ], [ 290050.654228184139356, 3530129.97970962850377 ], [ 289366.592163653636817, 3529189.307436600793153 ], [ 290411.248443571734242, 3529167.907394227106124 ], [ 288360.187285824096762, 3526346.107856700196862 ], [ 287315.41460156039102, 3526367.697694117203355 ], [ 288682.69820277672261, 3528248.7030672528781 ], [ 287637.999621299211867, 3528270.272961243055761 ] ] ], [ [ [ 277806.716877693019342, 3535162.453568790107965 ], [ 278851.193159822141752, 3535139.833655398339033 ], [ 278165.74571718624793, 3534199.7091019670479 ], [ 277121.230415974278003, 3534222.39228424243629 ], [ 277806.716877693019342, 3535162.453568790107965 ] ] ], [ [ [ 265272.710782197769731, 3535442.220292686950415 ], [ 266317.232167251175269, 3535418.319121134467423 ], [ 265631.315628488780931, 3534478.952056578826159 ], [ 264586.755066460813396, 3534502.916181277949363 ], [ 265272.710782197769731, 3535442.220292686950415 ] ] ], [ [ [ 303557.897606519400142, 3535590.689865881577134 ], [ 302188.622344525763765, 3533707.446864231023937 ], [ 300099.748108102357946, 3533748.011855320073664 ], [ 300784.379161988035776, 3534689.471158341038972 ], [ 298695.56923634884879, 3534730.335208038333803 ], [ 299380.445868192589842, 3535671.73559900932014 ], [ 303557.897606519400142, 3535590.689865881577134 ] ] ], [ [ [ 239747.427216829964891, 3396007.598852276802063 ], [ 240406.12519450468244, 3396941.929012456908822 ], [ 241455.971788431255845, 3396916.630073398351669 ], [ 240797.311622016422916, 3395982.243237817659974 ], [ 239747.427216829964891, 3396007.598852276802063 ] ] ], [ [ [ 239356.274019773787586, 3396967.330701577942818 ], [ 240015.17812543711625, 3397901.662978350650519 ], [ 241064.991472401598003, 3397876.317992540076375 ], [ 240406.12519450468244, 3396941.929012456908822 ], [ 239356.274019773787586, 3396967.330701577942818 ] ] ], [ [ [ 247754.956191083037993, 3396766.994011260103434 ], [ 248413.558055185276316, 3397701.780646326486021 ], [ 249463.335382342891535, 3397677.257780929561704 ], [ 248804.771237378037767, 3396742.414233372546732 ], [ 247754.956191083037993, 3396766.994011260103434 ] ] ], [ [ [ 241455.971788431255845, 3396916.630073398351669 ], [ 242114.800252168672159, 3397851.075782912317663 ], [ 243164.604483233677456, 3397825.936346258502454 ], [ 242505.8138200531248, 3396891.433881184551865 ], [ 241455.971788431255845, 3396916.630073398351669 ] ] ], [ [ [ 264817.9680820859503, 3398280.428278943989426 ], [ 265476.342039901996031, 3399216.19160766992718 ], [ 266525.979976965405513, 3399193.32446052506566 ], [ 265867.643542173667811, 3398257.503717453684658 ], [ 264817.9680820859503, 3398280.428278943989426 ] ] ], [ [ [ 259569.528207944909809, 3398396.592169426847249 ], [ 260228.08998215419706, 3399332.068820741958916 ], [ 261277.748771620565094, 3399308.687838027719408 ], [ 260619.224587554141181, 3398373.153903779573739 ], [ 259569.528207944909809, 3398396.592169426847249 ] ] ], [ [ [ 231885.644744413264561, 3400002.214705997612327 ], [ 233205.313348978525028, 3401870.270146993920207 ], [ 232155.60519878246123, 3401896.416763495653868 ], [ 232815.72995702829212, 3402830.475733847822994 ], [ 234915.06561668793438, 3402778.398865646217018 ], [ 233595.136301618011203, 3400910.112743465229869 ], [ 234644.873023863008711, 3400884.115239224396646 ], [ 233325.692864767741412, 3399015.95043384609744 ], [ 232275.880254394840449, 3399042.061197482049465 ], [ 232935.424118394847028, 3399976.057687283027917 ], [ 231885.644744413264561, 3400002.214705997612327 ] ] ], [ [ [ 268501.998621275066398, 3402001.148794148117304 ], [ 267184.484636654262431, 3400129.205502065829933 ], [ 265085.279694543627556, 3400174.927646829746664 ], [ 265744.027648409595713, 3401110.754046006593853 ], [ 266793.594637010246515, 3401087.899076300207525 ], [ 267452.473271581286099, 3402023.843372986186296 ], [ 268501.998621275066398, 3402001.148794148117304 ] ] ], [ [ [ 239113.681100415298715, 3402675.480334513820708 ], [ 237794.055219752481207, 3400806.73999642347917 ], [ 236744.332464465929661, 3400832.428868984337896 ], [ 237404.099160585494246, 3401766.712779867462814 ], [ 236354.409689153137151, 3401792.447763404343277 ], [ 237014.382615295413416, 3402726.733741280157119 ], [ 239113.681100415298715, 3402675.480334513820708 ] ] ], [ [ [ 231766.055083192419261, 3402856.668580143712461 ], [ 232426.386154589767102, 3403790.729500963818282 ], [ 233476.02303340495564, 3403764.593395496718585 ], [ 232815.72995702829212, 3402830.475733847822994 ], [ 231766.055083192419261, 3402856.668580143712461 ] ] ], [ [ [ 268380.701702982827555, 3404854.663895916659385 ], [ 269040.290764598059468, 3405790.792814551386982 ], [ 270089.669994849013165, 3405768.22614115010947 ], [ 269430.118491015047766, 3404832.039454640820622 ], [ 268380.701702982827555, 3404854.663895916659385 ] ] ], [ [ [ 270089.669994849013165, 3405768.22614115010947 ], [ 270749.389710078306962, 3406704.473621853627264 ], [ 271798.727352970512584, 3406682.067742479965091 ], [ 271139.045185235911049, 3405745.762413214892149 ], [ 270089.669994849013165, 3405768.22614115010947 ] ] ], [ [ [ 274050.511374170193449, 3411386.625699648167938 ], [ 274711.240307952743024, 3412323.239603292196989 ], [ 275760.352601219608914, 3412301.181958089116961 ], [ 275099.661233423394151, 3411364.509879254270345 ], [ 274050.511374170193449, 3411386.625699648167938 ] ] ], [ [ [ 242351.549204433249542, 3417808.732827667146921 ], [ 243014.573103630071273, 3418743.742567613255233 ], [ 244063.601673542929348, 3418718.521693508140743 ], [ 243400.615815201890655, 3417783.454343808814883 ], [ 242351.549204433249542, 3417808.732827667146921 ] ] ], [ [ [ 283487.791067715152167, 3429256.482468174304813 ], [ 284536.237819202011451, 3429235.170497952029109 ], [ 283872.406461335951462, 3428297.558392581064254 ], [ 282823.922048008535057, 3428318.929443567525595 ], [ 283487.791067715152167, 3429256.482468174304813 ] ] ], [ [ [ 269077.39854335738346, 3441928.561615478247404 ], [ 270125.43859013740439, 3441905.735021511558443 ], [ 269458.58885558322072, 3440968.611256589647382 ], [ 268410.510814898414537, 3440991.497066298034042 ], [ 269077.39854335738346, 3441928.561615478247404 ] ] ], [ [ [ 266507.131811095285229, 3445791.953000408597291 ], [ 267175.050751657108776, 3446729.03358645318076 ], [ 268222.920576751814224, 3446705.983123903628439 ], [ 267555.039711871300824, 3445768.843177870381624 ], [ 266507.131811095285229, 3445791.953000408597291 ] ] ], [ [ [ 296420.223360916948877, 3448979.848467365838587 ], [ 297087.829110272519756, 3449918.7375692948699 ], [ 298135.449973776063416, 3449898.63511713873595 ], [ 297467.881969276582822, 3448959.685747250448912 ], [ 296420.223360916948877, 3448979.848467365838587 ] ] ], [ [ [ 236299.818537512503099, 3477939.130061727482826 ], [ 235252.963043582276441, 3477965.610787596087903 ], [ 236603.997261708311271, 3479837.879492228385061 ], [ 235557.215017115115188, 3479864.345664064865559 ], [ 236233.023412477050442, 3480800.513832817785442 ], [ 238326.505694819963537, 3480747.806609681341797 ], [ 239002.404618714994285, 3481684.157356686890125 ], [ 237955.704570228554076, 3481710.398326133843511 ], [ 238631.810627872560872, 3482646.751747247297317 ], [ 236538.474968385300599, 3482699.429404738824815 ], [ 237214.827074932924006, 3483635.7254144763574 ], [ 239308.084951496304711, 3483583.16794764297083 ], [ 239984.527538890601136, 3484519.647009790409356 ], [ 237891.34745085897157, 3484572.084174246992916 ], [ 238568.036093958915444, 3485508.50576654355973 ], [ 237521.478322875103913, 3485534.822203502058983 ], [ 239552.670602034428157, 3488344.283962124958634 ], [ 237459.775382710562553, 3488396.871531995944679 ], [ 238814.900679240818135, 3490269.919913760386407 ], [ 237768.524367864592932, 3490296.251209693960845 ], [ 239124.400666042492958, 3492169.431328255683184 ], [ 237031.790736333816312, 3492222.168823406100273 ], [ 237710.059278813190758, 3493158.732750489842147 ], [ 234571.228194766910747, 3493238.449536096770316 ], [ 233892.842549110937398, 3492302.066908935084939 ], [ 231800.188023800088558, 3492355.860233479179442 ], [ 233157.28386614471674, 3494228.446976364590228 ], [ 234203.535227765154559, 3494201.618284883443266 ], [ 234882.296483235317282, 3495138.066648727748543 ], [ 233836.084202172001824, 3495164.834872900508344 ], [ 234515.052811864239629, 3496101.285896827001125 ], [ 235561.226009605743457, 3496074.578196049667895 ], [ 236919.5898662849213, 3497947.791173615027219 ], [ 235873.494843516789842, 3497974.377659246791154 ], [ 235194.189693040796556, 3497037.800131224561483 ], [ 234148.051127971266396, 3497064.552977330982685 ], [ 233468.875147162121721, 3496128.099296404980123 ], [ 232422.692997930920683, 3496155.018398143351078 ], [ 233101.908091917808633, 3497091.411551629658788 ], [ 232055.760567321151029, 3497118.375857485923916 ], [ 233414.773839343630243, 3498991.23062052205205 ], [ 232368.700097483990248, 3499018.179542131256312 ], [ 233048.498292994394433, 3499954.641175656579435 ], [ 232002.459216694056522, 3499981.635269816499203 ], [ 233362.638759469962679, 3501854.627172251231968 ], [ 232316.673542212636676, 3501881.605734026059508 ], [ 232997.054906944162212, 3502818.13602705905214 ], [ 231951.124396202969365, 3502845.159729630686343 ], [ 233312.470345111563802, 3504718.289131157100201 ], [ 232266.613769729621708, 3504745.297152828425169 ], [ 232947.578371363226324, 3505681.896285591647029 ], [ 231901.756543483468704, 3505708.949416116345674 ], [ 233264.269033861695789, 3507582.216677943710238 ], [ 232218.521217671222985, 3507609.25397867988795 ], [ 232900.069123869412579, 3508545.922132158651948 ], [ 231854.356096193892881, 3508573.004509618505836 ], [ 233218.035263347963337, 3510446.409994471818209 ], [ 232172.396323709923308, 3510473.476392875425518 ], [ 232854.527602110523731, 3511410.213748816400766 ], [ 231808.923492027504835, 3511437.325191626790911 ], [ 233173.769471217121463, 3513310.86926375888288 ], [ 232128.239525526587386, 3513337.964577869977802 ], [ 232810.9542437576456, 3514274.771318778861314 ], [ 231765.459168692003004, 3514301.911644791252911 ], [ 232448.381497211928945, 3515238.721137920860201 ], [ 233493.837230811710469, 3515211.642070952337235 ], [ 234176.888484531373251, 3516148.576918572653085 ], [ 235222.300446389999706, 3516121.665459662210196 ], [ 235905.480631157115567, 3517058.725885104387999 ], [ 233814.730960324057378, 3517112.532325212843716 ], [ 235181.753483793931082, 3518986.60034244786948 ], [ 234136.45073917589616, 3519013.540181817486882 ], [ 232769.349486503226217, 3517139.595026429276913 ], [ 231723.96356392634334, 3517166.764052928891033 ], [ 233091.143572829430923, 3519040.58639850281179 ], [ 232045.831967405625619, 3519067.738995886407793 ], [ 233413.763835604768246, 3520941.69540970120579 ], [ 232368.526595033763442, 3520968.83145902492106 ], [ 233052.784342002414633, 3521905.8446358400397 ], [ 232007.582082974840887, 3521933.025599658954889 ], [ 232692.047526230453514, 3522870.041598196607083 ], [ 233737.210354253998958, 3522842.922216047067195 ], [ 235791.497961133252829, 3525654.542223791126162 ], [ 233701.404527558595873, 3525708.517390686552972 ], [ 233016.394840417837258, 3524771.36956971231848 ], [ 231971.302045351010747, 3524798.578715739306062 ], [ 233341.568617012293544, 3526672.815530341118574 ], [ 234386.582476847514044, 3526645.729840553365648 ], [ 235071.928686130733695, 3527583.00700419396162 ], [ 231936.992292358539999, 3527664.398532466031611 ], [ 233308.426418359857053, 3529538.776106355711818 ], [ 232263.517798955959734, 3529565.996247528120875 ], [ 232949.52677613159176, 3530503.220283864066005 ], [ 231904.653261843486689, 3530530.485239368863404 ], [ 233277.255077216541395, 3532405.003947220742702 ], [ 232232.456233462900855, 3532432.251748291775584 ], [ 232919.049089071399067, 3533369.546445547603071 ], [ 231874.28539168019779, 3533396.839027184061706 ], [ 233935.192242107412312, 3536208.926934915594757 ], [ 251693.574316540150903, 3535762.654568224214017 ], [ 250320.810084156575613, 3533885.744405512697995 ], [ 251365.461820865253685, 3533860.329551299568266 ], [ 249993.449130964581855, 3531983.558310239575803 ], [ 248948.718709613138344, 3532009.098104237113148 ], [ 247577.300210632849485, 3530132.714979018550366 ], [ 248622.109305212419713, 3530107.050473101437092 ], [ 247936.691721937910188, 3529168.895117079373449 ], [ 251071.212051253503887, 3529092.354641128797084 ], [ 251756.511717674409738, 3530030.696965659502894 ], [ 250711.7150414888456, 3530056.041469605639577 ], [ 253454.753001568169566, 3533809.820164935197681 ], [ 252410.10945426710532, 3533835.02147215930745 ], [ 253782.716321119049098, 3535712.182022876571864 ], [ 263183.656383853172883, 3535490.343010500073433 ], [ 261811.756345449277433, 3533612.053121586330235 ], [ 262856.363892273628153, 3533587.812621708959341 ], [ 262170.705343286215793, 3532648.704822990112007 ], [ 263215.348160390276462, 3532624.50825147330761 ], [ 263900.967525096493773, 3533563.678862905595452 ], [ 264945.56726113462355, 3533539.65184216434136 ], [ 265631.315628488780931, 3534478.952056578826159 ], [ 267720.425170669332147, 3534431.344088178128004 ], [ 268406.263395094429143, 3535370.837137838359922 ], [ 272584.280163178336807, 3535277.154527837410569 ], [ 273270.13006825838238, 3536216.96714238775894 ], [ 278492.371475354128052, 3536102.582418459001929 ], [ 277806.716877693019342, 3535162.453568790107965 ], [ 275717.753304256126285, 3535208.013665448408574 ], [ 274346.792370181763545, 3533328.211378094740212 ], [ 270168.50809195562033, 3533421.11770494049415 ], [ 270854.060787304537371, 3534360.732793639879674 ], [ 269809.519385039049666, 3534384.163141338154674 ], [ 267753.248462536139414, 3531565.707848583813757 ], [ 269842.56207737227669, 3531518.57599890511483 ], [ 268472.71198754129, 3529639.68868500739336 ], [ 269517.441224722249899, 3529616.156998296268284 ], [ 270202.243118621699978, 3530555.630082830786705 ], [ 271246.929487553134095, 3530532.267883364576846 ], [ 271931.860481653362513, 3531471.870808260980994 ], [ 274021.143813242553733, 3531425.592253336682916 ], [ 273336.290898645238485, 3530485.86337937740609 ], [ 274380.96597528795246, 3530462.821069064550102 ], [ 273696.32022833218798, 3529523.096314620226622 ], [ 274741.03057921101572, 3529500.097644973080605 ], [ 274056.591983013320714, 3528560.377011723816395 ], [ 277190.817675247322768, 3528491.831623109523207 ], [ 277875.139347831776831, 3529431.741193102672696 ], [ 275785.737204586854205, 3529477.205570073798299 ], [ 277155.040850916819181, 3531356.974312455393374 ], [ 276110.412210008129478, 3531379.740311034023762 ], [ 278165.74571718624793, 3534199.7091019670479 ], [ 279210.257358504401054, 3534177.132646185811609 ], [ 279895.665795151726343, 3535117.320494865532964 ], [ 278851.193159822141752, 3535139.833655398339033 ], [ 279536.808735336060636, 3536080.025831143371761 ], [ 284758.940873444778845, 3535968.844527216628194 ], [ 284073.520212474977598, 3535028.335325371474028 ], [ 285117.974871800339315, 3535006.355887284968048 ], [ 284432.761268910602666, 3534065.851166602689773 ], [ 285477.251312213949859, 3534043.915011117700487 ], [ 284792.244750519515947, 3533103.414772978052497 ], [ 286881.292045839480124, 3533059.735708403401077 ], [ 285511.938873744336888, 3531178.685293249320239 ], [ 286556.534997081267647, 3531156.878995314240456 ], [ 287241.088647944154218, 3532097.433625515550375 ], [ 288285.642378313117661, 3532075.797334949951619 ], [ 286916.780917025986128, 3530194.62920424900949 ], [ 283782.875901788764168, 3530260.238013280555606 ], [ 282414.453655166376848, 3528379.720468546263874 ], [ 283459.169980441685766, 3528357.617886353284121 ], [ 282775.249922795977909, 3527417.39726283820346 ], [ 283820.001531454152428, 3527395.338090880773962 ], [ 284503.882722428592388, 3528335.621847264934331 ], [ 286593.297525593079627, 3528291.949387436266989 ], [ 285909.494028780376539, 3527351.539286070503294 ], [ 286954.234951997466851, 3527329.799647750332952 ], [ 286270.63839426508639, 3526389.394008161500096 ], [ 287315.41460156039102, 3526367.697694117203355 ], [ 286632.024966002791189, 3525427.296517768874764 ], [ 288721.644406115054153, 3525384.096988666802645 ], [ 288038.500454838620499, 3524443.637156740296632 ], [ 283859.092236014839727, 3524530.714338302146643 ], [ 283175.961212238820735, 3523590.574187421239913 ], [ 284220.857414322148543, 3523568.582271004561335 ], [ 283537.933326690283138, 3522628.446465582586825 ], [ 284582.864748165709898, 3522606.497995788231492 ], [ 283217.598534107033629, 3520726.302293652668595 ], [ 282172.589524190640077, 3520748.376499532256275 ], [ 281490.169814060616773, 3519808.442167272325605 ], [ 283580.261798561143223, 3519764.274481857661158 ], [ 282898.087778872693889, 3518824.281657804735005 ], [ 283943.167127057211474, 3518802.294471293222159 ], [ 284625.302386444061995, 3519742.350073953159153 ], [ 286715.372840198979247, 3519698.820114051923156 ], [ 287397.598733238817658, 3520639.068623817525804 ], [ 285307.605767103726976, 3520682.472833469044417 ], [ 285990.077266656560823, 3521622.662835617084056 ], [ 290169.894135207752697, 3521536.531479084864259 ], [ 290852.37880317895906, 3522477.040871440432966 ], [ 292942.188866205513477, 3522434.739363259170204 ], [ 291577.5424197264947, 3520553.535869552288204 ], [ 292622.519641285703983, 3520532.41842893185094 ], [ 291258.622936153318733, 3518651.359287845902145 ], [ 290213.568373525282368, 3518672.60271273413673 ], [ 289531.833506543422118, 3517732.237295895349234 ], [ 290576.926734975597356, 3517710.930964232422411 ], [ 289895.398637929814868, 3516770.570024144370109 ], [ 290940.527031595236622, 3516749.307030588854104 ], [ 291622.016479016514495, 3517689.730847037862986 ], [ 293712.185583397047594, 3517647.649245470296592 ], [ 293030.773396171396598, 3516707.099596883170307 ], [ 298256.329319106880575, 3516603.439118340611458 ], [ 297575.278136108652689, 3515662.642178557347506 ], [ 300710.686838608235121, 3515601.530743609182537 ], [ 301391.622432957286946, 3516542.516857319977134 ], [ 305571.967044679331593, 3516462.773397411685437 ], [ 304891.185387436999008, 3515521.53468012297526 ], [ 305936.301857016165741, 3515501.800977857317775 ], [ 304575.319622070062906, 3513619.401388812344521 ], [ 305620.509727792581543, 3513599.647489938884974 ], [ 304940.309132350143045, 3512658.486590390559286 ], [ 305985.53441380528966, 3512638.775656560435891 ], [ 303946.056238143588416, 3509815.511183535680175 ], [ 304991.393474387878086, 3509795.717247317545116 ], [ 304311.941935024457052, 3508854.701746421400458 ], [ 305357.314291358343326, 3508834.950838090386242 ], [ 306036.727453166735359, 3509776.029264708049595 ], [ 309172.710019137710333, 3509717.601013980340213 ], [ 307814.281858148460742, 3507835.134206438902766 ], [ 309905.074206138844602, 3507796.459694463293999 ], [ 308547.471508979331702, 3505914.012606791686267 ], [ 310638.404284989868756, 3505875.509811090305448 ], [ 309281.626915927859955, 3503993.082453644368798 ], [ 312418.231834158941638, 3503935.744503271766007 ], [ 311740.209951052209362, 3502994.443970355205238 ], [ 313831.340573589317501, 3502956.621728043071926 ], [ 312475.953760849544778, 3501073.972760123666376 ], [ 311430.313622064655647, 3501092.956651498097926 ], [ 310752.834084856556728, 3500151.796563223004341 ], [ 308661.467873398214579, 3500190.206793163903058 ], [ 307306.860115589399356, 3498308.339782090391964 ], [ 308352.621246639639139, 3498288.95664345799014 ], [ 307675.607665446121246, 3497348.061649078503251 ], [ 308721.403772874036804, 3497328.721579666249454 ], [ 308044.59644374292111, 3496387.831395238172263 ], [ 310136.25537766632624, 3496349.342946213670075 ], [ 311489.885390457697213, 3498231.440863619558513 ], [ 312535.633747131505515, 3498212.480141021311283 ], [ 311858.772873771260493, 3497271.334833361208439 ], [ 312904.556225482549053, 3497252.417063912376761 ], [ 313581.378954093379434, 3498193.6250164587982 ], [ 314627.121028894325718, 3498174.875487570185214 ], [ 315304.073662352573592, 3499116.213827838655561 ], [ 314258.369722757663112, 3499134.900628624483943 ], [ 316290.350243935943581, 3501959.134275167714804 ], [ 314199.16195610439172, 3501996.447937970515341 ], [ 316232.883773857553024, 3504820.915764483157545 ], [ 317278.364934298559092, 3504802.394954788964242 ], [ 315922.458714253036305, 3502919.222429619170725 ], [ 318013.564513116318267, 3502882.246056353673339 ], [ 318691.357292410102673, 3503823.924257354345173 ], [ 317645.844078835332766, 3503842.296568165533245 ], [ 319002.010013447375968, 3505725.731548792216927 ], [ 316911.127107973909006, 3505762.541213996708393 ], [ 317589.538468650658615, 3506704.234893212560564 ], [ 316544.130628336628433, 3506722.735343545209616 ], [ 317222.748216762731317, 3507664.434179890435189 ], [ 316177.375523861963302, 3507682.977341186720878 ], [ 316856.199357012519613, 3508624.681333534419537 ], [ 315810.861823042389005, 3508643.267204654403031 ], [ 317169.090039208007511, 3510526.753901646938175 ], [ 318214.351097768230829, 3510508.29452453320846 ], [ 317535.191215823462699, 3509566.453699351288378 ], [ 319625.780684733530506, 3509529.726166761480272 ], [ 318946.865259566577151, 3508587.82728375447914 ], [ 319992.193663059966639, 3508569.559100482612848 ], [ 319313.484451117285062, 3507627.665462799370289 ], [ 320358.848027501255274, 3507609.439902401063591 ], [ 319680.345011812751181, 3506667.551511093974113 ], [ 320725.743749601824675, 3506649.368574717082083 ], [ 322082.84146174963098, 3508533.34040574496612 ], [ 323128.160891859326512, 3508515.389889748301357 ], [ 321092.880800915649161, 3505689.345119610894471 ], [ 322138.311694103758782, 3505671.310612828470767 ], [ 321460.259152994374745, 3504729.369539257138968 ], [ 322505.72518935543485, 3504711.377629759255797 ], [ 321827.878777406527661, 3503769.441835816018283 ], [ 322873.379945498774759, 3503751.492524690460414 ], [ 322195.739645721041597, 3502809.562011435627937 ], [ 323241.275934113364201, 3502791.655299750156701 ], [ 323918.878145975410007, 3503733.648957836441696 ], [ 326009.865714077488519, 3503698.279048018157482 ], [ 325332.339639753103256, 3502756.15902009466663 ], [ 326377.867092021624558, 3502738.569447678513825 ], [ 327733.011135896900669, 3504623.004636140540242 ], [ 328778.45960059738718, 3504605.647332704626024 ], [ 326746.109639813308604, 3501778.907732732594013 ], [ 325700.547064413840417, 3501796.45479150954634 ], [ 325023.395036448957399, 3500854.408646418713033 ], [ 321886.575534753268585, 3500907.873177693225443 ], [ 322563.841729521169327, 3501849.730068245902658 ], [ 319427.109613699256442, 3501903.956542428117245 ], [ 318749.729137086484116, 3500962.28866600105539 ], [ 317704.107612517662346, 3500980.638496458064765 ], [ 317026.857042179326527, 3500039.101600077468902 ], [ 318072.516682952758856, 3500020.688874956220388 ], [ 317395.472253824700601, 3499079.15708388062194 ], [ 318441.166940787516069, 3499060.787136066704988 ], [ 317764.32863588782493, 3498119.260451525915414 ], [ 322992.946976085309871, 3498028.680421616882086 ], [ 323669.594989724340849, 3498970.521546996664256 ], [ 322623.915372902352829, 3498988.363452370744199 ], [ 323300.76942992315162, 3499930.209833924658597 ], [ 327483.31813145626802, 3499859.727967193815857 ], [ 328160.188115436933003, 3500801.895011917222291 ], [ 327114.593329082184937, 3500819.293905229773372 ], [ 327791.669309636869002, 3501761.466353684663773 ], [ 328837.226091397635173, 3501744.130652178544551 ], [ 330191.806008936313447, 3503628.808062233962119 ], [ 332282.759015729126986, 3503594.706951479893178 ], [ 331605.461048308468889, 3502652.20717202918604 ], [ 333696.478748675086536, 3502618.402161799836904 ], [ 330989.27037118159933, 3498848.584934317972511 ], [ 332034.926788203418255, 3498831.587781314272434 ], [ 331358.582576595246792, 3497889.242160665802658 ], [ 332404.274090584134683, 3497872.287409626413137 ], [ 331728.135776081646327, 3496929.947285374626517 ], [ 332773.862375739496201, 3496913.034937262535095 ], [ 333449.962788415839896, 3497855.438214002642781 ], [ 335541.331805830122903, 3497822.056480570696294 ], [ 334865.307158723357134, 3496879.526818453334272 ], [ 335911.025377185316756, 3496862.931043557822704 ], [ 335235.206561725295614, 3495920.406968340277672 ], [ 336280.959869201469701, 3495903.853510613087565 ], [ 336956.74083704687655, 3496846.440788892097771 ], [ 338002.453555879881606, 3496830.056052390951663 ], [ 336651.135253616375849, 3494944.823883559089154 ], [ 337696.920890067704022, 3494928.41820637928322 ], [ 338372.458240635402035, 3495871.063067111652344 ], [ 339418.203339746105485, 3495854.826077228877693 ], [ 338067.372210063505918, 3493969.478777157142758 ], [ 337021.551502170681488, 3493985.842164215631783 ], [ 334321.753629678161815, 3490216.224472014699131 ], [ 335367.725513329030946, 3490199.608969707041979 ], [ 334693.233763301046565, 3489257.31285162596032 ], [ 336785.244749751058407, 3489224.2719621732831 ], [ 337459.660967334755696, 3490166.693935648538172 ], [ 339551.58545448811492, 3490134.200181927997619 ], [ 336855.230287377024069, 3486364.419630723074079 ], [ 337901.339328995905817, 3486348.078981392085552 ], [ 338575.138462692382745, 3487290.484258127398789 ], [ 341713.336163254221901, 3487242.282259165775031 ], [ 341039.650087749119848, 3486299.688264912925661 ], [ 343131.843798506190069, 3486267.953793316148221 ], [ 342458.400979701196775, 3485325.302525461185724 ], [ 344550.659337273158599, 3485293.862899560946971 ], [ 345897.562412995146587, 3487179.486101668328047 ], [ 346943.612423329788726, 3487164.050115987192839 ], [ 346270.11452536971774, 3486221.141055192332715 ], [ 348362.281989893584978, 3486190.458519784267992 ], [ 347689.027204778627492, 3485247.492198894266039 ], [ 348735.144652961345855, 3485232.245621083769947 ], [ 348062.095365968823899, 3484289.285134879872203 ], [ 351200.545055671711452, 3484243.987075843382627 ], [ 350527.776310452958569, 3483300.906333758495748 ], [ 352620.138498398591764, 3483271.107058804482222 ], [ 351275.254781463940162, 3481384.900204815901816 ], [ 352321.507086956757121, 3481370.032099748495966 ], [ 351649.354585803288501, 3480426.969045982230455 ], [ 354788.208913719281554, 3480382.80588348582387 ], [ 354116.336674372840207, 3479439.622764066327363 ], [ 355162.653926087426953, 3479425.048703221604228 ], [ 354490.987017973442562, 3478481.871541108004749 ], [ 356583.688969824579544, 3478452.912338329479098 ], [ 355912.264765369705856, 3477509.678170986007899 ], [ 358005.031726291286759, 3477481.012749052140862 ], [ 357333.850163606926799, 3476537.721609003376216 ], [ 358380.267368307104334, 3476523.483285809401423 ], [ 357709.29105337371584, 3475580.198164061643183 ], [ 359802.192917675129138, 3475551.910235010553151 ], [ 359131.459149409085512, 3474608.568203068803996 ], [ 361224.426080729579553, 3474580.573763333726674 ], [ 360553.934797259513289, 3473637.174853530712426 ], [ 364739.989520773582626, 3473582.191902401857078 ], [ 364069.815140119928401, 3472638.61021656403318 ], [ 367209.443595120334066, 3472598.284234768245369 ], [ 366539.548710911243688, 3471654.582736351527274 ], [ 368632.697369601810351, 3471628.096466196700931 ], [ 367963.044698793906718, 3470684.338192974217236 ], [ 370056.258703890955076, 3470658.144759805873036 ], [ 369386.848184674978256, 3469714.32974370662123 ], [ 371480.12757179280743, 3469688.429030282888561 ], [ 370810.95914236974204, 3468744.557303165085614 ], [ 372904.303947254433297, 3468718.949192276224494 ], [ 372235.377545840281527, 3467775.020785910543054 ], [ 374328.78780438459944, 3467749.705160380341113 ], [ 373660.103369193384424, 3466805.720106473192573 ], [ 375753.579117422108538, 3466780.696849152445793 ], [ 375085.136586690088734, 3465836.655179330147803 ], [ 377178.677860759780742, 3465811.924173102714121 ], [ 376510.477172719314694, 3464867.825918917544186 ], [ 377557.281636343919672, 3464855.554222911130637 ], [ 376889.285765074600931, 3463911.462403170764446 ], [ 378982.962353061942849, 3463887.106567197479308 ], [ 378315.208229498879518, 3462942.958224104251713 ], [ 379362.080348735675216, 3462930.874055807013065 ], [ 378694.530991603736766, 3461986.732177183032036 ], [ 379741.437968231854029, 3461974.689513343852013 ], [ 379074.093360428931192, 3461030.554099693894386 ], [ 381167.974956188467331, 3461006.656185135710984 ], [ 380500.871967864863109, 3460062.464338425546885 ], [ 381547.84658195177326, 3460050.609059332869947 ], [ 380880.948292607325129, 3459106.423707550391555 ], [ 381927.957737856195308, 3459094.609905117657036 ], [ 381261.264130381285213, 3458150.431048759259284 ], [ 382308.308396224398166, 3458138.658723240252584 ], [ 381641.81945350789465, 3457194.486362812109292 ], [ 383735.975594405666925, 3457171.128953540697694 ], [ 383069.728109689021949, 3456226.90027942834422 ], [ 384116.839979799813591, 3456215.315167242195457 ], [ 383450.797109469946008, 3455271.093018931336701 ], [ 384497.943774147250224, 3455259.549355646595359 ], [ 383832.105501093436033, 3454315.333733640611172 ], [ 384879.286949816450942, 3454303.831519434694201 ], [ 383548.187381266441662, 3452415.48255128134042 ], [ 384595.440349315409549, 3452403.959091410972178 ], [ 383265.085541208565701, 3450515.761453559622169 ], [ 386407.052913303195965, 3450481.43994153663516 ], [ 385742.237369800044689, 3449537.25695882877335 ], [ 386789.592581347096711, 3449525.961991964373738 ], [ 386124.981532377831172, 3448581.785538713913411 ], [ 387172.371465073083527, 3448570.53202157234773 ], [ 386507.964893504802603, 3447626.362098328303546 ], [ 387555.389536901726387, 3447615.150030948221684 ], [ 386227.153124680567998, 3445726.892270785756409 ], [ 385179.655187251686584, 3445738.229327747132629 ], [ 383852.016748995403759, 3443850.37209945730865 ], [ 384899.587965218233876, 3443838.910276127513498 ], [ 384236.057112332375254, 3442895.022481475025415 ], [ 385283.662964218994603, 3442883.602222304325551 ], [ 384620.336550525040366, 3441939.720846916548908 ], [ 387763.252077311684843, 3441905.896261089481413 ], [ 388426.468712463742122, 3442849.964612639509141 ], [ 389474.066752989427187, 3442838.959793985821307 ], [ 388147.874424471869133, 3440950.767216574866325 ], [ 389195.543665254605003, 3440939.741496218368411 ], [ 387870.095662302686833, 3439051.699590200558305 ], [ 388917.836056832689792, 3439040.653080726973712 ], [ 388255.400297293788753, 3438096.672993562649935 ], [ 390350.948361750459298, 3438074.766703572589904 ], [ 389688.753423126647249, 3437130.730885763652623 ], [ 390736.561088497168384, 3437119.871076465118676 ], [ 390074.570437733258586, 3436175.841767307836562 ], [ 391122.412683373666368, 3436165.023435332812369 ], [ 390460.626303318771534, 3435221.000635478179902 ], [ 392556.378055131761357, 3435199.550554931629449 ], [ 391233.454477502498776, 3433311.462333444971591 ], [ 392281.400402021361515, 3433300.768432084005326 ], [ 391620.226731155940797, 3432356.765164084732533 ], [ 394764.162554557668045, 3432325.11851794179529 ], [ 392781.975828888476826, 3429492.961587383411825 ], [ 393830.059847755532246, 3429482.433589607011527 ], [ 393169.702882241865154, 3428538.456373521126807 ], [ 394217.821399022301193, 3428527.969850815832615 ], [ 393557.668566934182309, 3427583.999149434734136 ], [ 395653.972743520338554, 3427563.212453927844763 ], [ 394994.060337414790411, 3426619.186341770458966 ], [ 396042.245992907497566, 3426608.886140006128699 ], [ 395382.537669729208574, 3425664.866572129074484 ], [ 396430.757798351929523, 3425654.607815701048821 ], [ 395111.917070843745023, 3423766.650157300755382 ], [ 394063.624391266726889, 3423777.032598066609353 ], [ 393404.419441683276091, 3422833.218026312068105 ], [ 394452.748390937806107, 3422822.77382644219324 ], [ 393134.914413078338839, 3420935.225747879594564 ], [ 395231.711794354661833, 3420914.400259633548558 ], [ 395890.472398337093182, 3421858.263607908505946 ], [ 396938.83211407304043, 3421848.067399316933006 ], [ 396280.107735144090839, 3420904.142320821993053 ], [ 398376.894208422512747, 3420883.936047336086631 ], [ 397060.093618074373808, 3418996.0437230640091 ], [ 394963.162341552204452, 3419016.496749228797853 ], [ 395621.551143354270607, 3419960.285464981105179 ], [ 391427.811385642446112, 3420002.18298019003123 ], [ 390110.911703911959194, 3418115.166015178896487 ], [ 391159.421943797788117, 3418104.413849474396557 ], [ 390501.260064716334455, 3417160.945612093899399 ], [ 392598.347316945204511, 3417139.62771487981081 ], [ 391940.425696432183031, 3416196.104378591757268 ], [ 390891.846799583989196, 3416206.773206142708659 ], [ 388261.693563909386285, 3412433.601747747510672 ], [ 384066.778892157191876, 3412478.28728508669883 ], [ 384724.210412421904039, 3413421.234334693755955 ], [ 381578.111990147968754, 3413455.646486259065568 ], [ 382235.820185798685998, 3414398.477475366555154 ], [ 383284.485414683702402, 3414386.964834428858012 ], [ 383942.325154573540203, 3415329.924099497962743 ], [ 381845.06524323154008, 3415352.930180388968438 ], [ 381187.15289678494446, 3414410.093139972072095 ], [ 380138.483529307879508, 3414421.811829719226807 ], [ 380796.432197662943508, 3415364.58779855305329 ], [ 379747.797067718638573, 3415376.348470492754132 ], [ 378431.994914944691118, 3413490.985606463160366 ], [ 377383.284992490021978, 3413502.971313158050179 ], [ 378041.138485597562976, 3414445.558290580287576 ], [ 376992.462772688711993, 3414457.586064700968564 ], [ 378308.746047439810354, 3416342.838855064939708 ], [ 377260.140929826768115, 3416354.847679201513529 ], [ 377918.570729634142481, 3417297.513517676852643 ], [ 376869.999858420458622, 3417309.564382644370198 ], [ 376211.533666979172267, 3416366.959590272977948 ], [ 375162.924240575870499, 3416379.174589811358601 ], [ 374504.589510846417397, 3415436.697689395397902 ], [ 373455.941489728633314, 3415449.076715711969882 ], [ 374772.851644395268522, 3417333.975460887886584 ], [ 373724.274264961364679, 3417346.33567725494504 ], [ 373065.698823817598168, 3416403.913860491942614 ], [ 370968.464532984711695, 3416429.065503767225891 ], [ 370309.984076961292885, 3415486.832187823019922 ], [ 368212.667827305966057, 3415512.517846163362265 ], [ 368871.221221511950716, 3416454.629532373510301 ], [ 367822.596137234533671, 3416467.566195212304592 ], [ 368481.353911085170694, 3417409.683594507165253 ], [ 366384.169814583146945, 3417435.744647928047925 ], [ 365066.676124525431078, 3415551.819381590932608 ], [ 364018.007529405876994, 3415565.126046131365001 ], [ 363359.47601390874479, 3414623.323535293806344 ], [ 364408.181130885961466, 3414609.956232657656074 ], [ 363091.694859958428424, 3412726.428495639003813 ], [ 360994.136145138356369, 3412753.50832138210535 ], [ 360336.071838886709884, 3411811.96448971843347 ], [ 361384.888927472988144, 3411798.31263167085126 ], [ 360727.029061033739708, 3410856.774268884211779 ], [ 359678.175452599884011, 3410870.486518124584109 ], [ 359020.446988961193711, 3409929.074325399007648 ], [ 360069.33711360860616, 3409915.301739876624197 ], [ 359411.813087895163335, 3408973.894963496364653 ], [ 357313.957329261931591, 3409001.663589172996581 ], [ 357971.554392762249336, 3409942.949829749297351 ], [ 356922.659306631539948, 3409956.928254687227309 ], [ 357580.460840543790255, 3410898.219855817966163 ], [ 355482.736245765001513, 3410926.364990862086415 ], [ 354824.86159105412662, 3409985.193873418495059 ], [ 355873.761712188948877, 3409971.009601981379092 ], [ 355216.091560386412311, 3409029.843789290171117 ], [ 356265.025705297710374, 3409015.702241538558155 ], [ 354293.132523586449679, 3406192.416920165065676 ], [ 353244.088748882059008, 3406206.738740295171738 ], [ 351930.259937821305357, 3404324.994890175759792 ], [ 348782.893718297593296, 3404368.936655534897 ], [ 349439.833822618529666, 3405309.596398412715644 ], [ 348390.743041343986988, 3405324.389368303585798 ], [ 347076.957632665755227, 3403443.254349365830421 ], [ 346027.7909993234789, 3403458.269645022694021 ], [ 342090.246636347204912, 3397816.773265049792826 ], [ 341040.857738783815876, 3397832.248419642448425 ], [ 340385.151708730729297, 3396892.283563259523362 ], [ 335137.98171838617418, 3396971.494397066067904 ], [ 334482.26060619787313, 3396031.889583886601031 ], [ 336581.210465522657614, 3395999.779252727050334 ], [ 335925.730630133941304, 3395060.119969099760056 ], [ 332777.191556863253936, 3395108.616532364860177 ], [ 333432.781304761476349, 3396048.098561407066882 ], [ 332383.299064129940234, 3396064.410082959569991 ], [ 331727.672653041023295, 3395124.987085175700486 ], [ 329628.625915190554224, 3395158.035750830546021 ], [ 328973.094170179101638, 3394218.794163865502924 ], [ 327923.529600768233649, 3394235.531177401542664 ], [ 327268.129194459412247, 3393296.411781657952815 ], [ 328317.730458787409589, 3393279.615926016122103 ], [ 327007.507147138356231, 3391401.449179833289236 ], [ 325957.832503267389257, 3391418.362556597683579 ], [ 325302.936223512981087, 3390479.432568577118218 ], [ 324253.221804376633372, 3390496.507016276940703 ], [ 322943.860004495130852, 3388618.953034789301455 ], [ 320844.274972744751722, 3388653.643237706739455 ], [ 320189.772741790278815, 3387715.077332527376711 ], [ 319139.93875070346985, 3387732.634359742049128 ], [ 318485.567862119409256, 3386794.189387029968202 ], [ 319535.438576003711205, 3386776.574004657100886 ], [ 318881.272477926511783, 3385838.133175184484571 ], [ 317831.365044624777511, 3385855.806858528871089 ], [ 317177.330300752422772, 3384917.486695419531316 ], [ 316127.382908700150438, 3384935.320866026449949 ], [ 315473.479515318584163, 3383997.121155540924519 ], [ 312323.507441732741427, 3384051.411470817867666 ], [ 312977.521090173861012, 3384989.436843337025493 ], [ 310877.596656418521889, 3385026.025405751541257 ], [ 309569.590321272262372, 3383150.268728172406554 ], [ 308519.549477818130981, 3383168.832347672898322 ], [ 309173.505396508960985, 3384106.621792799793184 ], [ 308123.497967520263046, 3384125.229690285865217 ], [ 307469.505235265009105, 3383187.498170532286167 ], [ 305369.406478355056606, 3383225.136435836553574 ], [ 304715.508194263034966, 3382287.582275635562837 ], [ 305765.596127310069278, 3382268.654220815747976 ], [ 305111.90279334585648, 3381331.103806845843792 ], [ 306162.024096978479065, 3381312.220142867881805 ], [ 304855.215410307457205, 3379437.188275551889092 ], [ 305905.40687401255127, 3379418.291291553527117 ], [ 301989.236455807345919, 3373794.32127792108804 ], [ 303039.645122198679019, 3373775.181108165532351 ], [ 302387.575255501898937, 3372838.009262822568417 ], [ 303438.017161558847874, 3372818.913642908446491 ], [ 302134.455309037002735, 3370944.638103669974953 ], [ 298982.898443214711733, 3371002.574358247686177 ], [ 299634.705578311288264, 3371939.509913909714669 ], [ 298584.216255434788764, 3371958.968518020119518 ], [ 297932.372336439555511, 3371022.09016021201387 ], [ 287426.909793224534951, 3371222.851044118404388 ], [ 288079.122276588808745, 3372159.158882081042975 ], [ 285978.058706956333481, 3372200.419849022757262 ], [ 285325.772352003899869, 3371264.225797162856907 ], [ 283224.619583526276983, 3371306.008124336134642 ], [ 284529.508328851079568, 3373178.228822019416839 ], [ 286630.513241661945358, 3373136.673962857108563 ], [ 287935.926840595901012, 3375009.362685876432806 ], [ 286885.500223511247896, 3375029.975165492855012 ], [ 287538.496251312200911, 3375966.35286116367206 ], [ 286488.102818440296687, 3375987.010300855152309 ], [ 287794.673364186775871, 3377859.8324782284908 ], [ 286744.350127859623171, 3377880.477756653446704 ], [ 286090.943766674085055, 3376944.093620226718485 ], [ 283990.21184757782612, 3376985.804606458172202 ], [ 284643.692251201719046, 3377922.07457607332617 ], [ 283593.357573522138409, 3377943.026122360955924 ], [ 282939.840128776733764, 3377006.813196485396475 ], [ 281889.464545562979765, 3377027.923854680266231 ], [ 282543.019044709741138, 3377964.079763253219426 ], [ 281492.676646090578288, 3377985.235501428134739 ], [ 279532.406526995124295, 3375177.118727259337902 ], [ 280582.860119212768041, 3375155.792177839204669 ], [ 279276.928471574850846, 3373283.900172121357173 ], [ 280327.452240785351023, 3373262.561982549726963 ], [ 279022.267465270298999, 3371390.795586437452585 ], [ 277971.669621985056438, 3371412.247219312004745 ], [ 277319.292502489639446, 3370476.510194847825915 ], [ 232137.983084668521769, 3371497.788355622440577 ], [ 232791.96531947987387, 3372431.114682187326252 ], [ 231741.175386523129418, 3372457.053229954093695 ], [ 232395.363584958424326, 3373390.381321451161057 ], [ 233446.11588800966274, 3373364.498313994146883 ], [ 234100.434787967475131, 3374297.93932718038559 ], [ 233049.720117699296679, 3374323.766740826424211 ], [ 233704.244982459058519, 3375257.209564267192036 ], [ 232653.563201890501659, 3375283.083454312756658 ], [ 233308.294048610434402, 3376216.528083269484341 ], [ 232257.645169296651147, 3376242.448451622854918 ], [ 232912.582015127234627, 3377175.894881359767169 ], [ 231861.966048638802022, 3377201.861729908268899 ], [ 233172.420104329765309, 3379068.81573012471199 ], [ 232121.874764167587273, 3379094.773303413763642 ], [ 233433.077549150097184, 3380961.846128527075052 ], [ 232382.602882885432336, 3380987.794319667853415 ], [ 233038.494492007826921, 3381921.361388548277318 ], [ 231988.052806455118116, 3381947.356010269839317 ], [ 233956.850824230117723, 3384748.236087883356959 ], [ 231856.179733073164243, 3384800.196706524118781 ], [ 233169.704454668215476, 3386667.515308378264308 ], [ 232119.437364637618884, 3386693.53717315196991 ], [ 233433.710982601740398, 3388560.975381027907133 ], [ 232383.514765547006391, 3388586.987489935941994 ], [ 233040.941876630706247, 3389520.737468825187534 ], [ 231990.778748067270499, 3389546.795933759305626 ], [ 233964.18352225801209, 3392348.225918629206717 ], [ 232914.129193905624561, 3392374.218192567583174 ], [ 234230.649693229119293, 3394242.016644185874611 ], [ 233180.666380603506695, 3394267.998838698025793 ], [ 233839.216982949001249, 3395201.929146201815456 ], [ 232789.266843404853716, 3395227.957617944572121 ], [ 233448.023655130644329, 3396161.889855546411127 ], [ 234497.935904448328074, 3396135.917848637793213 ], [ 235156.823142831970472, 3397069.965023410506546 ], [ 232007.185980242153164, 3397148.019799859263003 ], [ 232666.355262051918544, 3398081.955884207040071 ], [ 236865.71049647271866, 3397978.314625135622919 ], [ 237524.896476648165844, 3398912.535630017984658 ], [ 240674.250531929545105, 3398836.054098635911942 ], [ 241333.491236965812277, 3399770.504140129312873 ], [ 240283.748995751957409, 3399795.838388791307807 ], [ 240943.195847100141691, 3400730.290589864365757 ], [ 239893.486892603425076, 3400755.670860105194151 ], [ 241212.961219616117887, 3402624.638619320932776 ], [ 239113.681100415298715, 3402675.480334513820708 ], [ 239773.746493330661906, 3403609.938988730777055 ], [ 238724.137468892586185, 3403635.457331722602248 ], [ 239384.409076532028848, 3404569.918128468096256 ], [ 241483.546729077264899, 3404519.098320569377393 ], [ 242143.910811768029816, 3405453.732272617984563 ], [ 236896.221926879079547, 3405581.269240240566432 ], [ 237556.943977896880824, 3406515.677327734883875 ], [ 238606.452967226097826, 3406490.02090037567541 ], [ 239267.305356093042064, 3407424.545134998392314 ], [ 237168.358711375447456, 3407475.846984554082155 ], [ 236507.43037786061177, 3406541.436795392539352 ], [ 235457.912148706382141, 3406567.299306613858789 ], [ 236118.878474989614915, 3407501.652512182015926 ], [ 235069.39360471337568, 3407527.561112737748772 ], [ 235730.566247077251319, 3408461.916387563105673 ], [ 236780.013108091196045, 3408436.064798748120666 ], [ 237441.316045745508745, 3409370.536244455724955 ], [ 235342.493722943996545, 3409422.228418478276581 ], [ 236004.041006470215507, 3410356.644887091591954 ], [ 234954.660931417020038, 3410382.58860184950754 ], [ 235616.414565775892697, 3411317.007155114784837 ], [ 234567.067901323141996, 3411342.99693459039554 ], [ 235229.027903598558623, 3412277.417568260803819 ], [ 237327.640488477016333, 3412225.655523728579283 ], [ 236665.756595735321753, 3411291.12056274432689 ], [ 237715.094009570020717, 3411265.337154193781316 ], [ 237053.416451769415289, 3410330.80433007190004 ], [ 239152.153526601934573, 3410279.432676151394844 ], [ 239813.755062334355898, 3411214.079875495284796 ], [ 238764.426825649105012, 3411239.656926196534187 ], [ 239426.234663360984996, 3412174.306318846996874 ], [ 243623.368370597600006, 3412072.846324069891125 ], [ 244285.192545415455243, 3413007.784583140164614 ], [ 243235.953872250334825, 3413032.937400328461081 ], [ 244560.183011712535517, 3414902.878363622818142 ], [ 245609.345737736992305, 3414877.840485000982881 ], [ 246271.674750664766179, 3415812.958285130560398 ], [ 247320.795060644974001, 3415788.081252536270767 ], [ 247983.254381081264, 3416723.316688662394881 ], [ 245885.085271128074965, 3416773.058812075760216 ], [ 247873.700720176391769, 3419578.779898419044912 ], [ 244726.755811445502331, 3419653.649066351354122 ], [ 245390.078226627752883, 3420588.83654128247872 ], [ 244341.12574710714398, 3420613.942032351158559 ], [ 243014.573103630071273, 3418743.742567613255233 ], [ 241965.540044710331131, 3418769.066831155214459 ], [ 240639.58442506036954, 3416899.222353819292039 ], [ 239590.470725699589821, 3416924.765070556197315 ], [ 238927.707287291705143, 3415989.98995466157794 ], [ 241026.006262477429118, 3415938.892938312143087 ], [ 241688.693589956092183, 3416873.782977497205138 ], [ 244835.994060964760138, 3416798.084858845919371 ], [ 243511.015815685183043, 3414928.019514379557222 ], [ 242461.844131324643968, 3414953.263940457254648 ], [ 243124.28711870717234, 3415888.20916626881808 ], [ 242075.148946299188538, 3415913.499398363754153 ], [ 240750.355222956510261, 3414043.783599766902626 ], [ 242848.779116232966771, 3413993.07660678261891 ], [ 242186.710701950942166, 3413058.193437377456576 ], [ 235891.156212789705023, 3413211.897456971928477 ], [ 236553.452826637600083, 3414146.436679108068347 ], [ 235504.215743537235539, 3414172.358112354762852 ], [ 236166.718743556528352, 3415106.899458784144372 ], [ 235117.515127564023715, 3415132.866902438923717 ], [ 234454.974030148645397, 3414198.382817517034709 ], [ 232356.476639151631389, 3414250.74205680238083 ], [ 233019.093972286966164, 3415185.111696911044419 ], [ 231969.876396341598593, 3415211.389054350554943 ], [ 233295.692280065326486, 3417080.191701848059893 ], [ 232246.546326625044458, 3417106.457892847247422 ], [ 232909.744894858275075, 3418040.890920119825751 ], [ 231860.632434577564709, 3418067.203183395322412 ], [ 233187.610856811923441, 3419936.132763470057398 ], [ 232138.570094962080475, 3419962.433722784742713 ], [ 233466.298147583729587, 3421831.48639525519684 ], [ 234515.262514089583419, 3421805.300353865139186 ], [ 235843.587388438929338, 3423674.706584979314357 ], [ 233745.806846722960472, 3423726.951951466500759 ], [ 233081.483835410908796, 3422792.334130866453052 ], [ 232032.54838124330854, 3422818.669694172218442 ], [ 233361.439176172949374, 3424687.849903401918709 ], [ 238605.688028692180524, 3424557.783609262201935 ], [ 239270.194834155088756, 3425492.751796577125788 ], [ 243465.359243690472795, 3425390.794363886583596 ], [ 244129.88173027211451, 3426326.054142605047673 ], [ 245178.623501020221738, 3426300.881697140168399 ], [ 245843.276142309157876, 3427236.259855597279966 ], [ 247940.670194374164566, 3427186.341857162304223 ], [ 248605.414898898714455, 3428121.896713732741773 ], [ 249654.067254326801049, 3428097.151287606917322 ], [ 250318.942135052027879, 3429032.825034779962152 ], [ 252416.157670949964086, 3428983.761579533107579 ], [ 253081.124670951452572, 3429919.612724057864398 ], [ 254129.68792535259854, 3429895.294822046533227 ], [ 254794.785122764238622, 3430831.265368847642094 ], [ 255843.306066781253321, 3430807.10955955600366 ], [ 257839.49298071465455, 3433615.564031032845378 ], [ 258887.895591953682015, 3433591.687542628031224 ], [ 260219.451965553482296, 3435464.415029583033174 ], [ 262316.092587913502939, 3435417.208272892981768 ], [ 262982.047070377040654, 3436353.782074908725917 ], [ 265078.595225674682297, 3436307.108367909211665 ], [ 265744.641928637283854, 3437243.861836603377014 ], [ 266792.871914633316919, 3437220.739714682102203 ], [ 267459.048845588113181, 3438157.614233816508204 ], [ 266410.856841380533297, 3438180.677360252011567 ], [ 267743.791286850871984, 3440054.494894494302571 ], [ 268791.907318407553248, 3440031.549924142193049 ], [ 269458.58885558322072, 3440968.611256589647382 ], [ 270506.662911879713647, 3440945.829435229301453 ], [ 271840.454611800727434, 3442820.258017600513995 ], [ 270792.456519725790713, 3442842.921299709472805 ], [ 272126.996954596834257, 3444717.481719485484064 ], [ 271079.070907781075221, 3444740.13033539801836 ], [ 271746.631414436735213, 3445677.445202550850809 ], [ 270698.739437786338385, 3445700.138504936359823 ], [ 270031.140911747934297, 3444762.883047823794186 ], [ 268983.206948446808383, 3444785.739859637338668 ], [ 269650.843507170851808, 3445722.935933032073081 ], [ 268602.943604548694566, 3445745.837489712517709 ], [ 269270.786407072737347, 3446683.036822038702667 ], [ 268222.920576751814224, 3446705.983123903628439 ], [ 270227.572352894407231, 3449517.779139497783035 ], [ 269179.816773006343283, 3449540.651190692558885 ], [ 269848.408505545230582, 3450477.982611292973161 ], [ 268800.687053920875769, 3450500.899350319989026 ], [ 270138.451304382644594, 3452375.631732611451298 ], [ 269090.802113147859927, 3452398.533520691562444 ], [ 268421.797771026613191, 3451461.195499688386917 ], [ 267374.106477093417197, 3451484.261227685026824 ], [ 266705.232200058642775, 3450547.045646425336599 ], [ 267752.961624759132974, 3450523.920361063443124 ], [ 266415.793929150560871, 3448649.558405791409314 ], [ 265367.988251961418428, 3448672.802640022709966 ], [ 264699.618585561343934, 3447735.775052520446479 ], [ 265747.462384476559237, 3447712.471426739357412 ], [ 265079.299045000574552, 3446775.447005251888186 ], [ 260887.746900790487416, 3446869.523899930994958 ], [ 260219.599225763056893, 3445932.798921877518296 ], [ 258123.722147806518478, 3445980.580771166831255 ], [ 256787.778779628337361, 3444107.553579889703542 ], [ 257835.795751177240163, 3444083.49244196433574 ], [ 255833.256959661055589, 3441274.238939193543047 ], [ 256881.384224001609255, 3441250.105040105059743 ], [ 255547.275840615766356, 3439377.460452715400606 ], [ 253450.864465639635455, 3439426.067497283685952 ], [ 254117.910849932086421, 3440362.241390699520707 ], [ 252021.558781063649803, 3440411.14689578814432 ], [ 251354.436032527388306, 3439475.090452274307609 ], [ 252402.652390401286539, 3439450.526984433177859 ], [ 251068.988013652066002, 3437578.48093081638217 ], [ 252117.276430874364451, 3437553.904132508207113 ], [ 251450.734784989763284, 3436617.914500682149082 ], [ 249354.077294276416069, 3436667.289145753253251 ], [ 250020.695286847505486, 3437603.161657443270087 ], [ 247924.096832005132455, 3437652.834908150602132 ], [ 247257.40243878387264, 3436717.079411910381168 ], [ 246209.058453918929445, 3436742.130410754587501 ], [ 245542.494105375546496, 3435806.494368640240282 ], [ 244494.107493713905569, 3435831.70766965765506 ], [ 245160.71007346935221, 3436767.285324325785041 ], [ 244112.357279308052966, 3436792.544155804440379 ], [ 244779.166374838125193, 3437728.124325015116483 ], [ 245827.480921376612969, 3437702.923909738659859 ], [ 247828.803051309339935, 3440510.206050691194832 ], [ 248876.998477987683145, 3440485.285236078314483 ], [ 247542.691944520396646, 3438613.5855319108814 ], [ 249639.222675673372578, 3438563.821481896564364 ], [ 250306.215373911370989, 3439499.757903911173344 ], [ 249257.990396449138643, 3439524.529342460911721 ], [ 252595.668739485059632, 3444204.839248687494546 ], [ 251547.630600657954346, 3444229.420960512943566 ], [ 252215.709254637127742, 3445165.608759666327387 ], [ 254311.704788419650868, 3445116.667300168424845 ], [ 254979.875206995988265, 3446053.03476100647822 ], [ 253931.917801519943168, 3446077.394427373539656 ], [ 257275.484608421364101, 3450759.866058184765279 ], [ 258323.25080298766261, 3450735.802168408874422 ], [ 260331.294880284345709, 3453546.209608653560281 ], [ 259283.643447707116138, 3453570.095369630958885 ], [ 259953.366172858572099, 3454506.963348711840808 ], [ 258905.748878258164041, 3454530.894032119773328 ], [ 259575.678098540462088, 3455467.765068263281137 ], [ 261670.832026615680661, 3455420.127168963197619 ], [ 262340.852921296958812, 3456357.179973078425974 ], [ 256055.571271106251515, 3456500.989766026381403 ], [ 257396.577337253111182, 3458374.568448409438133 ], [ 256349.092554283706704, 3458398.783352239057422 ], [ 259033.276799448853126, 3462146.454072217456996 ], [ 260080.608144463709323, 3462122.477926621213555 ], [ 262767.330395602912176, 3465871.394577557221055 ], [ 261720.152535906876437, 3465895.131076834630221 ], [ 262392.291998281260021, 3466832.458173626102507 ], [ 260298.000851606630022, 3466880.125379765406251 ], [ 260970.385324186237995, 3467817.3956452854909 ], [ 259923.272044542187359, 3467841.326381277292967 ], [ 260595.863152202771744, 3468778.599836863111705 ], [ 258501.701177204900887, 3468826.655635936651379 ], [ 259847.541820143931545, 3470701.152019420173019 ], [ 258800.531602943403414, 3470725.216995971743017 ], [ 260147.122045529598836, 3472599.846391695085913 ], [ 255959.347975631913869, 3472696.674175231717527 ], [ 255285.814607491309289, 3471759.568433620966971 ], [ 257379.786925483698724, 3471710.824371148832142 ], [ 256033.378941966482671, 3469836.562068116851151 ], [ 258127.488703409471782, 3469787.997284651268274 ], [ 257454.614021437300835, 3468850.840788085944951 ], [ 256407.52272971990169, 3468875.130779365077615 ], [ 255734.777789348212536, 3467938.097393543925136 ], [ 256781.907559317391133, 3467913.747424155473709 ], [ 255436.999303769844119, 3466039.749766077380627 ], [ 254389.792586099531036, 3466064.219524867832661 ], [ 253717.552327786921524, 3465127.374878177884966 ], [ 254764.79751491654315, 3465102.845308046787977 ], [ 254092.763955052301753, 3464166.003654878586531 ], [ 255140.043405757634901, 3464141.519037046004087 ], [ 254468.216527357610175, 3463204.680380502715707 ], [ 253420.898626456822967, 3463229.224724806379527 ], [ 252749.201531405386049, 3462292.508436132222414 ], [ 253796.557879578933353, 3462267.904420856852084 ], [ 253125.067464707244653, 3461331.191076461225748 ], [ 249982.870339493092615, 3461405.495860491879284 ], [ 250654.476127740606898, 3462342.030436945147812 ], [ 249607.10703647005721, 3462366.948428719770163 ], [ 250278.919553947111126, 3463303.485861572436988 ], [ 248184.24551862993394, 3463353.516737168189138 ], [ 247512.355985603819136, 3462417.098410697188228 ], [ 246464.97399022791069, 3462442.33040721854195 ], [ 245793.214182413386879, 3461506.03382172388956 ], [ 243698.360071659612004, 3461556.930680355988443 ], [ 244370.196970158693148, 3462493.108427215833217 ], [ 242275.402458404336357, 3462544.305171162821352 ], [ 242947.484766243549529, 3463480.426189131569117 ], [ 247136.902051235694671, 3463378.68921972438693 ], [ 247808.99836317752488, 3464315.110340728890151 ], [ 245714.37554167950293, 3464365.6503507620655 ], [ 246386.71721020390396, 3465302.014690396841615 ], [ 247433.992224291345337, 3465276.751892996486276 ], [ 248106.463581432035426, 3466213.238221438135952 ], [ 247059.22713091087644, 3466238.441390688531101 ], [ 247731.90530154138105, 3467174.930533290840685 ], [ 249826.296782049990725, 3467124.748370643239468 ], [ 250499.066075161012122, 3468061.41954190377146 ], [ 249451.911034601653228, 3468086.39845358999446 ], [ 250124.887126114132116, 3469023.072520853020251 ], [ 249077.766383573936764, 3469048.096472364850342 ], [ 249750.949290462915087, 3469984.773432488087565 ], [ 248703.862857908417936, 3470009.842423688154668 ], [ 246684.703111975133652, 3467200.178830511402339 ], [ 242495.850941929908004, 3467302.220199686940759 ], [ 243168.890409020270454, 3468238.473562185186893 ], [ 244216.071362243441399, 3468212.865595014765859 ], [ 246236.083385679608909, 3471022.179136653896421 ], [ 245189.018359794805292, 3471047.607944659888744 ], [ 245862.730852426844649, 3471984.11110985185951 ], [ 244815.700147480587475, 3472009.585045182146132 ], [ 245489.619555399694946, 3472946.091005298309028 ], [ 251771.507447514071828, 3472795.181258567608893 ], [ 252445.363304452068405, 3473732.109789399895817 ], [ 251398.431255009840243, 3473756.938927094452083 ], [ 252072.493946826900356, 3474693.870453346520662 ], [ 257306.919377001118846, 3474571.075456661637872 ], [ 257980.957405667053536, 3475508.371161167975515 ], [ 256934.119196814019233, 3475532.659867791458964 ], [ 257608.363996369356755, 3476469.958739135414362 ], [ 256561.560224911285331, 3476494.292190966196358 ], [ 255887.276856699143536, 3475557.053612329997122 ], [ 254840.430367557477439, 3475581.552397850435227 ], [ 255514.752317813195987, 3476518.730709985364228 ], [ 254467.940257316746283, 3476543.274299266282469 ], [ 255142.469028054561932, 3477480.455716182943434 ], [ 252002.123624096246203, 3477554.536205376964062 ], [ 254702.384501357475528, 3481303.172375390306115 ], [ 253655.748938670876669, 3481327.834761715959758 ], [ 255006.966056945908349, 3483202.413062419276685 ], [ 252913.837140838848427, 3483251.811651251278818 ], [ 253589.775417183613172, 3484189.075224283151329 ], [ 251496.707204744103365, 3484238.773932690732181 ], [ 252172.891149704431882, 3485175.980083516333252 ], [ 251126.389486067724647, 3485200.926890249829739 ], [ 250450.166798876947723, 3484263.781246879603714 ], [ 248357.07329942897195, 3484314.111810931935906 ], [ 247680.941326327330898, 3483377.150495531968772 ], [ 246634.349417740100762, 3483402.534124786499888 ], [ 247310.520170484494884, 3484339.435067117679864 ], [ 246263.962765151925851, 3484364.863643646240234 ], [ 245587.753219310630811, 3483428.023048249073327 ], [ 244541.152713353920262, 3483453.617269122507423 ], [ 243865.072610586619703, 3482516.900135664269328 ], [ 242818.428962227946613, 3482542.659895969089121 ], [ 241466.695888639136683, 3480669.535032204817981 ], [ 242513.417162852216279, 3480643.654961845371872 ], [ 241837.841822338639759, 3479707.126756527926773 ], [ 237650.775038516381755, 3479811.518533028662205 ], [ 236299.818537512503099, 3477939.130061727482826 ] ], [ [ 282131.061413359129801, 3523612.672506663016975 ], [ 283497.569242087425664, 3525492.894194705411792 ], [ 281407.914181912783533, 3525537.15826670685783 ], [ 280724.49850339803379, 3524597.139721922576427 ], [ 279679.626677688502241, 3524619.494387813378125 ], [ 278996.340262869489379, 3523679.605908997822553 ], [ 280041.250955983297899, 3523657.188364670146257 ], [ 279358.171542025345843, 3522717.304109050426632 ], [ 282492.998312657233328, 3522650.501309044659138 ], [ 283175.961212238820735, 3523590.574187421239913 ], [ 282131.061413359129801, 3523612.672506663016975 ] ], [ [ 282091.497989165480249, 3526477.244084995705634 ], [ 281046.703907499788329, 3526499.472823078744113 ], [ 280363.081226682988927, 3525559.449997191317379 ], [ 281407.914181912783533, 3525537.15826670685783 ], [ 282091.497989165480249, 3526477.244084995705634 ] ], [ [ 280445.118382746470161, 3519830.685450302436948 ], [ 279762.8280035998323, 3518890.880803672131151 ], [ 280807.918234498705715, 3518868.574821226298809 ], [ 281490.169814060616773, 3519808.442167272325605 ], [ 280445.118382746470161, 3519830.685450302436948 ] ], [ [ 283261.199991317698732, 3517862.305939785670489 ], [ 284306.314490758522879, 3517840.362264918163419 ], [ 284988.242882380145602, 3518780.413544580340385 ], [ 283943.167127057211474, 3518802.294471293222159 ], [ 283261.199991317698732, 3517862.305939785670489 ] ], [ [ 283624.554222050763201, 3516900.378027619794011 ], [ 282579.400981595390476, 3516922.384393798187375 ], [ 280535.012732254806906, 3514103.020813741721213 ], [ 279489.739628978539258, 3514125.321040853392333 ], [ 278127.577322447556071, 3512246.203500689473003 ], [ 277082.22303669230314, 3512268.734624546486884 ], [ 276401.355348384007812, 3511329.337819942738861 ], [ 275355.958581264829263, 3511352.037296148017049 ], [ 274675.220282761729322, 3510412.768981382250786 ], [ 276766.087588993133977, 3510367.351626898627728 ], [ 277446.748382907593623, 3511306.744398054666817 ], [ 281628.283543585217558, 3511217.431197342928499 ], [ 282989.79982618545182, 3513096.914957682136446 ], [ 284035.097089772752952, 3513074.976681825704873 ], [ 284716.068735793058295, 3514014.881155698560178 ], [ 285761.323721289867535, 3513993.111540009267628 ], [ 286442.424811047501862, 3514933.145511182490736 ], [ 285397.208504914713558, 3514954.852500309236348 ], [ 286078.516394753241912, 3515894.890801093075424 ], [ 283988.150442252634093, 3515938.497924258001149 ], [ 285351.425401618238539, 3517818.524820698425174 ], [ 284306.314490758522879, 3517840.362264918163419 ], [ 283624.554222050763201, 3516900.378027619794011 ] ], [ [ 273629.780993577966001, 3510435.636703423690051 ], [ 272268.73132611811161, 3508557.422596032731235 ], [ 273314.248150284984149, 3508534.430666496511549 ], [ 274675.220282761729322, 3510412.768981382250786 ], [ 273629.780993577966001, 3510435.636703423690051 ] ], [ [ 275405.270447402144782, 3508488.764738998375833 ], [ 276450.77595526073128, 3508466.090735319536179 ], [ 275770.658335665706545, 3507526.834350874647498 ], [ 277861.735564552480355, 3507481.679974661674351 ], [ 277181.86349808977684, 3506542.365476954262704 ], [ 278227.435211503063329, 3506519.885076275095344 ], [ 279587.270125480834395, 3508398.704530552495271 ], [ 278541.775776845170185, 3508421.060633914079517 ], [ 279221.984132619109005, 3509360.507539591751993 ], [ 277131.061724456900265, 3509405.413252985104918 ], [ 277811.515640906174667, 3510344.801988773047924 ], [ 276766.087588993133977, 3510367.351626898627728 ], [ 275405.270447402144782, 3508488.764738998375833 ] ], [ [ 286396.532741261471529, 3517796.793604395352304 ], [ 287078.383683863678016, 3518736.97045962093398 ], [ 286033.315062197099905, 3518758.638874930329621 ], [ 285351.425401618238539, 3517818.524820698425174 ], [ 286396.532741261471529, 3517796.793604395352304 ] ], [ [ 290895.471345386467874, 3519613.035542003344744 ], [ 289850.451976010459475, 3519634.322273270692676 ], [ 289168.510322170099244, 3518693.952381211332977 ], [ 290213.568373525282368, 3518672.60271273413673 ], [ 290895.471345386467874, 3519613.035542003344744 ] ], [ [ 290532.561735480674542, 3520574.759606692939997 ], [ 289487.577571211964823, 3520596.089643003884703 ], [ 288805.429113587131724, 3519655.7152772503905 ], [ 289850.451976010459475, 3519634.322273270692676 ], [ 290532.561735480674542, 3520574.759606692939997 ] ], [ [ 288486.7367763586808, 3517753.64984469069168 ], [ 287805.131340970750898, 3516813.414577952586114 ], [ 288850.266746846784372, 3516791.939205707982183 ], [ 289531.833506543422118, 3517732.237295895349234 ], [ 288486.7367763586808, 3517753.64984469069168 ] ], [ [ 309459.692447533132508, 3495408.395094625651836 ], [ 310505.55526717833709, 3495389.246686866972595 ], [ 311182.080046286457218, 3496330.2570436517708 ], [ 310136.25537766632624, 3496349.342946213670075 ], [ 309459.692447533132508, 3495408.395094625651836 ] ], [ [ 318381.526208685943857, 3501922.243421563412994 ], [ 317335.939757935993839, 3501940.635998375713825 ], [ 316658.483029396447819, 3500999.093997912947088 ], [ 317704.107612517662346, 3500980.638496458064765 ], [ 318381.526208685943857, 3501922.243421563412994 ] ], [ [ 322316.466972340072971, 3497086.907465212978423 ], [ 323362.219664147589356, 3497069.045281592290848 ], [ 324038.661651398288086, 3498010.881149673834443 ], [ 322992.946976085309871, 3498028.680421616882086 ], [ 322316.466972340072971, 3497086.907465212978423 ] ], [ [ 374383.017576608166564, 3418288.824338614474982 ], [ 372285.929084326082375, 3418313.73217520210892 ], [ 371627.112869688018691, 3417371.365472301375121 ], [ 373724.274264961364679, 3417346.33567725494504 ], [ 374383.017576608166564, 3418288.824338614474982 ] ], [ [ 365994.609498009434901, 3418390.931348546873778 ], [ 364946.048150481132325, 3418404.15892877150327 ], [ 364286.976381232612766, 3417462.218227605801076 ], [ 363238.376117460546084, 3417475.609718971420079 ], [ 362579.435697631794028, 3416533.796060652472079 ], [ 363628.072515714040492, 3416520.343875163700432 ], [ 362969.33655664161779, 3415578.53578983573243 ], [ 364018.007529405876994, 3415565.126046131365001 ], [ 365994.609498009434901, 3418390.931348546873778 ] ], [ [ 356140.778837599325925, 3411867.601667586714029 ], [ 355091.949333726777695, 3411881.768407281953841 ], [ 354433.870158927806187, 3410940.591986840590835 ], [ 355482.736245765001513, 3410926.364990862086415 ], [ 356140.778837599325925, 3411867.601667586714029 ] ], [ [ 349047.887692751130089, 3406265.054202314000577 ], [ 345900.70912987110205, 3406309.870441330596805 ], [ 345243.454641733434983, 3405369.385066309478134 ], [ 346292.553469322854653, 3405354.283700356725603 ], [ 345635.503577087598387, 3404413.80333299934864 ], [ 346684.636312841903418, 3404398.745002693496644 ], [ 347341.649596384668257, 3405339.285134989302605 ], [ 348390.743041343986988, 3405324.389368303585798 ], [ 349047.887692751130089, 3406265.054202314000577 ] ], [ [ 288588.885899946442805, 3375945.797449931036681 ], [ 289242.013129299913999, 3376882.292585705872625 ], [ 288191.660452315933071, 3376902.79087474476546 ], [ 287538.496251312200911, 3375966.35286116367206 ], [ 288588.885899946442805, 3375945.797449931036681 ] ], [ [ 285694.023096422781236, 3377901.225121721159667 ], [ 287001.414379227033351, 3379774.060213731136173 ], [ 285951.157599249854684, 3379794.795366181526333 ], [ 284643.692251201719046, 3377922.07457607332617 ], [ 285694.023096422781236, 3377901.225121721159667 ] ], [ [ 234222.96069723716937, 3379042.960394765250385 ], [ 235534.012684705550782, 3380910.256623088382185 ], [ 234483.547476872918196, 3380936.000230764504522 ], [ 233172.420104329765309, 3379068.81573012471199 ], [ 234222.96069723716937, 3379042.960394765250385 ] ], [ [ 236320.477413606015034, 3386590.064478992950171 ], [ 236977.378957151726354, 3387523.979183859657496 ], [ 233826.71930457057897, 3387601.261525982059538 ], [ 233169.704454668215476, 3386667.515308378264308 ], [ 236320.477413606015034, 3386590.064478992950171 ] ], [ [ 240015.17812543711625, 3397901.662978350650519 ], [ 238965.360192789230496, 3397927.110743563622236 ], [ 238306.418245741951978, 3396992.835143988020718 ], [ 237256.557853905018419, 3397018.442342924885452 ], [ 236597.746360721008386, 3396084.282052277121693 ], [ 239747.427216829964891, 3396007.598852276802063 ], [ 239088.897541663405718, 3395073.327434411272407 ], [ 240138.819755216070917, 3395047.915198558941483 ], [ 240797.311622016422916, 3395982.243237817659974 ], [ 241847.191451291262638, 3395956.990344081073999 ], [ 242505.8138200531248, 3396891.433881184551865 ], [ 243555.651307869818993, 3396866.340432618744671 ], [ 244214.404184085520683, 3397800.899679387919605 ], [ 243164.604483233677456, 3397825.936346258502454 ], [ 243823.563438543089433, 3398760.49781700456515 ], [ 242773.797010944486829, 3398785.580444040242583 ], [ 242114.800252168672159, 3397851.075782912317663 ], [ 241064.991472401598003, 3397876.317992540076375 ], [ 241724.026048233208712, 3398810.765870183240622 ], [ 240674.250531929545105, 3398836.054098635911942 ], [ 240015.17812543711625, 3397901.662978350650519 ] ], [ [ 239480.496190319041489, 3394113.64587807841599 ], [ 240530.451606203336269, 3394088.279743306804448 ], [ 241188.737379246333148, 3395022.605657309759408 ], [ 240138.819755216070917, 3395047.915198558941483 ], [ 239480.496190319041489, 3394113.64587807841599 ] ], [ [ 244947.185001889563864, 3413942.782610572408885 ], [ 245996.38123771653045, 3413917.790478280745447 ], [ 246658.50401209667325, 3414852.905875341966748 ], [ 245609.345737736992305, 3414877.840485000982881 ], [ 244947.185001889563864, 3413942.782610572408885 ] ], [ [ 234068.306876584363636, 3415158.937647379934788 ], [ 234731.05439370876411, 3416093.42382409889251 ], [ 233681.879616931313649, 3416119.540609875693917 ], [ 233019.093972286966164, 3415185.111696911044419 ], [ 234068.306876584363636, 3415158.937647379934788 ] ], [ [ 233958.852687815495301, 3418014.682049572467804 ], [ 234622.181403160502668, 3418949.231851401738822 ], [ 233573.111773511744104, 3418975.38334705773741 ], [ 232909.744894858275075, 3418040.890920119825751 ], [ 233958.852687815495301, 3418014.682049572467804 ] ], [ [ 268507.236825414584018, 3438134.655016799923033 ], [ 269173.543989313184284, 3439071.650803243275732 ], [ 268125.393980961409397, 3439094.550943440292031 ], [ 267459.048845588113181, 3438157.614233816508204 ], [ 268507.236825414584018, 3438134.655016799923033 ] ], [ [ 267841.097862901166081, 3437197.721475878264755 ], [ 270985.751662619411945, 3437129.290029154159129 ], [ 271651.776799780898727, 3438066.400793320499361 ], [ 268507.236825414584018, 3438134.655016799923033 ], [ 267841.097862901166081, 3437197.721475878264755 ] ], [ [ 253643.702608735969989, 3444180.361657796427608 ], [ 254691.73222646836075, 3444155.988184748683125 ], [ 255359.696189178299392, 3445092.352788026910275 ], [ 254311.704788419650868, 3445116.667300168424845 ], [ 253643.702608735969989, 3444180.361657796427608 ] ], [ [ 254687.643852206936572, 3467962.552178910002112 ], [ 255360.427284224366304, 3468899.525612829253078 ], [ 254313.327667125326116, 3468924.025291550438851 ], [ 252967.852023897983599, 3467050.261158872861415 ], [ 255062.201074045296991, 3467001.127002696506679 ], [ 255734.777789348212536, 3467938.097393543925136 ], [ 254687.643852206936572, 3467962.552178910002112 ] ], [ [ 248856.303299709165003, 3464289.997427609283477 ], [ 249528.52932658381178, 3465226.540563598275185 ], [ 248481.262923798232805, 3465251.593851787038147 ], [ 247808.99836317752488, 3464315.110340728890151 ], [ 248856.303299709165003, 3464289.997427609283477 ] ], [ [ 250424.300438256526832, 3470921.513162218034267 ], [ 251471.344027700630249, 3470896.608967174310237 ], [ 252818.473872273432789, 3472770.397042593918741 ], [ 251771.507447514071828, 3472795.181258567608893 ], [ 250424.300438256526832, 3470921.513162218034267 ] ], [ [ 245217.401065750134876, 3484390.397543710656464 ], [ 244170.835054600640433, 3484416.036770518869162 ], [ 243494.547882177925203, 3483479.316790622193366 ], [ 244541.152713353920262, 3483453.617269122507423 ], [ 245217.401065750134876, 3484390.397543710656464 ] ], [ [ 284107.406304816831835, 3532162.982384405564517 ], [ 282018.266943777329288, 3532207.214823618996888 ], [ 281333.518766844877973, 3531266.976735835429281 ], [ 283422.735977479780558, 3531222.617758884560317 ], [ 284107.406304816831835, 3532162.982384405564517 ] ], [ [ 237128.976852363441139, 3530395.227627697400749 ], [ 236084.120895963860676, 3530422.065723616164178 ], [ 235398.230439657287207, 3529484.655892321374267 ], [ 236443.125876050209627, 3529457.755812701769173 ], [ 237128.976852363441139, 3530395.227627697400749 ] ], [ [ 244116.766472656512633, 3528308.492193639278412 ], [ 243071.866062296932796, 3528334.601057952735573 ], [ 241701.557255158171756, 3526459.11469045933336 ], [ 243791.511275682190899, 3526406.755337267648429 ], [ 246532.486942102812463, 3530158.486158648971468 ], [ 245487.669482373981737, 3530184.364015210885555 ], [ 244116.766472656512633, 3528308.492193639278412 ] ], [ [ 244151.69790982385166, 3525442.904073965735734 ], [ 245196.703637766710017, 3525416.928783900104463 ], [ 246566.361225647618994, 3527292.781102935783565 ], [ 245521.434142553393031, 3527318.632249903399497 ], [ 244151.69790982385166, 3525442.904073965735734 ] ], [ [ 244512.127189991180785, 3524479.100547042675316 ], [ 245557.167999085766496, 3524453.169784453697503 ], [ 246241.705142082239036, 3525391.060033755376935 ], [ 245196.703637766710017, 3525416.928783900104463 ], [ 244512.127189991180785, 3524479.100547042675316 ] ], [ [ 247286.702440057066269, 3525365.297820298466831 ], [ 247971.368517510301899, 3526303.315475154202431 ], [ 246926.41051375574898, 3526329.015593249816447 ], [ 246241.705142082239036, 3525391.060033755376935 ], [ 247286.702440057066269, 3525365.297820298466831 ] ], [ [ 246602.204588447231799, 3524427.345532442443073 ], [ 247647.236975371459266, 3524401.627787782810628 ], [ 248331.69554898518254, 3525339.642140311654657 ], [ 247286.702440057066269, 3525365.297820298466831 ], [ 246602.204588447231799, 3524427.345532442443073 ] ], [ [ 274777.862651543575339, 3526635.081704327836633 ], [ 273733.042819938506, 3526658.055953000672162 ], [ 272365.420647254912183, 3524778.957535966765136 ], [ 273410.318406670005061, 3524755.857728477567434 ], [ 272726.798511790577322, 3523816.345966716762632 ], [ 273771.731460695853457, 3523793.289896259084344 ], [ 275138.861507498659194, 3525672.505706198979169 ], [ 274094.006454027607106, 3525695.436279081739485 ], [ 274777.862651543575339, 3526635.081704327836633 ] ], [ [ 251106.217543887614738, 3526226.854465664830059 ], [ 250061.272015295398887, 3526252.234914551489055 ], [ 249376.684486153884791, 3525314.092990590725094 ], [ 250421.669268850935623, 3525288.650367943104357 ], [ 251106.217543887614738, 3526226.854465664830059 ] ], [ [ 242098.355323723139009, 3522629.800572052598 ], [ 243467.08214386072359, 3524505.137823448050767 ], [ 242422.032843401626451, 3524531.281616923864931 ], [ 243106.687940967211034, 3525468.985907196067274 ], [ 242061.673713906173361, 3525495.174286849331111 ], [ 240692.453070867602946, 3523619.954572629649192 ], [ 241737.545985179196578, 3523593.642381422221661 ], [ 239685.094868452200899, 3520781.114154366776347 ], [ 241775.50375800189795, 3520728.43843307858333 ], [ 241091.768500761274481, 3519790.935188486706465 ], [ 243182.238795343524544, 3519738.561621365137398 ], [ 242498.750345137756085, 3518800.999750451184809 ], [ 245634.541551996400813, 3518723.051966683473438 ], [ 247685.158363798254868, 3521536.488499991595745 ], [ 245594.870614662853768, 3521587.976421949919313 ], [ 244911.084955170430476, 3520650.222913916688412 ], [ 243865.895484623906668, 3520676.188349626492709 ], [ 244549.720410775742494, 3521613.88001999584958 ], [ 242459.407257737446344, 3521666.006506409030408 ], [ 243143.478997777914628, 3522603.639493262395263 ], [ 242098.355323723139009, 3522629.800572052598 ] ], [ [ 248730.295943700708449, 3521510.904169645626098 ], [ 247363.128289386659162, 3519635.090983146801591 ], [ 250498.751248018466868, 3519558.604836744721979 ], [ 249815.537343364645494, 3518620.610347374342382 ], [ 250860.775844198535196, 3518595.265770986676216 ], [ 249494.931027245474979, 3516719.348570982925594 ], [ 250540.243683128675912, 3516693.986623019911349 ], [ 251223.042833076004172, 3517631.974472416099161 ], [ 252268.312200724089053, 3517606.780640124808997 ], [ 253634.336873943015235, 3519483.075879419222474 ], [ 251543.95058161354973, 3519533.322167511563748 ], [ 252227.293535343807889, 3520471.443874870892614 ], [ 250136.969073664717143, 3520521.991666099987924 ], [ 250820.558600805787137, 3521460.054754226002842 ], [ 249775.429350260994397, 3521485.426255451049656 ], [ 250459.226297569664894, 3522423.492685867007822 ], [ 249414.132106945151463, 3522448.908601181581616 ], [ 250098.136491288692923, 3523386.978371556848288 ], [ 249053.077372861589538, 3523412.438699664548039 ], [ 247685.158363798254868, 3521536.488499991595745 ], [ 248730.295943700708449, 3521510.904169645626098 ] ], [ [ 271681.86179300933145, 3523839.508468198124319 ], [ 270636.921287048317026, 3523862.777403595857322 ], [ 269953.491621103545185, 3522923.457592798862606 ], [ 270998.471096590161324, 3522900.126046629156917 ], [ 271681.86179300933145, 3523839.508468198124319 ] ], [ [ 260226.537694096710766, 3521236.499308018013835 ], [ 261271.626337534224149, 3521212.191764283925295 ], [ 262638.527428177942056, 3523089.758075483608991 ], [ 261593.516926493670326, 3523113.940988554153591 ], [ 260226.537694096710766, 3521236.499308018013835 ] ], [ [ 259905.398001069464954, 3519334.889193174894899 ], [ 263040.874439034843817, 3519262.231297540478408 ], [ 263723.787400920118671, 3520201.036335676442832 ], [ 261633.551805123279337, 3520249.244132563471794 ], [ 262316.711015572887845, 3521187.990599371958524 ], [ 261271.626337534224149, 3521212.191764283925295 ], [ 259905.398001069464954, 3519334.889193174894899 ] ], [ [ 255001.03438937588362, 3521359.632815802004188 ], [ 253955.92158961808309, 3521384.57869672589004 ], [ 253272.449581444787327, 3520446.329546830616891 ], [ 254317.601527503458783, 3520421.321592982858419 ], [ 255001.03438937588362, 3521359.632815802004188 ] ], [ [ 235504.22504591132747, 3520887.742616019211709 ], [ 234458.996646786283236, 3520914.665796493180096 ], [ 233774.985977754811756, 3519977.593923719134182 ], [ 234820.253761865722481, 3519950.609196827281266 ], [ 235504.22504591132747, 3520887.742616019211709 ] ], [ [ 235543.495783307473175, 3518022.639237246941775 ], [ 237634.157984526304062, 3517969.168366245925426 ], [ 239001.280989478575066, 3519843.734289131127298 ], [ 237956.030734219093574, 3519870.293422769755125 ], [ 238639.883944247296313, 3520807.611637421417981 ], [ 237594.668677308887709, 3520834.215539828874171 ], [ 235543.495783307473175, 3518022.639237246941775 ] ], [ [ 272084.574105239822529, 3520012.458651828579605 ], [ 269994.400503529934213, 3520058.965094584971666 ], [ 269311.721405865857378, 3519119.785992546472698 ], [ 271401.972856606007554, 3519073.154651523102075 ], [ 272084.574105239822529, 3520012.458651828579605 ] ], [ [ 277672.636537604150362, 3518935.811583974864334 ], [ 276627.535267802188173, 3518958.436387446708977 ], [ 275945.296556384535506, 3518018.88635404733941 ], [ 276990.436662080290262, 3517996.198987105395645 ], [ 277672.636537604150362, 3518935.811583974864334 ] ], [ [ 243906.040364420361584, 3517811.307756293565035 ], [ 242860.737389809888555, 3517837.352043551392853 ], [ 241494.680212504608789, 3515962.428661150392145 ], [ 242540.061668214562815, 3515936.261156239546835 ], [ 243906.040364420361584, 3517811.307756293565035 ] ], [ [ 257494.597545236960286, 3517482.405804448761046 ], [ 256449.348617613810347, 3517507.068205202464014 ], [ 255766.745008027442964, 3516568.770863521378487 ], [ 256812.033003718475811, 3516544.046485763508826 ], [ 257494.597545236960286, 3517482.405804448761046 ] ], [ [ 235947.412811111134943, 3514193.987770017702132 ], [ 236992.890172265295405, 3514167.272385625168681 ], [ 239041.57220591235091, 3516978.81358037982136 ], [ 237996.212715366651537, 3517005.344705685973167 ], [ 235947.412811111134943, 3514193.987770017702132 ] ], [ [ 235627.943435130582657, 3512293.232916067820042 ], [ 236673.494950846477877, 3512266.50114980340004 ], [ 237355.844921044365037, 3513203.550084246788174 ], [ 239446.856289869552711, 3513150.527693693060428 ], [ 240129.296015382336918, 3514087.763581231236458 ], [ 239083.831757005653344, 3514114.160294554661959 ], [ 239766.478978938073851, 3515051.39914759946987 ], [ 238721.049630827066721, 3515077.840666033327579 ], [ 238038.363148430595174, 3514140.663228246383369 ], [ 236992.890172265295405, 3514167.272385625168681 ], [ 235627.943435130582657, 3512293.232916067820042 ] ], [ [ 267264.693120410433039, 3516302.645998705178499 ], [ 266219.44483502546791, 3516326.308005384169519 ], [ 265537.399484385852702, 3515387.455676804296672 ], [ 266582.686702127452008, 3515363.731487455312163 ], [ 267264.693120410433039, 3516302.645998705178499 ] ], [ [ 250902.960387638042448, 3515730.746418781578541 ], [ 248812.260952165990602, 3515781.487597965635359 ], [ 248129.759102316689678, 3514843.691596691962332 ], [ 250220.5368092340359, 3514792.826977929100394 ], [ 250902.960387638042448, 3515730.746418781578541 ] ], [ [ 256129.636665002646623, 3515605.752620047423989 ], [ 254038.97846337032388, 3515655.431443944573402 ], [ 253356.672191857680446, 3514717.326647570822388 ], [ 255447.40853133800556, 3514667.524122464470565 ], [ 256129.636665002646623, 3515605.752620047423989 ] ], [ [ 258220.278616462979699, 3515556.49869458284229 ], [ 257174.959663311077747, 3515581.072546555195004 ], [ 256492.770578574942192, 3514642.78215908491984 ], [ 257538.128567335981643, 3514618.146391024813056 ], [ 258220.278616462979699, 3515556.49869458284229 ] ], [ [ 298984.747913020604756, 3514680.939837064128369 ], [ 296894.395036665955558, 3514721.912905702367425 ], [ 296213.680023207969498, 3513781.251213997136801 ], [ 298304.109958779765293, 3513740.152283389586955 ], [ 298984.747913020604756, 3514680.939837064128369 ] ], [ [ 243948.153178001812194, 3514946.695505326148123 ], [ 242902.741072467179038, 3514972.71205773903057 ], [ 242220.211551135929767, 3514035.288802498020232 ], [ 243265.662863307719817, 3514009.210730520542711 ], [ 243948.153178001812194, 3514946.695505326148123 ] ], [ [ 272172.724010530277155, 3514284.394445231184363 ], [ 271127.421014035295229, 3514307.54379633301869 ], [ 270445.945382746052928, 3513368.450329021550715 ], [ 271491.287226299056783, 3513345.238750881049782 ], [ 272172.724010530277155, 3514284.394445231184363 ] ], [ [ 247447.425479920202633, 3513905.960482575464994 ], [ 246401.991185782040702, 3513931.613745039794594 ], [ 245719.78664294994087, 3512994.009001003578305 ], [ 246765.260087198403198, 3512968.294171095825732 ], [ 247447.425479920202633, 3513905.960482575464994 ] ], [ [ 257901.53968674436328, 3513655.26802261127159 ], [ 256856.146719694457715, 3513679.85948409512639 ], [ 256174.333075798902428, 3512741.637889058329165 ], [ 257219.765059306140756, 3512716.984598521608859 ], [ 257901.53968674436328, 3513655.26802261127159 ] ], [ [ 294487.874497218406759, 3512861.428447504062206 ], [ 293442.612468535429798, 3512882.305940933059901 ], [ 292762.156535953108687, 3511941.904683203436434 ], [ 293807.457120335078798, 3511920.964438661467284 ], [ 294487.874497218406759, 3512861.428447504062206 ] ], [ [ 240492.355446179979481, 3513124.175786570180207 ], [ 239810.12320022151107, 3512186.942867222707719 ], [ 240855.65724213750218, 3512160.635767369531095 ], [ 241537.850273627205752, 3513097.930067150853574 ], [ 240492.355446179979481, 3513124.175786570180207 ] ], [ [ 238764.584815976180835, 3512213.35612870613113 ], [ 237400.546631792851258, 3510339.205629641655833 ], [ 238446.16346353769768, 3510312.669828854966909 ], [ 239810.12320022151107, 3512186.942867222707719 ], [ 238764.584815976180835, 3512213.35612870613113 ] ], [ [ 244674.308956874243449, 3513019.830002325121313 ], [ 242583.340789620211581, 3513071.79053214751184 ], [ 241901.18695914192358, 3512134.434825855307281 ], [ 243992.233488084340934, 3512082.351404741872102 ], [ 244674.308956874243449, 3513019.830002325121313 ] ], [ [ 281993.190914066508412, 3510255.663631359115243 ], [ 283038.600585910258815, 3510233.644076836761087 ], [ 283719.029181445832364, 3511173.410850030370057 ], [ 284764.396575756953098, 3511151.559729962609708 ], [ 285444.954641479649581, 3512091.455657468177378 ], [ 283354.293569226399995, 3512135.138993326108903 ], [ 281993.190914066508412, 3510255.663631359115243 ] ], [ [ 259674.547313960356405, 3511705.257920237258077 ], [ 258993.226046921219677, 3510766.919674238655716 ], [ 256902.226346681738505, 3510815.942822620272636 ], [ 257583.625568371935515, 3511754.157505793031305 ], [ 256538.158634960273048, 3511778.766458247322589 ], [ 255856.72041596355848, 3510840.613517177291214 ], [ 254811.210408274258953, 3510865.390296089462936 ], [ 253448.760582798335236, 3508989.402935690246522 ], [ 252403.168441444257041, 3509014.409011926501989 ], [ 251722.156834803754464, 3508076.574228072073311 ], [ 254859.037918812420685, 3508001.689462416805327 ], [ 254178.311529452301329, 3507063.734957386739552 ], [ 255223.969307408988243, 3507038.923836098052561 ], [ 257266.53618192387512, 3509853.166985600721091 ], [ 259357.605737545556622, 3509804.232488396577537 ], [ 260038.719851304980693, 3510742.567214278504252 ], [ 262129.695455748122185, 3510694.180507579352707 ], [ 262810.899890569620766, 3511632.704294489230961 ], [ 259674.547313960356405, 3511705.257920237258077 ] ], [ [ 250676.521526233496843, 3508101.747836567927152 ], [ 249995.639113947283477, 3507164.039238836150616 ], [ 251041.313448306056671, 3507138.804192763287574 ], [ 251722.156834803754464, 3508076.574228072073311 ], [ 250676.521526233496843, 3508101.747836567927152 ] ], [ [ 252038.791017634212039, 3509977.35919255996123 ], [ 250993.229626660060603, 3510002.515824046451598 ], [ 251674.655749088997254, 3510940.357170037459582 ], [ 250629.129259228386218, 3510965.558317515533417 ], [ 249947.664075625623809, 3510027.778526212554425 ], [ 247856.520423624286195, 3510078.622155249118805 ], [ 247175.145307526254328, 3509141.03002958977595 ], [ 250311.9717256478325, 3509064.739282226189971 ], [ 249630.882048290863167, 3508127.02746027847752 ], [ 250676.521526233496843, 3508101.747836567927152 ], [ 252038.791017634212039, 3509977.35919255996123 ] ], [ [ 250360.638284190208651, 3506201.098821795545518 ], [ 251406.347462781355716, 3506175.908354323357344 ], [ 252086.983617367077386, 3507113.675132591743022 ], [ 251041.313448306056671, 3507138.804192763287574 ], [ 250360.638284190208651, 3506201.098821795545518 ] ], [ [ 253132.649638592585688, 3507088.65205517783761 ], [ 252452.0524801654974, 3506150.823843446094543 ], [ 253497.753353811363922, 3506125.845286019612104 ], [ 254178.311529452301329, 3507063.734957386739552 ], [ 253132.649638592585688, 3507088.65205517783761 ] ], [ [ 247492.52473524629022, 3511041.798372589051723 ], [ 246446.9814843616914, 3511067.423939096275717 ], [ 245765.359922146104509, 3510129.890105127822608 ], [ 246810.942287789308466, 3510104.203088483773172 ], [ 247492.52473524629022, 3511041.798372589051723 ] ], [ [ 289676.377615938545205, 3509142.337950442917645 ], [ 288630.954371554311365, 3509163.678031233604997 ], [ 287271.401197517174296, 3507283.728871057741344 ], [ 288316.901577027922031, 3507262.263904353138059 ], [ 289676.377615938545205, 3509142.337950442917645 ] ], [ [ 267771.548194217029959, 3506749.455430332571268 ], [ 272999.539183810935356, 3506633.346220273058861 ], [ 273679.566105336416513, 3507572.412500063888729 ], [ 269497.336081555404235, 3507664.840208867099136 ], [ 270177.68623931449838, 3508603.724401067011058 ], [ 269132.157941768760793, 3508627.034282360691577 ], [ 267771.548194217029959, 3506749.455430332571268 ] ], [ [ 297360.124516458541621, 3508034.860598831903189 ], [ 296314.690435992495622, 3508055.415732207708061 ], [ 294956.089795781532302, 3506174.600336173083633 ], [ 296001.600796600047033, 3506153.920006563421339 ], [ 297360.124516458541621, 3508034.860598831903189 ] ], [ [ 280059.559562269598246, 3501711.62811136757955 ], [ 283196.77658266632352, 3501645.478776553180069 ], [ 283875.460368383151945, 3502585.021226491313428 ], [ 282829.76358212804189, 3502606.903198031242937 ], [ 283508.654061195906252, 3503546.449789282400161 ], [ 282462.992210305761546, 3503568.375465355813503 ], [ 283142.089399666409008, 3504507.926196000538766 ], [ 284187.712670870590955, 3504486.062655341811478 ], [ 284866.939408774022013, 3505425.741880995221436 ], [ 282775.766412570374086, 3505469.450443776790053 ], [ 283455.23846123018302, 3506409.071643220726401 ], [ 282409.685128688113764, 3506431.022529723588377 ], [ 283089.363922246615402, 3507370.647893050685525 ], [ 279952.797931693668943, 3507436.949348816648126 ], [ 278593.376637943903916, 3505558.138009062968194 ], [ 279638.979598083067685, 3505535.807305860798806 ], [ 280318.567522442433983, 3506475.241997347678989 ], [ 281364.128154915873893, 3506453.079313511494547 ], [ 278646.939849842630792, 3502695.488946016412228 ], [ 280738.359068456338719, 3502650.984494131524116 ], [ 280059.559562269598246, 3501711.62811136757955 ] ], [ [ 237447.21585175144719, 3507475.127855639904737 ], [ 236401.485779390321113, 3507501.741010840050876 ], [ 235720.263072313216981, 3506564.892599537502974 ], [ 236766.032342410646379, 3506538.218402464874089 ], [ 237447.21585175144719, 3507475.127855639904737 ] ], [ [ 295377.889704944856931, 3502351.300471004098654 ], [ 297469.195206397795118, 3502310.180658901110291 ], [ 298147.546986153814942, 3503250.59913109568879 ], [ 299193.156253226217814, 3503230.260321573819965 ], [ 300550.28729826095514, 3505111.423672715201974 ], [ 299504.75480246276129, 3505131.637360692955554 ], [ 300183.610834124032408, 3506072.257288413122296 ], [ 297047.108383364626206, 3506133.345539550762624 ], [ 296368.137102466193028, 3505192.913389848079532 ], [ 297413.679722050612327, 3505172.38221670826897 ], [ 295377.889704944856931, 3502351.300471004098654 ] ], [ [ 298514.842854286602233, 3502289.779373521450907 ], [ 300606.128031961736269, 3502249.294031330384314 ], [ 301284.364708199922461, 3503189.900010694283992 ], [ 299193.156253226217814, 3503230.260321573819965 ], [ 298514.842854286602233, 3502289.779373521450907 ] ], [ [ 257365.973860303289257, 3504126.341977564617991 ], [ 260503.224258488015039, 3504053.261713897343725 ], [ 259823.482049583195476, 3503115.074772472027689 ], [ 261915.039915360714076, 3503066.760889648925513 ], [ 262594.704429517500103, 3504005.070909729693085 ], [ 263640.438539186725393, 3503981.134310054592788 ], [ 262281.355356312356889, 3502104.456229972653091 ], [ 263327.163130749715492, 3502080.502341091167182 ], [ 265365.923746177460998, 3504895.802036504261196 ], [ 263274.537134917685762, 3504943.446075086481869 ], [ 263954.538029275019653, 3505881.886470023542643 ], [ 260817.544912604265846, 3505953.961819611024112 ], [ 260137.427438466605963, 3505015.706341892015189 ], [ 258046.000917119847145, 3505064.409360912628472 ], [ 257365.973860303289257, 3504126.341977564617991 ] ], [ [ 258777.697085902327672, 3503139.390482981689274 ], [ 258098.084212025132729, 3502201.329933406785131 ], [ 257052.256326753005851, 3502225.812911413609982 ], [ 255693.457448495464632, 3500350.008817291352898 ], [ 256739.363080443319632, 3500325.403173594269902 ], [ 256060.254827277181903, 3499387.536795405671 ], [ 257106.195230975310551, 3499362.975648633204401 ], [ 258464.502232328348327, 3501238.895650290418416 ], [ 259510.360868870542618, 3501214.562903599813581 ], [ 260189.727828503993805, 3502152.681446061003953 ], [ 259143.908040104608517, 3502176.952779307030141 ], [ 259823.482049583195476, 3503115.074772472027689 ], [ 258777.697085902327672, 3503139.390482981689274 ] ], [ [ 262647.912635685643181, 3501142.199400904588401 ], [ 263693.755235428339802, 3501118.289802391082048 ], [ 264372.966935553937219, 3502056.654260975774378 ], [ 263327.163130749715492, 3502080.502341091167182 ], [ 262647.912635685643181, 3501142.199400904588401 ] ], [ [ 270228.418043935787864, 3505740.595524833537638 ], [ 268137.14027868991252, 3505787.26886698231101 ], [ 267457.294638204213697, 3504848.581548143643886 ], [ 268502.974233227025252, 3504825.130127896554768 ], [ 267823.335547132126521, 3503886.446524280589074 ], [ 268869.050028917146847, 3503863.03921624366194 ], [ 270228.418043935787864, 3505740.595524833537638 ] ], [ [ 268189.618280294118449, 3502924.359330059494823 ], [ 269235.367636858194601, 3502900.996135171037167 ], [ 269914.760637611499988, 3503839.737757686059922 ], [ 268869.050028917146847, 3503863.03921624366194 ], [ 268189.618280294118449, 3502924.359330059494823 ] ], [ [ 273365.305885746434797, 3505671.379770001862198 ], [ 271274.051147867459804, 3505717.417708339169621 ], [ 270594.321808722917922, 3504778.544920586049557 ], [ 271639.989824171760119, 3504755.411127685103565 ], [ 270960.467390717181843, 3503816.542145689018071 ], [ 274097.56469145603478, 3503747.590360078960657 ], [ 274776.970991192152724, 3504686.644957289565355 ], [ 272685.654014740022831, 3504732.383204756770283 ], [ 273365.305885746434797, 3505671.379770001862198 ] ], [ [ 295689.333912710542791, 3504252.548307236284018 ], [ 294643.74944436061196, 3504273.247796891722828 ], [ 293965.075912174070254, 3503333.012122654356062 ], [ 295010.698816529824398, 3503312.250206597615033 ], [ 295689.333912710542791, 3504252.548307236284018 ] ], [ [ 254594.516617476037936, 3503237.711856902111322 ], [ 255640.317861643707147, 3503212.97272749338299 ], [ 256320.215619828028139, 3504150.913826289121062 ], [ 255274.45329632263747, 3504175.591560552828014 ], [ 254594.516617476037936, 3503237.711856902111322 ] ], [ [ 254960.588314584398177, 3502275.096351428423077 ], [ 256006.424366776715033, 3502250.401716394349933 ], [ 256686.115009434171952, 3503188.339457426220179 ], [ 255640.317861643707147, 3503212.97272749338299 ], [ 254960.588314584398177, 3502275.096351428423077 ] ], [ [ 308413.826421955775004, 3495427.649022934492677 ], [ 306322.08468266640557, 3495466.473450867459178 ], [ 306998.762143296189606, 3496407.233946525026113 ], [ 301769.541603405144997, 3496505.830068357288837 ], [ 302446.578284598421305, 3497446.345760324969888 ], [ 301400.762516761082225, 3497466.319352654274553 ], [ 300046.780694079468958, 3495585.479481562506407 ], [ 299000.885024010320194, 3495605.683205004315823 ], [ 299677.830175247858278, 3496546.007467139046639 ], [ 296540.237723581958562, 3496607.065360284410417 ], [ 297894.862143581267446, 3498487.54077770980075 ], [ 304169.557227384764701, 3498367.122868053149432 ], [ 304846.891792583628558, 3499307.83512546448037 ], [ 303801.155870509915985, 3499327.578256997745484 ], [ 304478.696770301321521, 3500268.295231536962092 ], [ 305524.394424932426773, 3500248.614618543535471 ], [ 306879.903881176374853, 3502130.375651968643069 ], [ 305834.282771201687865, 3502149.931058147456497 ], [ 305156.405738021130674, 3501209.07947022235021 ], [ 302019.407902943436056, 3501268.567791415844113 ], [ 302697.399835588526912, 3502209.231643685139716 ], [ 301651.765596773708239, 3502229.209969449322671 ], [ 300295.873158490983769, 3500348.07443867623806 ], [ 299250.158919557812624, 3500368.283441743813455 ], [ 299928.059434928640258, 3501308.755203364882618 ], [ 297836.697540989611298, 3501349.365463696420193 ], [ 296480.911181098665111, 3499468.738418789114803 ], [ 297526.670534687582403, 3499448.255709352437407 ], [ 296849.067847970989533, 3498507.980128286406398 ], [ 295803.270139379543252, 3498528.525113924406469 ], [ 294448.492344552942086, 3496648.298515456262976 ], [ 293402.6144789623213, 3496669.073468697723001 ], [ 294079.957689101167489, 3497609.091324203647673 ], [ 291988.268280318181496, 3497650.83380096917972 ], [ 291310.848307788954116, 3496710.94013950927183 ], [ 290264.959967075497843, 3496732.031862326432019 ], [ 288910.547561678220518, 3494852.567480381112546 ], [ 291002.474291834514588, 3494810.241683520842344 ], [ 291679.519661020021886, 3495750.064680383075029 ], [ 295863.177653171296697, 3495666.92765719583258 ], [ 295186.285679065738805, 3494726.856511680874974 ], [ 296232.229863222921267, 3494706.274041349999607 ], [ 295555.544300856650807, 3493766.20732185896486 ], [ 296601.523355111363344, 3493745.668301883619279 ], [ 295925.044187513412908, 3492805.60601019859314 ], [ 296971.058100226800889, 3492785.110441366676241 ], [ 296294.785310410894454, 3491845.052579265553504 ], [ 297340.834069952717982, 3491824.600462345406413 ], [ 296664.76764094887767, 3490884.547031620983034 ], [ 294572.590146392351016, 3490925.680593056604266 ], [ 295248.733117128023878, 3491865.61013538017869 ], [ 293156.618358879350126, 3491907.041575512383133 ], [ 293833.006029494979884, 3492846.913555275183171 ], [ 292786.981748978374526, 3492867.725536699406803 ], [ 293463.575846029561944, 3493807.601856485940516 ], [ 290325.597034079721197, 3493870.484934142325073 ], [ 289648.887890174984932, 3492930.7943478776142 ], [ 288602.849539481685497, 3492952.02824935875833 ], [ 287926.270139889908023, 3492012.465543814003468 ], [ 286880.189842624473386, 3492033.866707398090512 ], [ 286203.740182948880829, 3491094.431659298017621 ], [ 288295.973953521344811, 3491051.611327539198101 ], [ 287619.76916558330413, 3490112.118725082837045 ], [ 286573.615708510566037, 3490133.537863424047828 ], [ 284545.89501686533913, 3487315.639408654998988 ], [ 285592.163552114565391, 3487294.035539734642953 ], [ 286267.863962485454977, 3488233.330915157217532 ], [ 287314.090532056754455, 3488211.893918622750789 ], [ 286638.428464835858904, 3487272.536996121983975 ], [ 288730.947493314510211, 3487229.855874048080295 ], [ 288055.530194327235222, 3486290.441521144006401 ], [ 289101.822646107524633, 3486269.197367103304714 ], [ 288426.611768321832642, 3485329.787159364670515 ], [ 285287.608715335605666, 3485394.019959376193583 ], [ 284612.451037841034122, 3484454.859677557833493 ], [ 285658.827317029004917, 3484433.282073054462671 ], [ 283634.47804546559928, 3481616.009291436057538 ], [ 284680.965601948206313, 3481594.352969848085195 ], [ 281984.340354710409883, 3477838.656968501862139 ], [ 280937.69963671232108, 3477860.557782396674156 ], [ 279590.319312324107159, 3475983.221470709424466 ], [ 281683.750145431375131, 3475939.281022460665554 ], [ 280337.195506215561181, 3474061.960026425775141 ], [ 279290.405429836595431, 3474083.99948992067948 ], [ 278617.342079306195956, 3473145.496766174677759 ], [ 280710.994997247180436, 3473101.401185590773821 ], [ 282057.136844859807752, 3474978.714516648091376 ], [ 284150.621935435454361, 3474935.282117347232997 ], [ 283477.543391855782829, 3473996.471292689442635 ], [ 284524.318631842441391, 3473974.851591210346669 ], [ 285197.358967928797938, 3474913.72336327470839 ], [ 287290.822096178773791, 3474870.920732739847153 ], [ 287963.954187173338141, 3475809.979528562631458 ], [ 291104.007329939864576, 3475746.746063799131662 ], [ 290430.989713315968402, 3474807.503940700087696 ], [ 292524.416948606725782, 3474765.750817515421659 ], [ 293870.467792578332592, 3476644.545177401509136 ], [ 292823.832188222266268, 3476665.246833961457014 ], [ 293497.147901366639417, 3477604.680915770120919 ], [ 294543.745380523032509, 3477584.040559676010162 ], [ 295217.191075876820832, 3478523.601521405857056 ], [ 293124.06888176233042, 3478564.8645706968382 ], [ 295145.643435654405039, 3481383.573036077432334 ], [ 294099.191564625012688, 3481404.177891635335982 ], [ 294773.424127856036648, 3482343.817344228271395 ], [ 293727.006948274851311, 3482364.465833257418126 ], [ 294401.445799802429974, 3483304.109557814430445 ], [ 293355.063323261099868, 3483324.801679777447134 ], [ 294704.521743229532149, 3485204.163553531747311 ], [ 293658.212197273387574, 3485224.83769116923213 ], [ 294333.231783463270403, 3486164.555866094306111 ], [ 295379.503110284742434, 3486143.943401343654841 ], [ 296054.652578810462728, 3487083.789301714859903 ], [ 297100.882237345678732, 3487063.343864983413368 ], [ 295750.827817152894568, 3485183.594661806710064 ], [ 297843.429619595175609, 3485142.772605784237385 ], [ 296494.200329250190407, 3483263.040882282890379 ], [ 297540.572417542105541, 3483242.664323557168245 ], [ 298215.064853734686039, 3484182.558825268410146 ], [ 299261.395367077144329, 3484162.349142240826041 ], [ 300610.808212819974869, 3486042.460112555883825 ], [ 298518.296407452085987, 3486082.737631307449192 ], [ 300543.905312406364828, 3488903.030371664091945 ], [ 302636.188115940545686, 3488863.124281152617186 ], [ 303311.650909684598446, 3489803.478731040842831 ], [ 304357.749151080031879, 3489783.745753162540495 ], [ 305033.341863173991442, 3490724.228987250477076 ], [ 303987.281779007520527, 3490743.899851672817022 ], [ 306015.182815764041152, 3493565.564082877710462 ], [ 309153.009864081686828, 3493507.42793232947588 ], [ 309829.198538944532629, 3494448.303678054362535 ], [ 307737.393385354196653, 3494486.830884924158454 ], [ 308413.826421955775004, 3495427.649022934492677 ] ], [ [ 286617.858135657035746, 3473931.926986574660987 ], [ 288711.383123140782118, 3473889.42209506733343 ], [ 289384.270760604413226, 3474828.537921101320535 ], [ 287290.822096178773791, 3474870.920732739847153 ], [ 286617.858135657035746, 3473931.926986574660987 ] ], [ [ 291851.643697433639318, 3473826.451673223637044 ], [ 292898.390118144161534, 3473805.671366151422262 ], [ 293571.125266731367446, 3474745.031669482588768 ], [ 292524.416948606725782, 3474765.750817515421659 ], [ 291851.643697433639318, 3473826.451673223637044 ] ], [ [ 298586.941078469040804, 3483222.39294744329527 ], [ 299633.306329730432481, 3483202.226751395035535 ], [ 300307.722483764635399, 3484142.244665812700987 ], [ 299261.395367077144329, 3484162.349142240826041 ], [ 298586.941078469040804, 3483222.39294744329527 ] ], [ [ 303682.324511317012366, 3488843.329246152192354 ], [ 304728.457592622376978, 3488823.639548007398844 ], [ 305403.844091362552717, 3489764.118138710968196 ], [ 304357.749151080031879, 3489783.745753162540495 ], [ 303682.324511317012366, 3488843.329246152192354 ] ], [ [ 310016.747850636485964, 3502072.343766141682863 ], [ 307925.521752729313448, 3502110.925969528499991 ], [ 307247.72125455114292, 3501169.949091604910791 ], [ 309339.023835834406782, 3501131.241491827182472 ], [ 310016.747850636485964, 3502072.343766141682863 ] ], [ [ 270335.771045260829851, 3500015.153906790539622 ], [ 272427.467313190223649, 3499969.009401684161276 ], [ 273106.162293180008419, 3500907.863139091525227 ], [ 272060.354751135339029, 3500930.820828172843903 ], [ 272739.256569094723091, 3501869.678379978053272 ], [ 271693.483890796895139, 3501892.680096390191466 ], [ 270335.771045260829851, 3500015.153906790539622 ] ], [ [ 262335.836405154666863, 3499241.755986826494336 ], [ 263381.752593906130642, 3499217.829247606452554 ], [ 264060.589137561095413, 3500156.125098421704024 ], [ 263014.711724530323409, 3500179.990405702032149 ], [ 262335.836405154666863, 3499241.755986826494336 ] ], [ [ 262024.584081437351415, 3497341.432312383782119 ], [ 263070.573811713489704, 3497317.488549747969955 ], [ 262392.280601023114286, 3496379.326008200645447 ], [ 265530.342142141424119, 3496307.944694070145488 ], [ 264852.333298158075195, 3495369.663050639908761 ], [ 265898.384597726690117, 3495346.0192118040286 ], [ 265220.582636327948421, 3494407.741126226261258 ], [ 262082.300724860368064, 3494479.173233482986689 ], [ 262760.218809417681769, 3495417.267552432138473 ], [ 261714.155585096246796, 3495441.228221355937421 ], [ 261036.198766224755673, 3494503.195105441845953 ], [ 259990.092784205917269, 3494527.32256717979908 ], [ 259312.265420004492626, 3493589.415159081108868 ], [ 258266.11663900851272, 3493613.709307981655002 ], [ 257588.418724306393415, 3492675.927385471295565 ], [ 258634.606260371860117, 3492651.572198393289 ], [ 257957.115307595377089, 3491713.793601585552096 ], [ 260049.555658683006186, 3491665.277802751865238 ], [ 260726.96914720456698, 3492603.178442262113094 ], [ 261773.14453318057349, 3492579.139867138117552 ], [ 261095.769756793073611, 3491641.178166930098087 ], [ 264234.387952735181898, 3491569.512277598492801 ], [ 264911.646672583767213, 3492507.657317384611815 ], [ 265957.806104891642462, 3492484.040849376935512 ], [ 266635.19435194239486, 3493422.311811987776309 ], [ 265589.073581539909355, 3493445.867058090399951 ], [ 266266.668677290319465, 3494384.141583394259214 ], [ 267312.750782800547313, 3494360.647615412250161 ], [ 267990.475395163986832, 3495299.048343424685299 ], [ 269036.514928183984011, 3495275.721307992003858 ], [ 269714.369062105193734, 3496214.248461352661252 ], [ 270760.366063712746836, 3496191.088464404456317 ], [ 271438.349724096537102, 3497129.742265921551734 ], [ 270392.391369890770875, 3497152.84076335420832 ], [ 271070.581849215901457, 3498091.498298008460552 ], [ 268978.730882131145336, 3498137.889206669293344 ], [ 268300.463062271825038, 3497199.354704758618027 ], [ 265162.541339424729813, 3497269.918027041014284 ], [ 266519.477383717196062, 3499146.683362127281725 ], [ 265473.573065645119641, 3499170.292938235681504 ], [ 266152.332097712322138, 3500108.711731710936874 ], [ 265106.462589445174672, 3500132.365541416686028 ], [ 264427.664808223373257, 3499194.008232404012233 ], [ 263381.752593906130642, 3499217.829247606452554 ], [ 262024.584081437351415, 3497341.432312383782119 ] ], [ [ 260668.088350704085315, 3495465.294506300706416 ], [ 259622.017088662134483, 3495489.4664102839306 ], [ 258943.982761218445376, 3494551.555621723644435 ], [ 259990.092784205917269, 3494527.32256717979908 ], [ 260668.088350704085315, 3495465.294506300706416 ] ], [ [ 260300.219619063544087, 3496427.441757312975824 ], [ 259254.183089016703889, 3496451.658102806657553 ], [ 259932.592600247939117, 3497389.6368552246131 ], [ 258886.590814215538558, 3497413.897641474381089 ], [ 257529.862411339126993, 3495538.127087504602969 ], [ 259622.017088662134483, 3495489.4664102839306 ], [ 260300.219619063544087, 3496427.441757312975824 ] ], [ [ 268358.828970448463224, 3494337.259219331666827 ], [ 269404.903257816797122, 3494313.976392220240086 ], [ 270082.550574179389514, 3495252.499867826700211 ], [ 269036.514928183984011, 3495275.721307992003858 ], [ 268358.828970448463224, 3494337.259219331666827 ] ], [ [ 269289.917136134812608, 3500038.384756810963154 ], [ 268244.059353525517508, 3500061.721342352218926 ], [ 267565.37777997890953, 3499123.179501120466739 ], [ 268611.274271969799884, 3499099.781352270860225 ], [ 269289.917136134812608, 3500038.384756810963154 ] ], [ [ 272794.821548102423549, 3499007.245819981675595 ], [ 273840.698781888640951, 3498984.37618819065392 ], [ 274519.148297580657527, 3499923.287803904153407 ], [ 273473.309707059175707, 3499946.095740815624595 ], [ 272794.821548102423549, 3499007.245819981675595 ] ], [ [ 273162.417427020729519, 3498045.530086114536971 ], [ 274208.329488823423162, 3498022.704484244808555 ], [ 273530.254921108542476, 3497083.862203116063029 ], [ 277714.019761267001741, 3496993.369725508615375 ], [ 279070.028316538664512, 3498871.613393787760288 ], [ 273840.698781888640951, 3498984.37618819065392 ], [ 273162.417427020729519, 3498045.530086114536971 ] ], [ [ 285095.56149538239697, 3493977.400308025535196 ], [ 287187.586444237851538, 3493934.317605815827847 ], [ 287864.578875916951802, 3494873.888690798543394 ], [ 286818.606619592639618, 3494895.315446100197732 ], [ 287495.805592764983885, 3495834.890717867296189 ], [ 288541.739428479631897, 3495813.525854159146547 ], [ 289219.06809951888863, 3496753.229180273599923 ], [ 287127.273713625909295, 3496795.940612191800028 ], [ 287804.847367611946538, 3497735.586203186307102 ], [ 286758.983267198374961, 3497757.038371021393687 ], [ 287436.763497342471965, 3498696.688172962982208 ], [ 286390.934282200527377, 3498718.183991594705731 ], [ 287068.921105453162454, 3499657.83800258114934 ], [ 286023.126787346496712, 3499679.377471137326211 ], [ 283312.034323606872931, 3495921.40593978529796 ], [ 282266.082436866709031, 3495943.298700593877584 ], [ 282943.641846866696142, 3496882.630735361482948 ], [ 281897.724799594492652, 3496904.567294342909008 ], [ 282575.490849914494902, 3497843.903392139822245 ], [ 281529.608653905452229, 3497865.883748471271247 ], [ 282885.722205376718193, 3499744.630030889529735 ], [ 280794.10095232387539, 3499788.660226412583143 ], [ 278082.238084930228069, 3496031.925647477153689 ], [ 280174.167657040525228, 3495987.400987769942731 ], [ 278819.399233720265329, 3494109.181074475403875 ], [ 279865.435485686291941, 3494086.953778662253171 ], [ 280542.697115111746825, 3495026.092571844346821 ], [ 285772.630775119410828, 3494916.847748972475529 ], [ 285095.56149538239697, 3493977.400308025535196 ] ], [ [ 316718.595852239988744, 3498137.69320743298158 ], [ 315672.85998909274349, 3498156.231552007608116 ], [ 314319.535069618024863, 3496273.632595101837069 ], [ 315365.347141791018657, 3496254.968857414089143 ], [ 316718.595852239988744, 3498137.69320743298158 ] ], [ [ 326499.459993500262499, 3497016.091998172923923 ], [ 325453.716157162794843, 3497033.637550291139632 ], [ 324777.518166853988077, 3496091.744032113812864 ], [ 325823.29997797566466, 3496074.135544734075665 ], [ 326499.459993500262499, 3497016.091998172923923 ] ], [ [ 257840.584974484867416, 3497438.264108326286077 ], [ 256794.575063493364723, 3497462.736258836928755 ], [ 256116.04913180420408, 3496524.941059513483196 ], [ 257162.097862953669392, 3496500.40775085054338 ], [ 257840.584974484867416, 3497438.264108326286077 ] ], [ [ 329330.557847590884194, 3495062.616689206566662 ], [ 330376.363094851956703, 3495045.472730964422226 ], [ 329700.728733307332732, 3494103.338129899464548 ], [ 330746.569017759989947, 3494086.236664091236889 ], [ 332097.929941339360084, 3495970.700310362037271 ], [ 330006.398103697574697, 3496004.756700115744025 ], [ 329330.557847590884194, 3495062.616689206566662 ] ], [ [ 238332.578737941425061, 3496958.175928561482579 ], [ 237286.453480465861503, 3496984.611610174179077 ], [ 236607.394757955276873, 3496047.976190721150488 ], [ 237653.55907448194921, 3496021.479877506848425 ], [ 238332.578737941425061, 3496958.175928561482579 ] ], [ [ 274266.654639462474734, 3495160.670001801569015 ], [ 272174.610275397601072, 3495206.373761663679034 ], [ 270819.638298209931236, 3493329.146254417486489 ], [ 273957.930658509256318, 3493260.380202815402299 ], [ 275990.29357994988095, 3496076.872702043969184 ], [ 274944.31568370689638, 3496099.504634433891624 ], [ 274266.654639462474734, 3495160.670001801569015 ] ], [ [ 254449.831534288969124, 3492749.626219457946718 ], [ 253403.627551665471401, 3492774.403598644305021 ], [ 254081.480620181682752, 3493711.941630513872951 ], [ 253035.311303798138397, 3493736.76365828095004 ], [ 254391.59974859765498, 3495611.910322333220392 ], [ 252299.404003895790083, 3495661.627327534370124 ], [ 250942.960173866333207, 3493786.724472123663872 ], [ 251989.137827555387048, 3493761.691271108109504 ], [ 249955.850334499933524, 3490949.634369447361678 ], [ 254140.985098260571249, 3490849.827046226710081 ], [ 254818.424129617109429, 3491787.358663559425622 ], [ 253772.18549281777814, 3491812.091393503826112 ], [ 254449.831534288969124, 3492749.626219457946718 ] ], [ [ 325517.338749310467392, 3494172.798497657291591 ], [ 324471.483953802729957, 3494190.427226611878723 ], [ 323795.827950280799996, 3493248.675191410817206 ], [ 324841.720697608892806, 3493230.983670159243047 ], [ 325517.338749310467392, 3494172.798497657291591 ] ], [ [ 326628.876752412645146, 3491294.739449703600258 ], [ 325953.876473818090744, 3490352.940414803102612 ], [ 324907.878804064588621, 3490370.503930339124054 ], [ 324233.008628794341348, 3489428.835481789428741 ], [ 321094.884052999026608, 3489482.345890351105481 ], [ 321769.868004694581032, 3490423.826559664215893 ], [ 320723.858416106901132, 3490441.811471106950194 ], [ 321399.048339037806727, 3491383.297258324921131 ], [ 319307.096020249649882, 3491419.458035138901323 ], [ 320658.131831295555457, 3493302.38235897058621 ], [ 319612.227107295941096, 3493320.495623574126512 ], [ 318261.115300360601395, 3491437.696501139551401 ], [ 317215.131516647641547, 3491456.040355248376727 ], [ 316539.789647714816965, 3490514.804685463197529 ], [ 314447.736768313101493, 3490551.933465874753892 ], [ 313772.48688957025297, 3489610.890013764612377 ], [ 314818.552913345454726, 3489592.210560942534357 ], [ 314143.509102147305384, 3488651.172019956633449 ], [ 315189.610013079596683, 3488632.535556683316827 ], [ 314514.772252425085753, 3487691.501928281039 ], [ 315560.90803908900125, 3487672.908455277327448 ], [ 314886.27631196915172, 3486731.879740927834064 ], [ 315932.446962957503274, 3486713.329258895944804 ], [ 317281.802492586546578, 3488595.5785590428859 ], [ 319373.982633255422115, 3488559.042784512974322 ], [ 318699.296778416493908, 3487617.759715535212308 ], [ 320791.540597279788926, 3487581.520265399478376 ], [ 321466.150576242362149, 3488522.928214760962874 ], [ 323558.306462707172614, 3488487.23483166564256 ], [ 322209.406168317073025, 3486604.23658732092008 ], [ 324301.701679510530084, 3486568.714297593571246 ], [ 323627.579316192830447, 3485627.191665309946984 ], [ 324673.760470031353179, 3485609.525898627471179 ], [ 323999.843976696953177, 3484668.008420433383435 ], [ 326092.273085685505066, 3484632.867584685795009 ], [ 326766.113902685523499, 3485574.509979102294892 ], [ 327812.286216845619492, 3485557.159821865148842 ], [ 328486.257213865348604, 3486498.932512049097568 ], [ 326393.98531425598776, 3486533.612945041619241 ], [ 327068.19997215049807, 3487475.328322343528271 ], [ 326022.097481863864232, 3487492.763825098052621 ], [ 328045.863024038495496, 3490318.129411853384227 ], [ 326999.871207933290862, 3490335.482242703903466 ], [ 327674.833595994568896, 3491277.344007343053818 ], [ 326628.876752412645146, 3491294.739449703600258 ] ], [ [ 329532.388807157869451, 3486481.750134938862175 ], [ 328858.455619795597158, 3485539.914863403886557 ], [ 333043.104472945793532, 3485471.986974238418043 ], [ 333716.886549089162145, 3486414.072838930413127 ], [ 330578.517519661400001, 3486464.672981208655983 ], [ 331252.580899704014882, 3487406.638855992816389 ], [ 332298.668961476883851, 3487389.729614799842238 ], [ 332972.862537458655424, 3488331.826317362952977 ], [ 331926.812266740831546, 3488348.672810822259635 ], [ 332601.211618179106154, 3489290.774930677842349 ], [ 330509.178173273801804, 3489324.658216116484255 ], [ 329834.703194661822636, 3488382.681624275632203 ], [ 328788.644358008401468, 3488399.843948534689844 ], [ 328114.299541422398761, 3487457.998076223768294 ], [ 329160.396207333018538, 3487440.773084564134479 ], [ 328486.257213865348604, 3486498.932512049097568 ], [ 329532.388807157869451, 3486481.750134938862175 ] ], [ [ 282695.832554968481418, 3492120.526017508935183 ], [ 283741.927326891338453, 3492098.702986193355173 ], [ 284418.660345182055607, 3493038.018748494796455 ], [ 283372.604010718758218, 3493059.780110060703009 ], [ 282695.832554968481418, 3492120.526017508935183 ] ], [ [ 283065.362442902289331, 3491159.452937014400959 ], [ 282019.229236626531929, 3491181.337581803556532 ], [ 280666.527021652786061, 3489303.157344951760024 ], [ 281712.737087334389798, 3489281.149641948286444 ], [ 281036.676620510988869, 3488342.096228200476617 ], [ 279990.428129771957174, 3488364.165375992655754 ], [ 279314.497384777874686, 3487425.238728256896138 ], [ 280360.784297490376048, 3487403.108191854786128 ], [ 279685.060120645910501, 3486464.185449161101133 ], [ 280731.381728276202921, 3486442.098892918787897 ], [ 283435.133661771309562, 3490198.427733100019395 ], [ 284481.297974231652915, 3490176.692364725284278 ], [ 285157.617898443364538, 3491115.999978487379849 ], [ 284111.491990969167091, 3491137.673736819531769 ], [ 284788.018453733006027, 3492076.985425882972777 ], [ 283741.927326891338453, 3492098.702986193355173 ], [ 283065.362442902289331, 3491159.452937014400959 ] ], [ [ 331858.632093986845575, 3491208.815896284766495 ], [ 332904.574587505194359, 3491191.947272378019989 ], [ 333579.515694141271524, 3492134.191451038233936 ], [ 330441.793220666935667, 3492184.924723175354302 ], [ 329766.738585017737933, 3491242.869224451482296 ], [ 330812.686765698599629, 3491225.789879600517452 ], [ 330137.837972731795162, 3490283.739765203092247 ], [ 331183.82114058022853, 3490266.70294509222731 ], [ 331858.632093986845575, 3491208.815896284766495 ] ], [ [ 332229.801460932474583, 3490249.771457604598254 ], [ 333275.778951422660612, 3490232.945300614461303 ], [ 333950.514263871940784, 3491175.18400576338172 ], [ 332904.574587505194359, 3491191.947272378019989 ], [ 332229.801460932474583, 3490249.771457604598254 ] ], [ [ 276419.186390663962811, 3492253.679250724613667 ], [ 274326.941043661325239, 3492298.907555472571403 ], [ 273650.029776744777337, 3491360.211077709682286 ], [ 275742.352189974393696, 3491314.859941671136767 ], [ 276419.186390663962811, 3492253.679250724613667 ] ], [ [ 267742.220657641533762, 3490537.109670981764793 ], [ 268788.441626657615416, 3490513.792777157854289 ], [ 269465.339008176291827, 3491452.179010134190321 ], [ 268419.156642004498281, 3491475.434689285699278 ], [ 267742.220657641533762, 3490537.109670981764793 ] ], [ [ 267435.151402224146295, 3488637.21467125415802 ], [ 269527.735970241192263, 3488590.652566196862608 ], [ 270880.871880874270573, 3490467.475351640023291 ], [ 268788.441626657615416, 3490513.792777157854289 ], [ 267435.151402224146295, 3488637.21467125415802 ] ], [ [ 309588.191194033599459, 3489686.661266119685024 ], [ 308542.109281868557446, 3489705.867451355792582 ], [ 309217.549494458129629, 3490646.599405114538968 ], [ 307125.452184643014334, 3490685.203425960149616 ], [ 305099.407075118273497, 3487863.581238587852567 ], [ 306145.571693073608913, 3487844.040126221720129 ], [ 306820.713883589662146, 3488784.576152414083481 ], [ 307866.837128533341456, 3488765.202450065407902 ], [ 307191.733036942547187, 3487824.604316748678684 ], [ 309284.045973038766533, 3487786.04859674256295 ], [ 307934.494283481442835, 3485904.804346141871065 ], [ 308980.722021460649557, 3485885.560225824825466 ], [ 308306.236319704214111, 3484944.976215811446309 ], [ 309352.498865753354039, 3484925.775290825869888 ], [ 310026.946530136279762, 3485866.421345496550202 ], [ 311073.16782717325259, 3485847.387702754233032 ], [ 311747.74551987007726, 3486788.16272498248145 ], [ 310701.562250587157905, 3486807.13424016861245 ], [ 311376.346024615340866, 3487747.914059218484908 ], [ 310330.197600564453751, 3487766.928681371733546 ], [ 311005.187472922087181, 3488707.713295685127378 ], [ 308912.957129976828583, 3488745.934074770659208 ], [ 309588.191194033599459, 3489686.661266119685024 ] ], [ [ 310398.758187247498427, 3484906.679576810915023 ], [ 311445.01430187060032, 3484887.689071369823068 ], [ 310096.775203541037627, 3483006.34914407460019 ], [ 311143.104116355651058, 3482987.339764554053545 ], [ 310469.274640139541589, 3482046.707936817780137 ], [ 311515.638331470603589, 3482027.741725439205766 ], [ 313537.516981213586405, 3484850.023676687385887 ], [ 312491.267227299395017, 3484868.803772118408233 ], [ 313165.600857022334822, 3485809.636120486538857 ], [ 311073.16782717325259, 3485847.387702754233032 ], [ 310398.758187247498427, 3484906.679576810915023 ] ], [ [ 310842.014883956406265, 3481087.114643282722682 ], [ 311888.413342383690178, 3481068.191600618883967 ], [ 312561.998830275377259, 3482008.880635611247271 ], [ 311515.638331470603589, 3482027.741725439205766 ], [ 310842.014883956406265, 3481087.114643282722682 ] ], [ [ 264797.057992451475002, 3482023.80836975434795 ], [ 265843.614245281089097, 3482000.258714980445802 ], [ 267194.318516272935085, 3483876.299416440539062 ], [ 268240.793753645848483, 3483852.976657548453659 ], [ 267565.396049744682387, 3482914.863277771510184 ], [ 268611.905876882141456, 3482891.584880700334907 ], [ 269287.265068314329255, 3483829.759157903958112 ], [ 272426.655652962741442, 3483760.738185363821685 ], [ 273777.647630470688455, 3485637.646560698281974 ], [ 271684.878390941361431, 3485683.311100888997316 ], [ 272360.703607031551655, 3486621.740252920426428 ], [ 266082.533911379403435, 3486760.895155231934041 ], [ 266758.758563942741603, 3487699.02263123774901 ], [ 265712.421804401441477, 3487722.522832196205854 ], [ 266388.853236527880654, 3488660.65382595686242 ], [ 265342.551126182661392, 3488684.198386028874665 ], [ 266019.189354813075624, 3489622.33289504237473 ], [ 263926.65048970351927, 3489669.616169766057283 ], [ 263249.935000975790899, 3488731.603734107688069 ], [ 262203.620950835058466, 3488755.464528065640479 ], [ 261527.035010409745155, 3487817.577456619590521 ], [ 262573.387707580986898, 3487793.655721472110599 ], [ 261897.008611819037469, 3486855.772048512008041 ], [ 263989.779239361523651, 3486808.122890292201191 ], [ 261961.882869816472521, 3483994.492202586960047 ], [ 260915.383724802377401, 3484018.446578934323043 ], [ 259564.216604191489751, 3482143.134891763329506 ], [ 260610.792957404599292, 3482119.059144305065274 ], [ 261286.253812017996097, 3483056.743655474856496 ], [ 263379.317204446939286, 3483009.029225024860352 ], [ 264054.869091063097585, 3483946.899277956224978 ], [ 265101.356202669267077, 3483923.260723695158958 ], [ 264425.842881673597731, 3482985.329878465738147 ], [ 265472.364569834899157, 3482961.735773710533977 ], [ 264797.057992451475002, 3482023.80836975434795 ] ], [ [ 261591.219592029112391, 3484956.198475501965731 ], [ 260544.755022377648856, 3484980.197388598229736 ], [ 259868.8805332838092, 3484042.506235308945179 ], [ 260915.383724802377401, 3484018.446578934323043 ], [ 261591.219592029112391, 3484956.198475501965731 ] ], [ [ 259935.50030827181763, 3481181.438586111180484 ], [ 260982.111192328535253, 3481157.407435315661132 ], [ 261657.365255136013729, 3482095.088621379807591 ], [ 260610.792957404599292, 3482119.059144305065274 ], [ 259935.50030827181763, 3481181.438586111180484 ] ], [ [ 279620.31325384892989, 3489325.270442502573133 ], [ 278574.095766277285293, 3489347.488937376532704 ], [ 277897.919984783802647, 3488408.619778838008642 ], [ 278944.175923742935993, 3488386.339891943149269 ], [ 279620.31325384892989, 3489325.270442502573133 ] ], [ [ 252849.243322581518441, 3486113.249876546207815 ], [ 253895.702062243421096, 3486088.468993274029344 ], [ 255248.833610539004439, 3487963.321184960659593 ], [ 254202.452343035751255, 3487987.980721053201705 ], [ 252849.243322581518441, 3486113.249876546207815 ] ], [ [ 253219.388621091988171, 3485151.138610653113574 ], [ 254265.881917899125256, 3485126.402468540240079 ], [ 254942.156640723056626, 3486063.79346693912521 ], [ 253895.702062243421096, 3486088.468993274029344 ], [ 253219.388621091988171, 3485151.138610653113574 ] ], [ [ 318024.778951347689144, 3486676.544049825519323 ], [ 316978.61450353031978, 3486694.884029300417751 ], [ 316304.226756286574528, 3485753.797969690989703 ], [ 317350.429154589306563, 3485735.395702766254544 ], [ 318024.778951347689144, 3486676.544049825519323 ] ], [ [ 281102.220393400406465, 3485481.137482 ], [ 280055.864102607010864, 3485503.180057494435459 ], [ 279380.514624759205617, 3484564.326404549181461 ], [ 280426.90930193423992, 3484542.222556080669165 ], [ 281102.220393400406465, 3485481.137482 ] ], [ [ 304121.153536410769448, 3485022.83207385474816 ], [ 303074.874602422933094, 3485042.559090107213706 ], [ 302400.366597906628158, 3484102.351322668604553 ], [ 301354.046221475931816, 3484122.245393457822502 ], [ 300679.668189015821554, 3483182.165732881054282 ], [ 301726.026674025401007, 3483162.209889383520931 ], [ 301051.854833239747677, 3482222.134706233628094 ], [ 302098.248054019990377, 3482202.222292162012309 ], [ 304121.153536410769448, 3485022.83207385474816 ] ], [ [ 281541.49191694392357, 3481659.637421379331499 ], [ 282891.043240947183222, 3483537.508945479989052 ], [ 281844.621311802824493, 3483559.358335414901376 ], [ 282519.687529080663808, 3484498.330619253683835 ], [ 281473.300264146877453, 3484520.223961901850998 ], [ 279448.490982954797801, 3481703.686218634713441 ], [ 281541.49191694392357, 3481659.637421379331499 ] ], [ [ 276308.961511819798034, 3481770.548214192502201 ], [ 275634.24626165634254, 3480832.015478644520044 ], [ 277727.346430795965716, 3480787.213567746803164 ], [ 277052.876098520937376, 3479848.623582467902452 ], [ 276006.289535659947433, 3479871.032954869791865 ], [ 275331.948994387465063, 3478932.568644519429654 ], [ 277425.195061870967038, 3478887.733122223988175 ], [ 276751.099401457293425, 3477949.211622936651111 ], [ 277797.755100249545649, 3477926.890569499693811 ], [ 277123.865935791400261, 3476988.372820458840579 ], [ 278170.55618494056398, 3476966.095927112735808 ], [ 279518.426023937412538, 3478843.317972864024341 ], [ 278471.812422213726677, 3478865.473002327606082 ], [ 279146.037899319082499, 3479804.120202073827386 ], [ 278099.458880497142673, 3479826.319332471117377 ], [ 279448.490982954797801, 3481703.686218634713441 ], [ 276308.961511819798034, 3481770.548214192502201 ] ], [ [ 277496.873499448993243, 3476027.581930745393038 ], [ 278543.598287237051409, 3476005.349197864998132 ], [ 279217.24266683019232, 3476943.924068656284362 ], [ 278170.55618494056398, 3476966.095927112735808 ], [ 277496.873499448993243, 3476027.581930745393038 ] ], [ [ 270704.913794004591182, 3482845.343773736152798 ], [ 269658.411785736621823, 3482868.411713659297675 ], [ 268983.259272789466195, 3481930.24099654564634 ], [ 270029.799763986491598, 3481907.112162592355162 ], [ 270704.913794004591182, 3482845.343773736152798 ] ], [ [ 273238.687679615104571, 3478977.824562283232808 ], [ 272192.051260162261315, 3479000.610176565591246 ], [ 272866.506984536943492, 3479938.891834712587297 ], [ 271819.905120899202302, 3479961.721725012175739 ], [ 272494.567440291633829, 3480900.007010098081082 ], [ 274587.69048127043061, 3480854.574164281133562 ], [ 275262.444131902710069, 3481793.045903809834272 ], [ 272122.869075648486614, 3481861.170085517689586 ], [ 272797.906179569894448, 3482799.523563674185425 ], [ 271751.411919382517226, 3482822.381058035884053 ], [ 270401.428974256035872, 3480945.86050768988207 ], [ 271448.000144262914546, 3480922.881175987422466 ], [ 270098.766808452026453, 3479046.496730249840766 ], [ 271145.41097568400437, 3479023.500898263417184 ], [ 270471.085006986162625, 3478085.344446810428053 ], [ 272564.438533278240357, 3478039.54653357481584 ], [ 273238.687679615104571, 3478977.824562283232808 ] ], [ [ 312261.429120676009916, 3480108.689392284024507 ], [ 311214.995906554686371, 3480127.569265687838197 ], [ 310541.746525298804045, 3479187.013546747621149 ], [ 311588.217679520254023, 3479168.071806226857007 ], [ 312261.429120676009916, 3480108.689392284024507 ] ], [ [ 260307.025334339763504, 3480219.790175250265747 ], [ 259260.375866906775627, 3480243.881897998508066 ], [ 258585.419635603582719, 3479306.388997145462781 ], [ 259632.107683459093096, 3479282.23675834108144 ], [ 260307.025334339763504, 3480219.790175250265747 ] ], [ [ 300076.855312468134798, 3479382.208512031473219 ], [ 297983.836946976894978, 3479422.508191319182515 ], [ 297310.299370669992641, 3478482.758662044070661 ], [ 296263.746951818815432, 3478503.127569271717221 ], [ 294917.099895987194031, 3476623.948515322990716 ], [ 295963.728516208124347, 3476603.456845135428011 ], [ 295290.695242932823021, 3475663.904390445910394 ], [ 297384.01825747534167, 3475623.113340998534113 ], [ 300076.855312468134798, 3479382.208512031473219 ] ], [ [ 314054.682383847073652, 3478171.140206028707325 ], [ 313008.182865760405548, 3478189.828733788337559 ], [ 312335.383362891268916, 3477249.220650466158986 ], [ 314428.455020211054944, 3477211.824901993852109 ], [ 315774.070515680883545, 3479093.355189656838775 ], [ 314727.612038282386493, 3479111.876796677242965 ], [ 314054.682383847073652, 3478171.140206028707325 ] ], [ [ 322800.617044250480831, 3477066.44069187855348 ], [ 323847.123572088952642, 3477048.739991062320769 ], [ 324519.506940284045413, 3477990.029723607003689 ], [ 323473.038178661139682, 3478007.668322832789272 ], [ 322800.617044250480831, 3477066.44069187855348 ] ], [ [ 323174.908219201373868, 3476107.517408507876098 ], [ 324221.449506196309812, 3476089.859589260537177 ], [ 323549.439917793264613, 3475148.642056568525732 ], [ 324596.015952696558088, 3475131.027119362726808 ], [ 325940.127672940725461, 3477013.653448384255171 ], [ 323847.123572088952642, 3477048.739991062320769 ], [ 323174.908219201373868, 3476107.517408507876098 ] ], [ [ 321081.816616429190617, 3476143.147830231580883 ], [ 321754.107507799344603, 3477084.246348639018834 ], [ 317568.03892080031801, 3477156.51858007023111 ], [ 316223.322714082780294, 3475274.883888139389455 ], [ 318316.51440703618573, 3475238.290258139371872 ], [ 317644.483991078624967, 3474297.44929582066834 ], [ 319737.738910078653134, 3474261.151570234913379 ], [ 319065.952100179973058, 3473320.253660717979074 ], [ 322205.924794622871559, 3473266.40802100347355 ], [ 322877.598346419981681, 3474207.491561816073954 ], [ 320784.361763366265222, 3474243.160025695338845 ], [ 321456.278834055527113, 3475184.186627368908376 ], [ 322502.860884170979261, 3475166.361891828943044 ], [ 323174.908219201373868, 3476107.517408507876098 ], [ 321081.816616429190617, 3476143.147830231580883 ] ], [ [ 321534.419264956144616, 3472325.391350206453353 ], [ 322581.108480971131939, 3472307.590621420647949 ], [ 323252.576286985073239, 3473248.669166662730277 ], [ 322205.924794622871559, 3473266.40802100347355 ], [ 321534.419264956144616, 3472325.391350206453353 ] ], [ [ 316597.851889806450345, 3474315.755481427535415 ], [ 315551.216670313500799, 3474334.166551975067705 ], [ 314879.278669630060904, 3473393.515777212567627 ], [ 315925.95170613063965, 3473375.042962984647602 ], [ 316597.851889806450345, 3474315.755481427535415 ] ], [ [ 250050.810577907192055, 3471883.264919338282198 ], [ 249003.797075087495614, 3471908.319040702655911 ], [ 248330.20048654358834, 3470971.636304270010442 ], [ 249377.252597140264697, 3470946.522273533977568 ], [ 250050.810577907192055, 3471883.264919338282198 ] ], [ [ 314662.686046521470416, 3468635.229490433353931 ], [ 313615.830348262563348, 3468653.80073529900983 ], [ 312944.976240137941204, 3467713.424730241764337 ], [ 315038.760006295633502, 3467676.264011992607266 ], [ 315709.538584841007832, 3468616.762965896632522 ], [ 317803.234252993948758, 3468580.144068531226367 ], [ 317132.531152449315414, 3467639.522059139795601 ], [ 318179.412037627771497, 3467621.308113951701671 ], [ 318850.077418493863661, 3468561.991691098082811 ], [ 319896.917495387373492, 3468543.94402478216216 ], [ 319226.289821330457926, 3467603.198853196110576 ], [ 322366.904742005746812, 3467549.499154811259359 ], [ 323708.102024880936369, 3469431.426060289144516 ], [ 321614.512509727384895, 3469466.874423390254378 ], [ 322285.438543512485921, 3470407.81442643981427 ], [ 319145.144566118950024, 3470461.587357353419065 ], [ 318474.105391725664958, 3469520.832473422400653 ], [ 315333.670431607752107, 3469575.733184273354709 ], [ 314662.686046521470416, 3468635.229490433353931 ] ], [ [ 321696.55813515058253, 3466608.635631408076733 ], [ 322743.461343413626309, 3466590.883440426550806 ], [ 323413.770298233022913, 3467531.808609137777239 ], [ 322366.904742005746812, 3467549.499154811259359 ], [ 321696.55813515058253, 3466608.635631408076733 ] ], [ [ 295604.268487886758521, 3464227.855644634459168 ], [ 296651.360029650328215, 3464207.513177969027311 ], [ 297322.033941391739063, 3465146.831659826915711 ], [ 298369.084081442211755, 3465126.65470687719062 ], [ 299710.860350667906459, 3467005.609044987242669 ], [ 300757.831209428724833, 3466985.658742262981832 ], [ 301428.933565378887579, 3467925.294958256650716 ], [ 299335.064290196285583, 3467965.178116782102734 ], [ 298663.886074113775976, 3467025.664046343415976 ], [ 296569.92719623359153, 3467066.088155059143901 ], [ 295227.923258228460327, 3465187.49951257975772 ], [ 296274.980339608853683, 3465167.113260876387358 ], [ 295604.268487886758521, 3464227.855644634459168 ] ], [ [ 299416.130777622864116, 3465106.582399488426745 ], [ 300463.174047803739086, 3465086.614735134411603 ], [ 301804.798668243922293, 3466965.81313566211611 ], [ 300757.831209428724833, 3466985.658742262981832 ], [ 299416.130777622864116, 3465106.582399488426745 ] ], [ [ 306159.377723843907006, 3461171.074779851362109 ], [ 307206.542079804290552, 3461151.804388451389968 ], [ 307876.2575181563152, 3462091.658478191588074 ], [ 306829.130936226982158, 3462110.867852525785565 ], [ 306159.377723843907006, 3461171.074779851362109 ] ], [ [ 306536.994716271059588, 3460212.015749690588564 ], [ 305489.792589551536366, 3460231.347102431114763 ], [ 304820.375535833125468, 3459291.684737497009337 ], [ 306914.851999095408246, 3459253.004679617006332 ], [ 305576.673167638131417, 3457373.632214805111289 ], [ 306623.981902675237507, 3457354.32712113391608 ], [ 305955.182339606806636, 3456414.677902015391737 ], [ 304907.835872874245979, 3456434.043787522241473 ], [ 303570.66553767665755, 3454555.062130554579198 ], [ 302523.240245135733858, 3454574.653756434097886 ], [ 303860.486059940652922, 3456453.514049709308892 ], [ 302813.132882859150413, 3456473.088691028766334 ], [ 304151.126565159473103, 3458352.087602355517447 ], [ 303103.845550665515475, 3458371.645145433489233 ], [ 304442.58713276166236, 3460250.78294307179749 ], [ 301300.950602839933708, 3460309.71741694631055 ], [ 299961.982191476796288, 3458430.944407808594406 ], [ 298914.687573416740634, 3458450.919714613817632 ], [ 300253.731646644941065, 3460329.571233800146729 ], [ 299206.509270822512917, 3460349.529550924897194 ], [ 297198.081785256275907, 3457531.831688714679331 ], [ 298245.41768817306729, 3457511.69129973417148 ], [ 297576.315907105454244, 3456572.527671391144395 ], [ 298623.686174123547971, 3456552.431097153108567 ], [ 297954.790319334366359, 3455613.271622655913234 ], [ 295859.970661110128276, 3455653.690239402465522 ], [ 296528.942168262146879, 3456592.728639759123325 ], [ 295481.56493964837864, 3456613.034004797693342 ], [ 296150.742405637807678, 3457552.076500888448209 ], [ 293008.703227213933133, 3457613.437502138316631 ], [ 293678.16243887814926, 3458552.363007260952145 ], [ 292630.846877632196993, 3458572.965035404544324 ], [ 293300.512114787823521, 3459511.894573389552534 ], [ 292253.23092108691344, 3459532.540532547514886 ], [ 292923.102200763649307, 3460471.474101029802114 ], [ 291875.855386078299489, 3460492.163991162087768 ], [ 291205.946169293834828, 3459553.29098335839808 ], [ 290158.657841488602571, 3459574.145928436424583 ], [ 289488.878802534774877, 3458635.397905656602234 ], [ 290536.20507738692686, 3458614.482481987215579 ], [ 289866.632112776162103, 3457675.738404731731862 ], [ 290913.992729261051863, 3457654.866999379824847 ], [ 289575.427043611591216, 3455777.451056038960814 ], [ 290622.859901550225914, 3455756.563304161652923 ], [ 289953.867162730137352, 3454817.891413914505392 ], [ 291001.334323064947966, 3454797.047709375154227 ], [ 289663.929020261974074, 3452919.775961468461901 ], [ 286521.289283687015995, 3452982.981504134368151 ], [ 287190.021575600956567, 3453921.404693058226258 ], [ 285094.985977403062861, 3453963.942997877951711 ], [ 286433.106734581990167, 3455840.740636781789362 ], [ 283290.753445745212957, 3455904.969761160202324 ], [ 282621.495073825120926, 3454966.719480651896447 ], [ 279478.994280082639307, 3455032.068515013903379 ], [ 278140.753943641437218, 3453156.11941456142813 ], [ 279188.334013664512895, 3453134.112046618480235 ], [ 278519.504111682414077, 3452196.172864558640867 ], [ 281662.335603592102416, 3452130.596844562329352 ], [ 280993.787831112276763, 3451192.541416994761676 ], [ 283089.065939944703132, 3451149.225605116225779 ], [ 283757.53780279122293, 3452087.400969728827477 ], [ 284805.13331772928359, 3452065.959465673658997 ], [ 283468.433611797110643, 3450189.552432884462178 ], [ 284516.101268173777498, 3450168.095200371928513 ], [ 283848.041557750082575, 3449229.927247608546168 ], [ 284895.743409040209372, 3449208.514294602442533 ], [ 284227.889749263064004, 3448270.350051790475845 ], [ 283180.149998702225275, 3448291.822899675928056 ], [ 282512.426593422831502, 3447353.782075031660497 ], [ 283560.204240126360673, 3447332.249387594871223 ], [ 282225.337683363235556, 3445456.238469131290913 ], [ 281177.484253736794926, 3445477.890669774729759 ], [ 280510.265324114239775, 3444540.039926421828568 ], [ 279462.370220994343981, 3444561.85587202757597 ], [ 277461.608740228461102, 3441748.86111471010372 ], [ 279557.622482874663547, 3441704.975994355976582 ], [ 276892.597960404702462, 3437954.721674427390099 ], [ 278988.899268588516861, 3437910.777233038563281 ], [ 279654.827449400210753, 3438848.365236214362085 ], [ 280702.934531475882977, 3438826.60820095660165 ], [ 279371.321988126612268, 3436951.376312414649874 ], [ 276226.762266085541341, 3437017.315011441707611 ], [ 275561.094751043943688, 3436079.97095367917791 ], [ 276609.323021118820179, 3436057.828329843934625 ], [ 275943.861530284280889, 3435120.487647876609117 ], [ 276992.123759934096597, 3435098.389677159488201 ], [ 276326.868276240478735, 3434161.052374039776623 ], [ 277375.164453982142732, 3434138.999055916443467 ], [ 278705.767970247077756, 3436013.854564142413437 ], [ 279753.984685569535941, 3435992.023416719865054 ], [ 281751.037819823483005, 3438804.955067579168826 ], [ 282799.137332554440945, 3438783.405833345837891 ], [ 283465.120236026006751, 3439721.235058130230755 ], [ 285561.232442701002583, 3439678.567304739262909 ], [ 286893.551569381379522, 3441554.653593244031072 ], [ 285845.57288974954281, 3441575.816289446316659 ], [ 286512.02245754969772, 3442513.894793935585767 ], [ 285464.077876307419501, 3442535.10179659537971 ], [ 286130.733391686459072, 3443473.184001216199249 ], [ 285082.822920260252431, 3443494.435310674831271 ], [ 286416.714027995010838, 3445370.67058872198686 ], [ 287464.548860932467505, 3445349.538835662882775 ], [ 288131.708809982868843, 3446287.811628229450434 ], [ 286036.111121971101966, 3446330.059522701427341 ], [ 286703.51487816136796, 3447268.276201059576124 ], [ 285655.74836446379777, 3447289.496453305706382 ], [ 286323.358120876247995, 3448227.716875881887972 ], [ 285275.625783980125561, 3448248.981378091964871 ], [ 286611.425476467877161, 3450125.493421876337379 ], [ 285563.765217062318698, 3450146.742197600193322 ], [ 286900.313268218422309, 3452023.389310764614493 ], [ 287947.897739746957086, 3452002.260654545389116 ], [ 287279.577537963632494, 3451063.845098743680865 ], [ 288327.196246686042286, 3451042.760605885647237 ], [ 287659.082064396003261, 3450104.348870522342622 ], [ 288706.734998852247372, 3450083.308540871366858 ], [ 287371.086777974851429, 3448206.556542482227087 ], [ 290514.250850720505696, 3448143.700528503395617 ], [ 289846.792441744823009, 3447205.240271824877709 ], [ 290894.544363883207552, 3447184.436562412418425 ], [ 290227.291889885091223, 3446245.98016544431448 ], [ 291275.077996899373829, 3446225.22058932762593 ], [ 290608.031440819730051, 3445286.768054668325931 ], [ 291655.851721307844855, 3445266.052611597348005 ], [ 290989.011066085193306, 3444327.603941842447966 ], [ 292036.865508653223515, 3444306.932631548494101 ], [ 290037.465590247884393, 3441491.789316059090197 ], [ 291085.42965148051735, 3441471.042485319077969 ], [ 293751.481521379493643, 3445224.933935641311109 ], [ 292703.668408808240201, 3445245.441239455249161 ], [ 293370.639435262302868, 3446184.013734548352659 ], [ 292322.860506011755206, 3446204.565113231539726 ], [ 292990.037417768267915, 3447143.141528318636119 ], [ 291942.292683211853728, 3447163.736982114147395 ], [ 292609.675497332063969, 3448102.317314640618861 ], [ 291561.964968865388073, 3448122.956843775697052 ], [ 292897.310562081052922, 3450000.189386416692287 ], [ 294992.576891029137187, 3449959.255071039777249 ], [ 295660.426286661066115, 3450898.087957034818828 ], [ 292517.63485835515894, 3450959.465089628472924 ], [ 293185.765779719862621, 3451898.181479629129171 ], [ 292138.199354116397444, 3451918.788775891065598 ], [ 291470.030602926039137, 3450980.132605680730194 ], [ 290422.422761169960722, 3451000.904361992608756 ], [ 291759.004077835474163, 3452878.160442852415144 ], [ 293854.064823109307326, 3452836.962107583414763 ], [ 295191.167266241158359, 3454714.71640537539497 ], [ 296238.616667308902834, 3454694.394444943871349 ], [ 294233.328650101961102, 3451877.678447511047125 ], [ 296328.443797169718891, 3451836.985165383201092 ], [ 296996.62942010932602, 3452775.946778072509915 ], [ 300139.162623551324941, 3452715.869995179120451 ], [ 300807.403044052422047, 3453655.077484189067036 ], [ 302902.332502186880447, 3453615.668736019637436 ], [ 302234.16755806747824, 3452676.340187669731677 ], [ 305376.649517810263205, 3452617.827498204540461 ], [ 306044.701345031207893, 3453557.3378348168917 ], [ 308139.597220387367997, 3453518.972019459586591 ], [ 309476.054404908209108, 3455398.430797205772251 ], [ 312618.147673867060803, 3455342.029078633524477 ], [ 311949.947987165767699, 3454402.084565837401897 ], [ 310902.549169357167557, 3454420.84167153108865 ], [ 310234.479914268827997, 3453481.023343194276094 ], [ 313376.779554379929323, 3453424.882422804366797 ], [ 314712.860412146663293, 3455304.94959129858762 ], [ 315760.212002852465957, 3455286.56633811770007 ], [ 316428.466914347722195, 3456226.75923406612128 ], [ 312239.191874832438771, 3456300.674363533034921 ], [ 312907.765320215607062, 3457240.688892379868776 ], [ 310813.183869572589174, 3457278.150730645749718 ], [ 310144.535103469854221, 3456338.258078182581812 ], [ 309097.20184206799604, 3456357.206481238361448 ], [ 309765.888287960318848, 3457297.038235449232161 ], [ 308718.589444897603244, 3457316.030133868101984 ], [ 309387.48165517160669, 3458255.866359260398895 ], [ 308340.217241732752882, 3458274.901753008365631 ], [ 309009.315233447938226, 3459214.74244753876701 ], [ 307962.085260925930925, 3459233.821336562279612 ], [ 308631.389051135396585, 3460173.666498192586005 ], [ 307584.193530829215888, 3460192.78888241853565 ], [ 308253.703136582334992, 3461132.638509116135538 ], [ 307206.542079804290552, 3461151.804388451389968 ], [ 306536.994716271059588, 3460212.015749690588564 ] ], [ [ 281464.645199650956783, 3447375.418912947177887 ], [ 282132.406514274887741, 3448313.39992445660755 ], [ 280036.908271732972935, 3448356.866515604779124 ], [ 279369.071098788699601, 3447419.005051146261394 ], [ 280416.860040783998556, 3447397.159904071129858 ], [ 279749.228965995425824, 3446459.30201050080359 ], [ 281844.871344301034696, 3446415.804692198056728 ], [ 282512.426593422831502, 3447353.782075031660497 ], [ 281464.645199650956783, 3447375.418912947177887 ] ], [ [ 279088.636642836150713, 3435054.505130212754011 ], [ 280136.887332385289483, 3435032.718548438511789 ], [ 280802.197585584770422, 3435970.296089234296232 ], [ 279753.984685569535941, 3435992.023416719865054 ], [ 279088.636642836150713, 3435054.505130212754011 ] ], [ [ 317186.894008126924746, 3454309.863554276060313 ], [ 315092.125141496071592, 3454346.439064854290336 ], [ 314424.206332797999494, 3453406.377331627067178 ], [ 316519.050345050636679, 3453369.679958696477115 ], [ 317186.894008126924746, 3454309.863554276060313 ] ], [ [ 268712.359625467215665, 3453358.880952738691121 ], [ 267664.740628564846702, 3453381.93175646616146 ], [ 266995.491805977188051, 3452444.65008145198226 ], [ 268043.148953007999808, 3452421.53963600564748 ], [ 268712.359625467215665, 3453358.880952738691121 ] ], [ [ 309566.578727615647949, 3452541.270249960944057 ], [ 308519.101378698367625, 3452560.253175973892212 ], [ 307851.330625597969629, 3451620.62590894382447 ], [ 308898.845611893339083, 3451601.582309417892247 ], [ 309566.578727615647949, 3452541.270249960944057 ] ], [ [ 295752.785724907764234, 3448041.023634829558432 ], [ 296800.482074910076335, 3448020.800702165812254 ], [ 297467.881969276582822, 3448959.685747250448912 ], [ 300610.836947577889077, 3448899.822592188138515 ], [ 301278.291795904398896, 3449838.952925158664584 ], [ 298135.449973776063416, 3449898.63511713873595 ], [ 298803.186085955763701, 3450837.648893750272691 ], [ 296708.01637676206883, 3450877.837376092560589 ], [ 295372.561248066253029, 3449000.11535925604403 ], [ 296420.223360916948877, 3448979.848467365838587 ], [ 295752.785724907764234, 3448041.023634829558432 ] ], [ [ 294705.085857327037957, 3448061.350712751504034 ], [ 294037.778585581923835, 3447122.650198427028954 ], [ 295085.516204688465223, 3447102.262989857234061 ], [ 295752.785724907764234, 3448041.023634829558432 ], [ 294705.085857327037957, 3448061.350712751504034 ] ], [ [ 296133.250293124699965, 3447081.979900033678859 ], [ 297180.980868919868954, 3447061.800926399417222 ], [ 297848.174925361643545, 3448000.681912210769951 ], [ 296800.482074910076335, 3448020.800702165812254 ], [ 296133.250293124699965, 3447081.979900033678859 ] ], [ [ 299943.550199704128318, 3447960.756750285625458 ], [ 300991.232659647066612, 3447940.950373279862106 ], [ 301658.481718142982572, 3448880.076533872168511 ], [ 300610.836947577889077, 3448899.822592188138515 ], [ 299943.550199704128318, 3447960.756750285625458 ] ], [ [ 298895.864294283557683, 3447980.667262425646186 ], [ 298228.707950113224797, 3447041.726066408678889 ], [ 299276.431554734706879, 3447021.755317528732121 ], [ 299943.550199704128318, 3447960.756750285625458 ], [ 298895.864294283557683, 3447980.667262425646186 ] ], [ [ 298609.481015131284948, 3446082.818212063517421 ], [ 301752.744159493478946, 3446023.349903621245176 ], [ 302419.581689534476027, 3446962.467712427955121 ], [ 299276.431554734706879, 3447021.755317528732121 ], [ 298609.481015131284948, 3446082.818212063517421 ] ], [ [ 303467.291568228974938, 3446942.913382929749787 ], [ 302800.491681952029467, 3446003.735286564100534 ], [ 304895.976546641555615, 3445964.818266218993813 ], [ 304229.419997146935202, 3445025.584092769306153 ], [ 305277.19497689162381, 3445006.221372670028359 ], [ 304610.844116372172721, 3444066.991438577417284 ], [ 302515.215571186621673, 3444105.941405856981874 ], [ 301848.957597867934965, 3443166.896317028906196 ], [ 300801.100602166727185, 3443186.587472209706903 ], [ 300134.973110137274489, 3442247.666753211524338 ], [ 301182.867723569623195, 3442227.915505280252546 ], [ 299851.192281879368238, 3440350.146386606618762 ], [ 304043.037222932325676, 3440271.700393866747618 ], [ 305374.412022707867436, 3442149.95012237643823 ], [ 308518.034890999319032, 3442092.567605750635266 ], [ 309183.861806117696688, 3443031.969810807146132 ], [ 308136.028374332236126, 3443050.933088051620871 ], [ 310134.630165805690922, 3445869.346848387736827 ], [ 309086.906060369452462, 3445888.233012138865888 ], [ 311087.133167171035893, 3448707.048878152854741 ], [ 312134.744604510138743, 3448688.344301858916879 ], [ 311467.871723863412626, 3447748.613492504227906 ], [ 312515.517473366693594, 3447729.952439986169338 ], [ 311848.850202695874032, 3446790.226093758363277 ], [ 313944.207079578307457, 3446753.095112978480756 ], [ 315277.55958330060821, 3448632.85537367593497 ], [ 316325.158191888825968, 3448614.567323406692594 ], [ 316992.049015755706932, 3449554.606060655321926 ], [ 314896.923653155157808, 3449591.164822491817176 ], [ 315564.057567004580051, 3450531.147387388162315 ], [ 314516.527656930265948, 3450549.522253750823438 ], [ 313849.356202993541956, 3449609.60043773939833 ], [ 312801.785549572086893, 3449628.14021229930222 ], [ 313468.994556531775743, 3450568.00130607932806 ], [ 312421.458247806527652, 3450586.584546703379601 ], [ 311754.211674881866202, 3449646.784148511476815 ], [ 309659.054189651971683, 3449684.384515306912363 ], [ 308991.900517761067022, 3448744.770445225760341 ], [ 310039.518477594479918, 3448725.857591818552464 ], [ 308039.178663780679926, 3445907.223233395256102 ], [ 305943.713924962095916, 3445945.515858020633459 ], [ 308611.47054309095256, 3449703.34095063013956 ], [ 306516.293352027889341, 3449741.566337083466351 ], [ 305849.026836529897992, 3448802.133867820724845 ], [ 304801.395615478220861, 3448821.463304180186242 ], [ 304134.259546896035317, 3447882.156028151977807 ], [ 303086.587315217591822, 3447901.650014691986144 ], [ 302419.581689534476027, 3446962.467712427955121 ], [ 303467.291568228974938, 3446942.913382929749787 ] ], [ [ 298803.222442709782626, 3440370.017654206138104 ], [ 298137.599272225226741, 3439431.28911121096462 ], [ 297089.588334203755949, 3439451.324192001949996 ], [ 297755.249125786242075, 3440389.992834568489343 ], [ 296707.272313006629702, 3440410.071930216159672 ], [ 295376.043580003664829, 3438532.918178273830563 ], [ 298520.189265806693584, 3438472.63339770026505 ], [ 297189.858695014379919, 3436595.375887535512447 ], [ 298237.975434910971671, 3436575.369047382846475 ], [ 298903.019078169716522, 3437514.025696187280118 ], [ 299951.094752046337817, 3437494.182472075335681 ], [ 300616.268930444843136, 3438432.962834080681205 ], [ 299568.230831974535249, 3438452.746188559103757 ], [ 300233.610693866154179, 3439391.530605795793235 ], [ 299185.606719410745427, 3439411.357916647568345 ], [ 299851.192281879368238, 3440350.146386606618762 ], [ 298803.222442709782626, 3440370.017654206138104 ] ], [ [ 297573.099904658854939, 3435636.776160918176174 ], [ 298621.250719641451724, 3435616.813363046851009 ], [ 299286.088680956687313, 3436555.466008815448731 ], [ 298237.975434910971671, 3436575.369047382846475 ], [ 297573.099904658854939, 3435636.776160918176174 ] ], [ [ 297956.580870555131696, 3434678.224453589878976 ], [ 300052.94714443734847, 3434638.490684977732599 ], [ 300717.541901355958544, 3435577.19908239133656 ], [ 298621.250719641451724, 3435616.813363046851009 ], [ 297956.580870555131696, 3434678.224453589878976 ] ], [ [ 305468.699771503452212, 3449760.835293032228947 ], [ 303373.502550422796048, 3449799.685742523521185 ], [ 302706.123074302799068, 3448860.434634748846292 ], [ 304801.395615478220861, 3448821.463304180186242 ], [ 305468.699771503452212, 3449760.835293032228947 ] ], [ [ 260418.770737502229167, 3450687.987289872020483 ], [ 259371.012840014998801, 3450711.842579978983849 ], [ 258702.039496067067375, 3449775.105523264966905 ], [ 259749.835614832845749, 3449751.19091496290639 ], [ 260418.770737502229167, 3450687.987289872020483 ] ], [ [ 264988.75454490899574, 3449633.18184961983934 ], [ 263940.978920698456932, 3449656.575142479967326 ], [ 263272.364758916199207, 3448719.603786305058748 ], [ 264320.178534556063823, 3448696.15109921246767 ], [ 264988.75454490899574, 3449633.18184961983934 ] ], [ [ 319761.982522885780782, 3439992.332469059620053 ], [ 321757.611225608619861, 3442812.519697521813214 ], [ 320709.816128811216913, 3442830.23545435257256 ], [ 321375.399146528972778, 3443770.367758111096919 ], [ 320327.638342086982448, 3443788.126834971830249 ], [ 319662.017936835996807, 3442848.055158609524369 ], [ 317566.4121950630215, 3442884.00641840742901 ], [ 316900.885025566094555, 3441944.121024060994387 ], [ 320044.401150520832743, 3441890.168424080125988 ], [ 319379.154214199865237, 3440950.16658524563536 ], [ 318331.281257261347491, 3440968.107378123793751 ], [ 317001.216769141843542, 3439088.419814146123827 ], [ 315953.26589578576386, 3439106.585317180026323 ], [ 315288.448346190736629, 3438166.8992356848903 ], [ 314240.456893233116716, 3438185.228881252929568 ], [ 313575.770009165280499, 3437245.667795184999704 ], [ 314623.798855384346098, 3437227.27790757920593 ], [ 313959.317425885703415, 3436287.721251214388758 ], [ 315007.380440195323899, 3436269.374942068010569 ], [ 314343.104448169004172, 3435329.822717641014606 ], [ 316439.295592260896228, 3435293.320989425294101 ], [ 317103.496875836339314, 3436232.993610270321369 ], [ 318151.550333439488895, 3436214.958583023864776 ], [ 317487.386384688084945, 3435275.22572396369651 ], [ 318535.474014892824925, 3435257.23418788285926 ], [ 317871.515437660564203, 3434317.505848637782037 ], [ 318919.637229414307512, 3434299.557803305797279 ], [ 320247.647818892437499, 3436179.199794446583837 ], [ 322343.732852253480814, 3436143.856012058444321 ], [ 323007.915627825655974, 3437083.895122978836298 ], [ 318815.88233264250448, 3437154.756253177300096 ], [ 320145.050472266622819, 3439034.546353549230844 ], [ 319097.109039272530936, 3439052.400334605015814 ], [ 318432.403601873433217, 3438112.533201172016561 ], [ 317384.42168239376042, 3438130.551397939678282 ], [ 318714.075322383549064, 3440010.229855871293694 ], [ 319761.982522885780782, 3439992.332469059620053 ] ], [ [ 316823.390488912700675, 3434335.557594392448664 ], [ 316159.562648644205183, 3433395.954112774226815 ], [ 317207.724912582663819, 3433377.842212546616793 ], [ 317871.515437660564203, 3434317.505848637782037 ], [ 316823.390488912700675, 3434335.557594392448664 ] ], [ [ 316544.102442191215232, 3432438.243198113050312 ], [ 318640.492063342942856, 3432402.210137985181063 ], [ 317313.90044635895174, 3430522.965422137640417 ], [ 318362.165064107917715, 3430504.984163770917803 ], [ 319688.682145058643073, 3432384.349072828888893 ], [ 320736.869098426890559, 3432366.591647931840271 ], [ 321400.342450718395412, 3433306.431326376274228 ], [ 317207.724912582663819, 3433377.842212546616793 ], [ 316544.102442191215232, 3432438.243198113050312 ] ], [ [ 325103.91381969419308, 3437049.087209580466151 ], [ 327097.246698445058428, 3439869.958858765196055 ], [ 323953.580348180315923, 3439921.781550222542137 ], [ 323288.856180283997674, 3438981.607418231666088 ], [ 325384.711340926703997, 3438946.833945648279041 ], [ 324720.229779546498321, 3438006.603987546637654 ], [ 323672.26643781689927, 3438023.999347785953432 ], [ 323007.915627825655974, 3437083.895122978836298 ], [ 325103.91381969419308, 3437049.087209580466151 ] ], [ [ 272221.506788566999603, 3441860.393874713685364 ], [ 273269.534976381226443, 3441837.879316158592701 ], [ 274603.511197064770386, 3443712.670573309995234 ], [ 273555.558926389843691, 3443735.06637698225677 ], [ 272221.506788566999603, 3441860.393874713685364 ] ], [ [ 272602.799143674434163, 3440900.577746060676873 ], [ 273650.861355352215469, 3440878.107872537802905 ], [ 272984.331648506631609, 3439940.809634290169924 ], [ 275080.520189279690385, 3439896.063204233534634 ], [ 276413.596111214254051, 3441770.959665788337588 ], [ 273269.534976381226443, 3441837.879316158592701 ], [ 272602.799143674434163, 3440900.577746060676873 ] ], [ [ 297657.508911416516639, 3443246.284902145154774 ], [ 294513.8857857309049, 3443306.918331552296877 ], [ 293847.532312794704922, 3442368.357611787505448 ], [ 296991.268487817840651, 3442307.544302131980658 ], [ 297657.508911416516639, 3443246.284902145154774 ] ], [ [ 316518.604609114350751, 3442902.137978485319763 ], [ 315470.793855692842044, 3442920.373495064210147 ], [ 314805.191827479167841, 3441980.609057938680053 ], [ 315853.040016721584834, 3441962.31307608447969 ], [ 316518.604609114350751, 3442902.137978485319763 ] ], [ [ 311661.627996521943714, 3442036.120605645701289 ], [ 310996.081651882326696, 3441096.602153002750129 ], [ 312043.976962162705604, 3441077.934037768747658 ], [ 312709.485835462925024, 3442017.512820390984416 ], [ 311661.627996521943714, 3442036.120605645701289 ] ], [ [ 308900.281216133618727, 3441134.250123386736959 ], [ 307569.542799556162208, 3439255.647965105250478 ], [ 308617.519644011394121, 3439236.651634917594492 ], [ 307287.528530100593343, 3437358.186881804373115 ], [ 308335.577010306762531, 3437339.174193536862731 ], [ 310996.081651882326696, 3441096.602153002750129 ], [ 308900.281216133618727, 3441134.250123386736959 ] ], [ [ 296325.196178621728905, 3441368.86767646484077 ], [ 295277.249983441899531, 3441389.094734210055321 ], [ 294611.308127504540607, 3440450.541877521201968 ], [ 295659.291986279073171, 3440430.254943683743477 ], [ 296325.196178621728905, 3441368.86767646484077 ] ], [ [ 317283.40516126313014, 3440986.152067298535258 ], [ 316235.52590811077971, 3441004.300655043683946 ], [ 315570.33484522451181, 3440064.545229450333863 ], [ 316618.2515016538091, 3440046.336233787238598 ], [ 317283.40516126313014, 3440986.152067298535258 ] ], [ [ 307186.885299066547304, 3440213.956861700862646 ], [ 306138.93929745873902, 3440233.100809468887746 ], [ 305473.579108914011158, 3439293.952220041304827 ], [ 306521.562627226288896, 3439274.748159342445433 ], [ 307186.885299066547304, 3440213.956861700862646 ] ], [ [ 309383.622172866715118, 3437320.265311305876821 ], [ 310431.664035908761434, 3437301.460232723969966 ], [ 311761.430391207686625, 3439180.285804735030979 ], [ 310713.463421729044057, 3439198.970557111315429 ], [ 309383.622172866715118, 3437320.265311305876821 ] ], [ [ 309102.569978964165784, 3435422.892463922966272 ], [ 308054.453235574474093, 3435441.817647807300091 ], [ 308718.953664026514161, 3436381.009322509169579 ], [ 306622.785098615335301, 3436419.050973675213754 ], [ 305958.209754101349972, 3435479.979269248899072 ], [ 307006.333166669472121, 3435460.846582114696503 ], [ 306341.963372858124785, 3434521.779083378612995 ], [ 307390.120890004502144, 3434502.690205806400627 ], [ 306725.956629802822135, 3433563.626915183849633 ], [ 305677.761667703860439, 3433582.77568087214604 ], [ 304349.862533303326927, 3431704.960839678067714 ], [ 305398.132375477580354, 3431685.69246311718598 ], [ 306061.960457466542721, 3432624.627694683149457 ], [ 308158.415189489373006, 3432586.521506784949452 ], [ 307494.661945217172615, 3431647.46663966961205 ], [ 306446.398840055277105, 3431666.527730587869883 ], [ 305782.776272983639501, 3430727.596657453570515 ], [ 304734.472386314591859, 3430746.821139372885227 ], [ 304070.980492465314455, 3429808.013642398174852 ], [ 313505.931893100612797, 3429638.185037495568395 ], [ 314169.08748611912597, 3430577.530741293448955 ], [ 312072.529408241156489, 3430614.425597134511918 ], [ 312735.927716045756824, 3431553.715725355781615 ], [ 311687.681135281571187, 3431572.258644102141261 ], [ 311024.245483422011603, 3430633.028424951247871 ], [ 308927.667771075211931, 3430670.544892135541886 ], [ 309591.17815000761766, 3431609.655373036395758 ], [ 310639.431285993778147, 3431590.905192542821169 ], [ 311966.881530389306135, 3433469.438497081864625 ], [ 310918.703144388506189, 3433488.068800613284111 ], [ 310254.856608613044955, 3432548.829982126597315 ], [ 309206.637554078944959, 3432567.623912745621055 ], [ 311198.793561762024183, 3435385.353337876033038 ], [ 312246.900437460048124, 3435366.739390971604735 ], [ 312911.251189735718071, 3436306.17132561141625 ], [ 310815.108979370794259, 3436343.382779491599649 ], [ 311479.702617551432922, 3437282.758955415338278 ], [ 310431.664035908761434, 3437301.460232723969966 ], [ 309102.569978964165784, 3435422.892463922966272 ] ], [ [ 304910.082979729399085, 3435499.215711629018188 ], [ 305574.695801801630296, 3436438.227470811922103 ], [ 303478.507089287799317, 3436476.891820304095745 ], [ 304808.387009719037451, 3438354.867913017049432 ], [ 303760.362600863794796, 3438374.235873700585216 ], [ 301765.682304368820041, 3435557.547594601754099 ], [ 302813.819273005588911, 3435537.999871854204684 ], [ 302149.299555977049749, 3434599.171880286652595 ], [ 301101.125073923380114, 3434618.779413389507681 ], [ 299772.514930429519154, 3432741.434431497007608 ], [ 301869.010473290341906, 3432702.084137461613864 ], [ 301205.032559443381615, 3431763.387857970315963 ], [ 303301.589295359328389, 3431724.332862705457956 ], [ 305958.209754101349972, 3435479.979269248899072 ], [ 304910.082979729399085, 3435499.215711629018188 ] ], [ [ 311582.717754839977715, 3434427.371909777633846 ], [ 312630.858760876930319, 3434408.801627441775054 ], [ 313295.00406021263916, 3435348.229185005184263 ], [ 312246.900437460048124, 3435366.739390971604735 ], [ 311582.717754839977715, 3434427.371909777633846 ] ], [ [ 312527.737935928162187, 3437264.161477018147707 ], [ 313192.462226210976951, 3438203.662347701843828 ], [ 312144.464327011373825, 3438222.199637356214225 ], [ 311479.702617551432922, 3437282.758955415338278 ], [ 312527.737935928162187, 3437264.161477018147707 ] ], [ [ 276510.483259693195578, 3438914.25978081068024 ], [ 275462.360821599257179, 3438936.432451197877526 ], [ 274796.281206942396238, 3437999.081650977488607 ], [ 275844.441523391404189, 3437976.849719411227852 ], [ 276510.483259693195578, 3438914.25978081068024 ] ], [ [ 302712.334796775132418, 3438393.707679130136967 ], [ 301664.303579342376906, 3438413.283331766724586 ], [ 300999.166963278374169, 3437474.443073579110205 ], [ 302047.235729989944957, 3437454.807498203124851 ], [ 302712.334796775132418, 3438393.707679130136967 ] ], [ [ 285660.338776279473677, 3436822.302765989210457 ], [ 284612.178695906884968, 3436843.555426040664315 ], [ 283946.813575147069059, 3435905.736999012064189 ], [ 284995.011395301728044, 3435884.424923953600228 ], [ 285660.338776279473677, 3436822.302765989210457 ] ], [ [ 272799.051470804959536, 3435187.404382559005171 ], [ 272133.644602589367423, 3434250.30340177193284 ], [ 273181.956401713425294, 3434227.834975925739855 ], [ 273847.325403866067063, 3435164.994997764471918 ], [ 272799.051470804959536, 3435187.404382559005171 ] ], [ [ 271085.328852734295651, 3434272.87561161397025 ], [ 270420.052300726762041, 3433335.895844049751759 ], [ 271468.405926893115975, 3433313.264674465637654 ], [ 272133.644602589367423, 3434250.30340177193284 ], [ 271085.328852734295651, 3434272.87561161397025 ] ], [ [ 314727.131047809845768, 3434371.972196304239333 ], [ 313678.996519150037784, 3434390.335057061165571 ], [ 313015.056655651656911, 3433450.911878865677863 ], [ 314063.228538342169486, 3433432.488943625707179 ], [ 314727.131047809845768, 3434371.972196304239333 ] ], [ [ 270037.009133994870353, 3434295.551608305424452 ], [ 268988.685428215481807, 3434318.331394714768976 ], [ 268323.333083616860677, 3433381.469467654824257 ], [ 269371.694692354416475, 3433358.63077415432781 ], [ 270037.009133994870353, 3434295.551608305424452 ] ], [ [ 294915.27896270173369, 3431883.040616323240101 ], [ 295963.580021210189443, 3431862.839332308620214 ], [ 297292.079136150015984, 3433739.699199333321303 ], [ 296243.853192966489587, 3433759.781350440811366 ], [ 294915.27896270173369, 3431883.040616323240101 ] ], [ [ 293972.092270176683087, 3429048.024921930860728 ], [ 291875.261256577505264, 3429088.887652717065066 ], [ 291211.693162100506015, 3428150.861241506878287 ], [ 294357.046932276454754, 3428089.544570188969374 ], [ 295020.502397044270765, 3429027.748938163742423 ], [ 296068.908961560809985, 3429007.576538723893464 ], [ 296732.495032302918844, 3429945.903558549005538 ], [ 295684.125987972016446, 3429966.016531084198505 ], [ 296347.91770261595957, 3430904.347429673653096 ], [ 298444.577226540714037, 3430864.344083231408149 ], [ 299108.462022304185666, 3431802.857468655798584 ], [ 295963.580021210189443, 3431862.839332308620214 ], [ 293972.092270176683087, 3429048.024921930860728 ] ], [ [ 294742.241191367560532, 3427131.112258163746446 ], [ 296839.193688922910951, 3427090.840665171388537 ], [ 297502.368523159530014, 3428029.159919323865324 ], [ 296453.931537989934441, 3428049.184582714922726 ], [ 297117.311981931386981, 3428987.507721062283963 ], [ 296068.908961560809985, 3429007.576538723893464 ], [ 294742.241191367560532, 3427131.112258163746446 ] ], [ [ 290338.110947080538608, 3432923.643473467323929 ], [ 289673.719916150439531, 3431985.602122558746487 ], [ 290722.038953248527832, 3431964.882467868272215 ], [ 291386.3923624525778, 3432902.98322521802038 ], [ 290338.110947080538608, 3432923.643473467323929 ] ], [ [ 288625.397228813613765, 3432006.425459189340472 ], [ 287961.136707369587384, 3431068.506515374407172 ], [ 289009.497026422643103, 3431047.623853784054518 ], [ 289673.719916150439531, 3431985.602122558746487 ], [ 288625.397228813613765, 3432006.425459189340472 ] ], [ [ 376673.510401024715975, 3430618.476175908464938 ], [ 373529.259149965480901, 3430655.463039945811033 ], [ 372868.004880545428023, 3429712.652346605435014 ], [ 376012.36587458383292, 3429675.480918041896075 ], [ 376673.510401024715975, 3430618.476175908464938 ] ], [ [ 272235.279947904986329, 3431394.186922354623675 ], [ 271186.858541451045312, 3431416.72843946935609 ], [ 270522.162311299121939, 3430479.817169112619013 ], [ 271570.621558263490442, 3430457.216804369818419 ], [ 272235.279947904986329, 3431394.186922354623675 ] ], [ [ 279574.120090156735387, 3431239.299724660813808 ], [ 277477.328028938791249, 3431283.034769556019455 ], [ 276812.858642338658683, 3430345.770018201787025 ], [ 278909.726211822708137, 3430301.916935372166336 ], [ 279574.120090156735387, 3431239.299724660813808 ] ], [ [ 284151.82824848103337, 3430194.098113311920315 ], [ 282054.998809213167988, 3430236.914704117923975 ], [ 281390.886258835031185, 3429299.417251081671566 ], [ 282439.340553660411388, 3429277.898051647469401 ], [ 281775.43385889113415, 3428340.40408138372004 ], [ 282823.922048008535057, 3428318.929443567525595 ], [ 282160.221191763645038, 3427381.438959097955376 ], [ 284257.261565026594326, 3427338.68236309569329 ], [ 285584.680826323863585, 3429213.962138287257403 ], [ 284536.237819202011451, 3429235.170497952029109 ], [ 285200.237334991339594, 3430172.845278778113425 ], [ 286248.642690338660032, 3430151.696081235539168 ], [ 286912.77270672225859, 3431089.492835078388453 ], [ 284816.033587905811146, 3431131.776459447108209 ], [ 284151.82824848103337, 3430194.098113311920315 ] ], [ [ 280342.428165046498179, 3429321.040069196373224 ], [ 281006.578420075529721, 3430258.478465802967548 ], [ 279958.154227006540168, 3430280.145875308196992 ], [ 277966.094831276684999, 3427468.194897925015539 ], [ 279014.63216868811287, 3427446.350563031621277 ], [ 279678.446080453519244, 3428383.664128380361944 ], [ 280726.941875774879009, 3428361.982308745849878 ], [ 281390.886258835031185, 3429299.417251081671566 ], [ 280342.428165046498179, 3429321.040069196373224 ] ], [ [ 283593.804172565287445, 3426401.136370039079338 ], [ 284642.356350341578946, 3426379.854382053483278 ], [ 285305.776113674743101, 3427317.459398947656155 ], [ 284257.261565026594326, 3427338.68236309569329 ], [ 283593.804172565287445, 3426401.136370039079338 ] ], [ [ 257275.352128816011827, 3429822.963268036488444 ], [ 258323.89840403717244, 3429799.060123876202852 ], [ 258988.843528919765959, 3430735.264422711916268 ], [ 257940.335251671203878, 3430759.109089523088187 ], [ 257275.352128816011827, 3429822.963268036488444 ] ], [ [ 256226.8016360909387, 3429846.970097091514617 ], [ 255561.94874214506126, 3428910.943920908495784 ], [ 254513.355991831718711, 3428935.11280799144879 ], [ 253848.633321577624884, 3427999.206061525270343 ], [ 255945.890597478719428, 3427950.855292211286724 ], [ 257275.352128816011827, 3429822.963268036488444 ], [ 256226.8016360909387, 3429846.970097091514617 ] ], [ [ 257659.121513539721491, 3428862.917128832545131 ], [ 258707.701571024983423, 3428839.05921776406467 ], [ 259372.440479951736052, 3429775.26066158618778 ], [ 258323.89840403717244, 3429799.060123876202852 ], [ 257659.121513539721491, 3428862.917128832545131 ] ], [ [ 258043.1308958226291, 3427902.919052687007934 ], [ 259091.744723939860705, 3427879.106374007184058 ], [ 259756.277433973562438, 3428815.304959314875305 ], [ 258707.701571024983423, 3428839.05921776406467 ], [ 258043.1308958226291, 3427902.919052687007934 ] ], [ [ 257763.184005387243815, 3426006.892884806264192 ], [ 258811.869538298400585, 3425983.067100838758051 ], [ 260140.354362301266519, 3427855.397318693809211 ], [ 259091.744723939860705, 3427879.106374007184058 ], [ 257763.184005387243815, 3426006.892884806264192 ] ], [ [ 258147.879477219044929, 3425046.993755295407027 ], [ 257099.156001505180029, 3425070.877821490168571 ], [ 256435.296237638685852, 3424134.923772856127471 ], [ 257484.057653183524963, 3424110.981479139998555 ], [ 256820.40406851231819, 3423175.030192808713764 ], [ 258917.990075483859982, 3423127.339724170509726 ], [ 259581.567826763232006, 3424063.407434882596135 ], [ 258532.814843475032831, 3424087.142700821626931 ], [ 259196.59874111766112, 3425023.213230734225363 ], [ 261294.024706427648198, 3424975.962794484570622 ], [ 262621.945558611885644, 3426848.520807101391256 ], [ 263670.576515235006809, 3426825.167718645650893 ], [ 264334.751382478978485, 3427761.597271319013089 ], [ 263286.158320998889394, 3427784.891863027587533 ], [ 264615.088506703265011, 3429657.818473313935101 ], [ 265663.605768859619275, 3429634.641039500012994 ], [ 266328.285283311503008, 3430571.255414936225861 ], [ 264231.322490606515203, 3430617.596650474239141 ], [ 262901.980037635017652, 3428744.664069690741599 ], [ 261853.416649073187727, 3428768.107388263102621 ], [ 259860.550872823281679, 3425959.344884742517024 ], [ 258811.869538298400585, 3425983.067100838758051 ], [ 258147.879477219044929, 3425046.993755295407027 ] ], [ [ 262134.343318096420262, 3430664.352658948861063 ], [ 261085.847543943818891, 3430687.886210421100259 ], [ 260420.978374749422073, 3429751.564878158271313 ], [ 261469.512106627691537, 3429727.972770594526082 ], [ 262134.343318096420262, 3430664.352658948861063 ] ], [ [ 290442.227163962670602, 3430068.135607697535306 ], [ 288345.442280318064149, 3430109.708586442749947 ], [ 287681.555680262972601, 3429171.856239911634475 ], [ 289778.415775142959319, 3429130.164751751814038 ], [ 290442.227163962670602, 3430068.135607697535306 ] ], [ [ 300756.042539585498162, 3425114.930727287661284 ], [ 301804.570890150149353, 3425095.348904482088983 ], [ 303792.91713392053498, 3427911.186405102256685 ], [ 302744.501000617980026, 3427930.589804922230542 ], [ 303407.656696409801953, 3428869.269891218747944 ], [ 302359.274558659060858, 3428888.717271049506962 ], [ 301696.081437536049634, 3427950.096742460038513 ], [ 300647.658426461508498, 3427969.707220182754099 ], [ 301310.888985983445309, 3428908.268217627890408 ], [ 300262.499960176704917, 3428927.922733427025378 ], [ 300925.936081196530722, 3429866.487726154271513 ], [ 299877.581051849585492, 3429886.186280624009669 ], [ 298550.801987487007864, 3428009.238806114532053 ], [ 299599.231949181936216, 3427989.421240570489317 ], [ 298936.132050679821987, 3427050.983166814781725 ], [ 301033.056422410765663, 3427011.539742930792272 ], [ 300370.199515752901789, 3426073.046191713307053 ], [ 301418.693919734330848, 3426053.420303694438189 ], [ 300756.042539585498162, 3425114.930727287661284 ] ], [ [ 321892.334634425584227, 3429494.269054548349231 ], [ 320844.045312960864976, 3429511.896099605131894 ], [ 320181.318605554697569, 3428572.194925281219184 ], [ 321229.645134952501394, 3428554.507814645767212 ], [ 321892.334634425584227, 3429494.269054548349231 ] ], [ [ 375351.389205125626177, 3428732.55324242869392 ], [ 374303.234486754983664, 3428744.901727719698101 ], [ 373642.389115982456133, 3427802.10298961494118 ], [ 374690.580395423632581, 3427789.693066473584622 ], [ 375351.389205125626177, 3428732.55324242869392 ] ], [ [ 313891.293157931067981, 3428680.491729576140642 ], [ 312842.944368188851513, 3428698.903575004544109 ], [ 312180.124913894338533, 3427759.686272699851543 ], [ 313228.51099879713729, 3427741.214603497646749 ], [ 313891.293157931067981, 3428680.491729576140642 ] ], [ [ 317036.320191968232393, 3428625.877426568418741 ], [ 316373.649840529426001, 3427686.420669242739677 ], [ 317422.023044167319313, 3427668.363041243515909 ], [ 318084.656152270967141, 3428607.879728985484689 ], [ 317036.320191968232393, 3428625.877426568418741 ] ], [ [ 315325.273443898302503, 3427704.581804085988551 ], [ 314662.733899317274336, 3426765.249194758478552 ], [ 315711.147548878798261, 3426747.028211218304932 ], [ 316373.649840529426001, 3427686.420669242739677 ], [ 315325.273443898302503, 3427704.581804085988551 ] ], [ [ 312565.896909463277552, 3426802.001611588057131 ], [ 311241.172950253239833, 3424923.767706318292767 ], [ 312289.66761411720654, 3424905.220329762902111 ], [ 312951.908284100878518, 3425844.364981661550701 ], [ 314000.362420389661565, 3425825.980748628731817 ], [ 314662.733899317274336, 3426765.249194758478552 ], [ 312565.896909463277552, 3426802.001611588057131 ] ], [ [ 310303.954058258677833, 3422088.169728805776685 ], [ 311352.557211516308598, 3422069.546977445948869 ], [ 313338.159009631839581, 3424886.776384711731225 ], [ 312289.66761411720654, 3424905.220329762902111 ], [ 310303.954058258677833, 3422088.169728805776685 ] ], [ [ 310691.026098560891114, 3421130.598133926745504 ], [ 315934.178929178859107, 3421038.736708233132958 ], [ 314611.992967829166446, 3419160.435076994821429 ], [ 315660.688154925359413, 3419142.253594426438212 ], [ 316321.659940921002999, 3420081.432016368024051 ], [ 318418.966394563089125, 3420045.497979802079499 ], [ 317758.068892461014912, 3419106.200393091421574 ], [ 318806.754479492781684, 3419088.32866976223886 ], [ 319467.614859068649821, 3420027.685878879390657 ], [ 320516.260173078335356, 3420009.977053187321872 ], [ 321177.251492849434726, 3420949.458057987503707 ], [ 320128.643291806743946, 3420967.107179676648229 ], [ 320789.839775166125037, 3421906.592652938328683 ], [ 321838.410859863972291, 3421889.003290181048214 ], [ 322499.738271580659784, 3422828.612830637954175 ], [ 320402.667229904734995, 3422863.775283721275628 ], [ 321064.236942906980403, 3423803.329502381850034 ], [ 320015.733885147084948, 3423821.005948714911938 ], [ 319354.12702320876997, 3422881.511545496992767 ], [ 318305.583668259438127, 3422899.351167083252221 ], [ 317644.107700117398053, 3421959.980721950996667 ], [ 316595.524007217842154, 3421977.98341270769015 ], [ 317257.03714679426048, 3422917.294150737579912 ], [ 316208.487440558208618, 3422935.340498728211969 ], [ 316870.205826886929572, 3423874.655615761876106 ], [ 315821.690118305908982, 3423892.745621668640524 ], [ 314498.347009980352595, 3422014.298809500411153 ], [ 311352.557211516308598, 3422069.546977445948869 ], [ 310691.026098560891114, 3421130.598133926745504 ] ], [ [ 342582.069396957696881, 3427266.026281252969056 ], [ 343630.368696326040663, 3427250.555616301950067 ], [ 344292.074902144144289, 3428191.579256365075707 ], [ 343243.812525359564461, 3428206.989321505650878 ], [ 342582.069396957696881, 3427266.026281252969056 ] ], [ [ 342968.830460940371267, 3426309.597708544693887 ], [ 344017.163947317341808, 3426294.169923819601536 ], [ 344678.665276366111357, 3427235.188403082545847 ], [ 343630.368696326040663, 3427250.555616301950067 ], [ 342968.830460940371267, 3426309.597708544693887 ] ], [ [ 366692.297561645507812, 3426936.370951134711504 ], [ 367740.538926434819587, 3426923.279207702260464 ], [ 368401.39940494048642, 3427865.70407787244767 ], [ 367353.194672460434958, 3427878.73460128903389 ], [ 366692.297561645507812, 3426936.370951134711504 ] ], [ [ 367079.846335442329291, 3425980.921340330969542 ], [ 368128.122016109293327, 3425967.871815481223166 ], [ 368788.777990997652523, 3426910.2908746288158 ], [ 367740.538926434819587, 3426923.279207702260464 ], [ 367079.846335442329291, 3425980.921340330969542 ] ], [ [ 309034.946991205681115, 3427815.722386351786554 ], [ 307986.547733599320054, 3427834.608134124893695 ], [ 307323.747055153246038, 3426895.693719614762813 ], [ 308372.18365658656694, 3426876.748309603892267 ], [ 309034.946991205681115, 3427815.722386351786554 ] ], [ [ 335243.89662973722443, 3427377.217750402633101 ], [ 334195.574919839971699, 3427393.516100734472275 ], [ 333533.703953794261906, 3426453.102128189057112 ], [ 334582.062684858625289, 3426436.74344792496413 ], [ 335243.89662973722443, 3427377.217750402633101 ] ], [ [ 265873.998401267104782, 3423923.16943190805614 ], [ 264547.46547282388201, 3422050.395551610738039 ], [ 265596.265147341764532, 3422027.268025247845799 ], [ 266259.409689568332396, 3422963.682646019384265 ], [ 267308.167476561269723, 3422940.716936567798257 ], [ 267971.442430661234539, 3423877.251395293045789 ], [ 266922.722446470404975, 3423900.158669244498014 ], [ 267586.203415700350888, 3424836.696174627635628 ], [ 266537.517189697711729, 3424859.648473371285945 ], [ 267865.059403244988061, 3426732.791157674510032 ], [ 266816.444785568164662, 3426755.729934846051037 ], [ 267480.506047649192624, 3427692.335135476198047 ], [ 266431.925227591302246, 3427715.318910470232368 ], [ 263776.538054817239754, 3423969.501435039099306 ], [ 265873.998401267104782, 3423923.16943190805614 ] ], [ [ 265982.122205643216148, 3421067.832310931757092 ], [ 267030.951506288372912, 3421044.853301470633596 ], [ 267693.852251381031238, 3421981.323277954012156 ], [ 269791.423150541202631, 3421935.792251871433109 ], [ 270454.416573838563636, 3422872.440553683787584 ], [ 267308.167476561269723, 3422940.716936567798257 ], [ 265982.122205643216148, 3421067.832310931757092 ] ], [ [ 268634.885594050516374, 3424813.847390904091299 ], [ 269298.49696437548846, 3425750.50500319711864 ], [ 268249.852594908908941, 3425773.295241944026202 ], [ 267586.203415700350888, 3424836.696174627635628 ], [ 268634.885594050516374, 3424813.847390904091299 ] ], [ [ 311517.473532725183759, 3426820.533049528021365 ], [ 310469.046877148270141, 3426839.167976936325431 ], [ 309806.526270110276528, 3425900.138439012691379 ], [ 310854.990227193513419, 3425881.443824508693069 ], [ 311517.473532725183759, 3426820.533049528021365 ] ], [ [ 319904.770269944216125, 3426675.179055957589298 ], [ 318856.369334806338884, 3426692.986132494173944 ], [ 318194.146776542649604, 3425753.478351669386029 ], [ 319242.584909495082684, 3425735.611374760512263 ], [ 319904.770269944216125, 3426675.179055957589298 ] ], [ [ 325146.728314467589371, 3426587.695695013273507 ], [ 324098.342862299643457, 3426604.98543836735189 ], [ 323436.306163984700106, 3425665.177888653241098 ], [ 324484.728749446454458, 3425647.828111374285072 ], [ 325146.728314467589371, 3426587.695695013273507 ] ], [ [ 360790.143045581877232, 3426061.389597482047975 ], [ 359741.850792800658382, 3426075.162840840406716 ], [ 359081.069453783566132, 3425133.299092571251094 ], [ 360129.398406877997331, 3425119.464901896659285 ], [ 360790.143045581877232, 3426061.389597482047975 ] ], [ [ 362886.720302960136905, 3426034.153289469890296 ], [ 361838.432876225386281, 3426047.719747601076961 ], [ 361177.724925252434332, 3425105.734077698085457 ], [ 362226.049027144559659, 3425092.106618238613009 ], [ 362886.720302960136905, 3426034.153289469890296 ] ], [ [ 363662.259991565078963, 3424123.059759599622339 ], [ 362613.90402153757168, 3424136.541494874283671 ], [ 361953.605218959797639, 3423194.567058589309454 ], [ 364050.388057581847534, 3423167.585003745742142 ], [ 366031.568342025624588, 3425994.074248484801501 ], [ 364983.28801762976218, 3426007.330541607458144 ], [ 363662.259991565078963, 3424123.059759599622339 ] ], [ [ 384900.233250720892102, 3425773.138241027947515 ], [ 383851.992094376473688, 3425784.53384849242866 ], [ 383192.051694697176572, 3424841.261466224677861 ], [ 384240.329264166706707, 3424829.804288374260068 ], [ 384900.233250720892102, 3425773.138241027947515 ] ], [ [ 290933.591355907265097, 3426254.336404357105494 ], [ 289885.061390161165036, 3426274.997276972979307 ], [ 289221.99771755351685, 3425337.159562691114843 ], [ 290270.56523012148682, 3425316.439562391489744 ], [ 290933.591355907265097, 3426254.336404357105494 ] ], [ [ 308758.05900296656182, 3425918.936518719885498 ], [ 307709.588407525909133, 3425937.838066005613655 ], [ 307047.161246515926905, 3424998.991574710700661 ], [ 308095.669166174717247, 3424980.030448542442173 ], [ 308758.05900296656182, 3425918.936518719885498 ] ], [ [ 329726.796219515032135, 3425562.630680918227881 ], [ 326581.564774217724334, 3425613.438854508567601 ], [ 325919.807464837736916, 3424673.515865365508944 ], [ 329065.150145364925265, 3424622.527434235438704 ], [ 329726.796219515032135, 3425562.630680918227881 ] ], [ [ 340985.223603660124354, 3423487.11756254453212 ], [ 340324.35727627587039, 3422546.421767788473517 ], [ 341372.838352802325971, 3422530.752248390112072 ], [ 340712.176897731260397, 3421590.061482227407396 ], [ 342809.204514072509483, 3421558.911715295165777 ], [ 343469.792229870043229, 3422499.723153930623084 ], [ 342421.316664580837823, 3422515.18604442756623 ], [ 344404.198250457237009, 3425337.832245292142034 ], [ 342307.460198617016431, 3425368.70545140421018 ], [ 341646.25791198189836, 3424427.878763253800571 ], [ 342694.665200467105024, 3424412.330000968649983 ], [ 342033.667787924641743, 3423471.50839415891096 ], [ 340985.223603660124354, 3423487.11756254453212 ] ], [ [ 342148.784773911465891, 3420618.165684990119189 ], [ 343197.331308525288478, 3420602.685407977085561 ], [ 342537.116390126117039, 3419661.944438206963241 ], [ 343585.697020080522634, 3419646.507123683579266 ], [ 344906.221166594245005, 3421528.17508692573756 ], [ 342809.204514072509483, 3421558.911715295165777 ], [ 342148.784773911465891, 3420618.165684990119189 ] ], [ [ 344518.265066939173266, 3422484.363574943039566 ], [ 345178.983901683939621, 3423425.300934948027134 ], [ 344130.547918681288138, 3423440.600082315970212 ], [ 343469.792229870043229, 3422499.723153930623084 ], [ 344518.265066939173266, 3422484.363574943039566 ] ], [ [ 346500.925469073175918, 3425307.372615544591099 ], [ 345452.563204799604136, 3425322.550734340213239 ], [ 344791.471577870077454, 3424381.542581932153553 ], [ 345839.870703275955748, 3424366.303921286948025 ], [ 346500.925469073175918, 3425307.372615544591099 ] ], [ [ 304950.135310302721336, 3425037.224159559234977 ], [ 303901.617257268051617, 3425056.495623074937612 ], [ 303239.246145791374147, 3424117.891215551644564 ], [ 304287.801558873616159, 3424098.560307875741273 ], [ 304950.135310302721336, 3425037.224159559234977 ] ], [ [ 382532.27912829030538, 3423898.056806998793036 ], [ 381483.963103676098399, 3423909.678804027847946 ], [ 380824.321955381659791, 3422966.603217934258282 ], [ 381872.674397954542655, 3422954.919788332190365 ], [ 382532.27912829030538, 3423898.056806998793036 ] ], [ [ 288945.01740787201561, 3423440.83417713502422 ], [ 289993.656326831318438, 3423420.099516632035375 ], [ 290656.308638301095925, 3424357.929897366091609 ], [ 289607.707246633945033, 3424378.605513428803533 ], [ 288945.01740787201561, 3423440.83417713502422 ] ], [ [ 289331.172159336623736, 3422482.331823131535202 ], [ 290379.84492977213813, 3422461.641574501991272 ], [ 291042.291586326202378, 3423399.468284087255597 ], [ 289993.656326831318438, 3423420.099516632035375 ], [ 289331.172159336623736, 3422482.331823131535202 ] ], [ [ 296947.841054720571265, 3424236.04865350201726 ], [ 294850.67792447732063, 3424276.261951511725783 ], [ 294188.175590579630807, 3423338.195128168910742 ], [ 296285.413630767958239, 3423297.863449837546796 ], [ 296947.841054720571265, 3424236.04865350201726 ] ], [ [ 301142.125019397470169, 3424156.863305559381843 ], [ 300093.559269584482536, 3424176.504492821637541 ], [ 299431.244112202199176, 3423238.14151972765103 ], [ 300479.847258013265673, 3423218.441022905521095 ], [ 301142.125019397470169, 3424156.863305559381843 ] ], [ [ 310579.063085390895139, 3423984.746631155256182 ], [ 309530.527853053295985, 3424003.457045339047909 ], [ 308868.548789448046591, 3423064.559329567942768 ], [ 309917.121300362865441, 3423045.789366547949612 ], [ 310579.063085390895139, 3423984.746631155256182 ] ], [ [ 331549.0990928967949, 3423632.250811431091279 ], [ 330887.900160297402181, 3422692.096968336496502 ], [ 331936.406941426103003, 3422675.497519251890481 ], [ 332597.568866689573042, 3423615.711471962742507 ], [ 331549.0990928967949, 3423632.250811431091279 ] ], [ [ 329839.39043178607244, 3422708.79975326731801 ], [ 329178.32249728566967, 3421768.770767180714756 ], [ 330226.869242520537227, 3421752.00795442936942 ], [ 330887.900160297402181, 3422692.096968336496502 ], [ 329839.39043178607244, 3422708.79975326731801 ] ], [ [ 347275.847794217639603, 3423395.012647643685341 ], [ 346227.417187444225419, 3423410.105124031659216 ], [ 345566.735194044769742, 3422469.107305522542447 ], [ 346615.202629461244214, 3422453.954343737568706 ], [ 347275.847794217639603, 3423395.012647643685341 ] ], [ [ 240703.355566307203844, 3424506.48211825825274 ], [ 240039.093372580769937, 3423571.458454915322363 ], [ 242136.819107039598748, 3423520.455639048013836 ], [ 242801.005035189999035, 3424455.594889113679528 ], [ 240703.355566307203844, 3424506.48211825825274 ] ], [ [ 238990.223718328721588, 3423597.115170262288302 ], [ 238326.091662666789489, 3422662.209242877084762 ], [ 239374.999467217101483, 3422636.494827919173986 ], [ 240039.093372580769937, 3423571.458454915322363 ], [ 238990.223718328721588, 3423597.115170262288302 ] ], [ [ 249093.846488957671681, 3424305.418516203761101 ], [ 248045.050614494772162, 3424330.189043298829347 ], [ 246717.227879698912147, 3422459.392113559413701 ], [ 247766.099840712005971, 3422434.505714543629438 ], [ 249093.846488957671681, 3424305.418516203761101 ] ], [ [ 255386.530578590201912, 3424158.969584999606013 ], [ 254337.760657795879524, 3424183.118918613996357 ], [ 253673.993222173972754, 3423247.342072141822428 ], [ 254722.801106745289871, 3423223.1346181249246 ], [ 255386.530578590201912, 3424158.969584999606013 ] ], [ [ 283701.767282203654759, 3423546.05899133393541 ], [ 282653.106023119529709, 3423567.414275152608752 ], [ 281990.358909654081799, 3422630.058953481260687 ], [ 283039.057772088097408, 3422608.6448387154378 ], [ 283701.767282203654759, 3423546.05899133393541 ] ], [ [ 303625.63590702903457, 3423159.959937180392444 ], [ 302577.04313716723118, 3423179.350234103854746 ], [ 301915.00823387154378, 3422240.872598172165453 ], [ 302963.638357246934902, 3422221.422966886311769 ], [ 303625.63590702903457, 3423159.959937180392444 ] ], [ [ 326693.843379355676007, 3422759.528144337236881 ], [ 325645.321678706910461, 3422776.644293916877359 ], [ 324984.105548770865425, 3421836.855151490774006 ], [ 326032.66431757673854, 3421819.679081123322248 ], [ 326693.843379355676007, 3422759.528144337236881 ] ], [ [ 337178.897275554307271, 3422594.050238479860127 ], [ 336130.404957390157506, 3422610.133039571810514 ], [ 335469.558930871542543, 3421669.74348474573344 ], [ 336518.088188875932246, 3421653.600495051592588 ], [ 337178.897275554307271, 3422594.050238479860127 ] ], [ [ 382261.624292612425052, 3422000.208770709112287 ], [ 381213.237506481469609, 3422011.850327805615962 ], [ 380553.968456663598772, 3421068.848343077115715 ], [ 381602.391640790039673, 3421057.14543678984046 ], [ 382261.624292612425052, 3422000.208770709112287 ] ], [ [ 294574.499650395358913, 3422379.914542673155665 ], [ 293912.371036455326248, 3421441.914384961128235 ], [ 294961.063159631099552, 3421421.682011015247554 ], [ 294299.140117343282327, 3420483.685615214053541 ], [ 295347.866089968360029, 3420463.497535290662199 ], [ 294686.148602218949236, 3419525.504904265515506 ], [ 295734.908413090626709, 3419505.361117577180266 ], [ 296396.588491554313805, 3420443.412785761989653 ], [ 297445.307340383180417, 3420423.431364083196968 ], [ 298107.118145141983405, 3421361.605035750195384 ], [ 297058.436695700802375, 3421381.527338951826096 ], [ 297720.453023077046964, 3422319.704857414588332 ], [ 294574.499650395358913, 3422379.914542673155665 ] ], [ [ 293637.38520717114443, 3419545.751994835678488 ], [ 292975.79843155911658, 3418607.881069730967283 ], [ 294024.59924581751693, 3418587.575023280456662 ], [ 294686.148602218949236, 3419525.504904265515506 ], [ 293637.38520717114443, 3419545.751994835678488 ] ], [ [ 337566.61459629208548, 3421637.560801975894719 ], [ 336906.010429828078486, 3420697.115976248402148 ], [ 337954.57091571809724, 3420681.119390532374382 ], [ 338615.138171389582567, 3421621.624403488822281 ], [ 337566.61459629208548, 3421637.560801975894719 ] ], [ [ 335857.447098839795217, 3420713.215829726308584 ], [ 335196.974008050514385, 3419772.896161301527172 ], [ 336245.574259131448343, 3419756.736202423460782 ], [ 336906.010429828078486, 3420697.115976248402148 ], [ 335857.447098839795217, 3420713.215829726308584 ] ], [ [ 304399.133532741107047, 3421244.241518148686737 ], [ 301253.141438375285361, 3421302.458227253518999 ], [ 300591.442753151990473, 3420364.107040924485773 ], [ 301640.14757377805654, 3420344.538905487395823 ], [ 300978.654345040558837, 3419406.191653547808528 ], [ 302027.393034988432191, 3419386.667637047823519 ], [ 302688.848933064378798, 3420325.074085385072976 ], [ 303737.546849292004481, 3420305.712578154634684 ], [ 304399.133532741107047, 3421244.241518148686737 ] ], [ [ 365216.204810411669314, 3420301.448782565072179 ], [ 359973.716278366744518, 3420369.04247426521033 ], [ 359314.089129559230059, 3419427.333581602200866 ], [ 361411.16498675767798, 3419399.864962625782937 ], [ 360751.778994582011364, 3418458.100886056665331 ], [ 361800.349885026866104, 3418444.460647877771407 ], [ 362459.69927786604967, 3419386.285447669681162 ], [ 364556.760676561621949, 3419359.435998230241239 ], [ 365216.204810411669314, 3420301.448782565072179 ] ], [ [ 237662.127900489547756, 3421727.363218217622489 ], [ 236613.177372272359207, 3421753.238768643233925 ], [ 235949.343747643521056, 3420818.510132159572095 ], [ 236998.332434055686463, 3420792.577017311938107 ], [ 237662.127900489547756, 3421727.363218217622489 ] ], [ [ 240808.952100868482376, 3421650.357496403157711 ], [ 239760.015246516675688, 3421675.922585354652256 ], [ 239096.296055647078902, 3420741.021177335642278 ], [ 240145.271027385431807, 3420715.398445678409189 ], [ 240808.952100868482376, 3421650.357496403157711 ] ], [ [ 260074.954679382906761, 3420248.219288746360689 ], [ 259026.062746720359428, 3420271.87692382093519 ], [ 258363.233708068815758, 3419335.936722898855805 ], [ 259412.163498476555105, 3419312.221002336591482 ], [ 260074.954679382906761, 3420248.219288746360689 ] ], [ [ 287344.728544974292163, 3419669.4040642157197 ], [ 286295.939548580499832, 3419690.374354457948357 ], [ 285634.090469796443358, 3418752.915378963109106 ], [ 286682.916977634187788, 3418731.886318173725158 ], [ 287344.728544974292163, 3419669.4040642157197 ] ], [ [ 292588.618209663487505, 3419566.102391850203276 ], [ 291539.847591395722702, 3419586.556097884196788 ], [ 290878.185937899688724, 3418648.803005049936473 ], [ 291926.99400168628199, 3418628.290396125987172 ], [ 292588.618209663487505, 3419566.102391850203276 ] ], [ [ 342505.792060430161655, 3412059.802379422821105 ], [ 341847.272900841722731, 3411119.346933855675161 ], [ 343945.065965637215413, 3411088.524759070947766 ], [ 344603.511667292448692, 3412029.100098107941449 ], [ 346701.220387110952288, 3411998.809818098321557 ], [ 346042.848092442145571, 3411058.114478069823235 ], [ 347091.735100023914129, 3411043.063792915549129 ], [ 345775.567779353354126, 3409161.748311365488917 ], [ 346824.525440288591199, 3409146.680622943677008 ], [ 348798.91836677188985, 3411968.931524044368416 ], [ 347750.070710280560888, 3411983.819173777941614 ], [ 349067.245817430433817, 3413865.52562025655061 ], [ 348018.468873738194816, 3413880.396018278319389 ], [ 348677.345060408930294, 3414821.287040424533188 ], [ 347628.602164869662374, 3414836.200310136657208 ], [ 348946.931837897805963, 3416718.058082001283765 ], [ 347898.259728713775985, 3416732.953962595202029 ], [ 348557.713233148795553, 3417673.920736719854176 ], [ 347509.075209626927972, 3417688.85946246329695 ], [ 346849.58496135531459, 3416747.952977987471968 ], [ 345800.907517497544177, 3416763.055130076128989 ], [ 346460.434522313182242, 3417703.901351805310696 ], [ 345411.791152898746077, 3417719.046406648587435 ], [ 346071.522895492031239, 3418659.897750738542527 ], [ 343974.301620878570247, 3418690.376863602548838 ], [ 342654.858943771803752, 3416808.980425698682666 ], [ 344752.227378825831693, 3416778.260420771781355 ], [ 343433.603746788809076, 3414896.88419897807762 ], [ 345531.108359682606533, 3414866.336088736541569 ], [ 344872.122011560481042, 3413925.625521693844348 ], [ 343823.334319319808856, 3413940.908132313285023 ], [ 343164.479200801695697, 3413000.322751954197884 ], [ 342115.652020435780287, 3413015.768436674959958 ], [ 341456.92812845367007, 3412075.308025422971696 ], [ 342505.792060430161655, 3412059.802379422821105 ] ], [ [ 342384.847341616521589, 3414912.312883290462196 ], [ 341725.750717514660209, 3413971.782529366202652 ], [ 342774.543894086440559, 3413956.29380088718608 ], [ 343433.603746788809076, 3414896.88419897807762 ], [ 342384.847341616521589, 3414912.312883290462196 ] ], [ [ 349606.348611187422648, 3417659.085172682534903 ], [ 350654.981362051563337, 3417644.352768476121128 ], [ 351314.529367634328082, 3418585.505835824180394 ], [ 350265.933338792179711, 3418600.177841550204903 ], [ 349606.348611187422648, 3417659.085172682534903 ] ], [ [ 349336.38920578523539, 3415762.243452048394829 ], [ 351433.793689846119378, 3415732.846690181177109 ], [ 352092.932399543002248, 3416673.989230207633227 ], [ 351044.268154993420467, 3416688.575717673636973 ], [ 351703.611504050553776, 3417629.723522232845426 ], [ 350654.981362051563337, 3417644.352768476121128 ], [ 349336.38920578523539, 3415762.243452048394829 ] ], [ [ 381064.270619834540412, 3417261.979601138271391 ], [ 383161.393460231367499, 3417238.805873787496239 ], [ 382503.145431975077372, 3416295.834397666621953 ], [ 383551.740098237933125, 3416284.340985665563494 ], [ 384868.331353582732845, 3418170.473751979414374 ], [ 381722.759163696551695, 3418204.895971307530999 ], [ 381064.270619834540412, 3417261.979601138271391 ] ], [ [ 262558.92773635260528, 3419241.694043530151248 ], [ 260461.089087796979584, 3419288.608650912065059 ], [ 259798.503984272683738, 3418352.613173268735409 ], [ 261896.418275203934172, 3418305.582372820470482 ], [ 262558.92773635260528, 3419241.694043530151248 ] ], [ [ 277243.342096708482131, 3418924.866830820217729 ], [ 274096.747773605689872, 3418991.053331210743636 ], [ 273434.653388687525876, 3418054.300718666985631 ], [ 272385.743081312277354, 3418076.627937716431916 ], [ 271723.779227939550765, 3417139.995220647659153 ], [ 273821.671199872333091, 3417095.32736944546923 ], [ 273159.950857184478082, 3416158.639463285915554 ], [ 275257.902272002887912, 3416114.267992433160543 ], [ 277243.342096708482131, 3418924.866830820217729 ] ], [ [ 316048.613548544351943, 3418185.001277453266084 ], [ 314999.884434692561626, 3418203.13901883829385 ], [ 314339.248782747308724, 3417264.088209028821439 ], [ 315388.015038326848298, 3417245.891008307691664 ], [ 316048.613548544351943, 3418185.001277453266084 ] ], [ [ 329681.806310242624022, 3417958.603424227330834 ], [ 329021.689465789590031, 3417018.717754181940109 ], [ 330070.412224639439955, 3417001.965146061964333 ], [ 330730.492108092643321, 3417941.910649491008371 ], [ 329681.806310242624022, 3417958.603424227330834 ] ], [ [ 327972.96371907053981, 3417035.573533276095986 ], [ 327312.977927604806609, 3416095.812068155966699 ], [ 328361.740644747740589, 3416078.896537330001593 ], [ 329021.689465789590031, 3417018.717754181940109 ], [ 327972.96371907053981, 3417035.573533276095986 ] ], [ [ 335973.877112798334565, 3417859.994668452534825 ], [ 333876.531834596826229, 3417892.451490674167871 ], [ 333216.562757122504991, 3416952.326326406560838 ], [ 335313.981841873377562, 3416919.749596306122839 ], [ 335973.877112798334565, 3417859.994668452534825 ] ], [ [ 287070.133843893650919, 3417773.446351540274918 ], [ 286021.273566386080347, 3417794.430858966428787 ], [ 285359.798313651466742, 3416857.037606726866215 ], [ 286408.696083075017668, 3416835.994411705527455 ], [ 287070.133843893650919, 3417773.446351540274918 ] ], [ [ 296236.57601535419235, 3415693.262689940165728 ], [ 297285.471067401755136, 3415673.296067915856838 ], [ 298607.355383772810455, 3417549.43178621167317 ], [ 297558.535022733965889, 3417569.280504976864904 ], [ 296897.471456133935135, 3416631.240233081392944 ], [ 295848.610197628382593, 3416651.251144991256297 ], [ 296509.711124467372429, 3417589.232464427594095 ], [ 293363.218023211229593, 3417649.707812225446105 ], [ 292702.004936847952195, 3416711.903191069606692 ], [ 294799.745370457530953, 3416671.365273592527956 ], [ 294138.775202510878444, 3415733.505499423947185 ], [ 295187.677399832755327, 3415713.332499595358968 ], [ 293866.31620117998682, 3413837.682911116164178 ], [ 294915.289521072816569, 3413817.4954700213857 ], [ 296236.57601535419235, 3415693.262689940165728 ] ], [ [ 309483.534870163770393, 3416399.159282643347979 ], [ 310144.151134736021049, 3417337.909055565483868 ], [ 308046.582478954805993, 3417375.438737782649696 ], [ 306725.369203461799771, 3415498.239500171039253 ], [ 307774.229628763976507, 3415479.304617529734969 ], [ 306453.76315240142867, 3413602.239948054775596 ], [ 307502.694606079370715, 3413583.289957062341273 ], [ 306842.750702915946022, 3412644.793245581910014 ], [ 308940.677861042320728, 3412607.084391411859542 ], [ 307621.44300968805328, 3410730.044042425230145 ], [ 306572.406794465729035, 3410748.964978693053126 ], [ 305253.770017920993268, 3408872.294515817426145 ], [ 304204.656081078515854, 3408891.436250194907188 ], [ 303545.552685752511024, 3407953.254064491484314 ], [ 305643.851451268186793, 3407914.955927080940455 ], [ 304984.990466724615544, 3406976.718878030311316 ], [ 306034.171854820393492, 3406957.665416910778731 ], [ 306692.995708083617501, 3407895.9612703663297 ], [ 307742.136572134797461, 3407877.069551764521748 ], [ 307083.349837095884141, 3406938.714867304079235 ], [ 309181.695657815900631, 3406901.122493035625666 ], [ 308523.151211853546556, 3405962.712980116251856 ], [ 309572.356162907439284, 3405944.012294413521886 ], [ 310889.538991686305963, 3407821.012000745628029 ], [ 311938.666468670009635, 3407802.532010771799833 ], [ 312597.472943811211735, 3408741.185387753881514 ], [ 311548.382536239572801, 3408759.60638565197587 ], [ 312207.394164222059771, 3409698.263898216653615 ], [ 311158.337536242033821, 3409716.728831299114972 ], [ 311817.554334218846634, 3410655.39047677628696 ], [ 310768.531496796756983, 3410673.899346019141376 ], [ 310109.277596737316344, 3409735.296748607419431 ], [ 309060.214327323599719, 3409753.967652491293848 ], [ 310378.964446012629196, 3411631.117928104940802 ], [ 312476.939213933539577, 3411594.115355232730508 ], [ 313796.213208530913107, 3413471.755131436511874 ], [ 315894.02647077065194, 3413435.401607534848154 ], [ 316553.841388782369904, 3414374.435279296711087 ], [ 312358.350261815357953, 3414447.317569584120065 ], [ 313018.481693794485182, 3415386.177564806304872 ], [ 311969.637894554995, 3415404.596668505109847 ], [ 311309.469317868119106, 3414465.795941588003188 ], [ 310260.585072365473025, 3414484.377438024617732 ], [ 310920.790806763106957, 3415423.118923274800181 ], [ 309871.940412087016739, 3415441.744331460446119 ], [ 310532.351403005537577, 3416380.489961852319539 ], [ 309483.534870163770393, 3416399.159282643347979 ] ], [ [ 305793.782059059478343, 3412663.802288953214884 ], [ 303814.84738826402463, 3409848.86705385427922 ], [ 304863.927582941367291, 3409829.681181326042861 ], [ 306842.750702915946022, 3412644.793245581910014 ], [ 305793.782059059478343, 3412663.802288953214884 ] ], [ [ 314067.322222805931233, 3415367.861609845422208 ], [ 314727.584595575695857, 3416306.844479259569198 ], [ 313678.781201609526761, 3416325.101084499619901 ], [ 313018.481693794485182, 3415386.177564806304872 ], [ 314067.322222805931233, 3415367.861609845422208 ] ], [ [ 313290.479282910819165, 3417282.388611792121083 ], [ 312241.70652050501667, 3417300.792218913324177 ], [ 311581.16462364513427, 3416361.923823464196175 ], [ 312629.974550407903735, 3416343.460865125991404 ], [ 313290.479282910819165, 3417282.388611792121083 ] ], [ [ 319971.553348070126958, 3416217.109003413468599 ], [ 320631.798293303349055, 3417156.452955132815987 ], [ 319583.047984319273382, 3417174.134179947897792 ], [ 316942.928258467058185, 3413417.379476019181311 ], [ 319040.722238761431072, 3413381.644462442025542 ], [ 319700.425966240116395, 3414320.856254755984992 ], [ 321798.133213073306251, 3414285.652439211029559 ], [ 321138.503547904663719, 3413346.321766404435039 ], [ 324285.152074305573478, 3413294.110778639558703 ], [ 324944.67074291332392, 3414233.619972528889775 ], [ 323895.827987235737965, 3414250.861030146479607 ], [ 324555.551683139288798, 3415190.374736967496574 ], [ 321409.115899291937239, 3415242.537896575871855 ], [ 322069.11868965026224, 3416181.936960875988007 ], [ 319971.553348070126958, 3416217.109003413468599 ] ], [ [ 320089.614468052866869, 3413363.931575854308903 ], [ 319430.115832249866799, 3412424.724158527795225 ], [ 320479.041933410102502, 3412407.054950245190412 ], [ 321138.503547904663719, 3413346.321766404435039 ], [ 320089.614468052866869, 3413363.931575854308903 ] ], [ [ 324826.768368554068729, 3417086.759917812421918 ], [ 323778.030487214738969, 3417104.028402276802808 ], [ 323117.896685280138627, 3416164.505676605273038 ], [ 324166.671588569588494, 3416147.177547385450453 ], [ 324826.768368554068729, 3417086.759917812421918 ] ], [ [ 354311.091283622430637, 3413792.719319077208638 ], [ 355359.852654818911105, 3413778.467183719389141 ], [ 356677.25976312806597, 3415661.159010457340628 ], [ 357725.945386652369052, 3415647.130755669437349 ], [ 358384.864224910037592, 3416588.635915691964328 ], [ 356287.563711839786265, 3416616.67453540628776 ], [ 354311.091283622430637, 3413792.719319077208638 ] ], [ [ 261234.077043458208209, 3417369.531652480363846 ], [ 260185.08417547645513, 3417393.053439334966242 ], [ 259522.87336698564468, 3416457.121590613853186 ], [ 260571.904043446586002, 3416433.541803230065852 ], [ 261234.077043458208209, 3417369.531652480363846 ] ], [ [ 268302.297476919833571, 3415312.227815507445484 ], [ 269625.871296348283067, 3417185.076186238788068 ], [ 266478.979154133296106, 3417253.472274129744619 ], [ 265816.994995354209095, 3416317.192028167657554 ], [ 266866.000827897863928, 3416294.231884888373315 ], [ 266204.222613147925586, 3415357.954599895980209 ], [ 268302.297476919833571, 3415312.227815507445484 ] ], [ [ 265155.179055564338341, 3415380.972846824675798 ], [ 264493.531337114283815, 3414444.814650852698833 ], [ 265542.612616708618589, 3414421.738354811444879 ], [ 266204.222613147925586, 3415357.954599895980209 ], [ 265155.179055564338341, 3415380.972846824675798 ] ], [ [ 290604.250008770031855, 3416752.854006048291922 ], [ 288506.480439689359628, 3416794.217739274725318 ], [ 287184.259263197891414, 3414919.265744207426906 ], [ 289282.17859612358734, 3414877.667218198534101 ], [ 290604.250008770031855, 3416752.854006048291922 ] ], [ [ 337141.023595116101205, 3414991.002675319090486 ], [ 338189.793968282116111, 3414975.058527562767267 ], [ 338849.205799545918126, 3415915.41381373628974 ], [ 337800.472265111049637, 3415931.297996680252254 ], [ 337141.023595116101205, 3414991.002675319090486 ] ], [ [ 337530.550130983465351, 3414034.768081746064126 ], [ 338579.354496337240562, 3414018.867093907203525 ], [ 339238.561511179665104, 3414959.217476482503116 ], [ 338189.793968282116111, 3414975.058527562767267 ], [ 337530.550130983465351, 3414034.768081746064126 ] ], [ [ 333724.933528832509182, 3413143.043270863126963 ], [ 335822.63025009795092, 3413110.606308171991259 ], [ 336481.742922577541322, 3414050.772139427717775 ], [ 335432.932852775207721, 3414066.879268978256732 ], [ 336092.250373352959286, 3415007.049921766389161 ], [ 335043.474284656869713, 3415023.20026893960312 ], [ 333724.933528832509182, 3413143.043270863126963 ] ], [ [ 258860.830795562942512, 3415521.250479246489704 ], [ 255713.599967191403266, 3415592.783240322489291 ], [ 255051.612147008796455, 3414657.146304220426828 ], [ 256100.731181395065505, 3414633.140974580310285 ], [ 255438.949451728753047, 3413697.506695932708681 ], [ 257537.250373220857, 3413649.690152186900377 ], [ 258860.830795562942512, 3415521.250479246489704 ] ], [ [ 256875.712526959978277, 3412714.000778464134783 ], [ 257924.894407395651797, 3412690.189534065313637 ], [ 258586.39445714536123, 3413625.936690322123468 ], [ 257537.250373220857, 3413649.690152186900377 ], [ 256875.712526959978277, 3412714.000778464134783 ] ], [ [ 260086.49091347376816, 3394584.591089034918696 ], [ 259036.652734264876926, 3394608.052664702758193 ], [ 260352.448252098081866, 3396478.815830267034471 ], [ 258252.909398151066853, 3396525.818474216386676 ], [ 258911.134679163835244, 3397461.175413287244737 ], [ 259960.868645902664866, 3397437.679918858688325 ], [ 260619.224587554141181, 3398373.153903779573739 ], [ 263768.288475065724924, 3398303.455575390718877 ], [ 262451.970188949489966, 3396432.223951261024922 ], [ 263501.724859723180998, 3396409.082041205372661 ], [ 262843.855599885166157, 3395473.498975815717131 ], [ 263893.643610796134453, 3395450.402496244292706 ], [ 264551.475356732029468, 3396386.042813526466489 ], [ 268750.435977243818343, 3396294.912668227683753 ], [ 269408.286021414445713, 3397230.842536355368793 ], [ 268358.589497754641343, 3397253.413652415387332 ], [ 269016.645225733635016, 3398189.346413681283593 ], [ 270066.304282977303956, 3398166.832763040903956 ], [ 270724.490759563632309, 3399102.883426621556282 ], [ 269674.869171804748476, 3399125.339557650033385 ], [ 270333.261333591421135, 3400061.39316270686686 ], [ 271382.845448790467344, 3400038.994605503976345 ], [ 272041.368348292307928, 3400975.166378162801266 ], [ 275189.984254308976233, 3400908.76037680124864 ], [ 273873.331349982647225, 3399036.131503406912088 ], [ 274922.936884106020443, 3399014.086342876777053 ], [ 275581.141816582763568, 3399950.428080551326275 ], [ 277680.266203276347369, 3399906.761401081457734 ], [ 276364.174129206046928, 3398033.907891238573939 ], [ 277413.805193268577568, 3398012.113225024659187 ], [ 280046.512584902753588, 3401758.295064045581967 ], [ 273749.564615457202308, 3401889.218402228318155 ], [ 275067.376504387473688, 3403761.981203854549676 ], [ 271919.073903433571104, 3403828.484364520292729 ], [ 273897.390632888709661, 3406637.564887777902186 ], [ 275996.038027702365071, 3406593.47388633992523 ], [ 277975.643513113260269, 3409403.452033299487084 ], [ 279024.848838433739729, 3409381.735238112509251 ], [ 279685.016216307645664, 3410318.575477446429431 ], [ 278635.848384283133782, 3410340.234074532520026 ], [ 279296.221439483459108, 3411277.077577190008014 ], [ 280345.351775093819015, 3411255.477232699282467 ], [ 281005.855512387235649, 3412192.440583182498813 ], [ 279956.762676318176091, 3412213.982620558701456 ], [ 280617.472092382842675, 3413150.949283987283707 ], [ 282715.578936079633422, 3413108.085072284564376 ], [ 281394.478261070558801, 3411233.979975122958422 ], [ 282443.600915788731072, 3411212.585801736917347 ], [ 281783.34031003160635, 3410275.567462074570358 ], [ 283881.649099173024297, 3410232.971666951663792 ], [ 284541.834804912039544, 3411170.106696699280292 ], [ 283492.719757613260299, 3411191.29470982728526 ], [ 284153.111075836524833, 3412128.433140134904534 ], [ 283104.02969378628768, 3412149.665845681447536 ], [ 283764.62664161704015, 3413086.807673326227814 ], [ 284813.670560746686533, 3413065.633408697787672 ], [ 286135.29402098065475, 3414940.219778707716614 ], [ 284037.352293364936486, 3414982.437403971329331 ], [ 283376.381530644139275, 3414045.23029405483976 ], [ 280229.328029482800048, 3414109.506075261160731 ], [ 279568.412917521141935, 3413172.536102164536715 ], [ 276421.212160690920427, 3413237.915438861586154 ], [ 277082.239909459196497, 3414174.710400899872184 ], [ 274984.161685537139419, 3414218.695846020709723 ], [ 274323.058779110666364, 3413282.017426114529371 ], [ 275372.137436504359357, 3413259.914854355622083 ], [ 274711.240307952743024, 3412323.239603292196989 ], [ 273662.12406816764269, 3412345.400378395337611 ], [ 272340.759242236032151, 3410472.350082461722195 ], [ 274439.138059687509667, 3410427.899123101960868 ], [ 275099.661233423394151, 3411364.509879254270345 ], [ 276148.807151216373313, 3411342.497159594204277 ], [ 275488.321527063963003, 3410405.828256382606924 ], [ 276537.501058036927134, 3410383.860461235512048 ], [ 274557.165945452579763, 3407574.047029374632984 ], [ 271409.277634332189336, 3407640.781975575722754 ], [ 270749.389710078306962, 3406704.473621853627264 ], [ 268650.70232636097353, 3406749.59429885353893 ], [ 269310.665391804883257, 3407685.786925699561834 ], [ 268261.353204805054702, 3407708.443905100226402 ], [ 267601.352548724797089, 3406772.309102203231305 ], [ 266551.998689354630187, 3406795.126885957550257 ], [ 264572.893246038816869, 3403987.259488561190665 ], [ 263523.422452576865908, 3404010.353243538644165 ], [ 262204.784753914456815, 3402138.858927866909653 ], [ 263254.33075484627625, 3402115.650119089055806 ], [ 262595.301857614191249, 3401179.935867383610457 ], [ 260496.130458319908939, 3401226.57120448956266 ], [ 259837.194590670900652, 3400291.031893253326416 ], [ 257737.931061829527607, 3400338.193207535427064 ], [ 257079.088184369873488, 3399402.828436631709337 ], [ 259178.426966776722111, 3399355.552579423878342 ], [ 258519.827588974905666, 3398420.133184781298041 ], [ 257470.122712153504835, 3398443.776952833402902 ], [ 256811.653968731610803, 3397508.474575499072671 ], [ 254712.156099067797186, 3397556.184655566699803 ], [ 256029.412380386609584, 3399426.620541159063578 ], [ 254979.732276584516512, 3399450.515433660242707 ], [ 254320.98234974159277, 3398515.324803269468248 ], [ 253271.260256669425871, 3398539.379612267483026 ], [ 252612.640922220220091, 3397604.305677727330476 ], [ 251562.876797367469408, 3397628.520299724303186 ], [ 250904.388050063600531, 3396693.562848633155227 ], [ 251954.189853454590775, 3396669.291235576849431 ], [ 250637.792522256931989, 3394799.440516887232661 ], [ 252737.533630935591646, 3394750.977636949159205 ], [ 253395.572856696759118, 3395685.987172432243824 ], [ 252345.742140848451527, 3395710.110347096808255 ], [ 253003.987279550929088, 3396645.12233794759959 ], [ 255103.569073860242497, 3396597.092676704283804 ], [ 254445.399218748760177, 3395661.966680853161961 ], [ 256545.038955511321547, 3395614.233734753914177 ], [ 255887.112585457856767, 3394679.053235978353769 ], [ 253787.397625055076787, 3394726.900183825753629 ], [ 253129.56429510039743, 3393791.893107787705958 ], [ 255229.354473178915214, 3393743.932266288902611 ], [ 254571.764621003880166, 3392808.870747862383723 ], [ 256671.612655862554675, 3392761.206501900684088 ], [ 256014.266217874130234, 3391826.090574511326849 ], [ 259164.118680585583206, 3391755.192746753804386 ], [ 259821.352492069563596, 3392690.479544641450047 ], [ 260871.257254004274728, 3392667.109056673012674 ], [ 261528.621794675505953, 3393602.512561539188027 ], [ 260478.754550997226033, 3393625.825986134819686 ], [ 261794.063401783758309, 3395496.698111477773637 ], [ 260744.266997981292661, 3395519.999906178098172 ], [ 260086.49091347376816, 3394584.591089034918696 ] ], [ [ 268921.522076736553572, 3408644.63949673390016 ], [ 266822.960706765705254, 3408690.146800852846354 ], [ 266162.716607333277352, 3407754.066886945161968 ], [ 268261.353204805054702, 3407708.443905100226402 ], [ 268921.522076736553572, 3408644.63949673390016 ] ], [ [ 268143.953562027425505, 3410562.488984040915966 ], [ 267094.742025356565136, 3410585.281430843751878 ], [ 266434.123849201423582, 3409649.137828604318202 ], [ 265384.870575843611732, 3409672.091251648496836 ], [ 264724.382969708647579, 3408736.06626022560522 ], [ 266822.960706765705254, 3408690.146800852846354 ], [ 268143.953562027425505, 3410562.488984040915966 ] ], [ [ 258396.942189048917498, 3401273.617867474909872 ], [ 257347.34168202514411, 3401297.295453628525138 ], [ 256688.292904830828775, 3400361.928079965990037 ], [ 257737.931061829527607, 3400338.193207535427064 ], [ 258396.942189048917498, 3401273.617867474909872 ] ], [ [ 249854.581850871094503, 3396717.9371801991947 ], [ 249196.223685418488458, 3395783.096000308636576 ], [ 250246.06757372233551, 3395758.664757951162755 ], [ 250904.388050063600531, 3396693.562848633155227 ], [ 249854.581850871094503, 3396717.9371801991947 ] ], [ [ 250513.108290240925271, 3397652.837666429113597 ], [ 249463.335382342891535, 3397677.257780929561704 ], [ 250122.067801866156515, 3398612.160658596549183 ], [ 246972.835695508314529, 3398685.866698760539293 ], [ 245655.3127260854817, 3396816.461753689218313 ], [ 247754.956191083037993, 3396766.994011260103434 ], [ 247096.522606790618738, 3395832.266574405599385 ], [ 248146.375369278743165, 3395807.629938087891787 ], [ 248804.771237378037767, 3396742.414233372546732 ], [ 249854.581850871094503, 3396717.9371801991947 ], [ 250513.108290240925271, 3397652.837666429113597 ] ], [ [ 248950.382251895352965, 3401490.41865409584716 ], [ 247900.742624512960901, 3401515.021914028096944 ], [ 247241.35439029688132, 3400580.168937069363892 ], [ 246191.67253883954254, 3400604.932089327834547 ], [ 244873.325349516439019, 3398735.517985892482102 ], [ 246972.835695508314529, 3398685.866698760539293 ], [ 248950.382251895352965, 3401490.41865409584716 ] ], [ [ 246851.098558134690393, 3401539.728042045142502 ], [ 245801.450034301145934, 3401564.537041283212602 ], [ 246461.082135174598079, 3402499.335313063114882 ], [ 245411.46695055408054, 3402524.190160596277565 ], [ 243432.962062461476307, 3399720.144134525675327 ], [ 244482.690683690045262, 3399695.118371187709272 ], [ 245141.986216374236392, 3400629.798086646944284 ], [ 246191.67253883954254, 3400604.932089327834547 ], [ 246851.098558134690393, 3401539.728042045142502 ] ], [ [ 246046.665379444340942, 3395857.005912392400205 ], [ 244730.227608812070685, 3393987.841824825853109 ], [ 245780.160286863072542, 3393962.988984400872141 ], [ 247096.522606790618738, 3395832.266574405599385 ], [ 246046.665379444340942, 3395857.005912392400205 ] ], [ [ 252079.662671886268072, 3393816.027468411251903 ], [ 251421.959981874533696, 3392881.136589062400162 ], [ 252471.899231214250904, 3392856.945374959614128 ], [ 253129.56429510039743, 3393791.893107787705958 ], [ 252079.662671886268072, 3393816.027468411251903 ] ], [ [ 258507.053118888172321, 3390819.965514675714076 ], [ 259557.032908276130911, 3390796.481062036473304 ], [ 260214.060957753274124, 3391731.765249446034431 ], [ 259164.118680585583206, 3391755.192746753804386 ], [ 258507.053118888172321, 3390819.965514675714076 ] ], [ [ 252953.361199926934205, 3414705.466689529828727 ], [ 251904.229250561154913, 3414729.781751323956996 ], [ 251242.296080513420748, 3413794.378348620608449 ], [ 252291.465910205675755, 3413770.005607150495052 ], [ 252953.361199926934205, 3414705.466689529828727 ] ], [ [ 272886.067708644783124, 3414263.094032875727862 ], [ 271837.014766986540053, 3414285.447911477647722 ], [ 271175.799024217994884, 3413348.944107067771256 ], [ 272224.889591315877624, 3413326.532049650792032 ], [ 272886.067708644783124, 3414263.094032875727862 ] ], [ [ 287572.39986989623867, 3413960.973528364673257 ], [ 286523.40090816153679, 3413981.882983984891325 ], [ 285862.710711819003336, 3413044.56227571470663 ], [ 286911.747113185061608, 3413023.594271709676832 ], [ 287572.39986989623867, 3413960.973528364673257 ] ], [ [ 336212.566448711208068, 3412154.38138780137524 ], [ 337261.444448508089408, 3412138.360691018402576 ], [ 337920.315474581671879, 3413078.581525691784918 ], [ 336871.474290262151044, 3413094.542395424097776 ], [ 336212.566448711208068, 3412154.38138780137524 ] ], [ [ 336602.741420738515444, 3411198.204509138595313 ], [ 337651.653369445120916, 3411182.227027463261038 ], [ 338310.319598020752892, 3412122.443008399102837 ], [ 337261.444448508089408, 3412138.360691018402576 ], [ 336602.741420738515444, 3411198.204509138595313 ] ], [ [ 263170.740573610644788, 3412572.680898337624967 ], [ 265269.049872595875058, 3412526.399595424067229 ], [ 265930.285722816246562, 3413462.551964650861919 ], [ 262782.928708743536845, 3413531.954839500132948 ], [ 261460.398943942680489, 3411660.058435251936316 ], [ 262509.597533249296248, 3411636.705183629412204 ], [ 263170.740573610644788, 3412572.680898337624967 ] ], [ [ 261187.816147015459137, 3409764.935682399198413 ], [ 262237.085991296567954, 3409741.569958052132279 ], [ 261576.485353994095931, 3408805.718291396275163 ], [ 262625.788718434865586, 3408782.397898145020008 ], [ 264607.982244699727744, 3411590.308083154726774 ], [ 262509.597533249296248, 3411636.705183629412204 ], [ 261187.816147015459137, 3409764.935682399198413 ] ], [ [ 288587.5970574504463, 3406337.575558260083199 ], [ 289636.869066588347778, 3406316.919775338377804 ], [ 288977.823171357333194, 3405379.626983948517591 ], [ 291076.430726728867739, 3405338.507509170565754 ], [ 290417.627584237023257, 3404401.159925734624267 ], [ 291466.963124543544836, 3404380.696203670930117 ], [ 294103.035441993677523, 3408130.691764389164746 ], [ 293053.849036968313158, 3408150.921870016027242 ], [ 294372.968621681560762, 3410026.175246454775333 ], [ 297520.293332746252418, 3409966.145395453087986 ], [ 298179.993475727096666, 3410904.041490857955068 ], [ 295032.780620072968304, 3410963.895313918124884 ], [ 296352.909016664605588, 3412839.522605497855693 ], [ 294254.898472471744753, 3412879.705633461475372 ], [ 292934.620784594328143, 3411004.31310819927603 ], [ 293983.702507751295343, 3410984.052684801630676 ], [ 292004.659000011626631, 3408171.254946078639477 ], [ 290955.465312727261335, 3408191.690995156764984 ], [ 291615.01565876789391, 3409129.169582281261683 ], [ 290565.855634112725966, 3409149.650146098341793 ], [ 288587.5970574504463, 3406337.575558260083199 ] ], [ [ 325064.516980574117042, 3411380.754426549188793 ], [ 324015.569462604820728, 3411397.967893615365028 ], [ 324674.715081418165937, 3412337.408576945774257 ], [ 323625.801446196273901, 3412354.665605720598251 ], [ 322966.618861143419053, 3411415.284373328555375 ], [ 321917.665157823532354, 3411432.703867883887142 ], [ 322576.884722025948577, 3412372.025676059536636 ], [ 321527.964890549657866, 3412389.488790164701641 ], [ 320209.619830390089191, 3410511.027719506062567 ], [ 319160.622866637073457, 3410528.712566448375583 ], [ 318501.665419429074973, 3409589.636838272213936 ], [ 319550.699381425918546, 3409571.892729958053678 ], [ 318891.946989926917013, 3408632.821330653969198 ], [ 319941.0147693802719, 3408615.120954819023609 ], [ 321258.613642618176527, 3410493.445865129120648 ], [ 322307.604321695922408, 3410475.967001088894904 ], [ 321648.757830403046682, 3409536.713408699724823 ], [ 324795.822092086018529, 3409484.716631885617971 ], [ 325454.557743777811993, 3410424.14832891523838 ], [ 324405.576353900600225, 3410441.318235178012401 ], [ 325064.516980574117042, 3411380.754426549188793 ] ], [ [ 317965.876890559215099, 3405798.110125169623643 ], [ 320064.224725339037832, 3405762.663197178859264 ], [ 320722.362052664160728, 3406701.721594742499292 ], [ 319673.226670908741653, 3406719.334508567582816 ], [ 320990.079389812308364, 3408597.523515915498137 ], [ 319941.0147693802719, 3408615.120954819023609 ], [ 317965.876890559215099, 3405798.110125169623643 ] ], [ [ 316916.698185563029256, 3405815.987873322330415 ], [ 317574.946389460063074, 3406754.868982354179025 ], [ 316525.801452947838698, 3406772.790546820964664 ], [ 315209.399146540556103, 3404895.209629954770207 ], [ 317307.833722709561698, 3404859.233271398115903 ], [ 317965.876890559215099, 3405798.110125169623643 ], [ 316916.698185563029256, 3405815.987873322330415 ] ], [ [ 334114.801824825932272, 3412186.731831987388432 ], [ 332797.342831780551933, 3410306.842348465230316 ], [ 333846.300258988980204, 3410290.496234831865877 ], [ 335163.685580270306673, 3412170.505100775975734 ], [ 334114.801824825932272, 3412186.731831987388432 ] ], [ [ 331748.382473553065211, 3410323.291428790427744 ], [ 329773.343574502156116, 3407504.118039118126035 ], [ 331871.482361850677989, 3407470.965599569492042 ], [ 332529.58697947289329, 3408410.744896808173507 ], [ 331480.55589434778085, 3408427.210173815023154 ], [ 332797.342831780551933, 3410306.842348465230316 ], [ 331748.382473553065211, 3410323.291428790427744 ] ], [ [ 246383.656473759387154, 3412957.788595606572926 ], [ 245334.426739804039244, 3412982.734982625115663 ], [ 244672.64052063858253, 3412047.739309718366712 ], [ 245721.908196690637851, 3412022.735482718329877 ], [ 246383.656473759387154, 3412957.788595606572926 ] ], [ [ 252678.942236118629808, 3412810.277580737601966 ], [ 251629.738879368436756, 3412834.604752730578184 ], [ 250968.180109713895945, 3411899.264047475997359 ], [ 252017.421327393734828, 3411874.879278464708477 ], [ 252678.942236118629808, 3412810.277580737601966 ] ], [ [ 255826.526387967722258, 3412737.915202293079346 ], [ 254777.335972065397073, 3412761.932808582670987 ], [ 253454.613771997770527, 3410890.965892385691404 ], [ 254503.879825860960409, 3410866.832989223301411 ], [ 253842.808924622862833, 3409931.38223599921912 ], [ 254892.108475673565408, 3409907.294869798701257 ], [ 256214.34292706506676, 3411778.371826044283807 ], [ 255165.118981081293896, 3411802.343951735645533 ], [ 255826.526387967722258, 3412737.915202293079346 ] ], [ [ 327552.511362959630787, 3410390.117458895780146 ], [ 328601.483629015448969, 3410373.256490828469396 ], [ 329260.276584866107441, 3411312.930641334503889 ], [ 328211.341217196953949, 3411329.732079490087926 ], [ 327552.511362959630787, 3410390.117458895780146 ] ], [ [ 327942.858700847136788, 3409433.646448524668813 ], [ 328991.864844469120726, 3409416.828953629359603 ], [ 329650.452890549320728, 3410356.498497868422419 ], [ 328601.483629015448969, 3410373.256490828469396 ], [ 327942.858700847136788, 3409433.646448524668813 ] ], [ [ 328333.444825214799494, 3408477.22349192854017 ], [ 329382.484835610142909, 3408460.449469269253314 ], [ 330040.86798907991033, 3409400.114404948428273 ], [ 328991.864844469120726, 3409416.828953629359603 ], [ 328333.444825214799494, 3408477.22349192854017 ] ], [ [ 339749.468751092965249, 3411150.581018043216318 ], [ 338700.562473441241309, 3411166.352531102485955 ], [ 337383.807573473022785, 3409285.994881953578442 ], [ 338432.787387885386124, 3409270.103827842511237 ], [ 339749.468751092965249, 3411150.581018043216318 ] ], [ [ 350238.380119907029439, 3410998.529535990208387 ], [ 349189.501095386163797, 3411013.271323762368411 ], [ 348531.406774445669726, 3410072.461010557599366 ], [ 349580.322441706433892, 3410057.659156076610088 ], [ 350238.380119907029439, 3410998.529535990208387 ] ], [ [ 345384.643767056404613, 3410117.484203536994755 ], [ 344335.717368128360249, 3410132.697817381005734 ], [ 343677.644324606633745, 3409192.192431804258376 ], [ 344726.607413590070792, 3409176.918913677334785 ], [ 345384.643767056404613, 3410117.484203536994755 ] ], [ [ 351678.145883698656689, 3410028.364250611513853 ], [ 351020.329403468873352, 3409087.43897018302232 ], [ 352069.273816066444851, 3409072.885822840500623 ], [ 352727.05369518866064, 3410013.871195916552097 ], [ 351678.145883698656689, 3410028.364250611513853 ] ], [ [ 349971.382377981906757, 3409102.095022001303732 ], [ 348656.180062991799787, 3407220.5600456292741 ], [ 349705.200305343023501, 3407205.784026827197522 ], [ 351020.329403468873352, 3409087.43897018302232 ], [ 349971.382377981906757, 3409102.095022001303732 ] ], [ [ 315744.724513518856838, 3408686.540102240629494 ], [ 316793.80188038572669, 3408668.530902101192623 ], [ 317452.628274585236795, 3409607.483914701268077 ], [ 316403.58792850933969, 3409625.433961508795619 ], [ 315744.724513518856838, 3408686.540102240629494 ] ], [ [ 316135.143552915425971, 3407729.641290323343128 ], [ 317184.254710055538453, 3407711.675908522214741 ], [ 317842.876033057807945, 3408650.624645662494004 ], [ 316793.80188038572669, 3408668.530902101192623 ], [ 316135.143552915425971, 3407729.641290323343128 ] ], [ [ 248984.513390922831604, 3409093.602039738558233 ], [ 250033.868173722963547, 3409069.044805952813476 ], [ 250694.884293890296249, 3410004.26296972297132 ], [ 249645.567363187059527, 3410028.762769608292729 ], [ 248984.513390922831604, 3409093.602039738558233 ] ], [ [ 249373.020321022981079, 3408133.886531157419086 ], [ 250422.408553462038981, 3408109.374978478997946 ], [ 251083.21857052508858, 3409044.590659029316157 ], [ 250033.868173722963547, 3409069.044805952813476 ], [ 249373.020321022981079, 3408133.886531157419086 ] ], [ [ 301837.425683445762843, 3407034.496754696127027 ], [ 303155.538709354295861, 3408910.68095652712509 ], [ 297909.899683833064046, 3409008.449153358116746 ], [ 297250.573049442027695, 3408070.619244543369859 ], [ 301447.240128398640081, 3407991.963983416557312 ], [ 300788.230487997818273, 3407053.961886161006987 ], [ 301837.425683445762843, 3407034.496754696127027 ] ], [ [ 298689.829585130908526, 3407093.200922740157694 ], [ 298030.913662771228701, 3406155.378509909380227 ], [ 299080.153078885399736, 3406135.648938064463437 ], [ 298421.442486824293155, 3405197.830277696251869 ], [ 297372.165867398958653, 3405217.618385495152324 ], [ 296713.586201480939053, 3404279.92047007009387 ], [ 298812.210284838161897, 3404240.330138099845499 ], [ 300788.230487997818273, 3407053.961886161006987 ], [ 298689.829585130908526, 3407093.200922740157694 ] ], [ [ 245175.423212100286037, 3408232.963379968423396 ], [ 246224.829152997932397, 3408208.039565781131387 ], [ 246885.790593786397949, 3409143.025780368130654 ], [ 245836.422542671469273, 3409167.892293482553214 ], [ 245175.423212100286037, 3408232.963379968423396 ] ], [ [ 245564.035990764154121, 3407273.11299879103899 ], [ 246613.475350265216548, 3407248.234981751535088 ], [ 247274.230639185319887, 3408183.218821679707617 ], [ 246224.829152997932397, 3408208.039565781131387 ], [ 245564.035990764154121, 3407273.11299879103899 ] ], [ [ 260527.177805826999247, 3408829.141738114412874 ], [ 259477.86605554856942, 3408852.668241270352155 ], [ 258817.358237779233605, 3407916.992371213622391 ], [ 259866.707702372950735, 3407893.408226323779672 ], [ 260527.177805826999247, 3408829.141738114412874 ] ], [ [ 345509.103322246111929, 3407265.505224579013884 ], [ 344460.072342748404481, 3407280.692664738744497 ], [ 343802.576587557967287, 3406340.262077792081982 ], [ 344851.644221029360779, 3406325.014843906741589 ], [ 345509.103322246111929, 3407265.505224579013884 ] ], [ [ 252521.171893360704416, 3408060.661042741499841 ], [ 251471.792404775886098, 3408084.966483373660594 ], [ 250811.188473719666945, 3407149.753289996180683 ], [ 251860.605767968518194, 3407125.390445539727807 ], [ 252521.171893360704416, 3408060.661042741499841 ] ], [ [ 261305.167522242438281, 3406910.760612545534968 ], [ 260645.109277571726125, 3405975.032584792003036 ], [ 261694.521489720704267, 3405951.642243511043489 ], [ 263014.730876450892538, 3407823.273960819933563 ], [ 260916.05295141832903, 3407869.927111609838903 ], [ 260255.788785912009189, 3406934.196339960675687 ], [ 261305.167522242438281, 3406910.760612545534968 ] ], [ [ 259206.405838992126519, 3406957.735068314708769 ], [ 258546.27221802045824, 3406022.122185440734029 ], [ 259595.692859810165828, 3405998.525897776242346 ], [ 260255.788785912009189, 3406934.196339960675687 ], [ 259206.405838992126519, 3406957.735068314708769 ] ], [ [ 321113.393891957006417, 3405745.09401284577325 ], [ 322162.559915954945609, 3405727.627678645774722 ], [ 322820.62339028401766, 3406666.804402063600719 ], [ 321771.494286320114043, 3406684.211559982504696 ], [ 321113.393891957006417, 3405745.09401284577325 ] ], [ [ 321504.664492341922596, 3404788.514498373959213 ], [ 323603.060980642330833, 3404753.772048031911254 ], [ 321630.604382342775352, 3401936.45865118317306 ], [ 322679.90858007298084, 3401919.06437428528443 ], [ 321365.851506066333968, 3400041.054327162448317 ], [ 322415.226282486575656, 3400023.644818598870188 ], [ 321758.486672499857377, 3399084.675775271374732 ], [ 322807.89515253866557, 3399067.310017477720976 ], [ 323464.597930903546512, 3400006.337988832965493 ], [ 324513.966469788807444, 3399989.133835668675601 ], [ 323857.300510120927356, 3399050.04690956370905 ], [ 324906.702763722045347, 3399032.886449337005615 ], [ 324250.241654602461495, 3398093.803907798603177 ], [ 326349.110489786602557, 3398059.672987496946007 ], [ 325692.890987158054486, 3397120.535907057579607 ], [ 326742.357563571771607, 3397103.565416890662163 ], [ 327398.540305981121492, 3398042.761450093705207 ], [ 329497.390828015631996, 3398009.246210052631795 ], [ 330153.668118871981278, 3398948.623787778429687 ], [ 331203.052136698679533, 3398932.079168411437422 ], [ 332516.037338377791457, 3400811.143657797947526 ], [ 331466.726780898752622, 3400827.569938578177243 ], [ 332123.5081469056895, 3401767.138671393040568 ], [ 334222.052855100191664, 3401734.507325140759349 ], [ 334878.928776208311319, 3402674.258574342820793 ], [ 335928.160031529841945, 3402658.156328078825027 ], [ 337899.685686367040034, 3405477.973206792958081 ], [ 335801.440630034194328, 3405509.923706364352256 ], [ 336459.025316912680864, 3406449.872155599761754 ], [ 334360.84223980474053, 3406482.114914819598198 ], [ 333703.184034722624347, 3405542.285487213172019 ], [ 330555.77718380530132, 3405591.59934684401378 ], [ 331213.545762435300276, 3406531.250443009659648 ], [ 327017.108877457329072, 3406598.204494887497276 ], [ 326359.192954095313326, 3405658.790799087844789 ], [ 322162.559915954945609, 3405727.627678645774722 ], [ 321504.664492341922596, 3404788.514498373959213 ] ], [ [ 330546.81157084001461, 3397992.642503160517663 ], [ 332645.644112548674457, 3397959.742905099876225 ], [ 333301.811266994918697, 3398899.297825747169554 ], [ 331203.052136698679533, 3398932.079168411437422 ], [ 330546.81157084001461, 3397992.642503160517663 ] ], [ [ 255008.831577312608715, 3407052.920051032211632 ], [ 253959.427301357063698, 3407076.973829129710793 ], [ 253299.105004105542321, 3406141.648349220864475 ], [ 254348.547042269347003, 3406117.537142982706428 ], [ 255008.831577312608715, 3407052.920051032211632 ] ], [ [ 258157.018663080612896, 3406981.376800592988729 ], [ 257107.627239768160507, 3407005.121539794374257 ], [ 256447.418188693816774, 3406069.623696802649647 ], [ 257496.847333786776289, 3406045.821450780611485 ], [ 258157.018663080612896, 3406981.376800592988729 ] ], [ [ 298936.536109720647801, 3401387.728948044124991 ], [ 299985.947240571142174, 3401368.118293840438128 ], [ 301301.894245903706178, 3403243.787778191268444 ], [ 302351.227602844592184, 3403224.396837129723281 ], [ 301035.354850211180747, 3401348.610396597534418 ], [ 304183.556736442260444, 3401290.703221944160759 ], [ 303525.983824371534865, 3400352.728020040784031 ], [ 304575.414602819248103, 3400333.572623275220394 ], [ 305890.654395540303085, 3402209.702468574978411 ], [ 304841.297758516506292, 3402228.740805427543819 ], [ 305499.206888117012568, 3403166.840849860105664 ], [ 303400.557483230950311, 3403205.108703683130443 ], [ 304058.708914937451482, 3404143.154036086518317 ], [ 305107.998232140089385, 3404124.027320720255375 ], [ 305766.280664610210806, 3405062.19383143261075 ], [ 304717.028455762134399, 3405081.261879398021847 ], [ 305375.51610321883345, 3406019.432313142344356 ], [ 304326.297587127890438, 3406038.544524115044624 ], [ 303667.772814961965196, 3405100.432785693090409 ], [ 302618.513723784883041, 3405119.706552752293646 ], [ 303277.075633740518242, 3406057.759622431360185 ], [ 301178.621341403922997, 3406096.498490855563432 ], [ 299861.517011511023156, 3404220.689239477273077 ], [ 300910.82021942420397, 3404201.151182435452938 ], [ 300252.55739397124853, 3403263.281529326923192 ], [ 299203.217028603481594, 3403282.87809300981462 ], [ 298545.085170343401842, 3402345.129160183481872 ], [ 299594.462689912936185, 3402325.474144303705543 ], [ 298936.536109720647801, 3401387.728948044124991 ] ], [ [ 251200.207905815186678, 3406190.179743286222219 ], [ 248051.829427237447817, 3406263.749334638938308 ], [ 247391.486390755540924, 3405328.770256150513887 ], [ 250539.978309211990563, 3405255.028857566881925 ], [ 251200.207905815186678, 3406190.179743286222219 ] ], [ [ 263133.556319586816244, 3404969.32999026030302 ], [ 262084.114825279015349, 3404992.572007089853287 ], [ 261424.46837093756767, 3404056.849478435236961 ], [ 262473.947500357637182, 3404033.549905848689377 ], [ 263133.556319586816244, 3404969.32999026030302 ] ], [ [ 250929.443275633908343, 3404295.505926395300776 ], [ 249879.916980475012679, 3404319.937710030004382 ], [ 249220.023921906104079, 3403384.906222393270582 ], [ 250269.587997415481368, 3403360.41722579440102 ], [ 250929.443275633908343, 3404295.505926395300776 ] ], [ [ 256177.009420728776604, 3404174.891099442262203 ], [ 255127.504841029236559, 3404198.808196229394525 ], [ 254467.800549090636196, 3403263.490381787531078 ], [ 255517.34284162154654, 3403239.515941007994115 ], [ 256177.009420728776604, 3404174.891099442262203 ] ], [ [ 310871.927638074732386, 3400220.797239168081433 ], [ 311921.334710421971977, 3400202.360818970017135 ], [ 312578.611435584258288, 3401140.804787722416222 ], [ 314677.341744225297589, 3401104.35750741045922 ], [ 315334.712629853514954, 3402042.981860217172652 ], [ 316384.035938741406426, 3402024.971129905432463 ], [ 317041.537953312625177, 3402963.717366329394281 ], [ 313893.669134032097645, 3403017.881256185472012 ], [ 313236.056244290899485, 3402079.311573610641062 ], [ 312186.723130710888654, 3402097.630561299622059 ], [ 310871.927638074732386, 3400220.797239168081433 ] ], [ [ 314020.138935462164227, 3400165.796080673579127 ], [ 315069.536125092476141, 3400147.667757936753333 ], [ 315726.701995157869533, 3401086.287953647319227 ], [ 314677.341744225297589, 3401104.35750741045922 ], [ 314020.138935462164227, 3400165.796080673579127 ] ], [ [ 319140.101043677015696, 3402928.121982979122549 ], [ 318090.821098449872807, 3402945.868288512341678 ], [ 317433.356016300618649, 3402007.063147464301437 ], [ 318482.672880986938253, 3401989.2579106236808 ], [ 319140.101043677015696, 3402928.121982979122549 ] ], [ [ 296435.096120058500674, 3394785.313577404711396 ], [ 297091.771547093521804, 3395722.741782041266561 ], [ 298141.398255226318724, 3395702.986916532274336 ], [ 298798.204724807001185, 3396640.535016431007534 ], [ 297748.615108751924708, 3396660.231730636674911 ], [ 298405.626802578684874, 3397597.783502083737403 ], [ 297356.070726613630541, 3397617.524658971466124 ], [ 298013.287661847076379, 3398555.08009884878993 ], [ 296963.76513699744828, 3398574.865699682850391 ], [ 297621.187330797722097, 3399512.424804884474725 ], [ 296571.698368102079257, 3399532.254850909113884 ], [ 297229.325837630080059, 3400469.817618327215314 ], [ 294080.948881469841581, 3400529.74931200966239 ], [ 294738.856005011824891, 3401467.199184432625771 ], [ 292639.994345460552722, 3401507.550909709185362 ], [ 290666.554180378676392, 3398695.735670078545809 ], [ 292765.639062008529436, 3398655.034926699008793 ], [ 292108.236370990169235, 3397717.770255832932889 ], [ 293157.810500532912556, 3397697.515819674357772 ], [ 291843.583913483947981, 3395823.055088372435421 ], [ 296042.141257445095107, 3395742.599242760799825 ], [ 295385.428728426690213, 3394805.22910862416029 ], [ 296435.096120058500674, 3394785.313577404711396 ] ], [ [ 289617.00621383782709, 3398716.240083245560527 ], [ 290274.68867267400492, 3399653.392102686222643 ], [ 289225.174231123412028, 3399673.941164503805339 ], [ 289883.062080401927233, 3400611.096651333849877 ], [ 288833.581174970022403, 3400631.690363044384867 ], [ 287517.899136882741004, 3398757.557005541864783 ], [ 285418.777078210376203, 3398799.284739962778986 ], [ 286734.608188644982874, 3400673.186056972015649 ], [ 285685.116070823394693, 3400694.088044454809278 ], [ 284369.210384526872076, 3398820.302668333984911 ], [ 283319.63988996448461, 3398841.423307699151337 ], [ 282661.902007336262614, 3397904.680352372583002 ], [ 284761.113775201898534, 3397862.426033043302596 ], [ 284103.618643563531805, 3396925.628522184677422 ], [ 285153.256091573857702, 3396904.597525483928621 ], [ 284495.966397337557282, 3395967.80332507006824 ], [ 285545.637305327807553, 3395946.81714774062857 ], [ 284231.636929651605897, 3394073.296443271450698 ], [ 285281.37851725902874, 3394052.297332552261651 ], [ 286595.304428194474895, 3395925.933594076894224 ], [ 287644.967784443870187, 3395905.152661425992846 ], [ 288302.14576728863176, 3396842.120441399514675 ], [ 289351.768164754961617, 3396821.500039897859097 ], [ 290666.554180378676392, 3398695.735670078545809 ], [ 289617.00621383782709, 3398716.240083245560527 ] ], [ [ 283977.545947861275636, 3399778.227429264225066 ], [ 282928.008946785586886, 3399799.392891883850098 ], [ 282270.065576045948546, 3398862.646660738158971 ], [ 283319.63988996448461, 3398841.423307699151337 ], [ 283977.545947861275636, 3399778.227429264225066 ] ], [ [ 283181.891530422493815, 3394094.398124768398702 ], [ 282525.106362583348528, 3393157.786967852152884 ], [ 283574.889002691197675, 3393136.62761554075405 ], [ 284231.636929651605897, 3394073.296443271450698 ], [ 283181.891530422493815, 3394094.398124768398702 ] ], [ [ 284624.667817919747904, 3393115.570807574316859 ], [ 285674.442826806218363, 3393094.616541276685894 ], [ 284361.600371731503401, 3391221.231025652494282 ], [ 286461.287803617073223, 3391179.399378889240324 ], [ 285805.193208342418075, 3390242.68275328585878 ], [ 286855.068414329201914, 3390221.863011816050857 ], [ 286199.179152742610313, 3389285.149692892096937 ], [ 287249.087735551176593, 3389264.374790156725794 ], [ 285937.888015667907894, 3387391.015617427416146 ], [ 289087.813943839049898, 3387328.959925713948905 ], [ 289743.218371052644216, 3388265.781762870028615 ], [ 288693.283926356874872, 3388286.307043934240937 ], [ 290004.671475237933919, 3390160.018487113993615 ], [ 291054.531705062778201, 3390139.608536716550589 ], [ 291710.440606972551905, 3391076.613630092702806 ], [ 292760.260040121793281, 3391056.363893943373114 ], [ 294072.508093814132735, 3392930.673594280611724 ], [ 293022.762868391058873, 3392950.807621961925179 ], [ 293679.176222998357844, 3393887.996677540708333 ], [ 290530.029929429292679, 3393948.840247760061175 ], [ 288560.960126694641076, 3391137.977655350696295 ], [ 287511.125844481866807, 3391158.637278037611395 ], [ 288167.351440771191847, 3392095.47256990801543 ], [ 286067.745931684505194, 3392136.983889379538596 ], [ 287380.850331720605027, 3394010.60681280028075 ], [ 285281.37851725902874, 3394052.297332552261651 ], [ 284624.667817919747904, 3393115.570807574316859 ] ], [ [ 291448.684586958086584, 3389182.299379084724933 ], [ 293548.460784756927751, 3389141.876157008111477 ], [ 294859.887927322997712, 3391016.171814593952149 ], [ 296959.501299427240156, 3390976.389575506094843 ], [ 296303.777760899276473, 3390039.095352081116289 ], [ 298403.45081953459885, 3389999.607095366343856 ], [ 297747.969467387651093, 3389062.258577018044889 ], [ 294598.34339167852886, 3389121.818157808855176 ], [ 293942.919095099670812, 3388184.704495545476675 ], [ 294992.835105327540077, 3388164.691130067687482 ], [ 294337.615993205225095, 3387227.580974563024938 ], [ 295387.565395732177421, 3387207.612241331487894 ], [ 296042.747484396561049, 3388144.780140021815896 ], [ 297092.656250896747224, 3388124.971522878855467 ], [ 295127.725439970730804, 3385313.478361358866096 ], [ 296177.741594141116366, 3385293.598888130392879 ], [ 294868.702415174630005, 3383419.460783959832042 ], [ 293818.612289424345363, 3383439.455471243243665 ], [ 293164.307938543497585, 3382502.535556848160923 ], [ 295264.558497523830738, 3382462.53333896631375 ], [ 294610.496241752349306, 3381525.559370306320488 ], [ 296710.806147161289118, 3381485.850900489836931 ], [ 297364.794513410481159, 3382422.939945818390697 ], [ 298414.907114273170009, 3382403.296552217565477 ], [ 299069.026692174491473, 3383340.504361931700259 ], [ 302219.232384102244396, 3383282.36041875788942 ], [ 302873.409380437806249, 3384219.802710668649524 ], [ 300773.349591757752933, 3384258.34761249134317 ], [ 301427.768513926363084, 3385195.73579606320709 ], [ 299327.768441800028086, 3385234.574188068043441 ], [ 300637.258394059259444, 3387109.303720553871244 ], [ 298537.391923234623391, 3387148.320109826046973 ], [ 299192.463020496652462, 3388085.661397243384272 ], [ 298142.561423401581123, 3388105.265276120509952 ], [ 300108.894466468831524, 3390917.484623195137829 ], [ 299059.100304861844052, 3390937.017156463116407 ], [ 300370.903665202087723, 3392812.022221377119422 ], [ 298271.452785664587282, 3392851.162639978341758 ], [ 298927.680728444305714, 3393788.641638341825455 ], [ 296828.289712673635222, 3393828.076032587327063 ], [ 296171.987644634209573, 3392890.713090914301574 ], [ 295122.249679716303945, 3392910.642084779683501 ], [ 293810.075807385670487, 3391036.216622963547707 ], [ 292760.260040121793281, 3391056.363893943373114 ], [ 291448.684586958086584, 3389182.299379084724933 ] ], [ [ 292892.99943513981998, 3388204.82023900328204 ], [ 292237.70623656664975, 3387267.825490329880267 ], [ 293287.662946346332319, 3387247.652056711725891 ], [ 293942.919095099670812, 3388184.704495545476675 ], [ 292892.99943513981998, 3388204.82023900328204 ] ], [ [ 290013.90450570685789, 3382563.305474630557001 ], [ 289359.657295343582518, 3381626.618733703158796 ], [ 291460.003969893557951, 3381585.888428892474622 ], [ 290805.998939511890057, 3380649.147660747170448 ], [ 291856.203697847027797, 3380628.878399047534913 ], [ 293164.307938543497585, 3382502.535556848160923 ], [ 290013.90450570685789, 3382563.305474630557001 ] ], [ [ 302208.472200232441537, 3390878.726896763779223 ], [ 302864.17882520519197, 3391816.372697381768376 ], [ 301814.428700952557847, 3391835.642272118013352 ], [ 302470.340431546210311, 3392773.291815221309662 ], [ 301420.623803254507948, 3392792.605767977889627 ], [ 300108.894466468831524, 3390917.484623195137829 ], [ 302208.472200232441537, 3390878.726896763779223 ] ], [ [ 301552.933696182095446, 3389941.142880056519061 ], [ 302602.754272970312741, 3389921.859643636737019 ], [ 301292.255562769190874, 3388046.7607331732288 ], [ 302342.146545111725572, 3388027.463943036273122 ], [ 301687.186320985318162, 3387089.949027978349477 ], [ 302737.11073371139355, 3387070.696666824631393 ], [ 303392.03402636712417, 3388008.269510892219841 ], [ 304441.918025119288359, 3387989.17743429960683 ], [ 305096.972514656605199, 3388926.869998583104461 ], [ 306146.816140922659542, 3388907.93831143155694 ], [ 306802.001831360743381, 3389845.750809461344033 ], [ 304702.384964787459467, 3389883.60040910448879 ], [ 304047.125437555892859, 3388945.904065449722111 ], [ 302997.274891049833968, 3388965.040514448657632 ], [ 304308.035938425571658, 3390840.378940739668906 ], [ 302208.472200232441537, 3390878.726896763779223 ], [ 301552.933696182095446, 3389941.142880056519061 ] ], [ [ 303787.031650825345423, 3387051.546634646132588 ], [ 304836.949090917478316, 3387032.498929008375853 ], [ 305491.798559945367742, 3387970.187710830476135 ], [ 304441.918025119288359, 3387989.17743429960683 ], [ 303787.031650825345423, 3387051.546634646132588 ] ], [ [ 304182.267736333131324, 3386094.871887374203652 ], [ 305232.218606872367673, 3386075.86855122121051 ], [ 305886.863072578737047, 3387013.553547489456832 ], [ 304836.949090917478316, 3387032.498929008375853 ], [ 304182.267736333131324, 3386094.871887374203652 ] ], [ [ 307851.805126591701992, 3389826.979616704396904 ], [ 308507.122021904680878, 3390764.912262170575559 ], [ 307457.355628758552484, 3390783.625283644534647 ], [ 306802.001831360743381, 3389845.750809461344033 ], [ 307851.805126591701992, 3389826.979616704396904 ] ], [ [ 307196.656334932544269, 3388889.109001587610692 ], [ 310346.15650914714206, 3388833.235312042757869 ], [ 309691.286431658896618, 3387895.25230013532564 ], [ 310741.149925600737333, 3387876.774306350387633 ], [ 312706.153904493199661, 3390691.084434077143669 ], [ 313755.90354542795103, 3390672.883529780432582 ], [ 314411.204210572061129, 3391611.16981135122478 ], [ 313361.491409846115857, 3391629.31235697446391 ], [ 314016.997000531293452, 3392567.602684932760894 ], [ 310867.949331089563202, 3392622.469924615230411 ], [ 310212.333131624443922, 3391684.354675581213087 ], [ 311262.055888919392601, 3391665.904786766506732 ], [ 309951.40153376723174, 3389789.744433390907943 ], [ 307851.805126591701992, 3389826.979616704396904 ], [ 307196.656334932544269, 3388889.109001587610692 ] ], [ [ 311523.733623378910124, 3393560.647494903765619 ], [ 312573.382612098415848, 3393542.314326364547014 ], [ 313229.29810541740153, 3394480.612738521769643 ], [ 311130.070589691749774, 3394517.264724761713296 ], [ 309818.260113502503373, 3392640.963959461543709 ], [ 310867.949331089563202, 3392622.469924615230411 ], [ 311523.733623378910124, 3393560.647494903765619 ] ], [ [ 315461.969185752153862, 3399191.026093828957528 ], [ 314412.538331064453814, 3399209.110463213641196 ], [ 313755.708615599665791, 3398270.615989995189011 ], [ 314805.176389291533269, 3398252.47293385816738 ], [ 315461.969185752153862, 3399191.026093828957528 ] ], [ [ 281220.487424284452572, 3398883.972730147652328 ], [ 280170.905416200461332, 3398905.401518632192165 ], [ 279513.055564673151821, 3397968.831992503721267 ], [ 280562.67490899754921, 3397947.345420700963587 ], [ 281220.487424284452572, 3398883.972730147652328 ] ], [ [ 319526.902085387846455, 3394373.117426128592342 ], [ 318477.309498096641619, 3394390.777007529512048 ], [ 320445.511620005476288, 3397206.927216942887753 ], [ 318346.537834815797396, 3397242.201916123740375 ], [ 319003.015020827646367, 3398180.927075635176152 ], [ 316904.102160729118623, 3398216.494736041873693 ], [ 314934.953604699461721, 3395400.860009966418147 ], [ 315984.522259389574174, 3395382.848889873828739 ], [ 315328.512427821522579, 3394444.370872240513563 ], [ 317427.713705086382106, 3394408.539107508957386 ], [ 316771.945638815232087, 3393470.006662500090897 ], [ 318871.207654704689048, 3393434.467804649844766 ], [ 319526.902085387846455, 3394373.117426128592342 ] ], [ [ 314148.551670563989319, 3397313.982570381835103 ], [ 313099.046981213497929, 3397332.184258860070258 ], [ 312442.55343042302411, 3396393.815190452151 ], [ 313492.09503209090326, 3396375.554924020543694 ], [ 314148.551670563989319, 3397313.982570381835103 ] ], [ [ 274126.705322079069447, 3393330.753708048723638 ], [ 275176.519228422024753, 3393308.773903116118163 ], [ 274519.641204713378102, 3392372.626180985942483 ], [ 277669.171111469855532, 3392307.129777652211487 ], [ 278325.937182706897147, 3393243.449874497950077 ], [ 277276.135140203870833, 3393265.121989112347364 ], [ 277933.106711597298272, 3394201.445188232697546 ], [ 278982.871446807519533, 3394179.830612367019057 ], [ 279639.97390136087779, 3395116.27206958597526 ], [ 278590.246476574684493, 3395137.829052553512156 ], [ 279905.030577678175177, 3397010.779090318828821 ], [ 278855.373900246573612, 3397032.323391201440245 ], [ 278197.860425332095474, 3396095.875636184122413 ], [ 277148.16250324487919, 3396117.580254526343197 ], [ 276490.779880079207942, 3395181.250861598178744 ], [ 277540.515142319432925, 3395159.488648973871022 ], [ 276883.338053617859259, 3394223.162351158447564 ], [ 274783.788895245408639, 3394266.904449231922626 ], [ 274126.705322079069447, 3393330.753708048723638 ] ], [ [ 299584.076801039744169, 3394726.182385781314224 ], [ 301683.379528630292043, 3394687.274401395116001 ], [ 302339.869642817066051, 3395624.993356625083834 ], [ 301290.257075635832734, 3395644.337866247631609 ], [ 301946.95234775688732, 3396582.060579339507967 ], [ 300897.373325806867797, 3396601.449443263933063 ], [ 299584.076801039744169, 3394726.182385781314224 ] ], [ [ 328185.340339488931932, 3396130.681651099119335 ], [ 327135.84312526579015, 3396147.505924130324274 ], [ 325824.39132641791366, 3394269.312703213188797 ], [ 326873.96199235599488, 3394252.370689806062728 ], [ 328185.340339488931932, 3396130.681651099119335 ] ], [ [ 238038.970720069279196, 3395098.842368096113205 ], [ 236989.039271917077713, 3395124.4600028549321 ], [ 236330.602249698946252, 3394190.360306279733777 ], [ 237380.571530592045747, 3394164.686156320851296 ], [ 238038.970720069279196, 3395098.842368096113205 ] ], [ [ 242238.650432266353164, 3394997.398807448800653 ], [ 240922.322741064941511, 3393128.692489386536181 ], [ 241972.306767972739181, 3393103.475090133491904 ], [ 243288.558932795567671, 3394972.294645770918578 ], [ 242238.650432266353164, 3394997.398807448800653 ] ], [ [ 239872.334134455537423, 3393154.012524566613138 ], [ 239214.384966287645511, 3392219.803923656232655 ], [ 240264.411345345317386, 3392194.427376750390977 ], [ 240922.322741064941511, 3393128.692489386536181 ], [ 239872.334134455537423, 3393154.012524566613138 ] ], [ [ 308374.766603810770903, 3393616.262043903116137 ], [ 307325.104184384574182, 3393635.005249210633337 ], [ 306669.172217868734151, 3392697.060961742885411 ], [ 307718.871575429919176, 3392678.259475657250732 ], [ 308374.766603810770903, 3393616.262043903116137 ] ], [ [ 321364.660705821996089, 3392443.165541716385633 ], [ 320315.004083066480234, 3392460.634889810346067 ], [ 319659.719358793110587, 3391521.993684141896665 ], [ 317560.322996391914785, 3391557.356823944021016 ], [ 316905.132773832301609, 3390618.895306383725256 ], [ 321104.059817599132657, 3390548.344732352532446 ], [ 321759.102965142170433, 3391487.040271455887705 ], [ 320709.412747200927697, 3391504.465763024054468 ], [ 321364.660705821996089, 3392443.165541716385633 ] ], [ [ 237772.343107991968282, 3393204.960515596903861 ], [ 235672.333540314459242, 3393256.319089124910533 ], [ 235014.233146039419807, 3392322.336274045985192 ], [ 237114.318354050861672, 3392270.864859799854457 ], [ 237772.343107991968282, 3393204.960515596903861 ] ], [ [ 272813.042794080975, 3391458.633421145845205 ], [ 269663.352835067897104, 3391525.53221561992541 ], [ 269006.66179102321621, 3390589.734247540123761 ], [ 272156.463844026788138, 3390522.663719167467207 ], [ 272813.042794080975, 3391458.633421145845205 ] ], [ [ 248007.01715009676991, 3391060.449564778711647 ], [ 246956.989337526320014, 3391085.061989415436983 ], [ 246299.678535574901616, 3390150.518429367337376 ], [ 247349.744006028398871, 3390125.849391718395054 ], [ 248007.01715009676991, 3391060.449564778711647 ] ], [ [ 253257.089706298982492, 3390938.925753856543452 ], [ 252207.084000766451936, 3390963.025418060366064 ], [ 251549.961352717858972, 3390028.198531134054065 ], [ 252600.004648423986509, 3390004.042122971732169 ], [ 253257.089706298982492, 3390938.925753856543452 ] ], [ [ 235798.773783376556821, 3390402.848768813535571 ], [ 234748.657895051001105, 3390428.645869636442512 ], [ 234091.100278152967803, 3389494.781551730819046 ], [ 235141.253971201833338, 3389468.928179175592959 ], [ 235798.773783376556821, 3390402.848768813535571 ] ], [ [ 258900.173107915674336, 3389861.256416688673198 ], [ 258243.481559020263376, 3388926.091235710773617 ], [ 260343.578343153116293, 3388879.202246681321412 ], [ 261000.194920050562359, 3389814.481201183982193 ], [ 258900.173107915674336, 3389861.256416688673198 ] ], [ [ 257193.426754221873125, 3388949.689437070861459 ], [ 256536.865955941437278, 3388014.640436279587448 ], [ 255486.769334543321747, 3388038.397880063392222 ], [ 254830.339281733584357, 3387103.464847824536264 ], [ 256930.603224998019869, 3387055.938956443220377 ], [ 256274.416444557689829, 3386120.951703106518835 ], [ 257324.579428135271883, 3386097.285676660947502 ], [ 258637.046277102257591, 3387967.432892660610378 ], [ 257586.95826393464813, 3387990.985441481228918 ], [ 258243.481559020263376, 3388926.091235710773617 ], [ 257193.426754221873125, 3388949.689437070861459 ] ], [ [ 270450.085797040257603, 3389609.065773458220065 ], [ 269400.114423979190178, 3389631.479805896990001 ], [ 268743.797197637264617, 3388695.744705959223211 ], [ 269793.805929197522346, 3388673.273536941036582 ], [ 270450.085797040257603, 3389609.065773458220065 ] ], [ [ 271893.811179812473711, 3388628.63851631199941 ], [ 270843.810583733080421, 3388650.904808006715029 ], [ 270187.736278258962557, 3387715.115442963317037 ], [ 271237.774203008390032, 3387692.79201600747183 ], [ 271893.811179812473711, 3388628.63851631199941 ] ], [ [ 243935.416500258201268, 3388306.492268078960478 ], [ 242885.266668698983267, 3388331.479339063633233 ], [ 242228.385396224417491, 3387397.224822516553104 ], [ 243278.5729040367587, 3387372.181352498009801 ], [ 243935.416500258201268, 3388306.492268078960478 ] ], [ [ 283837.918462689733133, 3387432.897922660689801 ], [ 283182.496568946400657, 3386496.424400532618165 ], [ 284232.52040367590962, 3386475.374637400731444 ], [ 284887.905144990072586, 3387411.905583868734539 ], [ 283837.918462689733133, 3387432.897922660689801 ] ], [ [ 278982.362609294359572, 3386581.646965867374092 ], [ 278326.960167097160593, 3385645.463241376448423 ], [ 279377.036689725005999, 3385623.946803063619882 ], [ 278721.839643247425556, 3384687.766154535580426 ], [ 279771.949439283809625, 3384666.294809425249696 ], [ 279116.957771355751902, 3383730.117240525316447 ], [ 280167.100829662405886, 3383708.690987029112875 ], [ 279512.314523103646934, 3382772.516501425765455 ], [ 282662.831780251348391, 3382708.679736940190196 ], [ 282008.325077876681462, 3381772.394002873450518 ], [ 284108.724795020534657, 3381730.232910712715238 ], [ 284763.157290539005771, 3382666.633085918147117 ], [ 283712.996455756016076, 3382687.605294025037438 ], [ 284367.634229699382558, 3383624.008666198235005 ], [ 282267.375259077583905, 3383666.145293388515711 ], [ 282922.255458297324367, 3384602.494570143986493 ], [ 281872.157328196102753, 3384623.659019940067083 ], [ 283182.496568946400657, 3386496.424400532618165 ], [ 278982.362609294359572, 3386581.646965867374092 ] ], [ [ 277671.725921341101639, 3384709.33980352897197 ], [ 277016.659874433767982, 3383773.276574493385851 ], [ 278066.810792487347499, 3383751.645768766757101 ], [ 278721.839643247425556, 3384687.766154535580426 ], [ 277671.725921341101639, 3384709.33980352897197 ] ], [ [ 267431.667417530436069, 3386824.454207520931959 ], [ 265331.488153090584092, 3386869.931941755581647 ], [ 264675.600865289219655, 3385934.490258171223104 ], [ 266775.854868510505185, 3385888.898653521668166 ], [ 267431.667417530436069, 3386824.454207520931959 ] ], [ [ 275832.221067123406101, 3386646.638654353562742 ], [ 274782.165963909239508, 3386668.507282198872417 ], [ 274126.61457888095174, 3385732.552352400030941 ], [ 275176.706937797018327, 3385710.626565453596413 ], [ 275832.221067123406101, 3386646.638654353562742 ] ], [ [ 287122.609650641214103, 3384518.85967461951077 ], [ 286072.526814537588507, 3384539.614968283101916 ], [ 285417.757964520715177, 3383603.09374581463635 ], [ 286467.877890507574193, 3383582.281084019690752 ], [ 285813.314303228748031, 3382645.763109956402332 ], [ 286863.467512460891157, 3382624.995363480877131 ], [ 288172.68870977894403, 3384498.20666335709393 ], [ 289222.764010565064382, 3384477.655931869056076 ], [ 289877.589794691186398, 3385414.410140607971698 ], [ 288827.551560504012741, 3385434.903397045098245 ], [ 289482.582576026790775, 3386371.660957298707217 ], [ 288432.577679742069449, 3386392.19901739154011 ], [ 287122.609650641214103, 3384518.85967461951077 ] ], [ [ 286209.109170739655383, 3381688.480641366448253 ], [ 287259.295652163971681, 3381667.757808601018041 ], [ 287913.616936864098534, 3382604.329843853134662 ], [ 286863.467512460891157, 3382624.995363480877131 ], [ 286209.109170739655383, 3381688.480641366448253 ] ], [ [ 288963.762595069769304, 3382583.766548440326005 ], [ 289618.215001703298185, 3383520.456623767036945 ], [ 288568.106390475062653, 3383540.962525624316186 ], [ 287913.616936864098534, 3382604.329843853134662 ], [ 288963.762595069769304, 3382583.766548440326005 ] ], [ [ 239471.208296298485948, 3386513.535728177055717 ], [ 238420.969312881061342, 3386538.942864038981497 ], [ 237764.311549553298391, 3385604.973942888434976 ], [ 238814.588244263752131, 3385579.510594012681395 ], [ 239471.208296298485948, 3386513.535728177055717 ] ], [ [ 257988.306536362186307, 3379434.856951470952481 ], [ 259038.705715416697785, 3379411.408645064104348 ], [ 261658.703029050928308, 3383151.642129309941083 ], [ 262708.948431135329884, 3383128.522409872617573 ], [ 264019.881814120803028, 3384999.108160011004657 ], [ 262969.711175846634433, 3385022.114357395097613 ], [ 263625.467613485874608, 3385957.439613711554557 ], [ 262575.330170088796876, 3385980.491341947112232 ], [ 261919.536332540825242, 3385045.222901187371463 ], [ 260869.35726559444447, 3385068.433794328942895 ], [ 260213.694262810051441, 3384133.281489084474742 ], [ 259163.473529834969668, 3384156.651443655136973 ], [ 258507.941356760566123, 3383221.615062524564564 ], [ 260608.453395042859484, 3383174.864142592065036 ], [ 257988.306536362186307, 3379434.856951470952481 ] ], [ [ 258768.986386344273342, 3385115.162640478461981 ], [ 257718.794536823203089, 3385138.680599430110306 ], [ 257063.019222295464715, 3384203.698342796415091 ], [ 258113.248522536567179, 3384180.123727230355144 ], [ 258768.986386344273342, 3385115.162640478461981 ] ], [ [ 265464.734464402135927, 3384017.966547702439129 ], [ 266514.929942393326201, 3383995.210505182854831 ], [ 267170.368684848421253, 3384930.703617112711072 ], [ 266120.21055001206696, 3384953.40279277600348 ], [ 265464.734464402135927, 3384017.966547702439129 ] ], [ [ 265859.659432134707458, 3383059.776985281612724 ], [ 267960.112614684388973, 3383014.458117866888642 ], [ 268615.308484988752753, 3383950.005342663265765 ], [ 266514.929942393326201, 3383995.210505182854831 ], [ 265859.659432134707458, 3383059.776985281612724 ] ], [ [ 256012.785610492166597, 3384227.375293352641165 ], [ 254962.547668517450802, 3384251.154581910930574 ], [ 254306.865677595633315, 3383316.344559404067695 ], [ 255357.141094273538329, 3383292.508720547892153 ], [ 256012.785610492166597, 3384227.375293352641165 ] ], [ [ 274916.346146300318651, 3383816.845029419288039 ], [ 270715.670600536745042, 3383905.20939102396369 ], [ 270060.549316600896418, 3382969.548356030136347 ], [ 274261.373874619137496, 3382880.956057887524366 ], [ 274916.346146300318651, 3383816.845029419288039 ] ], [ [ 236451.50096482608933, 3383737.210509833879769 ], [ 235795.348148003511596, 3382803.415844184812158 ], [ 236845.73795924638398, 3382777.784178865607828 ], [ 237501.853073445905466, 3383711.634896253235638 ], [ 236451.50096482608933, 3383737.210509833879769 ] ], [ [ 234744.953644212509971, 3382829.149851764552295 ], [ 234088.931434062309563, 3381895.469089578371495 ], [ 235139.363651258929167, 3381869.679110063705593 ], [ 235795.348148003511596, 3382803.415844184812158 ], [ 234744.953644212509971, 3382829.149851764552295 ] ], [ [ 249055.422787187242648, 3383437.058536806609482 ], [ 248005.120917336229468, 3383461.508310416247696 ], [ 247349.382079915492795, 3382527.095638833940029 ], [ 248399.721502688917099, 3382502.589525956194848 ], [ 249055.422787187242648, 3383437.058536806609482 ] ], [ [ 271506.091151914501097, 3381989.332564139738679 ], [ 270455.845742255682126, 3382011.588686846662313 ], [ 269801.098172195954248, 3381075.990197510458529 ], [ 270851.380835410906002, 3381053.677211586851627 ], [ 271506.091151914501097, 3381989.332564139738679 ] ], [ [ 239341.04564423620468, 3381767.542321091517806 ], [ 238290.63214008702198, 3381792.923055484425277 ], [ 237634.92901528114453, 3380859.076264899689704 ], [ 238685.380175318772672, 3380833.639507872518152 ], [ 239341.04564423620468, 3381767.542321091517806 ] ], [ [ 243542.653530583047541, 3381667.042383121326566 ], [ 242492.258441255748039, 3381692.01392408227548 ], [ 241836.705858203757089, 3380757.942886239849031 ], [ 242887.138548916613217, 3380732.91521813813597 ], [ 243542.653530583047541, 3381667.042383121326566 ] ], [ [ 248794.560993441642495, 3381543.718970897141844 ], [ 247744.188503237586701, 3381568.17909148382023 ], [ 247088.823791151720798, 3380633.827156407292932 ], [ 248139.233814803534187, 3380609.310777876526117 ], [ 248794.560993441642495, 3381543.718970897141844 ] ], [ [ 272951.933963312476408, 3381009.357873875182122 ], [ 271901.659426231170073, 3381031.466437985189259 ], [ 271247.154567680088803, 3380095.813932462129742 ], [ 272297.46632847172441, 3380073.648506280500442 ], [ 272951.933963312476408, 3381009.357873875182122 ] ], [ [ 263894.857318253605627, 3380253.833203346468508 ], [ 262844.512498220661655, 3380276.816174749750644 ], [ 262189.877612568205222, 3379341.67684658896178 ], [ 263240.259760482469574, 3379318.637277485337108 ], [ 263894.857318253605627, 3380253.833203346468508 ] ], [ [ 268492.107706334092654, 3379204.972028192598373 ], [ 267441.74642745469464, 3379227.500741553492844 ], [ 266787.466278715291992, 3378292.137582315132022 ], [ 268888.259220650361385, 3378247.068940856494009 ], [ 270196.83873977442272, 3380118.081541786901653 ], [ 269146.518826095736586, 3380140.451337088365108 ], [ 268492.107706334092654, 3379204.972028192598373 ] ], [ [ 244332.718712732137647, 3379748.985488811507821 ], [ 243282.257573541457532, 3379773.864757350180298 ], [ 242627.116778986266581, 3378839.797885001637042 ], [ 243677.615486494003562, 3378814.86254441505298 ], [ 244332.718712732137647, 3379748.985488811507821 ] ], [ [ 296339.205311793950386, 3374848.134608535561711 ], [ 297389.598593033791985, 3374828.440030327066779 ], [ 298042.225531136151403, 3375765.389601956121624 ], [ 296991.869099487143103, 3375785.026873264927417 ], [ 297644.701031367876567, 3376721.979940364137292 ], [ 296594.377849729498848, 3376741.661882833577693 ], [ 297247.414792591240257, 3377678.618442004546523 ], [ 296197.124871864798479, 3377698.345057339873165 ], [ 296850.366842910065316, 3378635.305105183739215 ], [ 295800.110194006934762, 3378655.076395070180297 ], [ 294493.72060320188757, 3376781.331873537506908 ], [ 295544.051046569249593, 3376761.445859718136489 ], [ 294238.407843086170033, 3374887.829704000614583 ], [ 295288.808401378802955, 3374867.93116558669135 ], [ 294636.27590081532253, 3373931.156852054875344 ], [ 295686.709670749143697, 3373911.303068460896611 ], [ 296339.205311793950386, 3374848.134608535561711 ] ], [ [ 270989.035712377051823, 3378202.408832632470876 ], [ 270335.072735902620479, 3377266.87837186222896 ], [ 271385.492060663294978, 3377244.644783578813076 ], [ 272039.417836095555685, 3378180.231971369124949 ], [ 270989.035712377051823, 3378202.408832632470876 ] ], [ [ 269284.649322550976649, 3377289.214061420410872 ], [ 268630.817358965694439, 3376353.799728577956557 ], [ 269681.277983656502329, 3376331.407392095774412 ], [ 270335.072735902620479, 3377266.87837186222896 ], [ 269284.649322550976649, 3377289.214061420410872 ] ], [ [ 235668.829545982182026, 3378057.883221813943237 ], [ 234618.260730728099588, 3378083.589926741551608 ], [ 233963.193225650466047, 3377150.030215292237699 ], [ 235013.799698890012223, 3377124.267728412523866 ], [ 235668.829545982182026, 3378057.883221813943237 ] ], [ [ 265082.914409631630406, 3377379.577889490872622 ], [ 264032.470273124694359, 3377402.424128348473459 ], [ 263378.452051715110429, 3376467.292635289952159 ], [ 264428.93346663430566, 3376444.389881093986332 ], [ 265082.914409631630406, 3377379.577889490872622 ] ], [ [ 237114.998508243472315, 3377073.049279101658612 ], [ 236064.401453525410034, 3377098.607417439110577 ], [ 235409.577573017159011, 3376164.993802597746253 ], [ 236460.21225549117662, 3376139.379883715417236 ], [ 237114.998508243472315, 3377073.049279101658612 ] ], [ [ 253269.741379311686615, 3375743.446489056572318 ], [ 252219.179572164168349, 3375767.42649810295552 ], [ 251565.124378814129159, 3374832.975726034026593 ], [ 252615.723593182716286, 3374808.939571557100862 ], [ 253269.741379311686615, 3375743.446489056572318 ] ], [ [ 237906.924832087417599, 3375154.735208687838167 ], [ 236856.261923180427402, 3375180.200623431708664 ], [ 236201.849924365698826, 3374246.59077971894294 ], [ 237252.550427916576155, 3374221.069639359600842 ], [ 237906.924832087417599, 3375154.735208687838167 ] ], [ [ 264172.028049233311322, 3374551.2776058614254 ], [ 263121.476308955519926, 3374574.191192897036672 ], [ 262468.00009901431622, 3373639.180359138641506 ], [ 263518.58909509703517, 3373616.21039153309539 ], [ 264172.028049233311322, 3374551.2776058614254 ] ], [ [ 275727.823870005668141, 3374305.961747488006949 ], [ 274677.317340491106734, 3374327.753120210487396 ], [ 274024.250206530676223, 3373392.120652655605227 ], [ 275074.79384446219774, 3373370.272609691135585 ], [ 275727.823870005668141, 3374305.961747488006949 ] ], [ [ 259316.207621379493503, 3373708.702336391899735 ], [ 258265.601569996098988, 3373732.080363461747766 ], [ 257612.144463466916932, 3372797.353478999808431 ], [ 258662.787821486708708, 3372773.919230097904801 ], [ 259316.207621379493503, 3373708.702336391899735 ] ], [ [ 264569.173874140717089, 3373593.342431446071714 ], [ 263915.940405349363573, 3372658.277821911033243 ], [ 266017.171825468540192, 3372612.735127314925194 ], [ 266670.330855955486186, 3373547.912522186990827 ], [ 264569.173874140717089, 3373593.342431446071714 ] ], [ [ 262865.318386998376809, 3372681.202135214582086 ], [ 262212.215927301906049, 3371746.252760066650808 ], [ 263262.875181903364137, 3371723.272147172596306 ], [ 263915.940405349363573, 3372658.277821911033243 ], [ 262865.318386998376809, 3372681.202135214582086 ] ], [ [ 277573.650188365601934, 3372369.54072955576703 ], [ 275472.508749668952078, 3372412.840310593135655 ], [ 274819.8522394556785, 3371477.213603245094419 ], [ 276921.067815742921084, 3371433.800764571875334 ], [ 277573.650188365601934, 3372369.54072955576703 ] ] ], [ [ [ 297664.983153036911972, 3453714.972877164371312 ], [ 296996.62942010932602, 3452775.946778072509915 ], [ 295949.111399922636338, 3452796.18093488831073 ], [ 296617.50292978953803, 3453735.146623733919114 ], [ 297664.983153036911972, 3453714.972877164371312 ] ] ], [ [ [ 298712.459901181398891, 3453694.903440067078918 ], [ 299380.943954562302679, 3454634.054599985014647 ], [ 301475.811562413698994, 3454594.349708308465779 ], [ 300807.403044052422047, 3453655.077484189067036 ], [ 298712.459901181398891, 3453694.903440067078918 ] ] ], [ [ [ 281952.404854527092539, 3454028.533018306363374 ], [ 282621.495073825120926, 3454966.719480651896447 ], [ 283668.987851526704617, 3454945.145223659928888 ], [ 282999.935616187693086, 3454006.898666131310165 ], [ 281952.404854527092539, 3454028.533018306363374 ] ] ], [ [ [ 299671.052987262431998, 3456532.438914509490132 ], [ 301678.635723131592385, 3459350.488290375098586 ], [ 302725.885700299870223, 3459330.782640662044287 ], [ 302056.561162172816694, 3458391.307125716004521 ], [ 303103.845550665515475, 3458371.645145433489233 ], [ 302434.72689155372791, 3457432.173925194889307 ], [ 301387.404716075514443, 3457451.896646643057466 ], [ 300718.416364465083461, 3456512.551120941992849 ], [ 299671.052987262431998, 3456532.438914509490132 ] ] ], [ [ [ 296274.980339608853683, 3465167.113260876387358 ], [ 296945.860298432293348, 3466106.435934674460441 ], [ 297992.875957025913522, 3466086.215254999697208 ], [ 297322.033941391739063, 3465146.831659826915711 ], [ 296274.980339608853683, 3465167.113260876387358 ] ] ], [ [ [ 296636.929892932646908, 3477543.074907836504281 ], [ 297310.299370669992641, 3478482.758662044070661 ], [ 298356.848350169719197, 3478462.494797165971249 ], [ 297683.516961679328233, 3477522.749606946483254 ], [ 296636.929892932646908, 3477543.074907836504281 ] ] ], [ [ [ 292240.678682167548686, 3486206.096623206045479 ], [ 292915.942856799112633, 3487145.757415780797601 ], [ 295008.419474311696831, 3487104.340037369634956 ], [ 294333.231783463270403, 3486164.555866094306111 ], [ 292240.678682167548686, 3486206.096623206045479 ] ] ], [ [ [ 319992.193663059966639, 3508569.559100482612848 ], [ 321350.116131201852113, 3510453.552093666046858 ], [ 322395.36515305476496, 3510435.516509260050952 ], [ 321037.519057967583649, 3508551.396808568853885 ], [ 319992.193663059966639, 3508569.559100482612848 ] ] ], [ [ [ 333108.246403074124828, 3515025.966066555585712 ], [ 332428.666420722729526, 3514083.080729175359011 ], [ 329293.4293772255769, 3514134.51640037773177 ], [ 329973.123746294993907, 3515077.210255506448448 ], [ 328928.077219334081747, 3515094.503783790860325 ], [ 330968.282683436700609, 3517922.810626296326518 ], [ 332013.214726926758885, 3517905.708761892747134 ], [ 331333.016423741122708, 3516962.806349615566432 ], [ 332377.983824920025654, 3516945.746661151293665 ], [ 331697.991645649424754, 3516002.849939850624651 ], [ 332742.994393094326369, 3515985.832428702618927 ], [ 332063.208320772275329, 3515042.941399030387402 ], [ 333108.246403074124828, 3515025.966066555585712 ] ] ], [ [ [ 323970.312150862300768, 3519948.310483450070024 ], [ 324651.358395864604972, 3520890.846149830613285 ], [ 325696.198599214258138, 3520873.086560891475528 ], [ 325015.190630693570711, 3519930.486992216203362 ], [ 323970.312150862300768, 3519948.310483450070024 ] ] ], [ [ [ 341368.463961477216799, 3520619.440966626629233 ], [ 342049.067244875128381, 3521563.072636417113245 ], [ 343093.825131687452085, 3521547.077105352655053 ], [ 342413.259925833670422, 3520603.381047255825251 ], [ 341368.463961477216799, 3520619.440966626629233 ] ] ], [ [ [ 345500.138485113158822, 3523418.920512814540416 ], [ 344819.275485238409601, 3522475.018841512035578 ], [ 347953.41174399323063, 3522428.181954704225063 ], [ 346592.417781244730577, 3520540.203467265702784 ], [ 345547.632183009176515, 3520555.838551598601043 ], [ 346228.083231619326398, 3521499.727935895789415 ], [ 343093.825131687452085, 3521547.077105352655053 ], [ 343774.558271909831092, 3522490.843661531805992 ], [ 341685.11605069891084, 3522522.812100034672767 ], [ 341004.306735757156275, 3521579.174408089835197 ], [ 339959.543587001040578, 3521595.382422381080687 ], [ 340640.391008169506676, 3522538.955722507089376 ], [ 339595.663321259082295, 3522555.205616480205208 ], [ 338234.060189737472683, 3520668.258015273604542 ], [ 337189.253581795259379, 3520684.742801773827523 ], [ 337870.009301243757363, 3521628.117186928167939 ], [ 336825.238129581266548, 3521644.643941272050142 ], [ 337506.199944998428691, 3522588.024227047804743 ], [ 338550.932972642127424, 3522571.5617839791812 ], [ 339232.024593353155069, 3523515.076680128928274 ], [ 335053.228901158203371, 3523581.306813340634108 ], [ 335734.641148269292898, 3524524.634553724434227 ], [ 340957.938236002693884, 3524442.434643168468028 ], [ 340276.716807051096112, 3523498.784907995723188 ], [ 341321.406371632998344, 3523482.599436242133379 ], [ 342002.589674738934264, 3524426.313650913536549 ], [ 343047.238494249409996, 3524410.298983885906637 ], [ 342366.093304415466264, 3523466.520262847654521 ], [ 345500.138485113158822, 3523418.920512814540416 ] ] ], [ [ [ 331193.04734051815467, 3525552.569276714231819 ], [ 330511.275984224921558, 3524609.492902427446097 ], [ 329466.594591923523694, 3524626.78360790386796 ], [ 330148.404216406517662, 3525569.795740429777652 ], [ 331193.04734051815467, 3525552.569276714231819 ] ] ], [ [ [ 308252.517162631847896, 3523092.129223465919495 ], [ 308934.720213190070353, 3524033.788297746796161 ], [ 307889.940476172836497, 3524053.270086768548936 ], [ 310620.587205153016839, 3527820.339582120999694 ], [ 309575.958433889085427, 3527839.672901272308081 ], [ 310259.07876465091249, 3528781.54874908644706 ], [ 309214.48540071194293, 3528800.924720485694706 ], [ 309897.812332970672287, 3529742.805732051841915 ], [ 308853.254388069035485, 3529762.224354119040072 ], [ 309536.787938753492199, 3530704.110528511926532 ], [ 307447.739745619008318, 3530743.139636338688433 ], [ 306764.128999686101452, 3529801.381210269872099 ], [ 302585.839745568868238, 3529880.973439316265285 ], [ 303269.605036386637948, 3530822.476687776856124 ], [ 301180.518244416103698, 3530862.784670977853239 ], [ 302548.707723986590281, 3532745.742341913282871 ], [ 303593.175381728680804, 3532725.662634680513293 ], [ 305646.603977239399683, 3535550.807318686041981 ], [ 321311.50276381126605, 3535265.292815053835511 ], [ 321995.736094148014672, 3536208.109747712500393 ], [ 339747.83717316610273, 3535914.642284182365984 ], [ 339064.25655435223598, 3534970.725697114132345 ], [ 340108.511482060770504, 3534954.358088914304972 ], [ 340792.053819646476768, 3535898.339602783322334 ], [ 343924.688085613946896, 3535850.07154500298202 ], [ 343241.260516371345147, 3534905.895089554600418 ], [ 344285.505002217600122, 3534889.954024802427739 ], [ 344968.894340424856637, 3535834.19551453134045 ], [ 346013.098040313227102, 3535818.426141812931746 ], [ 345329.746920610778034, 3534874.119590910151601 ], [ 347418.223123861651402, 3534842.770607827231288 ], [ 348101.497844090743456, 3535787.207361784297973 ], [ 355410.81920500821434, 3535681.30106630269438 ], [ 354727.81148970394861, 3534736.40775334648788 ], [ 355772.028679890092462, 3534721.639521702192724 ], [ 356454.998301445855759, 3535666.598165206611156 ], [ 357499.175032125611324, 3535652.001900976058096 ], [ 356816.243491889268626, 3534706.977899939753115 ], [ 357860.455942911561579, 3534692.422886230051517 ], [ 357177.73035016679205, 3533747.405516220722347 ], [ 358221.978510259126779, 3533732.891754859592766 ], [ 357539.458848031121306, 3532787.881015684921294 ], [ 358583.742705929675139, 3532773.408508475869894 ], [ 357901.428957248223014, 3531828.404399957507849 ], [ 355812.782811393262818, 3531857.586469216737896 ], [ 355130.560870843823068, 3530912.784615598153323 ], [ 357219.283088083786424, 3530883.472157057374716 ], [ 355855.494999266811647, 3528993.822915169410408 ], [ 354811.05903072480578, 3529008.556139894295484 ], [ 354129.378797965939157, 3528063.904000233393162 ], [ 353084.902397271129303, 3528078.808676092885435 ], [ 354448.506819825968705, 3529968.054424275178462 ], [ 351315.291310193366371, 3530013.017063000239432 ], [ 350633.2909727091901, 3529068.553482413291931 ], [ 349588.842825936619192, 3529083.818938304670155 ], [ 350270.88124794641044, 3530028.217560595832765 ], [ 348182.053681381687056, 3530058.937994174193591 ], [ 348864.336223774706014, 3531003.278009918984026 ], [ 347819.956810555304401, 3531018.733014746569097 ], [ 347137.636142562841997, 3530074.457933988422155 ], [ 346093.216077050077729, 3530090.084358396008611 ], [ 345411.025191933731548, 3529145.945300033316016 ], [ 346455.483391991700046, 3529130.254025015048683 ], [ 345091.681653850188013, 3527242.059370993636549 ], [ 343002.61015534424223, 3527273.807384767569602 ], [ 343684.503330429783091, 3528217.739769087173045 ], [ 336372.937647270795424, 3528331.757560542784631 ], [ 335690.777140395715833, 3527388.277386158704758 ], [ 334646.218825969961472, 3527405.055915511213243 ], [ 333964.188039042172022, 3526461.710569956805557 ], [ 332919.588737776037306, 3526478.659933452028781 ], [ 332237.687667727819644, 3525535.449187870603055 ], [ 331193.04734051815467, 3525552.569276714231819 ], [ 331874.986669545294717, 3526495.71569647686556 ], [ 329785.774163060588762, 3526530.146429648157209 ], [ 329103.75827809702605, 3525587.128581169527024 ], [ 328059.109508293797262, 3525604.567801096010953 ], [ 327377.223309398279525, 3524661.684071780182421 ], [ 328421.910372747981455, 3524644.180663629900664 ], [ 327740.23044960340485, 3523701.302589875645936 ], [ 328784.952946210745722, 3523683.841376401484013 ], [ 328103.479281860985793, 3522740.96895882114768 ], [ 327058.718511244631372, 3522758.494272826705128 ], [ 326377.374560256197583, 3521815.755625476129353 ], [ 325332.572636787488591, 3521833.45125498296693 ], [ 324651.358395864604972, 3520890.846149830613285 ], [ 323606.515280192310456, 3520908.711986407171935 ], [ 321563.765685756341554, 3518081.50441202474758 ], [ 319473.84081843320746, 3518117.937507429625839 ], [ 320154.665949465590529, 3519060.143352454993874 ], [ 319109.7373412696179, 3519078.455479156691581 ], [ 317748.178454843699001, 3517194.24010217608884 ], [ 316703.170175777515396, 3517212.785684277769178 ], [ 318064.805725861748215, 3519096.873809116892517 ], [ 315974.933404000708833, 3519134.029088025912642 ], [ 316656.079919236944988, 3520076.049233903177083 ], [ 319790.7688075703918, 3520020.666679942514747 ], [ 321834.871268328046426, 3522847.715370740741491 ], [ 320790.093020537286066, 3522865.87851149821654 ], [ 321471.834869909507688, 3523808.302786890882999 ], [ 320427.092011723318137, 3523826.508326535113156 ], [ 321109.040232736733742, 3524768.938044840469956 ], [ 320064.332775719929487, 3524787.185981873422861 ], [ 321428.810001768288203, 3526672.125775786116719 ], [ 320384.176356201176532, 3526690.352077059913427 ], [ 321066.705379004823044, 3527632.862181696575135 ], [ 317932.901809736271389, 3527687.98754395544529 ], [ 317250.257504182169214, 3526745.669545748736709 ], [ 314116.311416260257829, 3526801.944910210091621 ], [ 314799.071119542233646, 3527744.071042065043002 ], [ 312709.835361938748974, 3527781.992369563318789 ], [ 313392.840092898870353, 3528724.059855730738491 ], [ 312348.25609348132275, 3528743.116319106891751 ], [ 310982.337625847198069, 3526859.17823366029188 ], [ 312026.998662841273472, 3526839.994015343021601 ], [ 310661.829370258492418, 3524956.204355284105986 ], [ 311706.564293331233785, 3524936.999002172611654 ], [ 311024.27019924193155, 3523995.143818816635758 ], [ 309979.496781775727868, 3524014.412875902839005 ], [ 309297.33223516412545, 3523072.69018138339743 ], [ 308252.517162631847896, 3523092.129223465919495 ] ], [ [ 313714.846691776183434, 3530627.331051263026893 ], [ 311625.823541491874494, 3530665.507673241663724 ], [ 310942.367134682834148, 3529723.493644088506699 ], [ 311986.918810457806103, 3529704.288087821099907 ], [ 311303.668989818543196, 3528762.279282761272043 ], [ 312348.25609348132275, 3528743.116319106891751 ], [ 313714.846691776183434, 3530627.331051263026893 ] ], [ [ 324444.40112400893122, 3535211.070461979135871 ], [ 323760.451235413609538, 3534268.130208977963775 ], [ 324804.783331888611428, 3534250.204941846430302 ], [ 325488.694765852065757, 3535193.209689057897776 ], [ 324444.40112400893122, 3535211.070461979135871 ] ], [ [ 340830.585620308062062, 3533033.933258253149688 ], [ 341513.715565523598343, 3533977.902490856125951 ], [ 340469.427640574227553, 3533994.12174628674984 ], [ 339786.259446298005059, 3533050.217379147652537 ], [ 340830.585620308062062, 3533033.933258253149688 ] ], [ [ 340147.623612871742807, 3532090.035001371987164 ], [ 341191.985392879927531, 3532073.792626761831343 ], [ 340509.229555328143761, 3531129.900480348151177 ], [ 342598.02168686222285, 3531097.605750504415482 ], [ 341915.510203035431914, 3530153.654941140208393 ], [ 342959.940547834383324, 3530137.602558736689389 ], [ 343642.413843418587931, 3531081.618168600834906 ], [ 344686.803416826180182, 3531065.737106048502028 ], [ 344004.368296935630497, 3530121.656668801326305 ], [ 345048.793467592215165, 3530105.817269347142428 ], [ 345731.190424321976025, 3531049.962560864165425 ], [ 346775.574883152614348, 3531034.294531081337482 ], [ 347458.101607561984565, 3531978.575906013604254 ], [ 346413.755302922916599, 3531994.178997146897018 ], [ 347096.488100717717316, 3532938.466666175983846 ], [ 346052.177430203300901, 3532954.111330368090421 ], [ 346735.116318339772988, 3533898.405293415300548 ], [ 343602.283589395694435, 3533945.783801923040301 ], [ 342919.230104625225067, 3533001.68475779145956 ], [ 340830.585620308062062, 3533033.933258253149688 ], [ 340147.623612871742807, 3532090.035001371987164 ] ], [ [ 340871.07724528585095, 3530169.81381801655516 ], [ 340188.695499352412298, 3529225.99860938033089 ], [ 341233.166654371772893, 3529209.775016308296472 ], [ 341915.510203035431914, 3530153.654941140208393 ], [ 340871.07724528585095, 3530169.81381801655516 ] ], [ [ 314037.676463154959492, 3532530.729999722912908 ], [ 314721.598402613250073, 3533473.016093028243631 ], [ 312632.800437715253793, 3533511.021417717449367 ], [ 311948.801360172801651, 3532568.863576230127364 ], [ 314037.676463154959492, 3532530.729999722912908 ] ], [ [ 313353.922549637733027, 3531588.513359210453928 ], [ 314398.394033644464798, 3531569.542377421632409 ], [ 315082.109400641347747, 3532511.823126477189362 ], [ 314037.676463154959492, 3532530.729999722912908 ], [ 313353.922549637733027, 3531588.513359210453928 ] ], [ [ 324121.039888499421068, 3533307.270338718779385 ], [ 323437.464438258088194, 3532364.405792102683336 ], [ 324481.870518584793899, 3532346.458297282457352 ], [ 325165.407533700577915, 3533289.387250002007931 ], [ 324121.039888499421068, 3533307.270338718779385 ] ], [ [ 327254.1341854527127, 3533253.940909252967685 ], [ 326570.674002490879502, 3532310.883064121939242 ], [ 327615.071440529660322, 3532293.25532134482637 ], [ 328298.493226442951709, 3533236.377652801107615 ], [ 327254.1341854527127, 3533253.940909252967685 ] ], [ [ 353724.12714137614239, 3531887.194639577064663 ], [ 353041.829079680028372, 3530942.523067329544574 ], [ 354086.196180624654517, 3530927.600591393653303 ], [ 354768.456175522878766, 3531872.337290840689093 ], [ 353724.12714137614239, 3531887.194639577064663 ] ], [ [ 316165.094599246629514, 3529628.531131971627474 ], [ 315481.998848044662736, 3528686.266420318279415 ], [ 316526.573638300353196, 3528667.529443565290421 ], [ 317209.630904133897275, 3529609.858198499307036 ], [ 316165.094599246629514, 3529628.531131971627474 ] ], [ [ 318254.164186601643451, 3529591.291782543994486 ], [ 317571.145393360988237, 3528648.898957659490407 ], [ 318615.714130489737727, 3528630.374960276298225 ], [ 319298.694463906227611, 3529572.831881789956242 ], [ 318254.164186601643451, 3529591.291782543994486 ] ], [ [ 324606.045749344280921, 3523754.324193066451699 ], [ 325287.840580967778806, 3524697.009954100474715 ], [ 323198.446268217638135, 3524732.761272502597421 ], [ 322516.574767369951587, 3523790.203586268238723 ], [ 324606.045749344280921, 3523754.324193066451699 ] ], [ [ 323924.418912740482483, 3522811.708017124328762 ], [ 324969.188344005611725, 3522793.863799769897014 ], [ 325650.776868478860706, 3523736.543996008578688 ], [ 324606.045749344280921, 3523754.324193066451699 ], [ 323924.418912740482483, 3522811.708017124328762 ] ] ], [ [ [ 360310.467830756795593, 3533704.183962647803128 ], [ 360993.079302198719233, 3534649.397475352976471 ], [ 362037.282481393776834, 3534635.268875851295888 ], [ 361354.709025596326683, 3533689.98992821900174 ], [ 362398.947933113959152, 3533675.902465877588838 ], [ 361716.580343585461378, 3532730.630271499976516 ], [ 358583.742705929675139, 3532773.408508475869894 ], [ 359266.224331384990364, 3533718.484570933505893 ], [ 360310.467830756795593, 3533704.183962647803128 ] ] ], [ [ [ 282286.490870707668364, 3376070.660396998282522 ], [ 282939.840128776733764, 3377006.813196485396475 ], [ 283990.21184757782612, 3376985.804606458172202 ], [ 283336.899627460632473, 3376049.594817044213414 ], [ 282286.490870707668364, 3376070.660396998282522 ] ] ], [ [ [ 287904.939848433015868, 3390201.145722049754113 ], [ 288954.807529215351678, 3390180.530881356447935 ], [ 288298.992551806848496, 3389243.702310028951615 ], [ 287249.087735551176593, 3389264.374790156725794 ], [ 287904.939848433015868, 3390201.145722049754113 ] ] ], [ [ [ 290266.941968169528991, 3392054.371268967632204 ], [ 292366.517662232683506, 3392013.679965671151876 ], [ 291710.440606972551905, 3391076.613630092702806 ], [ 290660.617489389318507, 3391096.965833984315395 ], [ 290004.671475237933919, 3390160.018487113993615 ], [ 288954.807529215351678, 3390180.530881356447935 ], [ 290266.941968169528991, 3392054.371268967632204 ] ] ], [ [ [ 296042.141257445095107, 3395742.599242760799825 ], [ 296699.021924326720182, 3396680.031066585797817 ], [ 297748.615108751924708, 3396660.231730636674911 ], [ 297091.771547093521804, 3395722.741782041266561 ], [ 296042.141257445095107, 3395742.599242760799825 ] ] ], [ [ [ 287252.519634934957139, 3396862.843487742822617 ], [ 287909.903005958767608, 3397799.814661539159715 ], [ 288959.491911230958067, 3397779.14955575671047 ], [ 288302.14576728863176, 3396842.120441399514675 ], [ 287252.519634934957139, 3396862.843487742822617 ] ] ], [ [ [ 269674.869171804748476, 3399125.339557650033385 ], [ 269016.645225733635016, 3398189.346413681283593 ], [ 267966.982095512328669, 3398211.962787714321166 ], [ 267308.888887736364268, 3397276.087465544231236 ], [ 266259.184172865701839, 3397298.86397862015292 ], [ 267575.613798983511515, 3399170.560071730520576 ], [ 269674.869171804748476, 3399125.339557650033385 ] ] ], [ [ [ 268234.080945992609486, 3400106.498608124442399 ], [ 267575.613798983511515, 3399170.560071730520576 ], [ 266525.979976965405513, 3399193.32446052506566 ], [ 267184.484636654262431, 3400129.205502065829933 ], [ 268234.080945992609486, 3400106.498608124442399 ] ] ], [ [ [ 292765.639062008529436, 3398655.034926699008793 ], [ 293423.209899650188163, 3399592.36125243967399 ], [ 295522.205820996430703, 3399552.187605822924525 ], [ 294864.70933159312699, 3398614.744943386409432 ], [ 292765.639062008529436, 3398655.034926699008793 ] ] ], [ [ [ 272309.447089531633537, 3402869.917529232334346 ], [ 271650.550294831045903, 3401933.682069946080446 ], [ 272700.059455681592226, 3401911.398823134601116 ], [ 272041.368348292307928, 3400975.166378162801266 ], [ 269942.271036276186351, 3401019.951038826722652 ], [ 271259.971404290001374, 3402892.245894511695951 ], [ 272309.447089531633537, 3402869.917529232334346 ] ] ], [ [ [ 269161.007941476127598, 3402937.211201652884483 ], [ 269820.185477117192931, 3403873.334221553523093 ], [ 271919.073903433571104, 3403828.484364520292729 ], [ 271259.971404290001374, 3402892.245894511695951 ], [ 269161.007941476127598, 3402937.211201652884483 ] ] ], [ [ [ 301484.947940673329867, 3433660.407764391042292 ], [ 302149.299555977049749, 3434599.171880286652595 ], [ 303197.470608746632934, 3434579.668083191849291 ], [ 302533.156490545661654, 3433640.84418550459668 ], [ 301484.947940673329867, 3433660.407764391042292 ] ] ], [ [ [ 308438.275068621966057, 3434483.705052052158862 ], [ 309102.569978964165784, 3435422.892463922966272 ], [ 310150.683414977160282, 3435404.07102807238698 ], [ 309486.425926865078509, 3434464.823619717266411 ], [ 308438.275068621966057, 3434483.705052052158862 ] ] ], [ [ [ 315007.380440195323899, 3436269.374942068010569 ], [ 315671.824492714600638, 3437208.991811878047884 ], [ 317767.86621321644634, 3437172.730986967682838 ], [ 317103.496875836339314, 3436232.993610270321369 ], [ 315007.380440195323899, 3436269.374942068010569 ] ] ], [ [ [ 314623.798855384346098, 3437227.27790757920593 ], [ 315288.448346190736629, 3438166.8992356848903 ], [ 316336.436603206500877, 3438148.673408680129796 ], [ 315671.824492714600638, 3437208.991811878047884 ], [ 314623.798855384346098, 3437227.27790757920593 ] ] ], [ [ [ 312515.517473366693594, 3447729.952439986169338 ], [ 313849.356202993541956, 3449609.60043773939833 ], [ 314896.923653155157808, 3449591.164822491817176 ], [ 313563.159993722569197, 3447711.395493488758802 ], [ 312515.517473366693594, 3447729.952439986169338 ] ] ], [ [ [ 343131.843798506190069, 3486267.953793316148221 ], [ 343805.454565120395273, 3487210.673733543604612 ], [ 344851.509799477586057, 3487195.027306871023029 ], [ 344177.936668363050558, 3486252.244353342801332 ], [ 343131.843798506190069, 3486267.953793316148221 ] ] ], [ [ [ 341713.336163254221901, 3487242.282259165775031 ], [ 342387.190190960362088, 3488184.944898021407425 ], [ 343433.213055689411703, 3488169.151038543321192 ], [ 342759.396692267153412, 3487226.425383649766445 ], [ 341713.336163254221901, 3487242.282259165775031 ] ] ], [ [ [ 335911.025377185316756, 3496862.931043557822704 ], [ 336587.012160526122898, 3497805.523938581813127 ], [ 337632.689769293705467, 3497789.09694364387542 ], [ 336956.74083704687655, 3496846.440788892097771 ], [ 335911.025377185316756, 3496862.931043557822704 ] ] ], [ [ [ 353441.209287949255668, 3508040.876018689479679 ], [ 352763.715586768987123, 3507096.944505286403 ], [ 354854.265371141489595, 3507067.372256065253168 ], [ 354177.015110698645003, 3506123.382854442112148 ], [ 357312.934832103550434, 3506079.625482622068375 ], [ 355959.164402648457326, 3504191.473118230234832 ], [ 357004.541588757012505, 3504176.970615491271019 ], [ 356327.945917861885391, 3503232.935898177791387 ], [ 358418.768484944885131, 3503204.119861009530723 ], [ 357742.416065087949391, 3502260.027382730040699 ], [ 361924.183430368779227, 3502203.40700909588486 ], [ 361248.149447886855341, 3501259.128665754105896 ], [ 364384.563383239554241, 3501217.580220740754157 ], [ 363708.810048068291508, 3500273.18008209625259 ], [ 364754.314351414795965, 3500259.477688263170421 ], [ 365430.030122199794278, 3501203.94196026166901 ], [ 369611.874681320448872, 3501150.444978856481612 ], [ 368936.309044000285212, 3500205.723902866244316 ], [ 372072.781907617871184, 3500166.517096323426813 ], [ 371397.496582017978653, 3499221.67411502962932 ], [ 375579.580198140756693, 3499170.618997452780604 ], [ 374904.612474155263044, 3498225.589804344810545 ], [ 376995.716482367250137, 3498200.566748917568475 ], [ 376320.991387669811957, 3497255.479989660903811 ], [ 379457.744050068547949, 3497218.543585047591478 ], [ 378783.298874714004342, 3496273.334952679462731 ], [ 379828.916359633672982, 3496261.169400389771909 ], [ 378480.604136174253654, 3494370.836929289158434 ], [ 380571.9823224383872, 3494346.56486998219043 ], [ 379898.152559657173697, 3493401.376751284580678 ], [ 380943.875919962010812, 3493389.334526211488992 ], [ 380270.251260602090042, 3492444.153245368506759 ], [ 382361.766522180114407, 3492420.256347488611937 ], [ 381688.384208032628521, 3491475.017686396837234 ], [ 382734.176103847683407, 3491463.16298588225618 ], [ 383407.521171435597353, 3492408.465892254374921 ], [ 385499.024594934657216, 3492385.200961807742715 ], [ 386172.463002404314466, 3493330.703753208741546 ], [ 388263.884295047260821, 3493307.988914409186691 ], [ 387590.520302495104261, 3492362.357328360900283 ], [ 388636.265306824818254, 3492351.093494425993413 ], [ 387963.10628800932318, 3491405.468953644391149 ], [ 390054.66501963394694, 3491383.128399970009923 ], [ 389381.748114418063778, 3490437.446525355335325 ], [ 392519.183754795580171, 3490404.532065673731267 ], [ 391846.546018132823519, 3489458.728485125117004 ], [ 393938.234882809396368, 3489437.182917644735426 ], [ 393265.839108547486831, 3488491.322069003712386 ], [ 392219.958491613506339, 3488502.106639344245195 ], [ 390875.596088695223443, 3486610.72809298010543 ], [ 389829.639463486731984, 3486621.746444313786924 ], [ 389157.672840000072028, 3485676.228376208338886 ], [ 390203.666553926072083, 3485665.14582083793357 ], [ 389531.904800799442455, 3484719.634767613373697 ], [ 387439.841317397833336, 3484742.033268095459789 ], [ 386768.173174510011449, 3483796.721501600928605 ], [ 385722.101480866258498, 3483808.142432084772736 ], [ 385050.564031361369416, 3482862.965578331612051 ], [ 387142.779693990829401, 3482840.100800347514451 ], [ 386471.484229690860957, 3481894.8668640749529 ], [ 383333.046532394946553, 3481929.513364362064749 ], [ 384004.453290293342434, 3482874.555531869642437 ], [ 379819.990514632081613, 3482921.965810424182564 ], [ 380491.713656898937188, 3483866.823174379765987 ], [ 378399.544497709604912, 3483891.031007456593215 ], [ 379071.509828773851041, 3484835.83124585589394 ], [ 376979.406860545510426, 3484860.331793091259897 ], [ 377651.61444201588165, 3485805.074873984325677 ], [ 374513.556077100685798, 3485842.422652026172727 ], [ 375186.043231436924543, 3486787.044719944708049 ], [ 372048.077634061453864, 3486825.147478993516415 ], [ 372720.84449220210081, 3487769.648524136282504 ], [ 365399.109741924214177, 3487861.790333474520594 ], [ 366072.305929187568836, 3488805.915520184673369 ], [ 363980.43634573998861, 3488833.061399492435157 ], [ 364653.87522962957155, 3489777.129282559268177 ], [ 363607.974436381307896, 3489790.796446335036308 ], [ 364281.61862931237556, 3490734.870664122514427 ], [ 360098.14214311784599, 3490790.337544436566532 ], [ 360772.104095852933824, 3491734.227075892500579 ], [ 359726.266623837174848, 3491748.293439421337098 ], [ 360400.433968064491637, 3492692.189215815626085 ], [ 357263.019891364499927, 3492734.829461211804301 ], [ 357937.467726791743189, 3493678.604151323437691 ], [ 356891.695809229160659, 3493692.964675297029316 ], [ 357566.349102480453439, 3494636.745550032705069 ], [ 355474.873186023789458, 3494665.655508082825691 ], [ 356149.769546448718756, 3495609.378882600460202 ], [ 355104.06555350497365, 3495623.928344516083598 ], [ 354429.131588258664124, 3494680.268627397716045 ], [ 353383.387540683150291, 3494694.987176007591188 ], [ 354058.359123268746771, 3495638.583262696396559 ], [ 350921.225032993243076, 3495683.180773245636374 ], [ 351596.477460358757526, 3496626.655714763794094 ], [ 349505.117579434649087, 3496656.78757200948894 ], [ 350180.613283548504114, 3497600.204938619397581 ], [ 348089.318693861016072, 3497630.631635941099375 ], [ 348765.057736554415897, 3498573.99139435775578 ], [ 345628.209885371674318, 3498620.232209040783346 ], [ 346304.230085648479871, 3499563.470737811177969 ], [ 344213.060801849933341, 3499594.698638148140162 ], [ 344889.324493121355772, 3500537.879488947801292 ], [ 343843.773735410301015, 3500553.58825694071129 ], [ 344520.243164959945716, 3501496.774990311823785 ], [ 341383.688581469235942, 3501544.344305663369596 ], [ 342060.439440364309121, 3502487.409699802286923 ], [ 341014.953804620017763, 3502503.413866024464369 ], [ 341691.910468075540848, 3503446.485081557184458 ], [ 340646.460039233963471, 3503462.53132676705718 ], [ 341323.622524252277799, 3504405.608363029547036 ], [ 340278.20731356140459, 3504421.696686120238155 ], [ 340955.575637148227543, 3505364.779542450793087 ], [ 338864.812994746491313, 3505397.14610798843205 ], [ 339542.425094380625524, 3506340.171093489509076 ], [ 338497.077669077611063, 3506356.449363666120917 ], [ 339174.895657412125729, 3507299.480137887876481 ], [ 338129.583479196997359, 3507315.80051138671115 ], [ 338807.607373229344375, 3508258.837073667906225 ], [ 337762.330453395145014, 3508275.199549302924424 ], [ 338440.560270116839092, 3509218.2418989893049 ], [ 336350.074253180995584, 3509251.156935548875481 ], [ 337028.548007211764343, 3510194.141288276296109 ], [ 334938.127087142725941, 3510227.352379844523966 ], [ 335616.844840370526072, 3511170.278701530303806 ], [ 334571.668293628375977, 3511186.979360764380544 ], [ 335929.683776173973456, 3513072.913026340771466 ], [ 334884.580582163180225, 3513089.591993201989681 ], [ 335563.878329322091304, 3514032.599365971051157 ], [ 333473.739826483419165, 3514066.147576711606234 ], [ 334153.28170528030023, 3515009.096795091405511 ], [ 333108.246403074124828, 3515025.966066555585712 ], [ 333787.994355716393329, 3515968.921007478609681 ], [ 332742.994393094326369, 3515985.832428702618927 ], [ 333422.948436559352558, 3516928.793091527651995 ], [ 332377.983824920025654, 3516945.746661151293665 ], [ 333058.143976176274009, 3517888.713045248296112 ], [ 335147.994161423761398, 3517855.040046756155789 ], [ 335828.246009257738478, 3518798.204318708274513 ], [ 336873.128862546291202, 3518781.591142010409385 ], [ 337553.510549282538705, 3519724.889531199354678 ], [ 338598.352582120918669, 3519708.446714012417942 ], [ 337918.009003689745441, 3518765.084131483919919 ], [ 338962.886450049350969, 3518748.683285064063966 ], [ 339643.191932785208337, 3519692.110087773296982 ], [ 340688.028618630312849, 3519675.879650440532714 ], [ 340007.761218986590393, 3518732.388600703794509 ], [ 342097.502794021740556, 3518700.117710032034665 ], [ 341417.479461592389271, 3517756.56837938260287 ], [ 343507.286606279201806, 3517724.593544945586473 ], [ 342827.507279286452103, 3516780.985967539716512 ], [ 345962.312517479294911, 3516733.62676771171391 ], [ 345282.8151185993338, 3515789.89671397767961 ], [ 347372.748361529083923, 3515758.725771056488156 ], [ 346693.494815888814628, 3514814.937541984021664 ], [ 347738.495559794129804, 3514799.446876590140164 ], [ 350456.365469129988924, 3518575.280229095835239 ], [ 349411.516519645752851, 3518590.513402631040663 ], [ 350091.441737135290168, 3519534.583885130938143 ], [ 352181.061247038189322, 3519504.352737315464765 ], [ 351501.211932150414214, 3518560.153195956721902 ], [ 352546.055926071014255, 3518545.132301327306777 ], [ 351186.936873576487415, 3516656.816589054651558 ], [ 350142.017025343899149, 3516671.966451700311154 ], [ 349462.671438819379546, 3515727.979074315633625 ], [ 350507.629208822385408, 3515712.764813452493399 ], [ 349828.489455328555778, 3514768.783641969785094 ], [ 348783.493767140840646, 3514784.062243892811239 ], [ 347425.642179061309434, 3512896.439875776413828 ], [ 348470.713692893041298, 3512881.032763114664704 ], [ 347792.07768932194449, 3511937.262881797738373 ], [ 349882.288931271643378, 3511906.638159385882318 ], [ 349203.896619887673296, 3510962.810228221584111 ], [ 351294.173563854536042, 3510932.480869104154408 ], [ 350616.024882906698622, 3509988.594921790994704 ], [ 351661.197460575611331, 3509973.524923251476139 ], [ 350983.254526780801825, 3509029.64515356393531 ], [ 353073.667898419196717, 3508999.694461536128074 ], [ 352395.968500211311039, 3508055.756739746313542 ], [ 353441.209287949255668, 3508040.876018689479679 ] ], [ [ 348158.754381060483865, 3510978.133782840333879 ], [ 347480.492111978586763, 3510034.440244663972408 ], [ 348525.672226049995515, 3510019.052580592222512 ], [ 349203.896619887673296, 3510962.810228221584111 ], [ 348158.754381060483865, 3510978.133782840333879 ] ], [ [ 345648.491518032271415, 3514830.534242011141032 ], [ 343558.477190868812613, 3514862.045753776095808 ], [ 342879.277675491175614, 3513918.520399251487106 ], [ 344969.367944821657147, 3513886.880561781581491 ], [ 345648.491518032271415, 3514830.534242011141032 ] ], [ [ 347059.447878504870459, 3513855.664763076230884 ], [ 346014.40919491474051, 3513871.21965856384486 ], [ 345335.491501277021598, 3512927.572033859789371 ], [ 346380.568120995187201, 3512911.952965378761292 ], [ 347059.447878504870459, 3513855.664763076230884 ] ], [ [ 344344.936417870689183, 3510081.238598694559187 ], [ 345390.124225328909233, 3510065.533251771237701 ], [ 346068.462282555061392, 3511009.098651773296297 ], [ 345023.312388009682763, 3511024.739969961345196 ], [ 344344.936417870689183, 3510081.238598694559187 ] ], [ [ 344711.954099018999841, 3509122.037877493537962 ], [ 345757.177221369056497, 3509106.374428177252412 ], [ 346435.309450884931721, 3510049.933801077306271 ], [ 345390.124225328909233, 3510065.533251771237701 ], [ 344711.954099018999841, 3509122.037877493537962 ] ] ], [ [ [ 360140.658847129205242, 3504134.097338137216866 ], [ 360817.309375528886449, 3505078.394850821234286 ], [ 359771.976988016394898, 3505092.516068015247583 ], [ 360448.833065765444189, 3506036.819969998672605 ], [ 359403.536012938420754, 3506050.982715071178973 ], [ 360080.59765705675818, 3506995.293006126768887 ], [ 363216.368807461927645, 3506953.314897149801254 ], [ 362539.420183646725491, 3506008.811748401727527 ], [ 363584.710283663589507, 3505994.966268372256309 ], [ 362907.967177914571948, 3505050.469598651863635 ], [ 361862.639432998956181, 3505064.379361618775874 ], [ 361186.026558266021311, 3504120.017650010995567 ], [ 360140.658847129205242, 3504134.097338137216866 ] ] ], [ [ [ 357312.934832103550434, 3506079.625482622068375 ], [ 358667.376827262458391, 3507968.059754965361208 ], [ 359712.603177488665096, 3507953.813957779668272 ], [ 358358.236607545579318, 3506065.251218683551997 ], [ 357312.934832103550434, 3506079.625482622068375 ] ] ], [ [ [ 376997.550121687701903, 3514408.750809602439404 ], [ 377675.708369691332337, 3515354.414326544851065 ], [ 378720.605034108506516, 3515342.062948336359113 ], [ 378042.484369471436366, 3514396.334360216744244 ], [ 376997.550121687701903, 3514408.750809602439404 ] ] ], [ [ [ 372451.194143598491792, 3515417.761414213106036 ], [ 373129.708327111089602, 3516363.171788095496595 ], [ 374174.577702211565338, 3516350.355331885162741 ], [ 373496.101167328597512, 3515404.87996520800516 ], [ 372451.194143598491792, 3515417.761414213106036 ] ] ], [ [ [ 350507.629208822385408, 3515712.764813452493399 ], [ 351186.936873576487415, 3516656.816589054651558 ], [ 352231.854245077003725, 3516641.772809145972133 ], [ 351552.584489581407979, 3515697.656608386430889 ], [ 350507.629208822385408, 3515712.764813452493399 ] ] ], [ [ [ 365083.997583189979196, 3518373.159699681214988 ], [ 365763.35474629024975, 3519318.200753951910883 ], [ 366808.130450971075334, 3519304.624414924997836 ], [ 366128.811058797873557, 3518359.518439736682922 ], [ 365083.997583189979196, 3518373.159699681214988 ] ] ], [ [ [ 363673.796626563183963, 3519345.671860332600772 ], [ 364353.397232634481043, 3520290.654680017381907 ], [ 365398.139617296052165, 3520276.93097900506109 ], [ 364718.576810605067294, 3519331.883235184941441 ], [ 363673.796626563183963, 3519345.671860332600772 ] ] ], [ [ [ 381800.755794905824587, 3518167.632231519091874 ], [ 382479.510102551896125, 3519113.71527277585119 ], [ 383524.252471575746313, 3519101.836987459566444 ], [ 384882.189313455310185, 3520994.351716435980052 ], [ 383837.522104095900431, 3521006.099119587335736 ], [ 384516.779792251763865, 3521952.400101529434323 ], [ 386606.037140478380024, 3521929.142546589951962 ], [ 384568.992904654995073, 3519090.06481732847169 ], [ 385613.731419147690758, 3519078.398760912474245 ], [ 384256.615962771815248, 3517185.913028416223824 ], [ 382166.986799871723633, 3517209.612723102793097 ], [ 382845.535738015372772, 3518155.688591266050935 ], [ 381800.755794905824587, 3518167.632231519091874 ] ] ], [ [ [ 382113.72547438897891, 3520071.789889567065984 ], [ 382792.852965881349519, 3521017.952693801838905 ], [ 383837.522104095900431, 3521006.099119587335736 ], [ 383158.432206571043935, 3520059.870872746687382 ], [ 382113.72547438897891, 3520071.789889567065984 ] ] ], [ [ [ 366937.930986468330957, 3532661.464052849914879 ], [ 367982.194457106117625, 3532647.950419985223562 ], [ 368664.334308780147694, 3533593.61560826562345 ], [ 367620.10876358684618, 3533607.063674492295831 ], [ 368984.967848476953804, 3535498.480516778305173 ], [ 370029.117531593306921, 3535485.163756842259318 ], [ 369346.642001208267175, 3534539.353357648476958 ], [ 371435.010787046514452, 3534512.908233627676964 ], [ 370752.778916017909069, 3533567.039154371712357 ], [ 371796.99801249790471, 3533553.910763394087553 ], [ 372479.191991278668866, 3534499.845548237208277 ], [ 373523.371092670364305, 3534486.889445082750171 ], [ 374205.695014435565099, 3535432.962843247223645 ], [ 379426.370346419105772, 3535370.110364108812064 ], [ 378744.235659348138142, 3534423.707606825511903 ], [ 380832.56736849603476, 3534399.180891692638397 ], [ 380150.676086012274027, 3533452.719485399778932 ], [ 382239.07548625592608, 3533428.48712205607444 ], [ 381557.427547067520209, 3532481.967100015841424 ], [ 380513.191061097255442, 3532494.095930541399866 ], [ 379831.673154269577935, 3531547.714992427267134 ], [ 381920.219683049945161, 3531523.432093213777989 ], [ 380557.83827674476197, 3529630.626200531609356 ], [ 382646.527908360527363, 3529606.505863449070603 ], [ 381284.968571706034709, 3527713.729113790206611 ], [ 382329.385868513898458, 3527701.697048226371408 ], [ 381648.895588857063558, 3526755.35246273688972 ], [ 382693.348620351112913, 3526743.361058199312538 ], [ 381332.946805330459028, 3524850.759314097464085 ], [ 382377.473222534521483, 3524838.742950940970331 ], [ 381017.817913221253548, 3522946.301340771839023 ], [ 382062.417669241665863, 3522934.260138919111341 ], [ 381382.879351761657745, 3521988.082924662157893 ], [ 380338.241957434336655, 3522000.189602493308485 ], [ 378979.59345790167572, 3520108.183818148914725 ], [ 380024.306117401516531, 3520095.946360758971423 ], [ 379345.271206239063758, 3519149.986834731418639 ], [ 381434.765780228190124, 3519125.699674759525806 ], [ 380755.973886261228472, 3518179.68196125049144 ], [ 379711.189994712593034, 3518191.837781967129558 ], [ 379032.528309047105722, 3517245.95772488322109 ], [ 382166.986799871723633, 3517209.612723102793097 ], [ 381488.60566000721883, 3516263.609294938854873 ], [ 383578.309919080173131, 3516239.779038348700851 ], [ 382900.171668879047502, 3515293.717515035998076 ], [ 384989.943216041021515, 3515270.180825007148087 ], [ 384312.047794130980037, 3514324.061239216011018 ], [ 381177.274990677717142, 3514359.720899831969291 ], [ 380499.434805566153955, 3513413.869168858509511 ], [ 379454.469058691640384, 3513426.032771263737231 ], [ 380132.346786561480258, 3514371.819406862836331 ], [ 379087.41658529441338, 3514384.023893149569631 ], [ 379765.499678840104025, 3515329.817579604685307 ], [ 378720.605034108506516, 3515342.062948336359113 ], [ 379398.893510353344027, 3516287.863685982767493 ], [ 378354.034433091524988, 3516300.1499357027933 ], [ 377675.708369691332337, 3515354.414326544851065 ], [ 376630.809668197587598, 3515366.871715771965683 ], [ 375274.585802900779527, 3513475.746717150788754 ], [ 374229.60983482300071, 3513488.440095454454422 ], [ 373551.712037603720091, 3512543.050331683363765 ], [ 372506.696360322297551, 3512555.914545116946101 ], [ 373862.735012568591628, 3514446.636067253537476 ], [ 374907.675460638361983, 3514433.901661548763514 ], [ 375585.908912234182935, 3515379.435117576736957 ], [ 374541.006084410415497, 3515392.104533527046442 ], [ 375898.051705438527279, 3517283.257314766291529 ], [ 373808.390342043130659, 3517308.654055409599096 ], [ 373129.708327111089602, 3516363.171788095496595 ], [ 369995.087461956543848, 3516402.257439490873367 ], [ 369316.460258595936466, 3515457.041881345678121 ], [ 367226.626816492062062, 3515483.758975923061371 ], [ 369942.444352537801024, 3519264.532234188634902 ], [ 366808.130450971075334, 3519304.624414924997836 ], [ 368167.272791183728259, 3521195.05154728423804 ], [ 365033.165699916135054, 3521235.709113496821374 ], [ 365713.102025632862933, 3522180.835248549003154 ], [ 363623.761772987782024, 3522208.341291981283575 ], [ 364303.941612439637538, 3523153.409105142112821 ], [ 368482.46193675941322, 3523099.082256312482059 ], [ 369162.658354968822096, 3524044.482392549514771 ], [ 370207.245149328606203, 3524031.231518581043929 ], [ 371568.06592067447491, 3525922.378707982134074 ], [ 370523.554716535261832, 3525935.498993907123804 ], [ 371885.12242628086824, 3527826.804621667135507 ], [ 370840.684707398875616, 3527839.900475475471467 ], [ 370159.779118623351678, 3526894.276899862568825 ], [ 369115.301433425396681, 3526907.544524859171361 ], [ 369796.244851302006282, 3527853.102716874796897 ], [ 367707.358658356708474, 3527879.826369045302272 ], [ 368388.545617793104611, 3528825.326078159734607 ], [ 366299.726420694496483, 3528852.344607926905155 ], [ 365618.46370925870724, 3527906.975591514725238 ], [ 362485.104565547371749, 3527948.497399216983467 ], [ 361803.895998298889026, 3527003.39613436255604 ], [ 363892.880159500113223, 3526975.478115641511977 ], [ 363211.915271297446452, 3526030.318377742543817 ], [ 362167.386426442652009, 3526044.289364624768496 ], [ 361486.551505452604033, 3525099.266587155405432 ], [ 363575.682708823587745, 3525071.300717456731945 ], [ 362895.091429222782608, 3524126.219524079468101 ], [ 363939.691498584405053, 3524112.330959436949342 ], [ 362579.088260490563698, 3522222.253658166155219 ], [ 361534.412467441172339, 3522236.272256309166551 ], [ 360854.324790783692151, 3521291.406006187200546 ], [ 362943.749796584015712, 3521263.345153472851962 ], [ 362263.905685993726365, 3520318.420601812656969 ], [ 363308.652594650629908, 3520304.48455371055752 ], [ 362629.01417680492159, 3519359.566631116438657 ], [ 363673.796626563183963, 3519345.671860332600772 ], [ 362994.363884463324212, 3518400.760566737037152 ], [ 365083.997583189979196, 3518373.159699681214988 ], [ 363725.786837850580923, 3516483.292162705212831 ], [ 361636.002003245986998, 3516511.152207375504076 ], [ 362315.099009106052108, 3517455.920711603015661 ], [ 359180.517881285282783, 3517498.312172456644475 ], [ 359859.896207134705037, 3518442.957761198282242 ], [ 356725.407557998492848, 3518486.11007055779919 ], [ 357405.067334902472794, 3519430.632730787154287 ], [ 355315.472130746289622, 3519459.802251870278269 ], [ 355995.375578645558562, 3520404.266651372425258 ], [ 353905.846591193927452, 3520433.731476930901408 ], [ 355266.308847252686974, 3522322.614815202075988 ], [ 354221.616605192364659, 3522337.37708679260686 ], [ 354902.137520033342298, 3523281.860736763104796 ], [ 353857.480818278738298, 3523296.664482621010393 ], [ 354538.207589407102205, 3524241.154549273662269 ], [ 355582.826328072464094, 3524226.41563283232972 ], [ 356263.683026587241329, 3525171.04186272714287 ], [ 354174.519083588267677, 3525200.496251105796546 ], [ 354855.619622986530885, 3526145.064041209872812 ], [ 351721.969565489038359, 3526189.848520561587065 ], [ 351040.755002918886021, 3525245.475320335477591 ], [ 352085.345475028036162, 3525230.375963222701102 ], [ 351404.336834876798093, 3524286.009118706919253 ], [ 352448.962860115454532, 3524270.951290351804346 ], [ 351768.160125403839629, 3523326.590801639482379 ], [ 349678.829597933741752, 3523356.942236205562949 ], [ 350359.708346166822594, 3524301.173254775814712 ], [ 349315.077376678702421, 3524316.443700450472534 ], [ 349996.1620625234209, 3525260.681013992987573 ], [ 348951.566636548726819, 3525275.993046093266457 ], [ 349632.857276988215744, 3526220.23665446927771 ], [ 346499.170123202144168, 3526266.616614762227982 ], [ 347862.483585671288893, 3528154.928353956900537 ], [ 348906.972313310136087, 3528139.491572265978903 ], [ 348225.269712763139978, 3527195.235374602489173 ], [ 349269.794017822947353, 3527179.840174474753439 ], [ 350633.2909727091901, 3529068.553482413291931 ], [ 351677.736649315047543, 3529053.394476511515677 ], [ 350995.942286069737747, 3528108.937281866092235 ], [ 352040.423565728473477, 3528093.819769345689565 ], [ 351358.835159750306047, 3527149.368960676714778 ], [ 354492.378461354994215, 3527104.460077709984034 ], [ 355173.852785083756316, 3528049.105739909224212 ], [ 356218.324375895783305, 3528034.413893274962902 ], [ 357581.70067609671969, 3529924.050027530640364 ], [ 359670.484780670318287, 3529895.246095251757652 ], [ 361034.380619825271424, 3531785.430203857831657 ], [ 362078.69322797388304, 3531771.318506742827594 ], [ 362760.854968210565858, 3532716.583948133513331 ], [ 364849.397438934654929, 3532688.810924311168492 ], [ 364167.311628615832888, 3531743.414654314983636 ], [ 366255.921056630089879, 3531715.936846046708524 ], [ 366937.930986468330957, 3532661.464052849914879 ] ], [ [ 366981.156983142253011, 3529797.785800606012344 ], [ 365936.78197461675154, 3529811.389335876796395 ], [ 365255.313513934263028, 3528866.013506494928151 ], [ 366299.726420694496483, 3528852.344607926905155 ], [ 366981.156983142253011, 3529797.785800606012344 ] ], [ [ 358988.788670780370012, 3528950.261877711396664 ], [ 360033.215207454108167, 3528935.954404758755118 ], [ 360714.873344838502817, 3529881.003823370672762 ], [ 359670.484780670318287, 3529895.246095251757652 ], [ 358988.788670780370012, 3528950.261877711396664 ] ], [ [ 359351.724943208042532, 3527990.976817239075899 ], [ 361440.646989867032971, 3527962.550801745150238 ], [ 362122.061353635566775, 3528907.658757427707314 ], [ 360033.215207454108167, 3528935.954404758755118 ], [ 359351.724943208042532, 3527990.976817239075899 ] ], [ [ 358307.260437685181387, 3528005.349433752242476 ], [ 357625.900084128952585, 3527060.508675271179527 ], [ 358670.4025548446225, 3527046.070972682442516 ], [ 359351.724943208042532, 3527990.976817239075899 ], [ 358307.260437685181387, 3528005.349433752242476 ] ], [ [ 368344.521649901289493, 3531688.885068233124912 ], [ 367300.222448989632539, 3531702.357704180758446 ], [ 366618.418287228327245, 3530756.837372304406017 ], [ 367662.755393808358349, 3530743.299257898703218 ], [ 368344.521649901289493, 3531688.885068233124912 ] ], [ [ 361122.855298687703907, 3526058.366696832701564 ], [ 360078.321870739688165, 3526072.550376121886075 ], [ 359397.411120892851613, 3525127.657730056438595 ], [ 360441.982469469599891, 3525113.40899857506156 ], [ 361122.855298687703907, 3526058.366696832701564 ] ], [ [ 372397.645773790427484, 3518279.899203738663346 ], [ 371352.845393831958063, 3518292.903808098752052 ], [ 370673.882507969392464, 3517347.544719181489199 ], [ 371718.72058102383744, 3517334.475088738370687 ], [ 372397.645773790427484, 3518279.899203738663346 ] ] ], [ [ [ 368118.069391383149195, 3524057.839544085785747 ], [ 368798.471457814681344, 3525003.246522381901741 ], [ 369843.022615827969275, 3524989.954609038308263 ], [ 369162.658354968822096, 3524044.482392549514771 ], [ 368118.069391383149195, 3524057.839544085785747 ] ] ], [ [ [ 384735.20977982430486, 3529582.811231306288391 ], [ 385779.54784864425892, 3529571.123550885356963 ], [ 385098.797351758810692, 3528624.501182270701975 ], [ 384054.421605577517767, 3528636.254714479204267 ], [ 384735.20977982430486, 3529582.811231306288391 ] ] ], [ [ [ 389548.413088886532933, 3533347.029767076019198 ], [ 390592.596747681498528, 3533335.819130851421505 ], [ 389911.250497159489896, 3532388.770774429198354 ], [ 390955.470007175230421, 3532377.600501774810255 ], [ 390274.329172717756592, 3531430.559722937177867 ], [ 393407.089855989615899, 3531397.489411798771471 ], [ 392726.229657108953688, 3530450.323975643143058 ], [ 391681.940267287020106, 3530461.307073620148003 ], [ 391001.210213951184414, 3529514.281447380781174 ], [ 392045.53721206082264, 3529503.232276475988328 ], [ 390684.655595176387578, 3527609.269733048975468 ], [ 389640.253392188984435, 3527620.450876717455685 ], [ 388960.026629608706571, 3526673.645754504948854 ], [ 387915.584991602692753, 3526684.999131029471755 ], [ 388595.849362941633444, 3527631.738380602095276 ], [ 387551.443490159756038, 3527643.132246112450957 ], [ 388231.91325668070931, 3528589.878947453573346 ], [ 387187.543160043191165, 3528601.313300203997642 ], [ 388549.061289780191146, 3530494.895025076810271 ], [ 385416.16573797451565, 3530529.440992272458971 ], [ 384735.20977982430486, 3529582.811231306288391 ], [ 382646.527908360527363, 3529606.505863449070603 ], [ 384690.125343060295563, 3532446.219676263164729 ], [ 385734.35411185346311, 3532434.516886002849787 ], [ 385053.024893451947719, 3531487.806367759592831 ], [ 387141.552179671707563, 3531464.588282426819205 ], [ 387822.806008019833826, 3532411.430823193863034 ], [ 388867.029169852205086, 3532400.047547766938806 ], [ 389548.413088886532933, 3533347.029767076019198 ] ] ], [ [ [ 364487.41895507555455, 3533648.047250447794795 ], [ 365169.878438187413849, 3534593.522665064316243 ], [ 367258.264597483212128, 3534566.224830328952521 ], [ 366575.881034382327925, 3533620.61830246867612 ], [ 367620.10876358684618, 3533607.063674492295831 ], [ 366937.930986468330957, 3532661.464052849914879 ], [ 364849.397438934654929, 3532688.810924311168492 ], [ 365531.651103952957783, 3533634.279493887443095 ], [ 364487.41895507555455, 3533648.047250447794795 ] ] ], [ [ [ 387460.040286935167387, 3533369.770628953352571 ], [ 388141.66735175345093, 3534316.694255792535841 ], [ 390229.964772469596937, 3534294.08570195036009 ], [ 389548.413088886532933, 3533347.029767076019198 ], [ 387460.040286935167387, 3533369.770628953352571 ] ] ], [ [ [ 283479.000117714633234, 3373199.159177871886641 ], [ 284131.733755724562798, 3374135.302627890836447 ], [ 285182.204978264868259, 3374114.429179964587092 ], [ 284529.508328851079568, 3373178.228822019416839 ], [ 283479.000117714633234, 3373199.159177871886641 ] ] ], [ [ [ 295264.558497523830738, 3382462.53333896631375 ], [ 295918.788899702951312, 3383399.568331911694258 ], [ 296968.871761628368404, 3383379.778112565167248 ], [ 296314.678314037504606, 3382442.685540563426912 ], [ 295264.558497523830738, 3382462.53333896631375 ] ] ], [ [ [ 306815.680610916460864, 3382249.828347515314817 ], [ 307469.505235265009105, 3383187.498170532286167 ], [ 308519.549477818130981, 3383168.832347672898322 ], [ 307865.761663721641526, 3382231.104653339833021 ], [ 306815.680610916460864, 3382249.828347515314817 ] ] ], [ [ [ 408512.382855694158934, 3383757.073271200992167 ], [ 409814.326814749801997, 3385644.116970640607178 ], [ 412963.308234700118192, 3385618.254520735237747 ], [ 411661.577926936559379, 3383730.846906560007483 ], [ 408512.382855694158934, 3383757.073271200992167 ] ] ], [ [ [ 331072.214266096008942, 3394185.627624901011586 ], [ 331727.672653041023295, 3395124.987085175700486 ], [ 332777.191556863253936, 3395108.616532364860177 ], [ 332121.769829651922919, 3394169.198095264378935 ], [ 331072.214266096008942, 3394185.627624901011586 ] ] ], [ [ [ 444013.130286385421641, 3393954.370426522567868 ], [ 444664.904894197650719, 3394900.26328098308295 ], [ 445714.17762544658035, 3394894.91488632466644 ], [ 445062.438354856043588, 3393948.960089044179767 ], [ 444013.130286385421641, 3393954.370426522567868 ] ] ], [ [ [ 316640.700166198890656, 3396321.389629126060754 ], [ 317297.046145731350407, 3397259.993169309105724 ], [ 318346.537834815797396, 3397242.201916123740375 ], [ 317690.2287156234961, 3396303.539691323414445 ], [ 316640.700166198890656, 3396321.389629126060754 ] ] ], [ [ [ 447273.679426525603049, 3398684.530243953224272 ], [ 445175.413940060010646, 3398695.037917645182461 ], [ 445828.097335202270187, 3399641.154603375587612 ], [ 444778.998546150978655, 3399646.500070148613304 ], [ 447391.54977617849363, 3403431.416287666652352 ], [ 448440.506947665009648, 3403426.319912682287395 ], [ 447787.153145899064839, 3402479.923635114915669 ], [ 449885.135573627310805, 3402469.914035665802658 ], [ 448579.072310502757318, 3400577.082206017803401 ], [ 449628.132930393214338, 3400572.106624140404165 ], [ 448322.810766997397877, 3398679.430170824285597 ], [ 451470.199399180884939, 3398664.744998582173139 ], [ 450165.75959126080852, 3396771.974828050006181 ], [ 449116.560294502705801, 3396776.891815074253827 ], [ 448464.556464477791451, 3395830.673692445270717 ], [ 447415.320948611595668, 3395835.755239298567176 ], [ 446763.449398532160558, 3394889.668889346066862 ], [ 445714.17762544658035, 3394894.91488632466644 ], [ 446366.084505013015587, 3395840.939210814423859 ], [ 445316.847115174343344, 3395846.225607650354505 ], [ 447273.679426525603049, 3398684.530243953224272 ] ], [ [ 449768.731718981522135, 3397723.179739687591791 ], [ 448719.566850884410087, 3397728.137015185784549 ], [ 448067.360100419085938, 3396781.911253781057894 ], [ 449116.560294502705801, 3396776.891815074253827 ], [ 449768.731718981522135, 3397723.179739687591791 ] ] ], [ [ [ 329760.763167754630558, 3399904.653142942581326 ], [ 330417.413256050494965, 3400844.098907736130059 ], [ 331466.726780898752622, 3400827.569938578177243 ], [ 330810.113437359628733, 3399888.065004008356482 ], [ 329760.763167754630558, 3399904.653142942581326 ] ] ], [ [ [ 324121.468758298549801, 3400945.42929696245119 ], [ 324778.507632166380063, 3401884.584021610207856 ], [ 325827.802523442602251, 3401867.497941456269473 ], [ 327142.310739122680388, 3403746.116250785999 ], [ 326093.089509113226086, 3403763.08403976354748 ], [ 327408.343541263369843, 3405641.838682596571743 ], [ 328457.49109632417094, 3405624.989403149113059 ], [ 327799.816901318263263, 3404685.520931577309966 ], [ 328848.998269000207074, 3404668.715178204234689 ], [ 328191.528929682564922, 3403729.25124319922179 ], [ 329240.744099225266837, 3403712.489014863967896 ], [ 327926.383128718822263, 3401833.633962681517005 ], [ 331074.231370267574675, 3401783.608416228555143 ], [ 330417.413256050494965, 3400844.098907736130059 ], [ 327269.454692671482917, 3400894.301966513041407 ], [ 325956.101931825105567, 3399015.828634622506797 ], [ 324906.702763722045347, 3399032.886449337005615 ], [ 325563.331917616422288, 3399972.032356925308704 ], [ 324513.966469788807444, 3399989.133835668675601 ], [ 325170.800475082418416, 3400928.284153044689447 ], [ 324121.468758298549801, 3400945.42929696245119 ] ] ], [ [ [ 334094.860353919910267, 3404586.228459388948977 ], [ 334752.313783959951252, 3405526.053185609169304 ], [ 335801.440630034194328, 3405509.923706364352256 ], [ 335144.023949209135026, 3404570.03951059281826 ], [ 334094.860353919910267, 3404586.228459388948977 ] ] ], [ [ [ 308791.274061820353381, 3407858.280768880620599 ], [ 309450.191784245660529, 3408796.757249531336129 ], [ 311548.382536239572801, 3408759.60638565197587 ], [ 310889.538991686305963, 3407821.012000745628029 ], [ 308791.274061820353381, 3407858.280768880620599 ] ] ], [ [ [ 360069.33711360860616, 3409915.301739876624197 ], [ 360727.029061033739708, 3410856.774268884211779 ], [ 361775.880228898720816, 3410843.164963728282601 ], [ 361118.224785082507879, 3409901.632071438711137 ], [ 360069.33711360860616, 3409915.301739876624197 ] ] ], [ [ [ 343164.479200801695697, 3413000.322751954197884 ], [ 345262.125342676066794, 3412969.740473811514676 ], [ 344603.511667292448692, 3412029.100098107941449 ], [ 342505.792060430161655, 3412059.802379422821105 ], [ 343164.479200801695697, 3413000.322751954197884 ] ] ], [ [ [ 311698.386908186075743, 3413508.521018536295742 ], [ 312747.301697295217309, 3413490.086528426967561 ], [ 312087.543549579277169, 3412551.294155847281218 ], [ 311038.591635413526092, 3412569.787831430789083 ], [ 311698.386908186075743, 3413508.521018536295742 ] ] ], [ [ [ 308551.622690150747076, 3413564.443070994690061 ], [ 309211.697506967233494, 3414503.062061249278486 ], [ 310260.585072365473025, 3414484.377438024617732 ], [ 309600.547422959236428, 3413545.699287465307862 ], [ 308551.622690150747076, 3413564.443070994690061 ] ] ], [ [ [ 310649.468822856317274, 3413527.058604099787772 ], [ 311309.469317868119106, 3414465.795941588003188 ], [ 312358.350261815357953, 3414447.317569584120065 ], [ 311698.386908186075743, 3413508.521018536295742 ], [ 310649.468822856317274, 3413527.058604099787772 ] ] ], [ [ [ 375285.858691421512049, 3413527.251735575962812 ], [ 375943.784907958121039, 3414469.71686997404322 ], [ 376992.462772688711993, 3414457.586064700968564 ], [ 376334.572924098931253, 3413515.060022352263331 ], [ 375285.858691421512049, 3413527.251735575962812 ] ] ], [ [ [ 316982.799790159799159, 3421020.674365304876119 ], [ 317644.107700117398053, 3421959.980721950996667 ], [ 319741.265565821435302, 3421924.285344324540347 ], [ 319080.031953196157701, 3420984.859603292774409 ], [ 316982.799790159799159, 3421020.674365304876119 ] ] ], [ [ [ 385283.662964218994603, 3442883.602222304325551 ], [ 386610.819242339697666, 3444771.571294707711786 ], [ 387658.349892465514131, 3444760.379661411978304 ], [ 386331.266836154274642, 3442872.285825390834361 ], [ 385283.662964218994603, 3442883.602222304325551 ] ] ], [ [ [ 387172.371465073083527, 3448570.53202157234773 ], [ 387836.945845154696144, 3449514.771082043182105 ], [ 388884.297179238987155, 3449503.684227656573057 ], [ 388219.759455723979045, 3448559.38253275025636 ], [ 387172.371465073083527, 3448570.53202157234773 ] ] ], [ [ [ 386789.592581347096711, 3449525.961991964373738 ], [ 387454.371439818060026, 3450470.207610578741878 ], [ 388501.688030918536242, 3450459.07936377543956 ], [ 387836.945845154696144, 3449514.771082043182105 ], [ 386789.592581347096711, 3449525.961991964373738 ] ] ], [ [ [ 384595.440349315409549, 3452403.959091410972178 ], [ 385260.869479180255439, 3453348.161659271456301 ], [ 386308.083731034595985, 3453336.805065761320293 ], [ 385642.691334623494186, 3452392.539775809738785 ], [ 384595.440349315409549, 3452403.959091410972178 ] ] ], [ [ [ 384884.855333406710997, 3464772.578820311464369 ], [ 380697.682552476064302, 3464819.366247547324747 ], [ 381365.73539346747566, 3465763.716730122920126 ], [ 383459.251937884255312, 3465740.240269117988646 ], [ 384127.398744187958073, 3466684.786845543887466 ], [ 386220.833523449255154, 3466661.855040756054223 ], [ 384884.855333406710997, 3464772.578820311464369 ] ] ], [ [ [ 383080.678397926967591, 3466696.409597182180732 ], [ 379940.505318393057678, 3466731.905266650486737 ], [ 380608.967715143342502, 3467676.268849178217351 ], [ 378515.582746290136129, 3467700.329204431269318 ], [ 379184.286938176839612, 3468644.636151269543916 ], [ 378137.628358962596394, 3468656.760074363555759 ], [ 378806.537387599877547, 3469601.073541050776839 ], [ 376713.288032123353332, 3469625.508936151862144 ], [ 377382.438950831827242, 3470569.765706106089056 ], [ 375289.255302724021021, 3470594.493396879173815 ], [ 375958.648173226159997, 3471538.693438489921391 ], [ 373865.530196474283002, 3471563.71354181971401 ], [ 374535.165080500126351, 3472507.856823407113552 ], [ 372442.112739225674886, 3472533.169456208590418 ], [ 373111.989698510617018, 3473477.255946021527052 ], [ 371019.002956971991807, 3473502.861225239932537 ], [ 371689.122053266211879, 3474446.890891443938017 ], [ 369596.200875856215134, 3474472.788934056181461 ], [ 370266.56217091740109, 3475416.761744746938348 ], [ 369220.135457508673426, 3475429.804785323794931 ], [ 369890.701805693795905, 3476373.78393743140623 ], [ 368844.310077764152084, 3476386.868590959347785 ], [ 369515.081496151979081, 3477330.854083983227611 ], [ 366376.004585664370097, 3477370.547581219114363 ], [ 367718.27444890915649, 3479258.347723109647632 ], [ 370857.127910233684815, 3479219.034120533615351 ], [ 370186.020774565055035, 3478274.909232070203871 ], [ 373324.966144236794207, 3478236.349920255597681 ], [ 372654.138473089085892, 3477292.104665740858763 ], [ 375793.175995808211155, 3477254.29928269283846 ], [ 375122.627658038283698, 3476309.93367142835632 ], [ 376169.006395382864866, 3476297.478207328356802 ], [ 376839.517596406047232, 3477241.907266525551677 ], [ 377885.857106435811147, 3477229.620136846322566 ], [ 375874.938378096732777, 3474396.352512031327933 ], [ 379014.278405566408765, 3474359.549170159734786 ], [ 379684.305537124106195, 3475304.091997078619897 ], [ 380730.711008681973908, 3475292.097287122160196 ], [ 379390.898703918093815, 3473402.954767709132284 ], [ 381483.851773705449887, 3473379.025886560790241 ], [ 380814.271442073630169, 3472434.432858074083924 ], [ 382907.290483147895429, 3472410.796139646787196 ], [ 382237.951998880365863, 3471466.146335911005735 ], [ 384331.037047441117465, 3471442.8016636678949 ], [ 383661.940348884090781, 3470498.095116150565445 ], [ 384708.516876807902008, 3470486.516405703965575 ], [ 386046.804147253627889, 3472376.126586536411196 ], [ 388139.803532647842076, 3472353.537217208649963 ], [ 387470.649897517403588, 3471408.569954020436853 ], [ 388517.183659375237767, 3471397.368791379034519 ], [ 389186.300361543195322, 3472342.399628089275211 ], [ 390232.795304967672564, 3472331.366767465136945 ], [ 389563.715523497085087, 3471386.272330001927912 ], [ 390610.245507692103274, 3471375.280568494927138 ], [ 389941.370420817809645, 3470430.192999725695699 ], [ 392034.49859307135921, 3470408.396345885004848 ], [ 391365.865059913834557, 3469463.252076243050396 ], [ 392412.463242995494511, 3469452.447155810426921 ], [ 391744.034354128118139, 3468507.309784254524857 ], [ 392790.667551917023957, 3468496.545935872476548 ], [ 392122.443290237220936, 3467551.415462524164468 ], [ 394215.777872225327883, 3467530.074493502732366 ], [ 392879.97997766546905, 3465639.770732286851853 ], [ 391833.239970239112154, 3465650.515888548921794 ], [ 391165.555883932800498, 3464705.532932152971625 ], [ 392212.332699269987643, 3464694.724378777202219 ], [ 391544.853203962673433, 3463749.748263164423406 ], [ 390498.039584576734342, 3463760.620157399680465 ], [ 389830.691075033624656, 3462815.777479281183332 ], [ 387736.984568230225705, 3462837.961177729535848 ], [ 389071.996659246040508, 3464727.463543048594147 ], [ 386978.429856730392203, 3464749.812168687582016 ], [ 387646.261297329212539, 3465694.541809027083218 ], [ 386599.511878985504154, 3465705.80961992777884 ], [ 387267.547992158564739, 3466650.545984722673893 ], [ 386220.833523449255154, 3466661.855040756054223 ], [ 387557.482930584112182, 3468551.411317953839898 ], [ 386510.840327419806272, 3468562.698243352584541 ], [ 387179.453639461658895, 3469507.518184317275882 ], [ 386132.846023181919008, 3469518.846324876416475 ], [ 386801.664060078561306, 3470463.673018349334598 ], [ 385755.091441265249159, 3470475.042373584583402 ], [ 383080.678397926967591, 3466696.409597182180732 ] ] ], [ [ [ 392967.503825742111076, 3486589.00683348858729 ], [ 393639.526990752667189, 3487534.789014168549329 ], [ 394685.441081970289815, 3487524.150445838924497 ], [ 394013.454972908017226, 3486578.303922606632113 ], [ 392967.503825742111076, 3486589.00683348858729 ] ] ], [ [ [ 394311.717923880496528, 3488480.642700002528727 ], [ 393639.526990752667189, 3487534.789014168549329 ], [ 392593.611103386152536, 3487545.532755224499851 ], [ 393265.839108547486831, 3488491.322069003712386 ], [ 394311.717923880496528, 3488480.642700002528727 ] ] ], [ [ [ 386150.607177753059659, 3509535.605717588216066 ], [ 384797.372210074798204, 3507643.655224134679884 ], [ 382707.020492295559961, 3507667.174430340062827 ], [ 383383.628937280795071, 3508612.983682505320758 ], [ 384428.768333791696932, 3508601.236133171245456 ], [ 385105.507138134445995, 3509547.18243605364114 ], [ 386150.607177753059659, 3509535.605717588216066 ] ] ], [ [ [ 385782.41373306105379, 3510493.20093494746834 ], [ 385105.507138134445995, 3509547.18243605364114 ], [ 384060.405179545865394, 3509558.864985927473754 ], [ 384737.349216234579217, 3510504.818428145721555 ], [ 385782.41373306105379, 3510493.20093494746834 ] ] ], [ [ [ 378834.865991361613851, 3509618.865258038509637 ], [ 374654.398319627856836, 3509668.770593639463186 ], [ 375331.679883717792109, 3510614.139748987276107 ], [ 374286.59534027276095, 3510626.815910485107452 ], [ 375641.737083207350224, 3512517.639701515901834 ], [ 377731.753833000082523, 3512492.652789713814855 ], [ 378409.501302398857661, 3513438.302325755357742 ], [ 379454.469058691640384, 3513426.032771263737231 ], [ 378776.759140519017819, 3512480.318224286660552 ], [ 380866.76370790717192, 3512455.966866674833 ], [ 380189.296660321415402, 3511510.194331807550043 ], [ 384369.432061282568611, 3511462.502363335341215 ], [ 383692.282775220111944, 3510516.5417814203538 ], [ 381602.144050881033763, 3510540.306074070278555 ], [ 380925.087615478842054, 3509594.547638685442507 ], [ 383015.301284541026689, 3509570.653368672821671 ], [ 382338.487592108023819, 3508624.837037511635572 ], [ 378157.902375677309465, 3508673.308544096071273 ], [ 378834.865991361613851, 3509618.865258038509637 ] ] ], [ [ [ 392873.764572196640074, 3521861.918525228276849 ], [ 392194.807227588375099, 3520915.092562598641962 ], [ 396373.406271246203687, 3520872.137161913793534 ], [ 395016.294577303633559, 3518978.179134294390678 ], [ 396061.014860646391753, 3518967.574137080460787 ], [ 395382.748065030784346, 3518020.63935786858201 ], [ 396427.504036576894578, 3518010.074749919120222 ], [ 394393.82237901899498, 3515169.512579693458974 ], [ 396483.553511234349571, 3515148.307760742027313 ], [ 395806.069893033360131, 3514201.468800643924624 ], [ 396850.970228269638028, 3514190.959808432962745 ], [ 396173.691718836664222, 3513244.128380905371159 ], [ 397218.627683118684217, 3513233.659814138431102 ], [ 395864.648594654165208, 3511340.084997868631035 ], [ 398999.670182465808466, 3511308.921861939132214 ], [ 399676.463906290649902, 3512255.869195899460465 ], [ 400721.430416851537302, 3512245.758750477340072 ], [ 399368.085286199406255, 3510351.806147388648242 ], [ 400413.12469566531945, 3510341.67054875427857 ], [ 399060.525052273238543, 3508447.879239378497005 ], [ 395925.178076900658198, 3508478.995854107197374 ], [ 395249.01803523680428, 3507532.405497576110065 ], [ 394203.861621785967145, 3507543.054520518984646 ], [ 392851.970214457134716, 3505650.221982482820749 ], [ 387625.787960183806717, 3505705.704311805777252 ], [ 388301.836426937603392, 3506651.75909955566749 ], [ 387256.631769737577997, 3506663.10774183133617 ], [ 386580.545937715738546, 3505717.117918079253286 ], [ 385535.302017241483554, 3505728.637241120450199 ], [ 386211.425226755207404, 3506674.562128101009876 ], [ 384121.006413531547878, 3506697.788138366769999 ], [ 384797.372210074798204, 3507643.655224134679884 ], [ 385842.545171266770922, 3507632.054285068996251 ], [ 386519.041350670857355, 3508578.058445653878152 ], [ 387564.175005949859042, 3508566.628304571844637 ], [ 389594.558031927212141, 3511405.269888974260539 ], [ 388549.536591995798517, 3511416.504615011624992 ], [ 389226.703897186089307, 3512362.798192949499935 ], [ 388181.718022625078447, 3512374.073576340451837 ], [ 387504.513292396848556, 3511427.845224043354392 ], [ 384369.432061282568611, 3511462.502363335341215 ], [ 385724.234008075436577, 3513354.640385378617793 ], [ 384679.278047112515196, 3513366.274249892216176 ], [ 387391.045308166299947, 3517151.158916534855962 ], [ 386346.237423063081224, 3517162.637565084733069 ], [ 387703.202761805441696, 3519055.384983406402171 ], [ 386658.468032411765307, 3519066.838816752657294 ], [ 387337.23989804845769, 3520013.25622940948233 ], [ 388381.937098347640131, 3520001.867917283438146 ], [ 389060.83920914051123, 3520948.423785320948809 ], [ 388016.179541802965105, 3520959.746518756728619 ], [ 390733.615840000798926, 3524746.438210801687092 ], [ 392822.6330398969003, 3524724.424796738661826 ], [ 392143.09739750897279, 3523777.510471661575139 ], [ 394232.182528774312232, 3523755.790389695670456 ], [ 393552.889673570287414, 3522808.817771399393678 ], [ 394597.467095985193737, 3522798.051233057398349 ], [ 393918.379486740217544, 3521851.086184116546065 ], [ 392873.764572196640074, 3521861.918525228276849 ] ], [ [ 397278.001409778313246, 3510372.394868772476912 ], [ 395187.910673759004567, 3510393.406964245717973 ], [ 394511.340505660686176, 3509446.801729688886553 ], [ 395556.42405976401642, 3509436.177430359646678 ], [ 394880.058963404851966, 3508489.579635105095804 ], [ 395925.178076900658198, 3508478.995854107197374 ], [ 397278.001409778313246, 3510372.394868772476912 ] ], [ [ 387079.707101921434514, 3515247.068136972840875 ], [ 386401.886663056386169, 3514300.818001049570739 ], [ 387446.803249714779668, 3514289.355338263325393 ], [ 388124.586215369345155, 3515235.670790085569024 ], [ 387079.707101921434514, 3515247.068136972840875 ] ] ], [ [ [ 387337.23989804845769, 3520013.25622940948233 ], [ 386292.540826070355251, 3520024.750679574441165 ], [ 386971.518014970060904, 3520971.175417467020452 ], [ 388016.179541802965105, 3520959.746518756728619 ], [ 387337.23989804845769, 3520013.25622940948233 ] ] ] ] } }
]
}
