{
"type": "FeatureCollection",
"name": "urban-2015",
"crs": { "type": "name", "properties": { "name": "urn:ogc:def:crs:EPSG::32636" } },
"features": [
{ "type": "Feature", "properties": { "year": 2015 }, "geometry": { "type": "MultiPolygon", "coordinates": [ [ [ [ 203392.253298178256955, 3418820.634755603037775 ], [ 205490.740311023313552, 3418762.50018508778885 ], [ 205305.331663600751199, 3417816.324491532985121 ], [ 204256.054561586643104, 3417845.349439887795597 ], [ 204070.657729964412283, 3416899.215205581393093 ], [ 203021.339286230504513, 3416928.352979041170329 ], [ 203392.253298178256955, 3418820.634755603037775 ] ] ], [ [ [ 177532.288955197145697, 3421474.21286216378212 ], [ 177159.369321808568202, 3419582.255063516553491 ], [ 176109.982551900320686, 3419614.066110794432461 ], [ 175923.558811177383177, 3418668.143413661513478 ], [ 176972.981911256560124, 3418636.323702044319361 ], [ 176600.351909148215782, 3416744.555972063913941 ], [ 174501.354777564876713, 3416808.333474142476916 ], [ 174315.039586903643794, 3415862.514285597484559 ], [ 173265.496180597576313, 3415894.56687048682943 ], [ 173079.192989092203788, 3414948.787823432125151 ], [ 172029.607560622214805, 3414980.952421761117876 ], [ 172588.771006098599173, 3417818.358694567345083 ], [ 174687.718264898634516, 3417754.184270073659718 ], [ 174874.130047571146861, 3418700.066689916886389 ], [ 172775.255456590675749, 3418764.22395254066214 ], [ 172961.788222525327001, 3419710.120821552351117 ], [ 171912.378711892582942, 3419742.346261645201594 ], [ 172845.949153983965516, 3424472.262358249630779 ], [ 173895.176737088127993, 3424440.079910878092051 ], [ 173708.40241397958016, 3423494.024738623294979 ], [ 174757.660714636323974, 3423461.937377489637583 ], [ 174570.971090720093343, 3422515.905258243437856 ], [ 176669.543460317188874, 3422452.024298462085426 ], [ 176482.974877811444458, 3421506.006536640692502 ], [ 177532.288955197145697, 3421474.21286216378212 ] ] ], [ [ [ 202343.002027657057624, 3418849.857276331167668 ], [ 202528.567237728915643, 3419796.036870874464512 ], [ 203577.782308883324731, 3419766.823716834653169 ], [ 203392.253298178256955, 3418820.634755603037775 ], [ 202343.002027657057624, 3418849.857276331167668 ] ] ], [ [ [ 201479.346971670282073, 3419825.353547686245292 ], [ 201664.996409480983857, 3420771.555844513699412 ], [ 202714.180459862865973, 3420742.248521588742733 ], [ 202528.567237728915643, 3419796.036870874464512 ], [ 201479.346971670282073, 3419825.353547686245292 ] ] ], [ [ [ 202714.180459862865973, 3420742.248521588742733 ], [ 202899.841692670364864, 3421688.492245165631175 ], [ 204998.12180744309444, 3421630.207066328264773 ], [ 204812.533010852988809, 3420683.944522934500128 ], [ 202714.180459862865973, 3420742.248521588742733 ] ] ], [ [ [ 201359.030095686379354, 3424586.05920434743166 ], [ 201544.955901817418635, 3425532.412558874581009 ], [ 202593.963892258238047, 3425503.048534808680415 ], [ 202408.074361163075082, 3424556.685780216008425 ], [ 203457.113441251858603, 3424527.416020199656487 ], [ 202899.841692670364864, 3421688.492245165631175 ], [ 200801.540842706570402, 3421747.191735316067934 ], [ 200987.322564744448755, 3422693.448809286113828 ], [ 199938.200566717423499, 3422722.944602087605745 ], [ 200124.066577252931893, 3423669.224409813992679 ], [ 199074.975610857713036, 3423698.814503616653383 ], [ 199260.925935601640958, 3424645.117059849202633 ], [ 201359.030095686379354, 3424586.05920434743166 ] ] ], [ [ [ 172845.949153983965516, 3424472.262358249630779 ], [ 171796.715869027655572, 3424504.548551403451711 ], [ 172170.555140010430478, 3426396.71949808113277 ], [ 174268.870304230891634, 3426332.285402921028435 ], [ 174455.789545584644657, 3427278.435755870770663 ], [ 175504.902177195588592, 3427246.383105010259897 ], [ 175691.833277849247679, 3428192.573932452592999 ], [ 176740.90382313990267, 3428160.633843596093357 ], [ 176367.162780386686791, 3426268.26649445714429 ], [ 175318.019369204121176, 3426300.224052385427058 ], [ 175131.184855219675228, 3425354.096757983323187 ], [ 173032.808202205749694, 3425418.340598110575229 ], [ 172845.949153983965516, 3424472.262358249630779 ] ] ], [ [ [ 200495.942713313095737, 3425561.880278300028294 ], [ 200681.952836067823227, 3426508.256372495554388 ], [ 201730.929733206343371, 3426478.798040368594229 ], [ 201544.955901817418635, 3425532.412558874581009 ], [ 200495.942713313095737, 3425561.880278300028294 ] ] ], [ [ [ 204877.82934252533596, 3426391.045366452541202 ], [ 205249.703297118307091, 3428283.969564305618405 ], [ 207347.465520290075801, 3428226.024480063933879 ], [ 207161.577123784343712, 3427279.527197326999158 ], [ 206112.662281296099536, 3427308.457412346731871 ], [ 205740.956857528653927, 3425415.578597658779472 ], [ 203642.966702867706772, 3425473.78820238634944 ], [ 203828.867968210484833, 3426420.192541057243943 ], [ 204877.82934252533596, 3426391.045366452541202 ] ] ], [ [ [ 197907.373067466483917, 3428490.046209153253585 ], [ 200005.207702404877637, 3428430.648259361740202 ], [ 199632.970728205575142, 3426537.818431241437793 ], [ 198583.983391396468505, 3426567.484220347367227 ], [ 198770.114169774344191, 3427513.873721935786307 ], [ 196672.196379773144145, 3427573.497894807253033 ], [ 197417.490815924305934, 3431359.302488818764687 ], [ 198466.306935280095786, 3431329.475835271179676 ], [ 198279.947584154782817, 3430382.967147207818925 ], [ 199328.794828042271547, 3430353.234990565106273 ], [ 199142.519889481191058, 3429406.749090303201228 ], [ 198093.636294421914499, 3429436.490610750857741 ], [ 197907.373067466483917, 3428490.046209153253585 ] ] ], [ [ [ 204386.859772676660214, 3429259.598663493990898 ], [ 204572.953039000101853, 3430206.131795670837164 ], [ 205621.769206815166399, 3430177.022648290731013 ], [ 205435.712258276995271, 3429230.479987141210586 ], [ 204386.859772676660214, 3429259.598663493990898 ] ] ], [ [ [ 179399.783018151996657, 3430935.907680061180145 ], [ 179586.797849463182501, 3431882.252258293796331 ], [ 180635.705785834696144, 3431850.65913308551535 ], [ 180448.727418521593791, 3430904.305671419017017 ], [ 179399.783018151996657, 3430935.907680061180145 ] ] ], [ [ [ 194457.563809621846303, 3432395.909298367332667 ], [ 196555.149614327412564, 3432335.755173875484616 ], [ 196182.237349179573357, 3430442.743008180521429 ], [ 195133.374321718176361, 3430472.786720077507198 ], [ 195319.842792270821519, 3431419.267437503673136 ], [ 194271.010851616505533, 3431449.40574023174122 ], [ 194457.563809621846303, 3432395.909298367332667 ] ] ], [ [ [ 205621.769206815166399, 3430177.022648290731013 ], [ 206180.227962736156769, 3433016.844229535665363 ], [ 208277.626983222784474, 3432958.994995957240462 ], [ 207719.386213585617952, 3430119.115815577562898 ], [ 205621.769206815166399, 3430177.022648290731013 ] ] ], [ [ [ 184156.279039439279586, 3433649.359845002647489 ], [ 184343.292677164252382, 3434595.836056184023619 ], [ 185392.069149224611465, 3434564.685741906985641 ], [ 184831.282249047071673, 3431725.326007015071809 ], [ 180635.705785834696144, 3431850.65913308551535 ], [ 180822.732396090053953, 3432797.044511802028865 ], [ 181871.598317056254018, 3432765.564253757242113 ], [ 182058.636689141218085, 3433711.990506688598543 ], [ 184156.279039439279586, 3433649.359845002647489 ] ] ], [ [ [ 209326.318890239228494, 3432930.226226781960577 ], [ 208277.626983222784474, 3432958.994995957240462 ], [ 208463.803162077791058, 3433905.686037237755954 ], [ 209512.458724753465503, 3433876.92693882714957 ], [ 209326.318890239228494, 3432930.226226781960577 ] ] ], [ [ [ 179286.572183673502877, 3435699.611259724013507 ], [ 179099.327832952956669, 3434753.147887450177222 ], [ 175952.882286024221685, 3434848.783337663859129 ], [ 175578.319318127818406, 3432956.005416427738965 ], [ 174529.419880765432026, 3432988.109548398293555 ], [ 174342.174335549992975, 3432041.777146582491696 ], [ 172244.285469148308039, 3432106.314833061303943 ], [ 172618.97093636309728, 3433998.976574032567441 ], [ 173667.845165210950654, 3433966.673172292299569 ], [ 174042.650853221362922, 3435859.479727197438478 ], [ 176140.236209612514358, 3435795.220129639841616 ], [ 176327.638424497505184, 3436741.688831408973783 ], [ 177376.386131635983475, 3436709.72398936515674 ], [ 177751.262316000531428, 3438602.774928239639848 ], [ 178799.931330583174713, 3438570.931975387502462 ], [ 178612.50565603497671, 3437624.381622454151511 ], [ 179661.205660860519856, 3437592.63388353260234 ], [ 179473.864793427230325, 3436646.106586185283959 ], [ 180522.595784335630015, 3436614.454017002135515 ], [ 180335.339698099473026, 3435667.949760656338185 ], [ 179286.572183673502877, 3435699.611259724013507 ] ] ], [ [ [ 207415.142542150919326, 3433934.549060378223658 ], [ 207601.403040459903423, 3434881.262795589398593 ], [ 208650.027299748442601, 3434852.409430482890457 ], [ 208463.803162077791058, 3433905.686037237755954 ], [ 207415.142542150919326, 3433934.549060378223658 ] ] ], [ [ [ 203406.85512297146488, 3434997.715851909480989 ], [ 200260.890252448618412, 3435086.147323132026941 ], [ 200447.453473932400811, 3436032.8264733646065 ], [ 203593.309130450419616, 3435944.423525074962527 ], [ 203406.85512297146488, 3434997.715851909480989 ] ] ], [ [ [ 205690.520519994955976, 3435886.008223336189985 ], [ 205876.949734289373737, 3436832.767390640452504 ], [ 206925.511375770729501, 3436803.725360402371734 ], [ 206739.118554734392092, 3435856.956560501363128 ], [ 207787.711506967491005, 3435828.008884787093848 ], [ 207601.403040459903423, 3434881.262795589398593 ], [ 204455.499770684051327, 3434968.446641093119979 ], [ 204641.917384612257592, 3435915.163876964244992 ], [ 205690.520519994955976, 3435886.008223336189985 ] ] ], [ [ [ 206249.952122386079282, 3438726.382816221565008 ], [ 205876.949734289373737, 3436832.767390640452504 ], [ 204828.382997698965482, 3436861.913439210504293 ], [ 205201.458215747145005, 3438755.509610190987587 ], [ 206249.952122386079282, 3438726.382816221565008 ] ] ], [ [ [ 210630.304591163760051, 3439557.811503359116614 ], [ 209581.867321135418024, 3439586.512265955563635 ], [ 209395.403410476690624, 3438639.626860078889877 ], [ 207298.440944980829954, 3438697.360095656476915 ], [ 207858.195095575938467, 3441538.055290163028985 ], [ 213100.017283211753238, 3441394.649278892204165 ], [ 212913.56674882536754, 3440447.669498951174319 ], [ 210816.780032303591724, 3440504.739136945456266 ], [ 210630.304591163760051, 3439557.811503359116614 ] ], [ [ 209768.379182167816907, 3440533.430124985054135 ], [ 208719.973313324677292, 3440562.225230547133833 ], [ 208533.425026897515636, 3439615.317118533421308 ], [ 209581.867321135418024, 3439586.512265955563635 ], [ 209768.379182167816907, 3440533.430124985054135 ] ] ], [ [ [ 210027.154112729302142, 3447191.49170706840232 ], [ 210214.08603776700329, 3448138.659934293478727 ], [ 211262.200114514795132, 3448109.943339900579304 ], [ 211075.3047013200121, 3447162.765246708877385 ], [ 210027.154112729302142, 3447191.49170706840232 ] ] ], [ [ [ 207069.713778933684807, 3448225.435781170614064 ], [ 207256.803253451536875, 3449172.607121715322137 ], [ 208304.895823329105042, 3449143.587290051858872 ], [ 208117.842887997103389, 3448196.406151282601058 ], [ 207069.713778933684807, 3448225.435781170614064 ] ] ], [ [ [ 210401.065911273879465, 3449085.860752146225423 ], [ 210588.09373183362186, 3450033.094177590683103 ], [ 211636.134752451034728, 3450004.397359824273735 ], [ 211449.143465364468284, 3449057.154038616921753 ], [ 210401.065911273879465, 3449085.860752146225423 ] ] ], [ [ [ 213454.353775563591626, 3410936.824544256087393 ], [ 212404.869779257976916, 3410964.985685748979449 ], [ 212589.65389988955576, 3411911.01268500322476 ], [ 213639.101843438053038, 3411882.861095431260765 ], [ 213454.353775563591626, 3410936.824544256087393 ] ] ], [ [ [ 208391.8115677642636, 3412024.651703606825322 ], [ 208761.812182957539335, 3413916.725931155029684 ], [ 209811.208204788039438, 3413888.18019787594676 ], [ 209441.279771205154248, 3411996.087042714934796 ], [ 208391.8115677642636, 3412024.651703606825322 ] ] ], [ [ [ 210490.742882133461535, 3411967.625655054114759 ], [ 210860.599145090207458, 3413859.737792897969484 ], [ 212959.365854478790425, 3413803.162953434046358 ], [ 212589.65389988955576, 3411911.01268500322476 ], [ 210490.742882133461535, 3411967.625655054114759 ] ] ], [ [ [ 204564.176913524162956, 3414031.942219883669168 ], [ 204749.393622322764713, 3414977.989745771512389 ], [ 203700.008052250661422, 3415007.042826924938709 ], [ 203885.308893057052046, 3415953.113006819505244 ], [ 207033.34169929678319, 3415866.292053134180605 ], [ 207218.582084735506214, 3416812.422467276453972 ], [ 208267.879938563564792, 3416783.698402975220233 ], [ 207897.519399671989959, 3414891.450732000172138 ], [ 208946.88440893945517, 3414862.811125114094466 ], [ 208761.812182957539335, 3413916.725931155029684 ], [ 207712.41106125729857, 3413945.374996355734766 ], [ 207527.350678719463758, 3412999.331305030733347 ], [ 206477.908331617130898, 3413028.093121873214841 ], [ 206663.004821345501114, 3413974.127397110685706 ], [ 204564.176913524162956, 3414031.942219883669168 ] ] ], [ [ [ 208946.88440893945517, 3414862.811125114094466 ], [ 209132.00457865302451, 3415808.92839477211237 ], [ 210181.328375861281529, 3415780.401647890917957 ], [ 209996.244323836523108, 3414834.274877682328224 ], [ 208946.88440893945517, 3414862.811125114094466 ] ] ], [ [ [ 209502.388743688468821, 3417701.259227976668626 ], [ 209687.652736217249185, 3418647.472824934404343 ], [ 210736.86811581091024, 3418618.974667967297137 ], [ 210551.640273247146979, 3417672.75152632035315 ], [ 211600.886743232025765, 3417644.347263112198561 ], [ 211415.742963166034315, 3416698.146704484242946 ], [ 208267.879938563564792, 3416783.698402975220233 ], [ 208453.132136251137126, 3417729.87037169188261 ], [ 209502.388743688468821, 3417701.259227976668626 ] ] ], [ [ [ 205861.701548017619643, 3420654.947839816566557 ], [ 207960.023237077053636, 3420597.265087628737092 ], [ 207774.591010192874819, 3419651.006254556123167 ], [ 208823.78038113063667, 3419622.310659109614789 ], [ 208638.43228423880646, 3418676.074451499152929 ], [ 205490.740311023313552, 3418762.50018508778885 ], [ 205861.701548017619643, 3420654.947839816566557 ] ] ], [ [ [ 209009.176425529760309, 3420568.579011250287294 ], [ 209194.620416038495023, 3421514.879524647723883 ], [ 210243.732337064575404, 3421486.306537899188697 ], [ 210058.324534304556437, 3420539.996463163290173 ], [ 209009.176425529760309, 3420568.579011250287294 ] ] ], [ [ [ 220055.822530742851086, 3423126.700801966246217 ], [ 220241.048396527417935, 3424073.195194853004068 ], [ 222338.95097915927181, 3424018.282741240225732 ], [ 222153.797439124668017, 3423071.76855869917199 ], [ 220055.822530742851086, 3423126.700801966246217 ] ] ], [ [ [ 208516.60765337588964, 3423436.234532939270139 ], [ 208331.031560065690428, 3422489.879210081882775 ], [ 207281.945681933197193, 3422518.649791116360575 ], [ 207467.55799553077668, 3423464.995578223839402 ], [ 206418.503237998578697, 3423493.860241684131324 ], [ 206975.736695903586224, 3426333.062148892320693 ], [ 208024.682711417903192, 3426304.226098596118391 ], [ 207838.92651167162694, 3425357.783715205267072 ], [ 208887.903696635330562, 3425329.041785674635321 ], [ 209073.623643784027081, 3426275.493749081622809 ], [ 213269.336906286713202, 3426161.601286290679127 ], [ 212898.234829666325822, 3424268.652457892894745 ], [ 211849.241597131011076, 3424296.989406114444137 ], [ 211663.726211312226951, 3423350.573069779202342 ], [ 212712.755652935185935, 3423322.22646090015769 ], [ 212527.32438579906011, 3422375.832719668280333 ], [ 211478.258745861065108, 3422404.188974450342357 ], [ 211292.839202182833105, 3421457.837103359401226 ], [ 210243.732337064575404, 3421486.306537899188697 ], [ 210614.691743013099767, 3423379.023282338865101 ], [ 208516.60765337588964, 3423436.234532939270139 ] ] ], [ [ [ 212712.755652935185935, 3423322.22646090015769 ], [ 212898.234829666325822, 3424268.652457892894745 ], [ 213947.223059250623919, 3424240.419137306511402 ], [ 213761.780086136539467, 3423293.983452116139233 ], [ 212712.755652935185935, 3423322.22646090015769 ] ] ], [ [ [ 214996.20630412857281, 3424212.289440782740712 ], [ 215181.66096572187962, 3425158.767143776174635 ], [ 216230.603040656482335, 3425130.750825800001621 ], [ 216045.184582545771264, 3424184.263364757411182 ], [ 214996.20630412857281, 3424212.289440782740712 ] ] ], [ [ [ 214810.79952917114133, 3423265.844039848539978 ], [ 215859.814000291982666, 3423237.808220531325787 ], [ 216045.184582545771264, 3424184.263364757411182 ], [ 217094.157912748050876, 3424156.340905679855496 ], [ 217650.448282532743178, 3426995.929707605857402 ], [ 218699.308072597777937, 3426968.140345696825534 ], [ 217957.82809981436003, 3423182.047346564009786 ], [ 216908.823517754790373, 3423209.875990616623312 ], [ 216723.536989254003856, 3422263.443390326574445 ], [ 214625.440642260247841, 3422319.430924179498106 ], [ 214810.79952917114133, 3423265.844039848539978 ] ] ], [ [ [ 215552.713943168288097, 3427051.819523155223578 ], [ 216601.583578796358779, 3427023.822765581775457 ], [ 216416.069373211823404, 3426077.270620470866561 ], [ 215367.163512539467774, 3426105.277165630366653 ], [ 215552.713943168288097, 3427051.819523155223578 ] ] ], [ [ [ 217650.448282532743178, 3426995.929707605857402 ], [ 216601.583578796358779, 3427023.822765581775457 ], [ 216787.14565599540947, 3427970.407277962658554 ], [ 217835.974129342823289, 3427942.524049900937825 ], [ 217650.448282532743178, 3426995.929707605857402 ] ] ], [ [ [ 215923.95845020696288, 3428945.001312506385148 ], [ 215552.713943168288097, 3427051.819523155223578 ], [ 214503.839357428776566, 3427079.919983870815486 ], [ 214689.473911731329281, 3428026.484919073525816 ], [ 213640.63060439407127, 3428054.679339221678674 ], [ 213826.349307981552556, 3429001.266866912599653 ], [ 215923.95845020696288, 3428945.001312506385148 ] ] ], [ [ [ 227645.755022533820011, 3429589.707856976892799 ], [ 229743.165957262564916, 3429536.159814943559468 ], [ 229928.436843924107961, 3430482.961840465664864 ], [ 230977.099058101535775, 3430456.353637398220599 ], [ 230606.67740821687039, 3428562.761786431074142 ], [ 229557.942808395891916, 3428589.390384783968329 ], [ 229187.639729811402503, 3426695.949242891278118 ], [ 228138.828074323479086, 3426722.701835438143462 ], [ 228323.991914425161667, 3427669.395992533769459 ], [ 224128.842533741495572, 3427777.402754933107644 ], [ 224314.198906597914174, 3428724.089142963290215 ], [ 225362.957201332203113, 3428696.941944462712854 ], [ 225548.32515326567227, 3429643.670889365021139 ], [ 226597.04246381559642, 3429616.637497674673796 ], [ 226411.71072067465866, 3428669.898472810629755 ], [ 227460.459482829843182, 3428642.958724584430456 ], [ 227645.755022533820011, 3429589.707856976892799 ] ] ], [ [ [ 222524.152330356650054, 3424964.829329169355333 ], [ 220426.32209504453931, 3425019.721963603049517 ], [ 220797.012984591419809, 3426912.872696022968739 ], [ 218699.308072597777937, 3426968.140345696825534 ], [ 218884.797694448207039, 3427914.744545458350331 ], [ 217835.974129342823289, 3427942.524049900937825 ], [ 218021.547835564590059, 3428889.150791076943278 ], [ 215923.95845020696288, 3428945.001312506385148 ], [ 216109.652523788972758, 3429891.640777995809913 ], [ 217158.413419574033469, 3429863.673471864312887 ], [ 217344.119103119010106, 3430810.355187080800533 ], [ 216295.394475525186863, 3430838.312646485399455 ], [ 216667.022007791616488, 3432731.75365988817066 ], [ 214569.703119621204678, 3432787.940711871255189 ], [ 214941.667404026782606, 3434681.472110750153661 ], [ 215990.256682201928925, 3434653.346335649024695 ], [ 215804.286915217060596, 3433706.554564939346164 ], [ 217901.523343752254732, 3433650.595008122734725 ], [ 217529.872652609949, 3431757.069336947519332 ], [ 218578.556096511660144, 3431729.225576426833868 ], [ 218764.32122618687572, 3432675.982081700116396 ], [ 219812.963504634913988, 3432648.252086453139782 ], [ 219441.553646059997845, 3430754.751694160047919 ], [ 221538.968693900038488, 3430699.56341232964769 ], [ 221353.408028856501915, 3429752.842034664005041 ], [ 220304.666686228010803, 3429780.394232890103012 ], [ 220119.117609668814112, 3428833.715274350252002 ], [ 221167.895188006688841, 3428806.153133970685303 ], [ 220982.430172777210828, 3427859.496693381108344 ], [ 222031.239122423983645, 3427832.028338751755655 ], [ 221845.858142961224075, 3426885.394401261117309 ], [ 222894.698460540501401, 3426858.019788572564721 ], [ 223080.043236674624495, 3427804.663693757727742 ], [ 224128.842533741495572, 3427777.402754933107644 ], [ 223943.533955549704842, 3426830.748854496050626 ], [ 224992.364646211150102, 3426803.58159557543695 ], [ 224621.963232290348969, 3424910.351188708096743 ], [ 223573.06018887629034, 3424937.53844892187044 ], [ 223387.895003250683658, 3423990.981910064350814 ], [ 222338.95097915927181, 3424018.282741240225732 ], [ 222524.152330356650054, 3424964.829329169355333 ] ] ], [ [ [ 223636.364392120274715, 3430644.790313659701496 ], [ 222587.668952620064374, 3430672.124966836534441 ], [ 222773.241188530577347, 3431618.888837664853781 ], [ 223821.900381518702488, 3431591.56421135738492 ], [ 223636.364392120274715, 3430644.790313659701496 ] ] ], [ [ [ 213521.036253956786823, 3432816.190049413125962 ], [ 212472.364416350377724, 3432844.543266081716865 ], [ 212100.446500033023767, 3430951.180653098970652 ], [ 210002.942578654387034, 3431008.23760783020407 ], [ 210188.950195628160145, 3431954.883305543567985 ], [ 211237.668354167719372, 3431926.312608805950731 ], [ 211795.869839748484083, 3434766.473034264054149 ], [ 210747.260681247047614, 3434795.01455345004797 ], [ 210933.460049992834684, 3435741.789743826258928 ], [ 209884.882236458943225, 3435770.425480091013014 ], [ 210071.165910836833064, 3436717.223343012388796 ], [ 209022.619445916439872, 3436745.953340239822865 ], [ 209395.403410476690624, 3438639.626860078889877 ], [ 210443.877089598216116, 3438610.916337768547237 ], [ 210630.304591163760051, 3439557.811503359116614 ], [ 212727.164130997029133, 3439500.722233609762043 ], [ 212913.56674882536754, 3440447.669498951174319 ], [ 213961.952651397499721, 3440419.290841783862561 ], [ 213030.600665322097484, 3435684.830185359809548 ], [ 214079.163503394811414, 3435656.506355953402817 ], [ 213521.036253956786823, 3432816.190049413125962 ] ], [ [ 210257.497529019776266, 3437664.053623279556632 ], [ 211306.002589338866528, 3437635.437387357465923 ], [ 211119.707353160076309, 3436688.597349504940212 ], [ 212168.24379101471277, 3436660.075356099754572 ], [ 212540.809431142697576, 3438553.807465955149382 ], [ 210443.877089598216116, 3438610.916337768547237 ], [ 210257.497529019776266, 3437664.053623279556632 ] ] ], [ [ [ 224564.522322211938445, 3435378.985374910291284 ], [ 224750.297295995347667, 3436325.922143603209406 ], [ 225798.770325609657448, 3436298.751828134059906 ], [ 225613.031646985851694, 3435351.80493090627715 ], [ 224564.522322211938445, 3435378.985374910291284 ] ] ], [ [ [ 227590.525855023006443, 3440059.840393234044313 ], [ 227776.467084203381091, 3441006.960889668669552 ], [ 228824.749046253098641, 3440980.049613459035754 ], [ 228638.844155597500503, 3440032.918859101831913 ], [ 227590.525855023006443, 3440059.840393234044313 ] ] ], [ [ [ 227962.456077128706966, 3441954.114125687163323 ], [ 227776.467084203381091, 3441006.960889668669552 ], [ 226728.180416418821551, 3441033.976251127198339 ], [ 226914.205764042038936, 3441981.119241931475699 ], [ 227962.456077128706966, 3441954.114125687163323 ] ] ], [ [ [ 210701.657693559187464, 3445268.506809032056481 ], [ 210514.906101823260542, 3444321.426430645398796 ], [ 212611.411248256859835, 3444264.227172236423939 ], [ 212798.089897652214859, 3445211.32727590110153 ], [ 213846.298558002628852, 3445182.893883184529841 ], [ 213659.656371554301586, 3444235.783875555265695 ], [ 214707.896552316087764, 3444207.444795761723071 ], [ 214521.338723421504255, 3443260.357453825883567 ], [ 215569.610420910059474, 3443232.112643145956099 ], [ 215196.711319005989935, 3441338.015839308965951 ], [ 213100.017283211753238, 3441394.649278892204165 ], [ 213286.515732740692329, 3442341.661590352188796 ], [ 209093.213764059531968, 3442456.13883706368506 ], [ 209466.646042571985163, 3444350.18239959795028 ], [ 207370.110861716151703, 3444408.007035163696855 ], [ 208117.842887997103389, 3448196.406151282601058 ], [ 209165.966968267748598, 3448167.480870206840336 ], [ 208978.9985258859233, 3447220.322481403592974 ], [ 210027.154112729302142, 3447191.49170706840232 ], [ 209840.270137575571425, 3446244.35605350881815 ], [ 208792.078044198628049, 3446273.196651376783848 ], [ 208605.205524618038908, 3445326.103363183792681 ], [ 210701.657693559187464, 3445268.506809032056481 ] ] ], [ [ [ 233300.788961045152973, 3463721.053295758552849 ], [ 233487.88723886362277, 3464669.008035669568926 ], [ 234535.252660551224835, 3464642.462825315073133 ], [ 234348.190987122477964, 3463694.497426527086645 ], [ 233300.788961045152973, 3463721.053295758552849 ] ] ], [ [ [ 224077.307614263147116, 3405903.63060198770836 ], [ 221978.083663861267269, 3405957.883350576739758 ], [ 222346.501127894211095, 3407849.841202919371426 ], [ 224445.581288481305819, 3407795.627554830163717 ], [ 224077.307614263147116, 3405903.63060198770836 ] ] ], [ [ [ 241604.853513562964508, 3409269.211385569535196 ], [ 241788.582586838019779, 3410215.483775238506496 ], [ 242837.932840807450702, 3410190.211808572523296 ], [ 242654.239659978571581, 3409243.929109924472868 ], [ 241604.853513562964508, 3409269.211385569535196 ] ] ], [ [ [ 232712.472101995314006, 3412340.031913833227009 ], [ 232896.667544509633444, 3413286.309854532591999 ], [ 233945.951332200318575, 3413260.139782906509936 ], [ 233761.791861783654895, 3412313.851737333927304 ], [ 232712.472101995314006, 3412340.031913833227009 ] ] ], [ [ [ 232896.667544509633444, 3413286.309854532591999 ], [ 231847.379078877158463, 3413312.583178140688688 ], [ 232031.658207073633093, 3414258.883424004539847 ], [ 233080.910684530914295, 3414232.620192407630384 ], [ 232896.667544509633444, 3413286.309854532591999 ] ] ], [ [ [ 233265.201520622591488, 3415178.962944275233895 ], [ 233449.540051344665699, 3416125.338126954622567 ], [ 235547.88702102843672, 3416073.162120908964425 ], [ 235363.620493909227662, 3415126.766612608917058 ], [ 233265.201520622591488, 3415178.962944275233895 ] ] ], [ [ [ 243941.091349150199676, 3415868.590959082357585 ], [ 244125.117657508089906, 3416815.101468017790467 ], [ 245174.211888627003646, 3416790.005405863281339 ], [ 244990.221543048974127, 3415843.484457342419773 ], [ 243941.091349150199676, 3415868.590959082357585 ] ] ], [ [ [ 227893.082906780124176, 3420069.929516088217497 ], [ 228942.142707445193082, 3420043.209870714694262 ], [ 228757.433095082931686, 3419096.755422591697425 ], [ 229806.5242375676753, 3419070.129168850369751 ], [ 229621.898431364737917, 3418123.697089850436896 ], [ 228572.771225529199, 3418150.333398952148855 ], [ 228019.072088035114575, 3415311.261706662364304 ], [ 225920.587130330968648, 3415364.904455338604748 ], [ 226105.177840903343167, 3416311.209366828668863 ], [ 227154.386666727019474, 3416284.346284886822104 ], [ 227893.082906780124176, 3420069.929516088217497 ] ] ], [ [ [ 229437.320358617405873, 3417177.297433234751225 ], [ 229621.898431364737917, 3418123.697089850436896 ], [ 230671.020912519772537, 3418097.164183969143778 ], [ 230486.478887011762708, 3417150.754459160845727 ], [ 229437.320358617405873, 3417177.297433234751225 ] ] ], [ [ [ 226844.018355514621362, 3420096.752626575995237 ], [ 227028.847895104961935, 3421043.219429024029523 ], [ 228077.876350773032755, 3421016.406348248012364 ], [ 227893.082906780124176, 3420069.929516088217497 ], [ 226844.018355514621362, 3420096.752626575995237 ] ] ], [ [ [ 231162.38147208513692, 3431403.198495060671121 ], [ 229065.124775208008941, 3431456.49825745401904 ], [ 229250.52735830435995, 3432403.355317404028028 ], [ 231347.711610172176734, 3432350.075996762607247 ], [ 231162.38147208513692, 3431403.198495060671121 ] ] ], [ [ [ 238936.277881612244528, 3438822.223983745090663 ], [ 239121.772033269517124, 3439769.425948145333678 ], [ 240170.039706420182483, 3439743.648826840333641 ], [ 239984.581824180670083, 3438796.436315966304392 ], [ 238936.277881612244528, 3438822.223983745090663 ] ] ], [ [ [ 235976.941869455389678, 3439847.381451043765992 ], [ 236162.592539507139008, 3440794.584783053956926 ], [ 237210.837506900075823, 3440768.506067550275475 ], [ 237025.223132887505926, 3439821.292256969492882 ], [ 235976.941869455389678, 3439847.381451043765992 ] ] ], [ [ [ 247878.339565175148891, 3441460.794543385971338 ], [ 247693.040305246715434, 3440513.441407255828381 ], [ 246644.839952931331936, 3440538.479717602953315 ], [ 246830.17546743658022, 3441485.822084315121174 ], [ 247878.339565175148891, 3441460.794543385971338 ] ] ], [ [ [ 253533.922212572011631, 3475612.27512665418908 ], [ 252487.066331411158899, 3475637.010059369727969 ], [ 253048.602414241671795, 3478482.804350165184587 ], [ 252001.852361929923063, 3478507.610482630785555 ], [ 252189.162798102974193, 3479456.26460926188156 ], [ 251142.445242293615593, 3479481.164592436980456 ], [ 251329.839924080704805, 3480429.841103432700038 ], [ 250283.154868286772398, 3480454.834980593528599 ], [ 250658.160322088486282, 3482352.266491536982358 ], [ 249611.54451847836026, 3482377.343029543757439 ], [ 249799.155325420433655, 3483326.098046684637666 ], [ 250845.73436946948641, 3483301.032800229731947 ], [ 251033.355961820168886, 3484249.832834371831268 ], [ 252079.894021887157578, 3484224.884203689172864 ], [ 251892.30919486421044, 3483276.072835233993828 ], [ 256078.566663742181845, 3483177.285727324895561 ], [ 255891.176336866425117, 3482228.462546403054148 ], [ 256937.767063073988538, 3482204.017484581563622 ], [ 256750.460945780709153, 3481255.216645050793886 ], [ 255703.833501807268476, 3481279.673149095382541 ], [ 255516.538160087307915, 3480330.917517899069935 ], [ 256563.202310891705565, 3480306.449586756061763 ], [ 256375.991159928991692, 3479357.716292209457606 ], [ 258469.380472195247421, 3479309.07305976934731 ], [ 258282.290161270851968, 3478360.350634837057441 ], [ 261422.453436428972054, 3478288.139852661639452 ], [ 261609.433753691933816, 3479236.896799873095006 ], [ 262656.110068603651598, 3479213.048324803821743 ], [ 262843.101151301292703, 3480161.850671684835106 ], [ 263889.736779361206573, 3480138.118936208076775 ], [ 263702.78235693834722, 3479189.304983844049275 ], [ 265796.114924802444875, 3479142.133692328352481 ], [ 265609.281194782292005, 3478193.330328356008977 ], [ 264562.58026717370376, 3478216.875055702868849 ], [ 264375.75729740638053, 3477268.117187066469342 ], [ 265422.494853306678124, 3477244.56082916771993 ], [ 265235.755901913391426, 3476295.825177248101681 ], [ 264188.981728661921807, 3476319.393150589894503 ], [ 263628.939443912764546, 3473473.423859104979783 ], [ 262582.051462814968545, 3473497.13155044009909 ], [ 262208.853826482780278, 3471600.010569325648248 ], [ 264302.772049972321838, 3471552.654014093335718 ], [ 263743.550518065225333, 3468707.156364140566438 ], [ 264790.613207681453787, 3468683.60083151049912 ], [ 265536.190552537678741, 3472477.711339646484703 ], [ 267630.01164697133936, 3472431.00741772307083 ], [ 267816.45133206283208, 3473379.642686695791781 ], [ 266769.579329890431836, 3473402.930546768475324 ], [ 266956.102947846287861, 3474351.587985171936452 ], [ 270096.5974280689843, 3474282.07429571589455 ], [ 269910.183503391745035, 3473333.38181501859799 ], [ 268863.31938396737678, 3473356.459777084179223 ], [ 268490.560474787373096, 3471459.199727919418365 ], [ 269537.49768022831995, 3471436.098394274245948 ], [ 269351.225784829352051, 3470487.507419233676046 ], [ 268304.252052782685496, 3470510.620416050776839 ], [ 268117.990987890167162, 3469562.074889343231916 ], [ 270212.007548625231721, 3469515.93043352663517 ], [ 271516.31780453940155, 3476156.623121435754001 ], [ 272563.064431249687914, 3476133.790382286068052 ], [ 271631.360334824421443, 3471390.21039207233116 ], [ 272678.285819589335006, 3471367.423717743717134 ], [ 273050.752444644575007, 3473264.777585140429437 ], [ 275144.44573583570309, 3473219.566116764675826 ], [ 275516.955425926716998, 3475117.102937935385853 ], [ 276563.723253931093495, 3475094.678364568855613 ], [ 276005.139236935414374, 3472248.388410629704595 ], [ 274958.261820262647234, 3472270.84860721277073 ], [ 274772.125193079351448, 3471322.165008305106312 ], [ 275819.039117414329667, 3471299.69296749914065 ], [ 275632.986276892828755, 3470351.031432575546205 ], [ 276679.932875133818015, 3470328.652407133486122 ], [ 276122.167452772671822, 3467482.835596449673176 ], [ 275075.111444868321996, 3467505.250101874116808 ], [ 274703.431313660927117, 3465608.231768142431974 ], [ 275750.560206657624803, 3465585.793684706091881 ], [ 275379.142070069734473, 3463688.887046058662236 ], [ 277473.534037790843286, 3463644.277784791775048 ], [ 277287.968683176441118, 3462695.851593510247767 ], [ 276240.738215796009172, 3462718.115693221800029 ], [ 276055.183737892948557, 3461769.735074535943568 ], [ 273960.638523400062695, 3461814.600599694531411 ], [ 273589.525889105047099, 3459917.987485743127763 ], [ 274636.87317507492844, 3459895.479029248934239 ], [ 274822.369472680147737, 3460843.780419506598264 ], [ 275869.676532645185944, 3460821.388219316955656 ], [ 275313.438568318961188, 3457976.550060091074556 ], [ 274266.022441429726314, 3457998.977372049354017 ], [ 274451.424164142808877, 3458947.211352568585426 ], [ 272356.652988682151772, 3458992.356130623724312 ], [ 272542.174725778633729, 3459940.600482441484928 ], [ 271494.819667183503043, 3459963.318022194784135 ], [ 271680.425094248726964, 3460911.584421606734395 ], [ 269585.775997472752351, 3460957.309952784795314 ], [ 269214.466928848298267, 3459060.857170369941741 ], [ 268167.063691445509903, 3459083.899894488044083 ], [ 267981.443795941071585, 3458135.7354666441679 ], [ 265886.552623151161242, 3458182.157461600378156 ], [ 265515.309436257637572, 3456285.975190836936235 ], [ 268657.858400675235316, 3456216.430111764930189 ], [ 268472.41691735421773, 3455268.35492007387802 ], [ 269519.96161373029463, 3455245.370607436168939 ], [ 269890.819243086036295, 3457141.577586113940924 ], [ 268843.347231386695057, 3457164.538872466422617 ], [ 269028.88340795552358, 3458112.681219545658678 ], [ 272171.17856163776014, 3458044.145444949623197 ], [ 271985.751446184527595, 3457095.96840802161023 ], [ 270938.287308705970645, 3457118.72076559253037 ], [ 270567.50235402956605, 3455222.490705327596515 ], [ 271615.039156208164059, 3455199.715210865717381 ], [ 271244.516131052863784, 3453303.596400155220181 ], [ 272292.121624177088961, 3453280.902178206015378 ], [ 271921.860443621408194, 3451384.894542714115232 ], [ 272969.534582129796036, 3451362.281539695803076 ], [ 273154.6052441347274, 3452310.280134037137032 ], [ 276297.495516761671752, 3452243.101679338142276 ], [ 276482.504654883581679, 3453191.168728072196245 ], [ 277530.090766992070712, 3453168.996210813056678 ], [ 277160.192274935077876, 3451272.872383800335228 ], [ 276112.533644930284936, 3451295.06825 ], [ 275742.751706306589767, 3449399.102180064190179 ], [ 276790.482810582499951, 3449376.883024788927287 ], [ 276420.962386286817491, 3447481.027994932141155 ], [ 277468.762069334625266, 3447458.889776928815991 ], [ 276545.969001015473623, 3442719.781032377388328 ], [ 274450.004035804595333, 3442764.277396708726883 ], [ 274634.540441696532071, 3443712.009031780064106 ], [ 272538.632223451859318, 3443756.898538339883089 ], [ 271984.947940571117215, 3440913.872810978908092 ], [ 268840.730644460418262, 3440982.090223748236895 ], [ 268656.155399871175177, 3440034.515899470075965 ], [ 270752.376519130426459, 3439988.910912325140089 ], [ 270383.51256878557615, 3438093.816842131316662 ], [ 271431.689416264998727, 3438071.147519997786731 ], [ 271063.086952960293274, 3436176.164005249273032 ], [ 272111.332033951068297, 3436153.575820883270353 ], [ 271927.137851048610173, 3435206.122657569590956 ], [ 272975.415057827136479, 3435183.626927856821567 ], [ 273343.778569362708367, 3437078.589351295959204 ], [ 277536.559703177481424, 3436989.736200895160437 ], [ 277168.484722646535374, 3435094.682079382240772 ], [ 276120.223144496092573, 3435116.762586577329785 ], [ 275936.220486459147651, 3434169.297067394945771 ], [ 274887.918980783957522, 3434191.492829776834697 ], [ 274703.927548869745806, 3433244.072085096500814 ], [ 273655.586098496220075, 3433266.383035304956138 ], [ 273287.673011177568696, 3431371.664217258337885 ], [ 274336.086512274225242, 3431349.330489096231759 ], [ 274519.983392190421, 3432296.684643934946507 ], [ 276616.726633883314207, 3432252.35111169796437 ], [ 276432.901778970554005, 3431304.97411080962047 ], [ 277481.30358093068935, 3431282.951455077156425 ], [ 277113.867619886528701, 3429388.274448120966554 ], [ 276065.393840345088392, 3429410.319988316390663 ], [ 275881.71075969201047, 3428463.042832337319851 ], [ 274833.19711130997166, 3428485.203397560864687 ], [ 274649.52532522927504, 3427537.970866348594427 ], [ 273600.971790768322535, 3427560.246389274951071 ], [ 273968.434588839649223, 3429454.721969625912607 ], [ 272919.949080478167161, 3429477.078416355419904 ], [ 272736.158052669488825, 3428529.835354401730001 ], [ 271687.632605998078361, 3428552.306751663796604 ], [ 271503.852890463313088, 3427605.108187047298998 ], [ 272552.414318585535511, 3427582.625495230779052 ], [ 272185.068737673689611, 3425688.305316654965281 ], [ 273233.698130252887495, 3425665.903610768262297 ], [ 273050.132230381597765, 3424718.781979348976165 ], [ 272001.466893885284662, 3424741.194962977897376 ], [ 271817.912349898950197, 3423794.117743538226932 ], [ 273915.310931452258956, 3423749.37272286368534 ], [ 273731.875528257573023, 3422802.306096640881151 ], [ 274780.604813217592891, 3422780.077488740440458 ], [ 274964.004304117639549, 3423727.155418382957578 ], [ 277061.379304484231398, 3423683.031207075808197 ], [ 276511.538008337840438, 3420841.828853700309992 ], [ 277560.327332409331575, 3420819.887826594989747 ], [ 276279.269013214390725, 3414191.495679177343845 ], [ 277328.305248414166272, 3414169.57875042129308 ], [ 276962.785383372218348, 3412276.027475365437567 ], [ 275913.677590812323615, 3412297.9669219115749 ], [ 276096.449675529205706, 3413244.714791600592434 ], [ 275047.373735696193762, 3413266.74614096339792 ], [ 274864.565872779814526, 3412320.009495154488832 ], [ 272766.330586864380166, 3412364.40403291862458 ], [ 272583.498439676943235, 3411417.72270858194679 ], [ 271534.339052843977697, 3411440.085804956499487 ], [ 271351.518422730849124, 3410493.448531733360142 ], [ 273449.904748743050732, 3410448.80319583369419 ], [ 273267.20293565816246, 3409502.176609307527542 ], [ 274316.425881988019682, 3409479.997406255453825 ], [ 274133.807089423527941, 3408533.392602727282792 ], [ 276232.312589270295575, 3408489.320975967217237 ], [ 276049.812511260504834, 3407542.726762337144464 ], [ 270803.340343333897181, 3407653.734091369435191 ], [ 270986.019066469918471, 3408600.272691929712892 ], [ 268887.473654469824396, 3408645.374550419859588 ], [ 268704.723438494256698, 3407698.858001646585763 ], [ 269754.03391200513579, 3407676.244545190129429 ], [ 269571.366761096636765, 3406729.749826554674655 ], [ 274818.03747976385057, 3406618.172125556040555 ], [ 274635.596208266331814, 3405671.65490432921797 ], [ 273586.234345995471813, 3405693.775632402393967 ], [ 273403.804647974902764, 3404747.302399091888219 ], [ 275502.595790712162852, 3404703.141636243555695 ], [ 275320.284726733632851, 3403756.679042513947934 ], [ 274270.855462031438947, 3403778.719090233091265 ], [ 273906.303788207005709, 3401885.914667484816164 ], [ 271807.290662259852979, 3401930.34762196848169 ], [ 272354.403110652870964, 3404769.537141691427678 ], [ 271304.997571458807215, 3404791.874795496929437 ], [ 271487.498667569714598, 3405738.325899433810264 ], [ 270438.124814578448422, 3405760.755444041453302 ], [ 270255.588011966203339, 3404814.315363342873752 ], [ 268156.756758374802303, 3404859.505252555944026 ], [ 268339.36498894734541, 3405805.923369670286775 ], [ 267289.978979471838102, 3405828.661756419576705 ], [ 267472.670272296410985, 3406775.101712089031935 ], [ 265373.957447538967244, 3406820.865520668681711 ], [ 264825.811218928429298, 3403981.709366943687201 ], [ 263776.341424957965501, 3404004.778322071768343 ], [ 263959.045196832623333, 3404951.120125614106655 ], [ 262909.606979303527623, 3404974.28117219125852 ], [ 262726.867476667568553, 3404027.950183826033026 ], [ 261677.389355624152813, 3404051.224955144803971 ], [ 261860.16459406670765, 3404997.54515595221892 ], [ 260810.718022695655236, 3405020.912079847417772 ], [ 260445.143472665833542, 3403128.325855080038309 ], [ 259395.621215687162476, 3403151.817172052804381 ], [ 259030.164868015097454, 3401259.382898890413344 ], [ 256930.964730030362261, 3401306.716825310140848 ], [ 257296.563983906933572, 3403199.108481553383172 ], [ 256247.028972221043659, 3403222.908480083104223 ], [ 256429.935513924050611, 3404169.14255904732272 ], [ 257479.434775239962619, 3404145.353195338975638 ], [ 257662.353007533034543, 3405091.63052205555141 ], [ 256612.889507380430587, 3405115.409236268140376 ], [ 256795.890951114241034, 3406061.708528616465628 ], [ 255746.458949760068208, 3406085.579561349470168 ], [ 255929.54363014435512, 3407031.900834449566901 ], [ 254880.143130169337383, 3407055.864229259081185 ], [ 255246.526482118992135, 3408948.583403582219034 ], [ 253147.85581640721648, 3408996.776828251313418 ], [ 253331.190358099906007, 3409943.164134243968874 ], [ 254380.492011903203093, 3409919.026497119106352 ], [ 254563.838193311210489, 3410865.457071126438677 ], [ 255613.099697931873379, 3410841.433191079646349 ], [ 255429.789357781090075, 3409894.991962232626975 ], [ 256479.082414111762773, 3409871.060526539571583 ], [ 256112.675768648943631, 3407978.254741750657558 ], [ 257162.036183506425004, 3407954.405026221647859 ], [ 257528.371199275658, 3409847.232187002431601 ], [ 258577.655731653299881, 3409823.50694060139358 ], [ 258211.392335393757094, 3407930.658348607365042 ], [ 260310.091923846979626, 3407883.47409508889541 ], [ 259944.161389880784554, 3405990.713314553722739 ], [ 260993.576409089466324, 3405967.254194569773972 ], [ 261359.43539720957051, 3407860.036513200961053 ], [ 262408.774681193288416, 3407836.701957257930189 ], [ 262225.857258338364772, 3406890.283640098758042 ], [ 263275.228139558166731, 3406867.041275513358414 ], [ 263458.109794197895098, 3407813.470424301922321 ], [ 265556.767580863495823, 3407767.316415575798601 ], [ 265739.625073592294939, 3408713.800093880388886 ], [ 261542.435995964711765, 3408806.476750939618796 ], [ 261725.483995867311023, 3409752.949730193242431 ], [ 260676.212111567961983, 3409776.365715186111629 ], [ 260493.128311730688438, 3408829.903541733510792 ], [ 259443.816424786811695, 3408853.433389059267938 ], [ 259810.103055734187365, 3410746.368908626958728 ], [ 257711.609872226516018, 3410793.69480835320428 ], [ 257894.895986580260796, 3411740.190146235283464 ], [ 255796.457501094875624, 3411787.907107030041516 ], [ 255979.8627657914476, 3412734.413727008271962 ], [ 254930.672976094821934, 3412758.416253231931478 ], [ 255114.161574515805114, 3413704.944895171094686 ], [ 254065.00337102112826, 3413729.039935068227351 ], [ 254615.861677863576915, 3416568.790165069978684 ], [ 253566.806885112891905, 3416592.956400956492871 ], [ 253383.10405544412788, 3415646.35094227315858 ], [ 252334.00903246566304, 3415670.631140141747892 ], [ 252150.317780195182422, 3414724.069054669234902 ], [ 251101.1825092084473, 3414748.463147648610175 ], [ 250733.870707970869262, 3412855.458239350933582 ], [ 248635.443451370461844, 3412904.598404245916754 ], [ 248819.147399486217182, 3413851.063431926071644 ], [ 246720.774356565991184, 3413900.59542724583298 ], [ 246536.998583991575288, 3412954.151383518241346 ], [ 247586.22322820397676, 3412929.323290519416332 ], [ 247402.530916916584829, 3411982.901371794752777 ], [ 248451.787038928276161, 3411958.165994466282427 ], [ 248268.178163623757428, 3411011.766185699030757 ], [ 250366.748963027755963, 3410962.58392042806372 ], [ 250183.259365340520162, 3410016.195689733605832 ], [ 248084.616826923709596, 3410065.398961059283465 ], [ 247901.103030291036703, 3409119.064303677529097 ], [ 244752.998425299971132, 3409193.673882570583373 ], [ 244936.619836869445862, 3410139.977281941100955 ], [ 242837.932840807450702, 3410190.211808572523296 ], [ 243021.673615650099237, 3411136.5270009720698 ], [ 240923.04039093494066, 3411187.153454365208745 ], [ 240739.227804406371433, 3410240.858881739899516 ], [ 239689.868475137656787, 3410266.33713129395619 ], [ 239873.716975349729182, 3411212.621435410343111 ], [ 238824.388999790535308, 3411238.192590321879834 ], [ 239008.321054629195714, 3412184.499105288181454 ], [ 237959.024435681378236, 3412210.16320925951004 ], [ 238143.04007051413646, 3413156.491950079798698 ], [ 233945.951332200318575, 3413260.139782906509936 ], [ 234130.158489343419205, 3414206.460240366403013 ], [ 238327.103348940028809, 3414102.853161634411663 ], [ 238511.214269513089675, 3415049.246860767714679 ], [ 236412.823025356803555, 3415100.823399195913225 ], [ 236597.05355859460542, 3416047.22911167005077 ], [ 235547.88702102843672, 3416073.162120908964425 ], [ 235732.201219765876886, 3417019.590106310788542 ], [ 236781.331752661732025, 3416993.667315973900259 ], [ 237150.031117498409003, 3418886.641267498023808 ], [ 235051.909525547467638, 3418938.549294970463961 ], [ 234867.463956382416654, 3417992.066525608766824 ], [ 232769.251773994823452, 3418044.408568434417248 ], [ 232584.781827019527555, 3417097.978624529670924 ], [ 231535.632703708310146, 3417124.314857375342399 ], [ 232089.293788685055915, 3419963.671691508498043 ], [ 233138.334769798442721, 3419937.365872879978269 ], [ 232953.76942206727108, 3418990.870978931896389 ], [ 234002.841796896129381, 3418964.658428238239139 ], [ 234371.948074002866633, 3420857.701091962866485 ], [ 231224.93331932433648, 3420936.588048493489623 ], [ 231040.248130112478975, 3419990.080961791332811 ], [ 229991.197775793843903, 3420016.593687074258924 ], [ 230175.919044606387615, 3420963.0906613599509 ], [ 228077.876350773032755, 3421016.406348248012364 ], [ 228262.717545493156649, 3421962.915623822715133 ], [ 227213.725196210260037, 3421989.718660135753453 ], [ 227583.623077237571124, 3423882.814475726801902 ], [ 226534.698225600644946, 3423909.70095761725679 ], [ 226349.68927245028317, 3422963.146865057293326 ], [ 225300.723516406782437, 3422990.146947978064418 ], [ 225485.768608223414049, 3423936.691021690145135 ], [ 224436.834206855332013, 3423963.784671362955123 ], [ 224621.963232290348969, 3424910.351188708096743 ], [ 225670.861478838778567, 3424883.267545086331666 ], [ 225856.002126823645085, 3425829.876535026356578 ], [ 226904.859434496145695, 3425802.906552955508232 ], [ 226719.754946759901941, 3424856.287514628376812 ], [ 228817.527619682368822, 3424802.63827955070883 ], [ 229187.639729811402503, 3426695.949242891278118 ], [ 230236.446672062331345, 3426669.300308440346271 ], [ 230421.538175202789716, 3427616.014759273268282 ], [ 232519.065677219128702, 3427563.048255203291774 ], [ 232889.247175525350031, 3429456.615799580700696 ], [ 231840.558103019546252, 3429483.026736163068563 ], [ 232396.296732386632357, 3432323.592068374622613 ], [ 231347.711610172176734, 3432350.075996762607247 ], [ 231533.089470917300787, 3433296.98615944897756 ], [ 227338.847124060266651, 3433403.919275890570134 ], [ 226967.849259273032658, 3431510.213217196986079 ], [ 229065.124775208008941, 3431456.49825745401904 ], [ 228879.769937832839787, 3430509.673811917658895 ], [ 227831.098321640922222, 3430536.489555132109672 ], [ 227645.755022533820011, 3429589.707856976892799 ], [ 226597.04246381559642, 3429616.637497674673796 ], [ 226782.421977160032839, 3430563.409073500428349 ], [ 224685.055030585790519, 3430617.559449339285493 ], [ 224870.554778854246251, 3431564.343401472084224 ], [ 223821.900381518702488, 3431591.56421135738492 ], [ 224007.484170660260133, 3432538.37064941925928 ], [ 220861.60092013888061, 3432620.625949089415371 ], [ 221047.341328104434069, 3433567.434857628773898 ], [ 222095.937619933800306, 3433539.922576021403074 ], [ 222467.489332094846759, 3435433.658046411816031 ], [ 221418.965630469610915, 3435461.150280820671469 ], [ 221233.129565357347019, 3434514.276295902673155 ], [ 220184.564729260106105, 3434541.882470831274986 ], [ 219998.740196903760079, 3433595.051021182909608 ], [ 218950.134208172152285, 3433622.771070179529488 ], [ 219135.995041044603568, 3434569.592558758333325 ], [ 217038.841035664430819, 3434625.324487642850727 ], [ 217410.85154778760625, 3436519.025264824740589 ], [ 218459.35833955090493, 3436491.127196753397584 ], [ 218273.365481635613833, 3435544.250620432663709 ], [ 220370.437100278388243, 3435488.746452298481017 ], [ 220556.357308533333708, 3436435.642982499208301 ], [ 219507.860253755701706, 3436463.333103816956282 ], [ 219879.916852920607198, 3438357.203852175734937 ], [ 217783.05353279056726, 3438412.856126643251628 ], [ 217969.22632406570483, 3439359.820381579454988 ], [ 215872.416211725736503, 3439415.868913578335196 ], [ 216245.050943685986567, 3441309.855311922263354 ], [ 217293.385663669439964, 3441281.79890805715695 ], [ 217107.080753488407936, 3440334.779474597424269 ], [ 220252.1648271252634, 3440251.204939269460738 ], [ 220810.895591629319824, 3443092.451251651160419 ], [ 221859.138088908570353, 3443064.83148103300482 ], [ 222231.791622633521911, 3444959.179242392536253 ], [ 221183.621953406953253, 3444986.778779035434127 ], [ 220997.234854928625282, 3444039.598672108259052 ], [ 219949.023950144997798, 3444067.312525285873562 ], [ 219576.320442925789393, 3442173.070502949412912 ], [ 218528.031875891436357, 3442200.908645709045231 ], [ 218714.396114412869792, 3443148.003290022257715 ], [ 217666.139098337618634, 3443175.93556479178369 ], [ 217852.587619973986875, 3444123.052821977529675 ], [ 218900.808211180265062, 3444095.130574070848525 ], [ 219087.26816476334352, 3445042.290514833293855 ], [ 213846.298558002628852, 3445182.893883184529841 ], [ 214032.988653918728232, 3446130.036490102298558 ], [ 210888.457227196719032, 3446215.619742069859058 ], [ 211075.3047013200121, 3447162.765246708877385 ], [ 214219.726657881925348, 3447077.211713274475187 ], [ 214406.512568470672704, 3448024.419569670688361 ], [ 212310.309216533845756, 3448081.331083406228572 ], [ 213058.224098102771677, 3451870.409404237288982 ], [ 209914.320316477504093, 3451956.440352411475033 ], [ 209727.160045451775659, 3451009.151558870449662 ], [ 210775.169498029805254, 3450980.360227605327964 ], [ 210588.09373183362186, 3450033.094177590683103 ], [ 208491.996727343590464, 3450090.801006614696234 ], [ 208866.342435767874122, 3451985.32624099496752 ], [ 204674.380665815551765, 3452101.914421923458576 ], [ 204487.037508978450205, 3451154.674705350305885 ], [ 202390.953030839562416, 3451213.615061309654266 ], [ 202203.584711625124328, 3450266.427305023185909 ], [ 201155.498207157419529, 3450296.063824338838458 ], [ 200219.194312773295678, 3445560.660375161096454 ], [ 202315.72778489429038, 3445501.395443819928914 ], [ 202128.684203220473137, 3444554.392864810768515 ], [ 201080.383520273142494, 3444583.982787283137441 ], [ 200893.351455429219641, 3443637.022213167510927 ], [ 201941.688651283446234, 3443607.42270455788821 ], [ 201754.741130482812878, 3442660.484946174547076 ], [ 200706.367432516650297, 3442690.094026060774922 ], [ 199772.167995723895729, 3437955.938305500429124 ], [ 200820.724042382033076, 3437926.281591957900673 ], [ 200447.453473932400811, 3436032.8264733646065 ], [ 199398.824563298956491, 3436062.502136537339538 ], [ 199212.224925998947583, 3435115.832438889890909 ], [ 200260.890252448618412, 3435086.147323132026941 ], [ 199701.488855645991862, 3432246.303307021968067 ], [ 196555.149614327412564, 3432335.755173875484616 ], [ 197114.878609826671891, 3435175.51463094400242 ], [ 198163.554384506307542, 3435145.621540238615125 ], [ 198536.87456576625118, 3437038.974322878755629 ], [ 196439.663505852979142, 3437098.826932693831623 ], [ 195692.924008937901817, 3433312.325261117890477 ], [ 194644.164869330299553, 3433342.44498246582225 ], [ 194457.563809621846303, 3432395.909298367332667 ], [ 192359.956786943774205, 3432456.479095621034503 ], [ 191986.753381197340786, 3430563.5410270774737 ], [ 190937.869054357754067, 3430594.000199277885258 ], [ 191124.483096215000842, 3431540.444007761776447 ], [ 190075.62980601133313, 3431570.997896188404411 ], [ 190262.328400948899798, 3432517.46459629572928 ], [ 188164.678506295080297, 3432578.865831261035055 ], [ 188351.498119937547017, 3433525.346304646227509 ], [ 186253.899467953422572, 3433587.14512148546055 ], [ 186627.829046529775951, 3435480.16579105053097 ], [ 187676.558150872297119, 3435449.232596629764885 ], [ 187863.558732946403325, 3436395.800132140051574 ], [ 188912.245944911148399, 3436364.980115378275514 ], [ 189099.258210018509999, 3437311.58890494145453 ], [ 190147.903548330592457, 3437280.882131767924875 ], [ 190334.927479237841908, 3438227.532249272800982 ], [ 191383.530962591990829, 3438196.938785642851144 ], [ 191570.566542046319228, 3439143.630305007100105 ], [ 190521.999557440576609, 3439174.214519270695746 ], [ 190896.288150232576299, 3441067.675583861302584 ], [ 188799.284189604979474, 3441129.11948496568948 ], [ 188612.042763337609358, 3440182.391335159540176 ], [ 186514.94420039257966, 3440244.27037301659584 ], [ 186140.459751513903029, 3438350.947167776990682 ], [ 185091.829280441103037, 3438382.061182906385511 ], [ 185279.083937536634039, 3439328.697618722915649 ], [ 184230.484547452710103, 3439359.906671587377787 ], [ 184043.19335748598678, 3438413.279320086818188 ], [ 180897.252696214651223, 3438507.558503477368504 ], [ 181084.653519141254947, 3439454.158767035230994 ], [ 180036.032163342693821, 3439485.784457711968571 ], [ 180223.51779567921767, 3440432.407767975237221 ], [ 181272.102584916166961, 3440400.791066437028348 ], [ 181459.599892179656308, 3441347.455418420024216 ], [ 182508.142596993595362, 3441315.951941264793277 ], [ 182695.651562031940557, 3442262.657408870756626 ], [ 183744.152201212476939, 3442231.267221947666258 ], [ 183931.672806856280658, 3443178.013879111036658 ], [ 184980.131399164325558, 3443146.737048297654837 ], [ 185167.663628223584965, 3444093.524968979414552 ], [ 186216.080192386172712, 3444062.361560178920627 ], [ 186403.62402765423758, 3445009.190818368457258 ], [ 187451.998582366446499, 3444978.140897506847978 ], [ 187639.554006617108826, 3445925.011567225214094 ], [ 188687.886570544214919, 3445894.07520025735721 ], [ 188875.453566532814875, 3446840.987355551682413 ], [ 189923.744158306799363, 3446810.164608454797417 ], [ 190111.322708769468591, 3447757.118323402479291 ], [ 191159.571346991113387, 3447726.409262182191014 ], [ 191347.161434644600376, 3448673.404610887635499 ], [ 192395.368137883429881, 3448642.809301573317498 ], [ 192770.619483718182892, 3450536.915769164450467 ], [ 193818.747642335481942, 3450506.443705482408404 ], [ 194006.408871013845783, 3451453.554930305108428 ], [ 195054.495126533380244, 3451423.196793083101511 ], [ 194866.870531187276356, 3450476.076098172459751 ], [ 195914.988168271374889, 3450445.812943398952484 ], [ 195727.448297590017319, 3449498.715166830457747 ], [ 196775.59731218253728, 3449468.54695053352043 ], [ 196963.100571587798186, 3450415.654237342532724 ], [ 198011.207759135169908, 3450385.599976196419448 ], [ 198198.722488240164239, 3451332.749246522318572 ], [ 199246.787867159524467, 3451302.809006683528423 ], [ 199434.314048568310682, 3452250.000334774143994 ], [ 200482.337637245305814, 3452220.174182428978384 ], [ 200669.875253539765254, 3453167.407642560545355 ], [ 201717.857070327852853, 3453137.69564391952008 ], [ 202093.00317515945062, 3455032.2795351119712 ], [ 199997.180957781616598, 3455091.76935383444652 ], [ 200372.665854089718778, 3456986.444731715135276 ], [ 201420.506200255593285, 3456956.666916274465621 ], [ 201608.284050308691803, 3457904.063177841715515 ], [ 206847.225978398520965, 3457756.792394492775202 ], [ 207034.868495634524152, 3458704.270315954927355 ], [ 208082.6050687233801, 3458675.139972247183323 ], [ 208457.960713443753775, 3460570.213770737405866 ], [ 209505.618944208545145, 3460541.207970862742513 ], [ 209693.33204188477248, 3461488.803954406175762 ], [ 210740.948617695830762, 3461459.912857454735786 ], [ 210928.672985723300371, 3462407.551632365211844 ], [ 211976.247924650378991, 3462378.775304770562798 ], [ 212351.76710277015809, 3464274.171434661839157 ], [ 214446.755440662265755, 3464216.973445795476437 ], [ 214822.31949947233079, 3466112.541551410220563 ], [ 217964.54523167363368, 3466027.591791938990355 ], [ 218152.288974938390311, 3466975.455890616867691 ], [ 217104.921950505115092, 3467003.65737399738282 ], [ 217292.750293322780635, 3467951.544201724231243 ], [ 218340.080594778410159, 3467923.35298097319901 ], [ 218527.920089754275978, 3468871.283080173656344 ], [ 219575.208856649463996, 3468843.207070516422391 ], [ 219763.05948605760932, 3469791.180515971966088 ], [ 220810.306736223748885, 3469763.219784033950418 ], [ 220998.168482321780175, 3470711.236650553066283 ], [ 223092.575248365523294, 3470655.650853451807052 ], [ 222154.11218599404674, 3465915.793340045493096 ], [ 223201.492015868483577, 3465888.105827500578016 ], [ 223013.979575492907315, 3464940.223126729484648 ], [ 225108.79840187903028, 3464885.141774041112512 ], [ 224921.40709705511108, 3463937.271311990451068 ], [ 233300.788961045152973, 3463721.053295758552849 ], [ 233113.738401196838822, 3462773.13172104768455 ], [ 234161.177020791685209, 3462746.56520794192329 ], [ 234348.190987122477964, 3463694.497426527086645 ], [ 236442.981431290856563, 3463641.699906249064952 ], [ 236629.969911833002698, 3464589.686705574858934 ], [ 238724.66915943773347, 3464537.32963165640831 ], [ 238350.886205463903025, 3462641.346251378301531 ], [ 236256.040636099409312, 3462693.746317136567086 ], [ 236069.147527731605805, 3461745.825921005103737 ], [ 230831.771427049243357, 3461878.711647655349225 ], [ 230644.7431480322266, 3460930.877496710978448 ], [ 228549.687408506404608, 3460984.785666334908456 ], [ 228736.788868356845342, 3461932.59878262411803 ], [ 227689.290634921751916, 3461959.699401701334864 ], [ 227315.062295025854837, 3460064.127159690018743 ], [ 228362.633714474504814, 3460037.005603690166026 ], [ 227801.759241841326002, 3457193.863565983250737 ], [ 229897.107487513741944, 3457139.871557296719402 ], [ 229710.317943564616144, 3456192.202652709558606 ], [ 228662.609612694883253, 3456219.156832870095968 ], [ 228289.100746050477028, 3454323.938867640681565 ], [ 227241.314713932573795, 3454351.018393590115011 ], [ 226867.923906195384916, 3452455.952975504100323 ], [ 227915.782939981145319, 3452428.852696840651333 ], [ 228102.417959717917256, 3453376.379316493403167 ], [ 229150.235825851850677, 3453349.393857275601476 ], [ 229523.57615100115072, 3455244.566745932213962 ], [ 232666.782921736245044, 3455164.299881910439581 ], [ 232480.198385269963183, 3454216.66551126120612 ], [ 233527.961262584372889, 3454190.108342107851058 ], [ 233714.509308604872786, 3455137.753249444998801 ], [ 234762.231123712670524, 3455111.311105824541301 ], [ 234202.839542644855101, 3452268.443788688164204 ], [ 232107.172479026310612, 3452321.495777988340706 ], [ 231920.731112167413812, 3451373.960381107404828 ], [ 234016.471086261153687, 3451320.88738049659878 ], [ 233830.150334299367387, 3450373.363959178328514 ], [ 234878.049886289751157, 3450346.97349117230624 ], [ 235437.045912127534393, 3453189.674373992718756 ], [ 236484.831575841992162, 3453163.419974109623581 ], [ 236671.222503994882572, 3454111.06358886603266 ], [ 235623.473303981765639, 3454137.307384240441024 ], [ 235809.948385014664382, 3455084.973447717260569 ], [ 236857.661110469372943, 3455058.740271801128983 ], [ 237044.14739379734965, 3456006.45004008198157 ], [ 238091.81912122038193, 3455980.332005054689944 ], [ 237346.305910311755724, 3452189.648817033972591 ], [ 238394.118977399659343, 3452163.592616493348032 ], [ 238953.073025664896704, 3455006.587353323120624 ], [ 240000.772251320624491, 3454980.667604184243828 ], [ 240187.149110018915962, 3455928.409441275522113 ], [ 241234.80740729306126, 3455902.604905975516886 ], [ 240862.174252029391937, 3454007.132887361571193 ], [ 244005.341261510242475, 3453930.281473660841584 ], [ 244377.755726007715566, 3455825.818247434217483 ], [ 245425.3963677099091, 3455800.431666283868253 ], [ 245239.201778514747275, 3454852.635829155799001 ], [ 247334.54284412090783, 3454802.15431191213429 ], [ 247520.664562014804687, 3455749.971942302770913 ], [ 248568.292150519584538, 3455724.898793111089617 ], [ 249126.833349571854342, 3458568.584170194342732 ], [ 248079.31510992537369, 3458593.624415408819914 ], [ 248265.627085667685606, 3459541.575157913845032 ], [ 247218.141005023295293, 3459566.708989771548659 ], [ 247404.537028944323538, 3460514.682068117894232 ], [ 250546.872904855583329, 3460439.62736202403903 ], [ 250360.586327737459214, 3459491.621244837529957 ], [ 251408.059524995391257, 3459466.801157322246581 ], [ 251035.701900346728507, 3457570.866867738775909 ], [ 252083.24373986327555, 3457546.129208762664348 ], [ 252828.003256134601543, 3461338.175605765543878 ], [ 250733.20701943882159, 3461387.666847652290016 ], [ 250919.58866998742451, 3462335.739719014149159 ], [ 253014.311924416600959, 3462286.27070111874491 ], [ 253200.668105378688779, 3463234.39922953164205 ], [ 252153.345099202095298, 3463259.070268643088639 ], [ 252712.808266854146495, 3466103.623112948611379 ], [ 248523.91209277746384, 3466203.220935692545027 ], [ 248897.41761923811282, 3468099.667791566811502 ], [ 250991.727956672111759, 3468049.703777631279081 ], [ 251178.478892092185561, 3468997.999658400192857 ], [ 252225.5911047932168, 3468973.186073783319443 ], [ 252412.352989003295079, 3469921.5266547142528 ], [ 253459.424395817593904, 3469896.829143042676151 ], [ 253646.197210644488223, 3470845.214499240275472 ], [ 254693.227828769449843, 3470820.633127716835588 ], [ 254880.011556020006537, 3471769.063334314152598 ], [ 252786.019323219225043, 3471818.308459330350161 ], [ 252972.923770207882626, 3472766.749717794824392 ], [ 254019.885368833056418, 3472742.085951737593859 ], [ 254206.800709171657218, 3473690.572082846425474 ], [ 253159.875735104025807, 3473715.224570226389915 ], [ 253533.922212572011631, 3475612.27512665418908 ] ], [ [ 272727.743771386099979, 3460888.878517811186612 ], [ 273099.02378196362406, 3462785.535708870738745 ], [ 271004.528120800969191, 3462831.005511397961527 ], [ 270818.791651222738437, 3461882.683361014351249 ], [ 271866.077839200850576, 3461859.884506965521723 ], [ 271680.425094248726964, 3460911.584421606734395 ], [ 272727.743771386099979, 3460888.878517811186612 ] ], [ [ 266257.98531822336372, 3460078.473967377562076 ], [ 268352.730940652661957, 3460032.097928454633802 ], [ 268724.207494037924334, 3461928.594884293153882 ], [ 269771.50154213339556, 3461905.586819162126631 ], [ 269957.274424978997558, 3462853.897358859889209 ], [ 268910.016795149073005, 3462876.893840958829969 ], [ 269467.728777723270468, 3465721.992834887932986 ], [ 268420.576531330007128, 3465745.059198196046054 ], [ 268234.58873610466253, 3464796.670762619469315 ], [ 266140.199434141046368, 3464843.140780345536768 ], [ 265954.186089060036466, 3463894.809128209017217 ], [ 264906.948993608937599, 3463918.212690489832312 ], [ 264163.223684825003147, 3460125.268248000647873 ], [ 263115.836819233954884, 3460148.822236311156303 ], [ 262929.98756706394488, 3459200.681477552745491 ], [ 263977.410843323566951, 3459177.116089490707964 ], [ 263791.645399151660968, 3458228.997477089520544 ], [ 265886.552623151161242, 3458182.157461600378156 ], [ 266257.98531822336372, 3460078.473967377562076 ] ], [ [ 272784.511220668209717, 3450414.316502495668828 ], [ 274879.920313259004615, 3450369.380193224642426 ], [ 275064.871164790121838, 3451317.36839617183432 ], [ 272969.534582129796036, 3451362.281539695803076 ], [ 272784.511220668209717, 3450414.316502495668828 ] ], [ [ 273839.61357207497349, 3434213.792368723545223 ], [ 272791.304242177400738, 3434236.19568705232814 ], [ 272607.240721974871121, 3433288.797737247310579 ], [ 273655.586098496220075, 3433266.383035304956138 ], [ 273839.61357207497349, 3434213.792368723545223 ] ], [ [ 274152.236910648527555, 3430402.009603385347873 ], [ 275200.682497960980982, 3430379.768174487166107 ], [ 275384.496095478709321, 3431327.100454549305141 ], [ 274336.086512274225242, 3431349.330489096231759 ], [ 274152.236910648527555, 3430402.009603385347873 ] ], [ [ 273103.787400488159619, 3430424.354698251467198 ], [ 271006.87653886526823, 3430469.355897206813097 ], [ 270822.966207547113299, 3429522.102236102800816 ], [ 272919.949080478167161, 3429477.078416355419904 ], [ 273103.787400488159619, 3430424.354698251467198 ] ], [ [ 270769.207104509521741, 3423816.645465394482017 ], [ 270218.719537488068454, 3420975.646058521233499 ], [ 274413.947643817053176, 3420886.021045565605164 ], [ 274597.252592610544525, 3421833.032703503966331 ], [ 271450.945167403318919, 3421900.062638932373375 ], [ 271817.912349898950197, 3423794.117743538226932 ], [ 270769.207104509521741, 3423816.645465394482017 ] ], [ [ 269070.271195911918767, 3409591.923943666275591 ], [ 268021.028180453111418, 3409614.618422018364072 ], [ 267838.194874285371043, 3408668.08002793090418 ], [ 268887.473654469824396, 3408645.374550419859588 ], [ 269070.271195911918767, 3409591.923943666275591 ] ], [ [ 259761.267246765986783, 3405044.381946842651814 ], [ 258711.812247853609733, 3405067.954759914893657 ], [ 258346.094725581351668, 3403175.411379879340529 ], [ 259395.621215687162476, 3403151.817172052804381 ], [ 259761.267246765986783, 3405044.381946842651814 ] ], [ [ 249868.32731547995354, 3413826.452282615471631 ], [ 250235.805971504072659, 3415719.501370201352984 ], [ 251284.909677260991884, 3415695.014615087304264 ], [ 251468.684354973956943, 3416641.598780624568462 ], [ 249370.544443201419199, 3416690.654391387943178 ], [ 249186.697896869387478, 3415744.091408585663885 ], [ 248137.58543503168039, 3415768.784733355045319 ], [ 247953.750488727353513, 3414822.264954403974116 ], [ 249002.89888180870912, 3414797.561094403266907 ], [ 248819.147399486217182, 3413851.063431926071644 ], [ 249868.32731547995354, 3413826.452282615471631 ] ], [ [ 252517.747783589031314, 3416617.225938449148089 ], [ 252701.534032089286484, 3417563.853466527536511 ], [ 251652.50654087253497, 3417588.215661189518869 ], [ 251468.684354973956943, 3416641.598780624568462 ], [ 252517.747783589031314, 3416617.225938449148089 ] ], [ [ 249554.438519333896693, 3417637.250059733167291 ], [ 248505.397952396597248, 3417661.922269830480218 ], [ 248321.467923411197262, 3416715.337166192475706 ], [ 249370.544443201419199, 3416690.654391387943178 ], [ 249554.438519333896693, 3417637.250059733167291 ] ], [ [ 247640.366527220496209, 3418633.30506414687261 ], [ 246591.353125601192005, 3418658.173442548140883 ], [ 246223.301664439641172, 3416765.012670282274485 ], [ 245174.211888627003646, 3416790.005405863281339 ], [ 245358.249807219195645, 3417736.558980962261558 ], [ 243260.128823727689451, 3417786.833553973119706 ], [ 242891.956676424306352, 3415893.800762985367328 ], [ 243941.091349150199676, 3415868.590959082357585 ], [ 243757.112626067770179, 3414922.113045093137771 ], [ 245855.440452131559141, 3414871.982463302556425 ], [ 245671.581192954967264, 3413925.516279533971101 ], [ 246720.774356565991184, 3413900.59542724583298 ], [ 247640.366527220496209, 3418633.30506414687261 ] ], [ [ 246775.450195840676315, 3419604.802832959219813 ], [ 247824.427612648549257, 3419579.944993568118662 ], [ 248008.536245086259441, 3420526.617629836313426 ], [ 245910.648986457206775, 3420576.415634878445417 ], [ 245542.335297363781137, 3418683.145199547987431 ], [ 246591.353125601192005, 3418658.173442548140883 ], [ 246775.450195840676315, 3419604.802832959219813 ] ], [ [ 243444.286287842114689, 3418733.3988620149903 ], [ 242395.255069962819107, 3418758.680773846339434 ], [ 242211.061611050157808, 3417812.125879689585418 ], [ 243260.128823727689451, 3417786.833553973119706 ], [ 243444.286287842114689, 3418733.3988620149903 ] ], [ [ 244493.313024209986906, 3418708.220338311977684 ], [ 244677.482079632376553, 3419654.828733491711318 ], [ 243628.491343653731747, 3419679.99680096982047 ], [ 243444.286287842114689, 3418733.3988620149903 ], [ 244493.313024209986906, 3418708.220338311977684 ] ], [ [ 243812.7439897020231, 3420626.627387744374573 ], [ 242763.784793825470842, 3420651.888427554164082 ], [ 242579.496131374588003, 3419705.268284167163074 ], [ 243628.491343653731747, 3419679.99680096982047 ], [ 243812.7439897020231, 3420626.627387744374573 ] ], [ [ 241161.989893343503354, 3417837.521569148637354 ], [ 240977.808049166196724, 3416891.009645799174905 ], [ 242026.91575609325082, 3416865.603584786411375 ], [ 242211.061611050157808, 3417812.125879689585418 ], [ 241161.989893343503354, 3417837.521569148637354 ] ], [ [ 232334.046489743923303, 3426616.313400342129171 ], [ 231285.248919298290275, 3426642.755028709769249 ], [ 230915.281396979815327, 3424749.403456303756684 ], [ 231964.151245371380355, 3424722.941440685186535 ], [ 232149.075011980021372, 3425669.611134472768754 ], [ 233197.904062923276797, 3425643.262925528921187 ], [ 233382.839401622128207, 3426589.97541998885572 ], [ 236529.190368091454729, 3426511.583333748858422 ], [ 236714.064987840363756, 3427458.359327597543597 ], [ 232519.065677219128702, 3427563.048255203291774 ], [ 232334.046489743923303, 3426616.313400342129171 ] ], [ [ 231779.275191359745804, 3423776.304302081465721 ], [ 232828.176488031458575, 3423749.935680293478072 ], [ 233013.016424578730948, 3424696.583017931319773 ], [ 231964.151245371380355, 3424722.941440685186535 ], [ 231779.275191359745804, 3423776.304302081465721 ] ], [ [ 227524.417703858111054, 3434350.821224748156965 ], [ 226475.881599318643566, 3434377.803994530811906 ], [ 226290.274756706436165, 3433430.912199685815722 ], [ 227338.847124060266651, 3433403.919275890570134 ], [ 227524.417703858111054, 3434350.821224748156965 ] ], [ [ 228572.949083331797738, 3434323.942343805916607 ], [ 228758.531157872115728, 3435270.88712467206642 ], [ 227710.036046674009413, 3435297.755809204652905 ], [ 227524.417703858111054, 3434350.821224748156965 ], [ 228572.949083331797738, 3434323.942343805916607 ] ], [ [ 229807.021567496412899, 3435244.122353154234588 ], [ 229992.61511905270163, 3436191.110040224157274 ], [ 228944.160983178124297, 3436217.864572924096137 ], [ 228758.531157872115728, 3435270.88712467206642 ], [ 229807.021567496412899, 3435244.122353154234588 ] ], [ [ 229621.475755890656728, 3434297.167348301503807 ], [ 230669.997739687678404, 3434270.496234852354974 ], [ 230855.507293689937796, 3435217.461491263937205 ], [ 229807.021567496412899, 3435244.122353154234588 ], [ 229621.475755890656728, 3434297.167348301503807 ] ], [ [ 231041.064576827979181, 3436164.459444727748632 ], [ 231226.669587653654162, 3437111.490112224593759 ], [ 233323.481998917355668, 3437058.521364582702518 ], [ 233509.06217181897955, 3438005.605437995865941 ], [ 231412.322324719745666, 3438058.553510739933699 ], [ 231969.566878875717521, 3440899.940262396354228 ], [ 228824.749046253098641, 3440980.049613459035754 ], [ 229010.70168982911855, 3441927.213122267276049 ], [ 227962.456077128706966, 3441954.114125687163323 ], [ 228148.492832352931146, 3442901.30011829873547 ], [ 227100.278884788451251, 3442928.294974456075579 ], [ 226914.205764042038936, 3441981.119241931475699 ], [ 224817.690964388020802, 3442035.441826552618295 ], [ 224631.592891285312362, 3441088.319243463221937 ], [ 226728.180416418821551, 3441033.976251127198339 ], [ 226542.202843362349086, 3440086.865985041949898 ], [ 225493.875102517311461, 3440113.995637943502516 ], [ 225121.99061985098524, 3438219.89357294049114 ], [ 227218.78669366450049, 3438165.697551127523184 ], [ 227404.632391029095743, 3439112.752619383856654 ], [ 228452.987019307038281, 3439085.820842190179974 ], [ 228638.844155597500503, 3440032.918859101831913 ], [ 230735.466695877315942, 3439979.387950275093317 ], [ 229992.61511905270163, 3436191.110040224157274 ], [ 231041.064576827979181, 3436164.459444727748632 ] ], [ [ 231293.106577101105358, 3442820.94037864357233 ], [ 231479.081996180058923, 3443768.190135214012116 ], [ 228334.577348432096187, 3443848.51888451911509 ], [ 228148.492832352931146, 3442901.30011829873547 ], [ 231293.106577101105358, 3442820.94037864357233 ] ], [ [ 231107.178886390000116, 3441873.723440317902714 ], [ 233203.637498372001573, 3441820.650169057771564 ], [ 233389.492506028560456, 3442767.88787575578317 ], [ 231293.106577101105358, 3442820.94037864357233 ], [ 231107.178886390000116, 3441873.723440317902714 ] ], [ [ 232527.240917005634401, 3443741.622205599211156 ], [ 232713.227697155263741, 3444688.915197619702667 ], [ 231665.105142177373637, 3444715.472727072890848 ], [ 231479.081996180058923, 3443768.190135214012116 ], [ 232527.240917005634401, 3443741.622205599211156 ] ], [ [ 234809.458988775149919, 3444636.112681541126221 ], [ 234995.420746106363367, 3445583.45945364702493 ], [ 236043.493158076365944, 3445557.224958162754774 ], [ 236229.466235278872773, 3446504.615157068707049 ], [ 233085.344399887311738, 3446583.599800416268408 ], [ 232713.227697155263741, 3444688.915197619702667 ], [ 234809.458988775149919, 3444636.112681541126221 ] ], [ [ 228267.177638826542534, 3438138.755545729771256 ], [ 229315.563880311849061, 3438111.917539456859231 ], [ 229501.336949253221974, 3439058.993091698735952 ], [ 228452.987019307038281, 3439085.820842190179974 ], [ 228267.177638826542534, 3438138.755545729771256 ] ], [ [ 229129.838557806157041, 3437164.874705526512116 ], [ 227032.988764371606521, 3437218.675171483773738 ], [ 226847.238604589598253, 3436271.68546347739175 ], [ 228944.160983178124297, 3436217.864572924096137 ], [ 229129.838557806157041, 3437164.874705526512116 ] ], [ [ 225798.770325609657448, 3436298.751828134059906 ], [ 225984.556785997992847, 3437245.731365198735148 ], [ 224936.120062354020774, 3437272.8915372970514 ], [ 224750.297295995347667, 3436325.922143603209406 ], [ 223701.819497612130363, 3436353.196413320489228 ], [ 223516.008223294978961, 3435406.269745596218854 ], [ 224564.522322211938445, 3435378.985374910291284 ], [ 224378.795142439135816, 3434432.081214271951467 ], [ 225427.340751563082449, 3434404.890656563453376 ], [ 225613.031646985851694, 3435351.80493090627715 ], [ 226661.536215758998878, 3435324.728410145733505 ], [ 226847.238604589598253, 3436271.68546347739175 ], [ 225798.770325609657448, 3436298.751828134059906 ] ], [ [ 225919.204398713016417, 3431537.226404560729861 ], [ 226104.715689358650707, 3432484.05300867324695 ], [ 225056.10231606248999, 3432511.159908775240183 ], [ 224870.554778854246251, 3431564.343401472084224 ], [ 225919.204398713016417, 3431537.226404560729861 ] ], [ [ 220135.447473467618693, 3445014.482535350136459 ], [ 220321.918841356993653, 3445961.685233992058784 ], [ 219273.775973733514547, 3445989.483129291329533 ], [ 219087.26816476334352, 3445042.290514833293855 ], [ 220135.447473467618693, 3445014.482535350136459 ] ], [ [ 222418.190124599088449, 3445906.402192094828933 ], [ 222604.636448051431216, 3446853.657877155113965 ], [ 220508.438052380806766, 3446908.920638212934136 ], [ 220321.918841356993653, 3445961.685233992058784 ], [ 222418.190124599088449, 3445906.402192094828933 ] ], [ [ 216502.696237755531911, 3447967.925364344380796 ], [ 216689.457057517021894, 3448915.185880647040904 ], [ 214593.346384263539221, 3448971.660076276399195 ], [ 214406.512568470672704, 3448024.419569670688361 ], [ 216502.696237755531911, 3447967.925364344380796 ] ], [ [ 227428.08178251190111, 3455298.600494570564479 ], [ 225332.568696044618264, 3455353.052279746625572 ], [ 225145.728577174653765, 3454405.490893573034555 ], [ 227241.314713932573795, 3454351.018393590115011 ], [ 227428.08178251190111, 3455298.600494570564479 ] ], [ [ 225519.456611149013042, 3456300.646586796268821 ], [ 224471.729547836643178, 3456328.018920671194792 ], [ 224284.805088682333007, 3455380.434944609180093 ], [ 225332.568696044618264, 3455353.052279746625572 ], [ 225519.456611149013042, 3456300.646586796268821 ] ], [ [ 231432.430912924348377, 3454243.327145022340119 ], [ 231245.857613293163013, 3453295.736276913434267 ], [ 232293.661570546450093, 3453269.06414899835363 ], [ 232480.198385269963183, 3454216.66551126120612 ], [ 231432.430912924348377, 3454243.327145022340119 ] ], [ [ 231734.33747142739594, 3450426.457941239699721 ], [ 231547.9915582643589, 3449478.988441279157996 ], [ 233643.877288222720381, 3449425.87350761750713 ], [ 233830.150334299367387, 3450373.363959178328514 ], [ 231734.33747142739594, 3450426.457941239699721 ] ], [ [ 234691.813265797623899, 3449399.472522430121899 ], [ 235739.744675784488209, 3449373.175853891763836 ], [ 235925.944875984627288, 3450320.687367402482778 ], [ 234878.049886289751157, 3450346.97349117230624 ], [ 234691.813265797623899, 3449399.472522430121899 ] ], [ [ 243819.20543194556376, 3452982.562854641582817 ], [ 244866.955371403164463, 3452957.143752713687718 ], [ 245053.054779251484433, 3453904.873197036329657 ], [ 244005.341261510242475, 3453930.281473660841584 ], [ 243819.20543194556376, 3452982.562854641582817 ] ], [ [ 242771.451089873502497, 3453008.086357453837991 ], [ 242585.326448005420389, 3452060.4116768296808 ], [ 243633.117206146271201, 3452034.877391268499196 ], [ 243819.20543194556376, 3452982.562854641582817 ], [ 242771.451089873502497, 3453008.086357453837991 ] ], [ [ 243261.083571761730127, 3450139.605862724594772 ], [ 244308.942711180105107, 3450114.1543745608069 ], [ 244680.903556454286445, 3452009.447478988207877 ], [ 243633.117206146271201, 3452034.877391268499196 ], [ 243261.083571761730127, 3450139.605862724594772 ] ], [ [ 241165.352020099904621, 3450190.821796495001763 ], [ 240793.363295829971321, 3448295.725551111157984 ], [ 239745.418070518033346, 3448321.511353730689734 ], [ 239559.45878469303716, 3447374.023452445399016 ], [ 240607.440382257016608, 3447348.226996929384768 ], [ 240235.737459595315158, 3445453.32893993658945 ], [ 241283.787288620893378, 3445427.615409911144525 ], [ 241655.41750981673249, 3447322.534783154260367 ], [ 242703.390185402007774, 3447296.946807875297964 ], [ 242889.240370190149406, 3448244.466750642284751 ], [ 241841.304056380409747, 3448270.044017828535289 ], [ 242027.238224956090562, 3449217.586307382211089 ], [ 243075.138166135409847, 3449192.019763207994401 ], [ 243261.083571761730127, 3450139.605862724594772 ], [ 241165.352020099904621, 3450190.821796495001763 ] ], [ [ 253760.021709289081628, 3466078.98558640666306 ], [ 253387.071797515207436, 3464182.561208327766508 ], [ 254434.354078342206776, 3464158.006035231053829 ], [ 254993.740625707869185, 3467002.726487821899354 ], [ 253946.56792591244448, 3467027.248020386323333 ], [ 254133.161647682456532, 3467975.543974133674055 ], [ 253086.021302249922883, 3468000.159083806909621 ], [ 252712.808266854146495, 3466103.623112948611379 ], [ 253760.021709289081628, 3466078.98558640666306 ] ], [ [ 254247.986891414475394, 3463209.832872977014631 ], [ 256342.611874589551007, 3463161.014195169322193 ], [ 256715.247735343902605, 3465057.438932064455003 ], [ 255668.010336759907659, 3465081.773440323304385 ], [ 255481.632162041292759, 3464133.555569222662598 ], [ 254434.354078342206776, 3464158.006035231053829 ], [ 254247.986891414475394, 3463209.832872977014631 ] ], [ [ 256227.429773015261162, 3467926.62821377441287 ], [ 255854.435997836058959, 3466030.024826538749039 ], [ 256901.63687965736608, 3466005.701587047893554 ], [ 257461.089150175685063, 3468850.690906592644751 ], [ 254319.80287308813422, 3468923.873465017881244 ], [ 254133.161647682456532, 3467975.543974133674055 ], [ 256227.429773015261162, 3467926.62821377441287 ] ], [ [ 254506.491600621433463, 3469872.23651041649282 ], [ 256600.613475471938727, 3469823.365869930479676 ], [ 256787.276545642729616, 3470771.785092334728688 ], [ 254693.227828769449843, 3470820.633127716835588 ], [ 254506.491600621433463, 3469872.23651041649282 ] ], [ [ 259628.142958482203539, 3474517.46106870053336 ], [ 260675.006505706551252, 3474493.449932230170816 ], [ 261048.635100342828082, 3476390.72735374327749 ], [ 260001.844795523124048, 3476414.715525800827891 ], [ 260188.766884248645511, 3477363.393376986961812 ], [ 259142.009144826064585, 3477387.475129019003361 ], [ 258207.690075272286776, 3472644.480476018041372 ], [ 259254.630918826209381, 3472620.341488868463784 ], [ 259067.946076828491641, 3471671.832234296016395 ], [ 260114.919405705441022, 3471647.786764353513718 ], [ 260488.263365252554649, 3473544.861831813585013 ], [ 259441.363213218515739, 3473568.884427855256945 ], [ 259628.142958482203539, 3474517.46106870053336 ] ], [ [ 257908.251936268177815, 3476463.007044497411698 ], [ 256861.449346320121549, 3476487.310397208668292 ], [ 256674.464793337741867, 3475538.700603685341775 ], [ 257721.304025237157475, 3475514.385844140779227 ], [ 257908.251936268177815, 3476463.007044497411698 ] ], [ [ 257347.550613726372831, 3473617.244545750785619 ], [ 256300.638130699895555, 3473641.58207368850708 ], [ 255927.001402619818691, 3471744.598170169629157 ], [ 256973.987093087722315, 3471720.237934158649296 ], [ 257347.550613726372831, 3473617.244545750785619 ] ], [ [ 267257.274373223306611, 3470533.838277444709092 ], [ 266210.292728336295113, 3470557.161006339360029 ], [ 266023.958617046941072, 3469608.638692868873477 ], [ 267070.976787643157877, 3469585.30437118280679 ], [ 267257.274373223306611, 3470533.838277444709092 ] ], [ [ 258437.220191780594178, 3463112.614210628438741 ], [ 259484.518145337409806, 3463088.571220704820007 ], [ 259856.935064923483878, 3464985.063766553997993 ], [ 258809.710081560886465, 3465009.084098223596811 ], [ 259182.389785901730647, 3466905.688226650003344 ], [ 260229.541755435056984, 3466881.690613359212875 ], [ 260788.80758507704013, 3469726.883002218790352 ], [ 259741.76521813889849, 3469750.846425102092326 ], [ 259555.259292656206526, 3468802.426734976936132 ], [ 258508.176280421757838, 3468826.506402751430869 ], [ 257576.175809542794013, 3464084.968746170867234 ], [ 258623.441409091901733, 3464060.832383009139448 ], [ 258437.220191780594178, 3463112.614210628438741 ] ], [ [ 259298.380853437702172, 3462140.375267203897238 ], [ 260345.711157797486521, 3462116.42560724215582 ], [ 259787.693297417863505, 3459272.004903540946543 ], [ 260835.128812029928667, 3459248.125881588086486 ], [ 261393.037362112547271, 3462092.580580816604197 ], [ 263487.677542177960277, 3462045.20441658096388 ], [ 263673.66900990519207, 3462993.445872832555324 ], [ 259484.518145337409806, 3463088.571220704820007 ], [ 259298.380853437702172, 3462140.375267203897238 ] ], [ [ 260043.214689573214855, 3465933.360393644776195 ], [ 262137.579378449823707, 3465885.656671942211688 ], [ 262323.8334348089993, 3466834.009707991499454 ], [ 260229.541755435056984, 3466881.690613359212875 ], [ 260043.214689573214855, 3465933.360393644776195 ] ], [ [ 261951.372741477593081, 3464937.337258594110608 ], [ 260904.155945606791647, 3464961.148154347203672 ], [ 260717.960249154770281, 3464012.873738216236234 ], [ 262812.462729662307538, 3463965.333848690614104 ], [ 263184.755621137388516, 3465861.961924232076854 ], [ 262137.579378449823707, 3465885.656671942211688 ], [ 261951.372741477593081, 3464937.337258594110608 ] ], [ [ 262882.880104947369546, 3469679.270726432092488 ], [ 261835.845874739752617, 3469703.024436997249722 ], [ 261463.027619805274298, 3467806.173013930674642 ], [ 262510.134909029235132, 3467782.396384145598859 ], [ 262882.880104947369546, 3469679.270726432092488 ] ], [ [ 267745.610935593722388, 3467665.085121555253863 ], [ 266698.523726757499389, 3467688.337799093686044 ], [ 266884.726571642444469, 3468636.804217550903559 ], [ 265837.671886263880879, 3468660.150116964243352 ], [ 265465.240572353126481, 3466763.274108059704304 ], [ 269653.727459870220628, 3466670.42659893585369 ], [ 269839.773483430384658, 3467618.894108419772238 ], [ 268792.69418187107658, 3467641.937225635163486 ], [ 268978.824034110293724, 3468590.426852384582162 ], [ 267931.777281647257041, 3468613.563130332622677 ], [ 267745.610935593722388, 3467665.085121555253863 ] ], [ [ 271562.021477726637386, 3465676.174266861286014 ], [ 270514.877087235858198, 3465699.031192073598504 ], [ 270143.094644470140338, 3463802.241589294280857 ], [ 271190.311916104401462, 3463779.3613675464876 ], [ 271562.021477726637386, 3465676.174266861286014 ] ], [ [ 274517.662179753766395, 3464659.773314849939197 ], [ 273470.493008068529889, 3464682.32784322835505 ], [ 273284.734743847511709, 3463733.914899417664856 ], [ 274331.940335709718056, 3463711.348647314589471 ], [ 274517.662179753766395, 3464659.773314849939197 ] ], [ [ 219309.135507591709029, 3462180.274045891594142 ], [ 220356.671521307202056, 3462152.335685211699456 ], [ 220544.113770385447424, 3463100.098716971464455 ], [ 219496.614409071335103, 3463128.026807313784957 ], [ 219309.135507591709029, 3462180.274045891594142 ] ], [ [ 220169.277123444597237, 3461204.605604378972203 ], [ 221216.844988137541804, 3461176.761690659448504 ], [ 220842.272991533624008, 3459281.379792353138328 ], [ 219794.631887129915413, 3459309.244226990267634 ], [ 219420.178072959766723, 3457414.014447867870331 ], [ 220467.892373688169755, 3457386.129552179481834 ], [ 220655.058759545208886, 3458333.738223555497825 ], [ 221702.731678617885336, 3458305.968167010229081 ], [ 222451.729211172496434, 3462096.773149994201958 ], [ 220356.671521307202056, 3462152.335685211699456 ], [ 220169.277123444597237, 3461204.605604378972203 ] ], [ [ 223311.966417403193191, 3461121.387956140562892 ], [ 222937.540867756062653, 3459225.964850578457117 ], [ 223985.167675409291405, 3459198.414336455520242 ], [ 223798.063221718475688, 3458250.741888222750276 ], [ 224845.721881599107292, 3458223.285659018438309 ], [ 225219.905426320212428, 3460118.684226469602436 ], [ 226267.486204944550991, 3460091.35336613887921 ], [ 226641.787741570093203, 3461986.904726387932897 ], [ 224546.767903551633935, 3462041.629506316967309 ], [ 224359.52001777337864, 3461093.858128362800926 ], [ 223311.966417403193191, 3461121.387956140562892 ] ], [ [ 222750.399826699867845, 3458278.302723061759025 ], [ 222376.261219344392885, 3456383.077232957817614 ], [ 223423.997756549913902, 3456355.495801570359617 ], [ 223798.063221718475688, 3458250.741888222750276 ], [ 222750.399826699867845, 3458278.302723061759025 ] ], [ [ 255970.165927745663794, 3461264.723440022673458 ], [ 254922.782571134128375, 3461289.102873117197305 ], [ 254736.594356944318861, 3460341.018889029510319 ], [ 255784.014175817021169, 3460316.628262256737798 ], [ 255970.165927745663794, 3461264.723440022673458 ] ], [ [ 258064.920128690602724, 3461216.278424934484065 ], [ 257017.545107631216524, 3461240.448624981101602 ], [ 256831.429812846297864, 3460292.342225906904787 ], [ 257878.841285941773094, 3460268.160776922944933 ], [ 258064.920128690602724, 3461216.278424934484065 ] ], [ [ 255411.85312249083654, 3458420.538219722919166 ], [ 254364.360411776782712, 3458444.951188855804503 ], [ 254178.314683809090639, 3457496.967438159510493 ], [ 255225.843824107520049, 3457472.543320334050804 ], [ 255411.85312249083654, 3458420.538219722919166 ] ], [ [ 257135.000542212743312, 3456476.024746079463512 ], [ 259230.102405429875944, 3456427.885574888903648 ], [ 259415.918592635018285, 3457375.891893869731575 ], [ 257320.889531033142703, 3457424.008604244794697 ], [ 257135.000542212743312, 3456476.024746079463512 ] ], [ [ 259044.333663701137993, 3455479.912690058350563 ], [ 264282.198211943905335, 3455361.336334068793803 ], [ 264653.419365011388436, 3457257.428734267596155 ], [ 263605.927353830891661, 3457280.912393447477371 ], [ 263420.256708884378895, 3456332.860821221489459 ], [ 261325.187746465147939, 3456380.164274623151869 ], [ 261510.931152402976295, 3457328.193164952564985 ], [ 260463.426926279615145, 3457351.990283236838877 ], [ 260277.647132246900583, 3456403.972692398354411 ], [ 259230.102405429875944, 3456427.885574888903648 ], [ 259044.333663701137993, 3455479.912690058350563 ] ], [ [ 249919.769820027868263, 3451883.863404981326312 ], [ 250105.63965868804371, 3452831.614144606515765 ], [ 251153.363559991877992, 3452806.821381126064807 ], [ 251339.244546599540627, 3453754.616357074584812 ], [ 250291.557035897596506, 3453779.398129582870752 ], [ 250663.534399989875965, 3455675.065904520917684 ], [ 249615.915423860365991, 3455699.930114899761975 ], [ 249429.866556517139543, 3454752.090580798685551 ], [ 248382.206860490055988, 3454777.070224672555923 ], [ 248196.169127774803201, 3453829.274906127247959 ], [ 247148.468694414594211, 3453854.369916453957558 ], [ 246962.442114384117303, 3452906.618738703429699 ], [ 248010.178953862399794, 3452881.512820248026401 ], [ 247638.341288406343665, 3450986.088277622126043 ], [ 248686.146566444978816, 3450961.064920672215521 ], [ 248314.571879857423482, 3449065.751335331704468 ], [ 249362.445550261560129, 3449040.810486046597362 ], [ 249548.172764323273441, 3449988.461592908482999 ], [ 250596.005772195203463, 3449963.635946209542453 ], [ 250967.530101059295703, 3451859.059665482491255 ], [ 249919.769820027868263, 3451883.863404981326312 ] ], [ [ 246590.531669298041379, 3451011.215967487543821 ], [ 246776.463105516217183, 3451958.900761450175196 ], [ 245728.685516915022163, 3451984.121936779469252 ], [ 245356.797450329584535, 3450088.807201260700822 ], [ 247452.493799837742699, 3450038.425786463078111 ], [ 247638.341288406343665, 3450986.088277622126043 ], [ 246590.531669298041379, 3451011.215967487543821 ] ], [ [ 212571.810181762382854, 3454741.103897944558412 ], [ 211523.951990826812107, 3454769.75101319886744 ], [ 211336.68445626378525, 3453822.354294965043664 ], [ 212384.579234784294385, 3453793.697209362871945 ], [ 212571.810181762382854, 3454741.103897944558412 ] ], [ [ 226006.768192756979261, 3453430.663590019568801 ], [ 224958.936255985288881, 3453457.962411175481975 ], [ 224772.191733923333231, 3452510.466815460473299 ], [ 225820.060176836268511, 3452483.157680566422641 ], [ 226006.768192756979261, 3453430.663590019568801 ] ], [ [ 241723.692327210505027, 3453033.714264370501041 ], [ 240675.929125978524098, 3453059.446578623726964 ], [ 240303.581784414796857, 3451164.173276389949024 ], [ 241351.417827851022594, 3451138.419521989300847 ], [ 241723.692327210505027, 3453033.714264370501041 ] ], [ [ 270689.086491727619432, 3450459.669854961335659 ], [ 270874.182383003295399, 3451407.611837031785399 ], [ 268778.814423465984873, 3451453.359311044216156 ], [ 268964.030208648298867, 3452401.311845880467445 ], [ 266868.718936339137144, 3452447.453655788209289 ], [ 266498.189548737835139, 3450551.627781208604574 ], [ 269641.368218621704727, 3450482.502929533366114 ], [ 269271.245897143671755, 3448586.742405059747398 ], [ 270319.036682335077785, 3448563.88640317087993 ], [ 269579.504999022348784, 3444772.721064422745258 ], [ 270627.436702645849437, 3444749.923487811349332 ], [ 270997.03546933864709, 3446645.462138936854899 ], [ 272044.890810966491699, 3446622.791578474454582 ], [ 272229.724954901845194, 3447570.622560403309762 ], [ 271181.905832108575851, 3447593.281639266759157 ], [ 271736.800819742609747, 3450436.941046903375536 ], [ 270689.086491727619432, 3450459.669854961335659 ] ], [ [ 268531.569320346578024, 3444795.622741661034524 ], [ 268716.417452459805645, 3445743.352527535986155 ], [ 265572.695036765013356, 3445812.648168527986854 ], [ 265387.738253460382111, 3444864.952406120020896 ], [ 266435.685965619864874, 3444841.738409598823637 ], [ 266250.812770094024017, 3443894.064695034641773 ], [ 267298.792659218248446, 3443870.943481619469821 ], [ 267114.003026207385119, 3442923.29179984331131 ], [ 268162.015089438064024, 3442900.263326245825738 ], [ 268346.768532164860517, 3443847.926346985157579 ], [ 269394.740406997036189, 3443825.01328822504729 ], [ 269579.504999022348784, 3444772.721064422745258 ], [ 268531.569320346578024, 3444795.622741661034524 ] ], [ [ 265757.699195125780534, 3446760.377294623758644 ], [ 264709.819900808623061, 3446783.672816739417613 ], [ 264524.779504450736567, 3445835.954991443548352 ], [ 265572.695036765013356, 3445812.648168527986854 ], [ 265757.699195125780534, 3446760.377294623758644 ] ], [ [ 263476.859911854029633, 3445859.365957209840417 ], [ 263291.830669275077526, 3444911.692738913465291 ], [ 264339.786494029278401, 3444888.270514910109341 ], [ 264524.779504450736567, 3445835.954991443548352 ], [ 263476.859911854029633, 3445859.365957209840417 ] ], [ [ 262243.87076114222873, 3444935.219081087037921 ], [ 262058.852690559608163, 3443987.590395079459995 ], [ 263106.848825024906546, 3443964.052837220020592 ], [ 263291.830669275077526, 3444911.692738913465291 ], [ 262243.87076114222873, 3444935.219081087037921 ] ], [ [ 262614.049128408893012, 3446830.576375389937311 ], [ 261566.15761425459641, 3446854.184417841490358 ], [ 261195.906751577917021, 3444958.849544400349259 ], [ 262243.87076114222873, 3444935.219081087037921 ], [ 262614.049128408893012, 3446830.576375389937311 ] ], [ [ 263661.936551248654723, 3446807.072509343735874 ], [ 263847.060585943749174, 3447754.812412569765002 ], [ 262799.209422068786807, 3447778.305018161889166 ], [ 262614.049128408893012, 3446830.576375389937311 ], [ 263661.936551248654723, 3446807.072509343735874 ] ], [ [ 216389.072345000517089, 3452732.699784714262933 ], [ 215341.160670989891514, 3452760.948944706004113 ], [ 215154.135248624428641, 3451813.577667281031609 ], [ 216202.08346667594742, 3451785.318456575274467 ], [ 216389.072345000517089, 3452732.699784714262933 ] ], [ [ 219532.77818671480054, 3452648.579058431554586 ], [ 217436.979143639618997, 3452704.555086036212742 ], [ 217063.122342019400094, 3450809.80502127064392 ], [ 218111.097338729829062, 3450781.744583607651293 ], [ 218297.965278297371697, 3451729.113332874607295 ], [ 219345.898907841416076, 3451701.167412787675858 ], [ 219532.77818671480054, 3452648.579058431554586 ] ], [ [ 214967.157725763972849, 3450866.239108077250421 ], [ 214780.228103836125229, 3449918.933250078931451 ], [ 216876.265759414178319, 3449862.479093952104449 ], [ 217063.122342019400094, 3450809.80502127064392 ], [ 214967.157725763972849, 3450866.239108077250421 ] ], [ [ 219159.067485156818293, 3450753.788545046932995 ], [ 220207.032799299282487, 3450725.936902058776468 ], [ 220393.827710525889415, 3451673.325915837660432 ], [ 219345.898907841416076, 3451701.167412787675858 ], [ 219159.067485156818293, 3450753.788545046932995 ] ], [ [ 219833.586518658499699, 3448831.257184809539467 ], [ 217737.505066381534562, 3448887.105305898468941 ], [ 217550.780736460816115, 3447939.834743411280215 ], [ 221743.070245579176117, 3447828.515388618223369 ], [ 221929.648670432565268, 3448775.826411455869675 ], [ 220881.619998101145029, 3448803.489631420001388 ], [ 221254.993299152003601, 3450698.189651129767299 ], [ 220207.032799299282487, 3450725.936902058776468 ], [ 219833.586518658499699, 3448831.257184809539467 ] ], [ [ 228777.086523700214457, 3451454.352754361461848 ], [ 227729.195688290754333, 3451481.358991580083966 ], [ 227542.65620609652251, 3450533.898183616809547 ], [ 228590.583509878662881, 3450506.881579792127013 ], [ 228777.086523700214457, 3451454.352754361461848 ] ], [ [ 230872.854217647342011, 3451400.653452513273805 ], [ 229824.972694154945202, 3451427.450909136794508 ], [ 229638.506143361213617, 3450479.969340383540839 ], [ 230686.424124544369988, 3450453.161461993586272 ], [ 230872.854217647342011, 3451400.653452513273805 ] ], [ [ 236787.67153619317105, 3449346.98349868459627 ], [ 238883.511680319585139, 3449294.911715054418892 ], [ 239069.602651315799449, 3450242.455028417985886 ], [ 238021.721240495273378, 3450268.428139321971685 ], [ 238207.896278440544847, 3451215.99385460652411 ], [ 237160.046779914933722, 3451242.060684958007187 ], [ 236787.67153619317105, 3449346.98349868459627 ] ], [ [ 250716.037105616880581, 3445200.881502956151962 ], [ 252812.044857194705401, 3445151.641972637735307 ], [ 252997.436700568243396, 3446099.204128201119602 ], [ 254045.397888421837706, 3446074.75156924687326 ], [ 253674.734263948601438, 3444179.638476566411555 ], [ 254722.763756072352408, 3444155.268086345400661 ], [ 254537.539445769565646, 3443207.750316622201353 ], [ 256633.65824635446188, 3443159.299834747798741 ], [ 257004.00933794490993, 3445054.412668901961297 ], [ 254908.035553166817408, 3445102.819036170840263 ], [ 255278.721601740864571, 3446998.020544874947518 ], [ 256326.638042522361502, 3446973.787380952388048 ], [ 256512.015996462141629, 3447921.449041274841875 ], [ 255464.135850225226022, 3447945.671138151548803 ], [ 255649.597579507098999, 3448893.354980320204049 ], [ 254601.749531364039285, 3448917.670248005539179 ], [ 254416.251491548435297, 3447969.997460189741105 ], [ 253368.362902407854563, 3447994.428010459057987 ], [ 253925.108470459439559, 3450837.513019673060626 ], [ 252877.324627824185882, 3450862.01475912053138 ], [ 252691.658929227065528, 3449914.297537305392325 ], [ 251643.834487827814883, 3449938.914595381356776 ], [ 251458.17996284129913, 3448991.241598518565297 ], [ 252506.040741046977928, 3448966.61355401808396 ], [ 251949.471253952011466, 3446123.760863231960684 ], [ 250901.501530531095341, 3446148.421777439769357 ], [ 250716.037105616880581, 3445200.881502956151962 ] ], [ [ 256020.663474461965961, 3450788.82248022640124 ], [ 254972.888080005941447, 3450813.115594400558621 ], [ 254787.29506134922849, 3449865.376287002116442 ], [ 255835.106788086064626, 3449841.072088601998985 ], [ 256020.663474461965961, 3450788.82248022640124 ] ], [ [ 263354.974724982399493, 3450621.691135990899056 ], [ 262307.228332200436853, 3450645.254157546442002 ], [ 261936.598145161842695, 3448749.652576226741076 ], [ 262984.417120394587982, 3448726.067014343570918 ], [ 263354.974724982399493, 3450621.691135990899056 ] ], [ [ 258978.516827083192766, 3449768.785163654480129 ], [ 257930.717652945546433, 3449792.77652997430414 ], [ 257745.281071840639925, 3448845.037200247403234 ], [ 258793.116552064253483, 3448821.034681764431298 ], [ 258978.516827083192766, 3449768.785163654480129 ] ], [ [ 261074.102748812438222, 3449721.115241868421435 ], [ 260026.311853036313551, 3449744.898068624082953 ], [ 259470.362239858455723, 3446901.713043900206685 ], [ 260518.261990749160759, 3446877.896639680955559 ], [ 261074.102748812438222, 3449721.115241868421435 ] ], [ [ 266312.99590535153402, 3449603.765027679502964 ], [ 265265.225390326348133, 3449627.026557797100395 ], [ 265080.042845265183132, 3448679.208582650870085 ], [ 266127.849630940007046, 3448655.935706927906722 ], [ 266312.99590535153402, 3449603.765027679502964 ] ], [ [ 246218.811520750372438, 3449115.945860668551177 ], [ 246033.022811389557319, 3448168.360513448249549 ], [ 247080.941518453153549, 3448143.200278499629349 ], [ 247266.693876025412465, 3449090.796459151431918 ], [ 246218.811520750372438, 3449115.945860668551177 ] ], [ [ 244985.099729672103422, 3448193.625001660548151 ], [ 244799.322252769197803, 3447246.083559903781861 ], [ 245847.281680614018114, 3447220.808280789293349 ], [ 246033.022811389557319, 3448168.360513448249549 ], [ 244985.099729672103422, 3448193.625001660548151 ] ], [ [ 234319.483115766546689, 3447504.56947053829208 ], [ 237463.482107431336772, 3447425.929101731162518 ], [ 237649.5141535239527, 3448373.395780014339834 ], [ 234505.624341803428251, 3448452.004521256312728 ], [ 234319.483115766546689, 3447504.56947053829208 ] ], [ [ 237277.497728222340811, 3446478.495401543565094 ], [ 238325.524691801692825, 3446452.479869974777102 ], [ 238511.472699093952542, 3447399.924152955412865 ], [ 237463.482107431336772, 3447425.929101731162518 ], [ 237277.497728222340811, 3446478.495401543565094 ] ], [ [ 251272.572960634628544, 3448043.601808037608862 ], [ 250224.671571954357205, 3448068.345061550382525 ], [ 250039.075773794931592, 3447120.749389204196632 ], [ 251087.013482700131135, 3447095.995206739287823 ], [ 251272.572960634628544, 3448043.601808037608862 ] ], [ [ 258607.763723716285313, 3447873.317510792985559 ], [ 257559.891948283882812, 3447897.331166503019631 ], [ 257374.550283779768506, 3446949.658411509357393 ], [ 258422.45834354654653, 3446925.633633503224701 ], [ 258607.763723716285313, 3447873.317510792985559 ] ], [ [ 248991.133757166069699, 3447145.607784697785974 ], [ 247943.187414780491963, 3447170.570396357681602 ], [ 247757.566519024665467, 3446223.029626318253577 ], [ 248805.54918110917788, 3446198.056155850179493 ], [ 248991.133757166069699, 3447145.607784697785974 ] ], [ [ 193180.414188888040371, 3441953.445866389200091 ], [ 192131.962085772131104, 3441983.898034861776978 ], [ 191944.782105014717672, 3441037.109912821091712 ], [ 192993.270733557466883, 3441006.648422966711223 ], [ 192806.175399836618453, 3440059.883212070446461 ], [ 193854.695229229924735, 3440029.516565489582717 ], [ 194041.754053948854562, 3440976.291110446210951 ], [ 195090.232084277435206, 3440946.03797142393887 ], [ 195277.302505675295833, 3441892.854140168055892 ], [ 196325.738755505648442, 3441862.714574760757387 ], [ 196512.820756256347522, 3442809.57244132924825 ], [ 197561.215244124585297, 3442779.546515617985278 ], [ 197935.450443948328029, 3444673.378134954720736 ], [ 198983.766658690525219, 3444643.475418596994132 ], [ 199545.370348066615406, 3447484.494184350129217 ], [ 197448.952029558131471, 3447544.346772089600563 ], [ 197261.629610255768057, 3446597.327183343470097 ], [ 196213.376064861309715, 3446627.419506229460239 ], [ 196026.065164020343218, 3445680.441773882135749 ], [ 194977.769812298938632, 3445710.647882283199579 ], [ 194603.219187542388681, 3443816.80829681456089 ], [ 193554.845458853407763, 3443847.137518089264631 ], [ 193180.414188888040371, 3441953.445866389200091 ] ], [ [ 218412.220384971471503, 3446964.60051246965304 ], [ 215267.85743376868777, 3447048.90247267531231 ], [ 215081.15590891247848, 3446101.717288221232593 ], [ 218225.62826471880544, 3446017.385278834495693 ], [ 218412.220384971471503, 3446964.60051246965304 ] ], [ [ 246709.579507970920531, 3446248.107288491912186 ], [ 245661.588129906507675, 3446273.289145539049059 ], [ 245475.942160747334128, 3445325.803090540226549 ], [ 246523.969858027267037, 3445300.610444813035429 ], [ 246709.579507970920531, 3446248.107288491912186 ] ], [ [ 259285.140577742189635, 3445954.051308067515492 ], [ 258237.200413061276777, 3445977.983032669872046 ], [ 258051.989933764503803, 3445030.365691070444882 ], [ 259099.966355942597147, 3445006.422846388071775 ], [ 259285.140577742189635, 3445954.051308067515492 ] ], [ [ 223279.956499198277015, 3444931.683921936433762 ], [ 224328.116601153276861, 3444904.292814193759114 ], [ 224514.442258784372825, 3445851.536125219427049 ], [ 223466.318576302670408, 3445878.917038517072797 ], [ 223279.956499198277015, 3444931.683921936433762 ] ], [ [ 224141.838744795939419, 3443957.082251286599785 ], [ 225190.030493459897116, 3443929.785145668312907 ], [ 225376.271946549823042, 3444877.005915705580264 ], [ 224328.116601153276861, 3444904.292814193759114 ], [ 224141.838744795939419, 3443957.082251286599785 ] ], [ [ 225003.836832259024959, 3442982.597121621016413 ], [ 226052.060224114335142, 3442955.393974422942847 ], [ 226238.217498246289324, 3443902.592218289151788 ], [ 225190.030493459897116, 3443929.785145668312907 ], [ 225003.836832259024959, 3442982.597121621016413 ] ], [ [ 248620.01215402878006, 3445250.537651989609003 ], [ 247571.993183103884803, 3445275.521966352593154 ], [ 247386.467408502154285, 3444328.047399310860783 ], [ 248434.522677409928292, 3444303.052255959250033 ], [ 248620.01215402878006, 3445250.537651989609003 ] ], [ [ 240049.957453446171712, 3444505.929402886424214 ], [ 239001.866804218705511, 3444531.757727631367743 ], [ 238816.098107953963336, 3443584.401755345519632 ], [ 239864.225086045160424, 3443558.562837322708219 ], [ 240049.957453446171712, 3444505.929402886424214 ] ], [ [ 250530.620209447311936, 3444253.374366119038314 ], [ 249482.573605038895039, 3444278.161245942581445 ], [ 249297.16796231927583, 3443330.698098896536976 ], [ 250345.250843512476422, 3443305.900349765550345 ], [ 250530.620209447311936, 3444253.374366119038314 ] ], [ [ 261010.852449602418346, 3444011.232046445831656 ], [ 259962.848084091499913, 3444034.977794302627444 ], [ 259777.804978113068501, 3443087.404711411800236 ], [ 260825.845569214783609, 3443063.647818041965365 ], [ 261010.852449602418346, 3444011.232046445831656 ] ], [ [ 271490.672234576544724, 3443779.49938677623868 ], [ 270442.708301779697649, 3443802.204302448779345 ], [ 270258.027224603749346, 3442854.518520856741816 ], [ 271306.027332685713191, 3442831.802183287218213 ], [ 271490.672234576544724, 3443779.49938677623868 ] ], [ [ 236719.830606544041075, 3443636.391998522449285 ], [ 235671.690047096286435, 3443662.543330242857337 ], [ 235485.860016241611447, 3442715.251867069862783 ], [ 236534.036909511836711, 3442689.090039735194296 ], [ 236719.830606544041075, 3443636.391998522449285 ] ], [ [ 241960.465587328275433, 3443507.197392093483359 ], [ 240912.347573148494121, 3443532.828050656244159 ], [ 240726.69915873586433, 3442585.483833501581103 ], [ 241774.8534804477531, 3442559.842541363090277 ], [ 241960.465587328275433, 3443507.197392093483359 ] ], [ [ 258729.760239316092338, 3443111.26567664090544 ], [ 257681.711334752879338, 3443135.230716745369136 ], [ 257496.64321804291103, 3442187.713049624115229 ], [ 258544.728347498952644, 3442163.736934165935963 ], [ 258729.760239316092338, 3443111.26567664090544 ] ], [ [ 262737.027337563806213, 3442068.872914730105549 ], [ 263785.091793539293576, 3442045.417005494702607 ], [ 263969.942637059139088, 3442993.001539167948067 ], [ 262921.91438061685767, 3443016.446234899107367 ], [ 262737.027337563806213, 3442068.872914730105549 ] ], [ [ 261688.958783052046783, 3442092.432859232183546 ], [ 261504.082949147123145, 3441144.903974969871342 ], [ 262552.18769737763796, 3441121.332859497051686 ], [ 262737.027337563806213, 3442068.872914730105549 ], [ 261688.958783052046783, 3442092.432859232183546 ] ], [ [ 263415.532283998443745, 3440150.347760456614196 ], [ 264463.665015880484134, 3440126.973445951938629 ], [ 264648.384901151701342, 3441074.502648497000337 ], [ 266744.565835272485856, 3441028.088444395456463 ], [ 266929.260751052410342, 3441975.673459847923368 ], [ 263785.091793539293576, 3442045.417005494702607 ], [ 263415.532283998443745, 3440150.347760456614196 ] ], [ [ 264278.992514760699123, 3439179.477503726724535 ], [ 265327.157331027672626, 3439156.195939222816378 ], [ 265511.793675310211256, 3440103.703105533495545 ], [ 264463.665015880484134, 3440126.973445951938629 ], [ 264278.992514760699123, 3439179.477503726724535 ] ], [ [ 265142.568361541256309, 3438208.722030916716903 ], [ 268287.146934209333267, 3438139.467193351592869 ], [ 267733.989317298401147, 3435297.143732090014964 ], [ 268782.2824430197943, 3435274.232734371908009 ], [ 269519.776183319452684, 3439064.109087103977799 ], [ 265327.157331027672626, 3439156.195939222816378 ], [ 265142.568361541256309, 3438208.722030916716903 ] ], [ [ 268598.027347630006261, 3434326.846811020746827 ], [ 270694.67374620155897, 3434281.31367319682613 ], [ 270878.856691750930622, 3435228.722199987154454 ], [ 268782.2824430197943, 3435274.232734371908009 ], [ 268598.027347630006261, 3434326.846811020746827 ] ], [ [ 247693.040305246715434, 3440513.441407255828381 ], [ 249789.427941988164093, 3440463.676852122414857 ], [ 249974.654708296759054, 3441411.051609906367958 ], [ 248926.499306099663954, 3441435.871052965987474 ], [ 249111.809862178517506, 3442383.268040283583105 ], [ 247015.558549186593154, 3442433.197475424502045 ], [ 246830.17546743658022, 3441485.822084315121174 ], [ 245782.006994799739914, 3441510.953678915277123 ], [ 245596.63522052791086, 3440563.622054013423622 ], [ 246644.839952931331936, 3440538.479717602953315 ], [ 246459.552007151651196, 3439591.170358175877482 ], [ 247507.788603196968324, 3439566.121293291915208 ], [ 247693.040305246715434, 3440513.441407255828381 ] ], [ [ 234928.656039728433825, 3439873.574675949290395 ], [ 235976.941869455389678, 3439847.381451043765992 ], [ 235791.338877982401755, 3438900.210960522759706 ], [ 236839.656426622590516, 3438874.111302745062858 ], [ 237025.223132887505926, 3439821.292256969492882 ], [ 238073.499848125764402, 3439795.307090431917459 ], [ 238259.0779313693929, 3440742.531407172325999 ], [ 237210.837506900075823, 3440768.506067550275475 ], [ 237396.499547198764049, 3441715.752751540392637 ], [ 236348.290886679373216, 3441741.820973600726575 ], [ 236162.592539507139008, 3440794.584783053956926 ], [ 235114.34301109961234, 3440820.767556975129992 ], [ 234928.656039728433825, 3439873.574675949290395 ] ], [ [ 234743.016757767065428, 3438926.41462154686451 ], [ 234557.425166670174804, 3437979.287376741413027 ], [ 235605.783566545811482, 3437953.073294460307807 ], [ 235791.338877982401755, 3438900.210960522759706 ], [ 234743.016757767065428, 3438926.41462154686451 ] ], [ [ 237702.486653842090163, 3437900.957053575199097 ], [ 239799.171578651265008, 3437849.256688994821161 ], [ 239984.581824180670083, 3438796.436315966304392 ], [ 241032.881267612217925, 3438770.752638318575919 ], [ 241218.30288567946991, 3439717.975723261013627 ], [ 240170.039706420182483, 3439743.648826840333641 ], [ 240541.098375164932804, 3441638.17256853543222 ], [ 239492.903273359144805, 3441663.928552282042801 ], [ 239121.772033269517124, 3439769.425948145333678 ], [ 238073.499848125764402, 3439795.307090431917459 ], [ 237702.486653842090163, 3437900.957053575199097 ] ], [ [ 252070.952568849810632, 3441361.724853347521275 ], [ 251022.805789851001464, 3441386.336211074143648 ], [ 250837.61526260379469, 3440438.950601046904922 ], [ 251885.798275509092491, 3440414.328363463748246 ], [ 252070.952568849810632, 3441361.724853347521275 ] ], [ [ 257311.622558532428229, 3441240.22857294883579 ], [ 256263.497021014074562, 3441264.319771515205503 ], [ 256078.48761193358223, 3440316.879486054182053 ], [ 257126.649357720452826, 3440292.777269544545561 ], [ 257311.622558532428229, 3441240.22857294883579 ] ], [ [ 259407.861069555452559, 3441192.358240741770715 ], [ 258359.743902017333312, 3441216.241397033911198 ], [ 258174.806904372147983, 3440268.779048063326627 ], [ 259222.960269985487685, 3440244.884818580467254 ], [ 259407.861069555452559, 3441192.358240741770715 ] ], [ [ 244548.426089941465762, 3440588.86841966630891 ], [ 243500.212543078960152, 3440614.218817749992013 ], [ 243314.815834926790558, 3439666.941556316800416 ], [ 244363.065641119435895, 3439641.580486504826695 ], [ 244548.426089941465762, 3440588.86841966630891 ] ], [ [ 262367.395461566280574, 3440173.826051999814808 ], [ 261319.254530484904535, 3440197.408323546405882 ], [ 261134.473528574133525, 3439249.945887775626034 ], [ 262182.650631640804932, 3439226.352475041057914 ], [ 262367.395461566280574, 3440173.826051999814808 ] ], [ [ 224445.542614389851224, 3440141.229355363175273 ], [ 223397.205360884021502, 3440168.56714074453339 ], [ 223025.175513948255684, 3438274.505632296670228 ], [ 224073.585454968211707, 3438247.147596205584705 ], [ 224445.542614389851224, 3440141.229355363175273 ] ], [ [ 256941.723617107432801, 3439345.359122243709862 ], [ 255893.525673911353806, 3439369.472341811284423 ], [ 255708.611208442423958, 3438422.098321634810418 ], [ 256756.845338191080373, 3438397.974113889504224 ], [ 256941.723617107432801, 3439345.359122243709862 ] ], [ [ 245040.805381038750056, 3437721.825065382290632 ], [ 243992.487520613474771, 3437747.103484417311847 ], [ 244177.752784185198834, 3438694.325513780117035 ], [ 243129.46672950356151, 3438719.697240451816469 ], [ 242758.911332731717266, 3436825.307377137709409 ], [ 244855.623933903581928, 3436774.625307572539896 ], [ 244485.403797514707549, 3434880.324547126889229 ], [ 245533.825860834389459, 3434855.11807208834216 ], [ 246274.311631574499188, 3438643.893988932482898 ], [ 245226.034412171982694, 3438669.057764338795096 ], [ 245040.805381038750056, 3437721.825065382290632 ] ], [ [ 249234.032866085733986, 3437621.750821845605969 ], [ 248185.732552080851747, 3437646.613474175333977 ], [ 248000.659738560032565, 3436699.381586557254195 ], [ 249048.996253403282026, 3436674.508169080130756 ], [ 249234.032866085733986, 3437621.750821845605969 ] ], [ [ 253427.19089029476163, 3437523.339519191067666 ], [ 252378.907832770433743, 3437547.786455085035414 ], [ 252009.09926006817841, 3435653.269255453720689 ], [ 253057.454667182260891, 3435628.800583243835717 ], [ 253427.19089029476163, 3437523.339519191067666 ] ], [ [ 264589.085716985806357, 3435366.499682134017348 ], [ 264958.026768363779411, 3437261.281363423448056 ], [ 263909.789671021397226, 3437284.585331446956843 ], [ 263356.340824321378022, 3434442.496095763053745 ], [ 265453.027614728431217, 3434395.924977567978203 ], [ 265637.390972424764186, 3435343.277203056029975 ], [ 264589.085716985806357, 3435366.499682134017348 ] ], [ [ 266685.692166481167078, 3435320.158554015215486 ], [ 267054.488772816024721, 3437214.985089164227247 ], [ 266006.259796253289096, 3437238.081283638719469 ], [ 265637.390972424764186, 3435343.277203056029975 ], [ 266685.692166481167078, 3435320.158554015215486 ] ], [ [ 240662.180910570517881, 3436876.405147675890476 ], [ 239613.808971296792151, 3436902.109928873833269 ], [ 239428.494003579922719, 3435954.99601856386289 ], [ 240476.902174526912859, 3435929.28070787107572 ], [ 240662.180910570517881, 3436876.405147675890476 ] ], [ [ 233137.949530612910166, 3436111.470051883719862 ], [ 232089.509374636225402, 3436137.912783066276461 ], [ 231903.98835459566908, 3435190.904535631183535 ], [ 232952.464768357051071, 3435164.451482899021357 ], [ 233137.949530612910166, 3436111.470051883719862 ] ], [ [ 235234.815989610913675, 3436058.896367596462369 ], [ 234186.385062892804854, 3436085.131247836630791 ], [ 234000.936553118401207, 3435138.102329721208662 ], [ 235049.403727022756357, 3435111.857072768732905 ], [ 235234.815989610913675, 3436058.896367596462369 ] ], [ [ 247815.634477992571192, 3435752.18266758415848 ], [ 246767.257403372670524, 3435777.170717068016529 ], [ 246582.243512900109636, 3434830.015457496978343 ], [ 247630.656771858164575, 3434805.016700181178749 ], [ 247815.634477992571192, 3435752.18266758415848 ] ], [ [ 265268.711628527729772, 3433448.605939058586955 ], [ 262123.567022918898147, 3433518.651731893420219 ], [ 262492.46294938842766, 3435413.256142154801637 ], [ 261444.14540094480617, 3435436.790129006840289 ], [ 260890.764313533960376, 3432594.966448897495866 ], [ 262987.61189006146742, 3432547.935753568541259 ], [ 262803.318516512983479, 3431600.705275516491383 ], [ 263851.772196426289156, 3431577.334453715477139 ], [ 264036.029500018921681, 3432524.576036931481212 ], [ 265084.443015332450159, 3432501.320070370100439 ], [ 265268.711628527729772, 3433448.605939058586955 ] ], [ [ 235912.537962564732879, 3434138.69878083653748 ], [ 236961.032194989034906, 3434112.650889348238707 ], [ 237146.324314839555882, 3435059.678234276361763 ], [ 236097.866308214783203, 3435085.715708722826093 ], [ 235912.537962564732879, 3434138.69878083653748 ] ], [ [ 234864.03915029426571, 3434164.850534341298044 ], [ 234678.722260878712405, 3433217.87673531845212 ], [ 233630.182625062647276, 3433244.142701187171042 ], [ 233444.87720968213398, 3432297.211956806946546 ], [ 235542.024302196339704, 3432244.763170790858567 ], [ 235912.537962564732879, 3434138.69878083653748 ], [ 234864.03915029426571, 3434164.850534341298044 ] ], [ [ 236775.787740809610114, 3433165.656313489191234 ], [ 237824.313621248118579, 3433139.701850927434862 ], [ 238009.521865720191272, 3434086.706856582313776 ], [ 236961.032194989034906, 3434112.650889348238707 ], [ 236775.787740809610114, 3433165.656313489191234 ] ], [ [ 239058.006992913346039, 3434060.866679258644581 ], [ 239243.226676964579383, 3435007.914941034279764 ], [ 238194.777765040984377, 3435033.744646140374243 ], [ 238009.521865720191272, 3434086.706856582313776 ], [ 239058.006992913346039, 3434060.866679258644581 ] ], [ [ 249727.470183043944417, 3434755.330744746606797 ], [ 248679.065655856684316, 3434780.121796979568899 ], [ 248309.325238602177706, 3432885.867222271859646 ], [ 246212.358433671470266, 3432935.803680262062699 ], [ 246027.487247862911317, 3431988.747128500603139 ], [ 248124.526351280335803, 3431938.789316282141954 ], [ 247939.775013464939548, 3430991.744308465626091 ], [ 248988.324128231644863, 3430966.91035247175023 ], [ 249727.470183043944417, 3434755.330744746606797 ] ], [ [ 243251.902429389010649, 3433958.544459236785769 ], [ 242203.435294804832665, 3433983.969247333239764 ], [ 242018.371836630016332, 3433036.922246603760868 ], [ 243066.875154699722771, 3433011.486890756059438 ], [ 243251.902429389010649, 3433958.544459236785769 ] ], [ [ 252687.908444958709879, 3433734.393750647082925 ], [ 251639.480731634015683, 3433758.884099751710892 ], [ 251454.742737730644876, 3432811.740995649714023 ], [ 252503.206587899301667, 3432787.239830364473164 ], [ 252687.908444958709879, 3433734.393750647082925 ] ], [ [ 256881.576586290582782, 3433637.470432436559349 ], [ 255833.165921436302597, 3433661.545556396711618 ], [ 255464.026438948203577, 3431767.205506479367614 ], [ 256512.509325645019999, 3431743.108544081449509 ], [ 256881.576586290582782, 3433637.470432436559349 ] ], [ [ 269278.05649353278568, 3432409.333646276500076 ], [ 267181.257834703428671, 3432455.119375727139413 ], [ 267365.454311451816466, 3433402.427622599061579 ], [ 266317.084996630786918, 3433425.464894907549024 ], [ 265764.529461739119142, 3430583.673248443286866 ], [ 268909.94976758066332, 3430514.771794113796204 ], [ 269278.05649353278568, 3432409.333646276500076 ] ], [ [ 268542.032378093339503, 3428620.342652964871377 ], [ 269590.569786915788427, 3428597.560398084111512 ], [ 269958.415151024993975, 3430492.01200698595494 ], [ 268909.94976758066332, 3430514.771794113796204 ], [ 268542.032378093339503, 3428620.342652964871377 ] ], [ [ 269406.718093540985137, 3427650.384339651558548 ], [ 270455.287488186382689, 3427627.694467568770051 ], [ 270639.103190148482099, 3428574.88176527293399 ], [ 269590.569786915788427, 3428597.560398084111512 ], [ 269406.718093540985137, 3427650.384339651558548 ] ], [ [ 259842.334310627484228, 3432618.637433534953743 ], [ 258793.900140399229713, 3432642.412180141080171 ], [ 258425.072173578490037, 3430748.072559308260679 ], [ 259473.578513386310078, 3430724.275838221423328 ], [ 259842.334310627484228, 3432618.637433534953743 ] ], [ [ 272423.224498743773438, 3432341.433061244897544 ], [ 270326.449808169621974, 3432386.596386254765093 ], [ 270142.40881872700993, 3431439.287591747939587 ], [ 272239.255574007635005, 3431394.101641860790551 ], [ 272423.224498743773438, 3432341.433061244897544 ] ], [ [ 240784.812019364180742, 3432115.457768131047487 ], [ 239736.263547715032473, 3432141.11125465715304 ], [ 239551.222977664816426, 3431194.15088276937604 ], [ 240599.807621615298558, 3431168.486913335043937 ], [ 240784.812019364180742, 3432115.457768131047487 ] ], [ [ 242881.895482195308432, 3432064.462163333781064 ], [ 241833.355991466814885, 3432089.908072100020945 ], [ 241648.387760780547978, 3431142.926706804893911 ], [ 242696.963413341785781, 3431117.47025994444266 ], [ 242881.895482195308432, 3432064.462163333781064 ] ], [ [ 250036.868883672403172, 3430942.180133884772658 ], [ 251085.40929797134595, 3430917.553649580106139 ], [ 251270.052259349264205, 3431864.63085128320381 ], [ 250221.547965367964935, 3431889.246576687321067 ], [ 250036.868883672403172, 3430942.180133884772658 ] ], [ [ 250900.813855080603389, 3429970.509373486973345 ], [ 251949.386050755216274, 3429945.975848662201315 ], [ 252133.945389312400948, 3430893.030896439682692 ], [ 251085.40929797134595, 3430917.553649580106139 ], [ 250900.813855080603389, 3429970.509373486973345 ] ], [ [ 248803.656461212551221, 3430019.88753692433238 ], [ 248619.036335822485853, 3429072.897600301541388 ], [ 250716.265932156704366, 3429023.4980059559457 ], [ 250900.813855080603389, 3429970.509373486973345 ], [ 248803.656461212551221, 3430019.88753692433238 ] ], [ [ 253182.477175880514551, 3430868.611871363595128 ], [ 253367.047912062931573, 3431815.710673698689789 ], [ 252318.552235521900002, 3431840.118884653784335 ], [ 252133.945389312400948, 3430893.030896439682692 ], [ 253182.477175880514551, 3430868.611871363595128 ] ], [ [ 234308.231549794028979, 3431324.027287564706057 ], [ 233259.619495333172381, 3431350.313903048168868 ], [ 233074.409483465424273, 3430403.448522958438843 ], [ 234123.057731027714908, 3430377.151604893151671 ], [ 234308.231549794028979, 3431324.027287564706057 ] ], [ [ 236035.286609917937312, 3429378.005361007526517 ], [ 237083.957220998883713, 3429352.009327488951385 ], [ 237268.974831502593588, 3430298.883367440197617 ], [ 238317.604711552558001, 3430273.001449534669518 ], [ 238502.63381074697827, 3431219.918618353549391 ], [ 236405.441835288656875, 3431271.76540101878345 ], [ 236035.286609917937312, 3429378.005361007526517 ] ], [ [ 256143.631916229205672, 3429848.878723066765815 ], [ 257192.182744260149775, 3429824.863669742364436 ], [ 257376.561638107436011, 3430771.972990127280354 ], [ 256328.046888787503121, 3430795.977133699227124 ], [ 256143.631916229205672, 3429848.878723066765815 ] ], [ [ 257007.851305363117717, 3428877.787346854340285 ], [ 258056.433977218781365, 3428853.865056119859219 ], [ 258240.729353343485855, 3429800.952301553916186 ], [ 257192.182744260149775, 3429824.863669742364436 ], [ 257007.851305363117717, 3428877.787346854340285 ] ], [ [ 243560.686279535060748, 3430145.147922303061932 ], [ 239366.230045198404696, 3430247.223273449577391 ], [ 239181.28475177497603, 3429300.328409708570689 ], [ 243375.885557349480223, 3429198.211079905740917 ], [ 243560.686279535060748, 3430145.147922303061932 ] ], [ [ 260337.809987449058099, 3429753.440608496312052 ], [ 259289.271761675016023, 3429777.144615475554019 ], [ 259105.012443232233636, 3428830.046419874764979 ], [ 260153.58672160570859, 3428806.331435109023005 ], [ 260337.809987449058099, 3429753.440608496312052 ] ], [ [ 262434.873964104685001, 3429706.343619857449085 ], [ 261386.344048859929899, 3429729.840277620125562 ], [ 261202.156830543797696, 3428782.720098821911961 ], [ 262250.722788250539452, 3428759.212408024352044 ], [ 262434.873964104685001, 3429706.343619857449085 ] ], [ [ 267677.461984666646458, 3429590.415324245579541 ], [ 266628.952527321176603, 3429613.393660738598555 ], [ 266444.945470854989253, 3428666.218040478881449 ], [ 267493.490945474943146, 3428643.228532798122615 ], [ 267677.461984666646458, 3429590.415324245579541 ] ], [ [ 234986.611410776735283, 3429404.105115324724466 ], [ 233937.93160537868971, 3429430.308593743946403 ], [ 233752.853174295800272, 3428483.498237169813365 ], [ 234801.569145880639553, 3428457.284458201378584 ], [ 234986.611410776735283, 3429404.105115324724466 ] ], [ [ 252813.47819544779486, 3428974.513115422334522 ], [ 251764.874221331585431, 3428998.953724266495556 ], [ 251580.409902525105281, 3428051.964506208896637 ], [ 252629.049954165704548, 3428027.513127707410604 ], [ 252813.47819544779486, 3428974.513115422334522 ] ], [ [ 246337.144477051740978, 3428175.776139592286199 ], [ 245288.478231032466283, 3428200.849436374846846 ], [ 245103.844915779889561, 3427253.957056999672204 ], [ 246152.547259502724046, 3427228.873170991428196 ], [ 246337.144477051740978, 3428175.776139592286199 ] ], [ [ 246647.847158826800296, 3424363.348972404375672 ], [ 247696.648884944414021, 3424338.4405053476803 ], [ 248434.463753537333105, 3428125.940525572281331 ], [ 247385.806311816879315, 3428150.806503711268306 ], [ 246647.847158826800296, 3424363.348972404375672 ] ], [ [ 247328.026747594645713, 3422444.887224515900016 ], [ 246279.152944189176196, 3422469.816847300156951 ], [ 246094.877182476659073, 3421523.09988548187539 ], [ 248192.692423063126625, 3421473.322989903856069 ], [ 248561.14740975535824, 3423366.831949256826192 ], [ 249609.976396756857866, 3423342.119926983490586 ], [ 249425.761154998122947, 3422395.338442773092538 ], [ 251523.478084949369077, 3422346.203591909259558 ], [ 251707.621296408295166, 3423293.006410278379917 ], [ 250658.801019555627136, 3423317.511415028944612 ], [ 250843.027763078338467, 3424264.336356766056269 ], [ 247696.648884944414021, 3424338.4405053476803 ], [ 247328.026747594645713, 3422444.887224515900016 ] ], [ [ 251891.812016536830924, 3424239.842047677375376 ], [ 252076.050243856967427, 3425186.710521111264825 ], [ 251027.302024614677066, 3425211.194119747728109 ], [ 250843.027763078338467, 3424264.336356766056269 ], [ 251891.812016536830924, 3424239.842047677375376 ] ], [ [ 253124.794145690626465, 3425162.330481789540499 ], [ 253309.04383882205002, 3426109.242561111226678 ], [ 252260.335976889648009, 3426133.611847579013556 ], [ 252076.050243856967427, 3425186.710521111264825 ], [ 253124.794145690626465, 3425162.330481789540499 ] ], [ [ 252756.437245567416539, 3423268.604909628164023 ], [ 253805.248885289998725, 3423244.306909990496933 ], [ 254173.533748352434486, 3425138.053998699877411 ], [ 253124.794145690626465, 3425162.330481789540499 ], [ 252756.437245567416539, 3423268.604909628164023 ] ], [ [ 261018.017025307257427, 3427835.632959727197886 ], [ 259969.410879684844986, 3427859.255286604166031 ], [ 259785.282463185838424, 3426912.212145901750773 ], [ 260833.924634651863016, 3426888.578843251336366 ], [ 261018.017025307257427, 3427835.632959727197886 ] ], [ [ 262931.196511715708766, 3426841.623005704022944 ], [ 263979.826253756997176, 3426818.300464865285903 ], [ 264163.810597246862017, 3427765.387674410361797 ], [ 263115.216865875059739, 3427788.699156599119306 ], [ 262931.196511715708766, 3426841.623005704022944 ] ], [ [ 263611.999718942446634, 3424924.22517860494554 ], [ 264660.69733301771339, 3424900.98409099271521 ], [ 264844.55092395277461, 3425848.016274337191135 ], [ 265893.208460576657671, 3425824.889794167596847 ], [ 266077.073435974074528, 3426771.966124305035919 ], [ 263979.826253756997176, 3426818.300464865285903 ], [ 263611.999718942446634, 3424924.22517860494554 ] ], [ [ 264476.891117801947985, 3423953.984938256442547 ], [ 265525.620601404225454, 3423930.836304312106222 ], [ 265709.390848551411182, 3424877.846526535227895 ], [ 264660.69733301771339, 3424900.98409099271521 ], [ 264476.891117801947985, 3423953.984938256442547 ] ], [ [ 262379.419821618299466, 3424000.592695663217455 ], [ 262195.589054047712125, 3423053.6485829600133 ], [ 264293.132279809040483, 3423007.018799054902047 ], [ 264476.891117801947985, 3423953.984938256442547 ], [ 262379.419821618299466, 3424000.592695663217455 ] ], [ [ 239860.266312858089805, 3427380.931098127737641 ], [ 238811.537087891745614, 3427406.636851064860821 ], [ 238626.734720346168615, 3426459.840122232213616 ], [ 239675.500063529907493, 3426434.123960423283279 ], [ 239860.266312858089805, 3427380.931098127737641 ] ], [ [ 256639.330798390874406, 3426983.733625282067806 ], [ 254542.008547651872505, 3427031.932617924176157 ], [ 254357.747406714450335, 3426084.976858483627439 ], [ 256455.141733296390157, 3426036.756192477885634 ], [ 256639.330798390874406, 3426983.733625282067806 ] ], [ [ 269222.913727973704226, 3426703.241422386839986 ], [ 268174.304337186156772, 3426726.046085714828223 ], [ 267990.511326232226565, 3425778.947474488522857 ], [ 269039.156691727112047, 3425756.131629164796323 ], [ 269222.913727973704226, 3426703.241422386839986 ] ], [ [ 271320.120481030200608, 3426657.942793243564665 ], [ 270271.519103179802187, 3426680.540325854439288 ], [ 270087.798036644235253, 3425733.419322999194264 ], [ 271136.435379215632565, 3425710.81055311486125 ], [ 271320.120481030200608, 3426657.942793243564665 ] ], [ [ 261698.553680113254813, 3425918.017031319905072 ], [ 259601.201473602763144, 3425965.201995926909149 ], [ 259417.167912430712022, 3425018.224819619674236 ], [ 261514.592122208880028, 3424971.017935070674866 ], [ 261698.553680113254813, 3425918.017031319905072 ] ], [ [ 233692.316996520094108, 3422777.045624038670212 ], [ 234741.245095028018113, 3422750.873883411288261 ], [ 235110.732848409912549, 3424644.176937683019787 ], [ 236159.584129517024849, 3424618.129273551981896 ], [ 236344.363414833613206, 3425564.839988045394421 ], [ 234246.728468225104734, 3425617.018333688378334 ], [ 233692.316996520094108, 3422777.045624038670212 ] ], [ [ 256271.000129115069285, 3425089.811688931193203 ], [ 255222.269070081616519, 3425113.881068766582757 ], [ 255038.138914597773692, 3424166.980298327747732 ], [ 256086.90598733627121, 3424142.900097601115704 ], [ 256271.000129115069285, 3425089.811688931193203 ] ], [ [ 269904.124290093255695, 3424786.331441884394735 ], [ 267806.765656959847547, 3424831.881955384276807 ], [ 267623.06733087846078, 3423884.849511295557022 ], [ 269720.497865042823832, 3423839.276665395125747 ], [ 269904.124290093255695, 3424786.331441884394735 ] ], [ [ 238072.613492762291571, 3423619.645934311673045 ], [ 239121.487125740124611, 3423593.898634613025934 ], [ 239306.110468513972592, 3424540.60774561110884 ], [ 238257.272921326599317, 3424566.344680794514716 ], [ 238072.613492762291571, 3423619.645934311673045 ] ], [ [ 238752.383356934878975, 3421700.578320775646716 ], [ 239801.324571843986632, 3421674.913823385257274 ], [ 240170.356211981910747, 3423568.25487710814923 ], [ 239121.487125740124611, 3423593.898634613025934 ], [ 238752.383356934878975, 3421700.578320775646716 ] ], [ [ 239616.880196850193897, 3420728.292238916736096 ], [ 240665.852915679482976, 3420702.720849920995533 ], [ 240850.261247787799221, 3421649.352809771429747 ], [ 239801.324571843986632, 3421674.913823385257274 ], [ 239616.880196850193897, 3420728.292238916736096 ] ], [ [ 237023.735294796933886, 3423645.496779465582222 ], [ 235974.852513592457399, 3423671.451173348352313 ], [ 235790.168568508990575, 3422724.805670518428087 ], [ 236839.087435223627836, 3422698.840982059948146 ], [ 237023.735294796933886, 3423645.496779465582222 ] ], [ [ 254670.021029265364632, 3422273.2773816306144 ], [ 255718.86009693169035, 3422249.175583484116942 ], [ 255534.908351279096678, 3421302.362626666203141 ], [ 256583.779135285585653, 3421278.353488581255078 ], [ 256951.658130391646409, 3423172.033886454999447 ], [ 254854.056233831041027, 3423220.112408288754523 ], [ 254670.021029265364632, 3422273.2773816306144 ] ], [ [ 267937.608474662411027, 3420074.167516933754086 ], [ 268488.169574041443411, 3422915.000822659116238 ], [ 266390.659071117872372, 3422960.80288675474003 ], [ 266207.019499604590237, 3422013.847636594437063 ], [ 267255.812714327883441, 3421990.883779817726463 ], [ 266888.747488643042743, 3420097.050143426749855 ], [ 267937.608474662411027, 3420074.167516933754086 ] ], [ [ 265839.882433747057803, 3420120.036146166268736 ], [ 265656.384942408825736, 3419173.179871785920113 ], [ 266705.285901140014175, 3419150.182818229775876 ], [ 266888.747488643042743, 3420097.050143426749855 ], [ 265839.882433747057803, 3420120.036146166268736 ] ], [ [ 244181.392046658409527, 3422519.986572477500886 ], [ 243132.504916007746942, 3422545.226681222207844 ], [ 242948.121055856288876, 3421598.541220930870622 ], [ 243997.044224523822777, 3421573.29063927102834 ], [ 244181.392046658409527, 3422519.986572477500886 ] ], [ [ 256216.089970271190396, 3419384.804526416584849 ], [ 258313.962625655287411, 3419337.053254239726812 ], [ 258681.507981729810126, 3421230.645510054659098 ], [ 259730.366080716106808, 3421206.94666357524693 ], [ 259914.173952466750052, 3422153.803002687636763 ], [ 257816.525471195636783, 3422201.282376786693931 ], [ 257448.813320859975647, 3420307.646065017208457 ], [ 256399.91082327417098, 3420331.562586536165327 ], [ 256216.089970271190396, 3419384.804526416584849 ] ], [ [ 258130.261105150566436, 3418390.306416522245854 ], [ 259179.227021709491964, 3418366.574997679330409 ], [ 259362.892613846372114, 3419313.332678085193038 ], [ 258313.962625655287411, 3419337.053254239726812 ], [ 258130.261105150566436, 3418390.306416522245854 ] ], [ [ 258995.608859092259081, 3417419.850169504061341 ], [ 260044.606481095222989, 3417396.211236778646708 ], [ 260228.188731245725648, 3418342.946920498739928 ], [ 259179.227021709491964, 3418366.574997679330409 ], [ 258995.608859092259081, 3417419.850169504061341 ] ], [ [ 257946.607024986704346, 3417443.592416274361312 ], [ 257763.000386648316635, 3416496.91123650316149 ], [ 258812.038127481238917, 3416473.158176559023559 ], [ 258995.608859092259081, 3417419.850169504061341 ], [ 257946.607024986704346, 3417443.592416274361312 ] ], [ [ 259861.071651130710961, 3416449.508403043262661 ], [ 260910.100975915993331, 3416425.961912960745394 ], [ 261093.59990930580534, 3417372.675615103915334 ], [ 260044.606481095222989, 3417396.211236778646708 ], [ 259861.071651130710961, 3416449.508403043262661 ] ], [ [ 235420.943696660280693, 3420831.612389372196048 ], [ 236469.934701995749492, 3420805.627156057395041 ], [ 236654.487237140187062, 3421752.217779892031103 ], [ 235605.532295715587679, 3421778.192748159635812 ], [ 235420.943696660280693, 3420831.612389372196048 ] ], [ [ 236285.42983123799786, 3419859.06909366324544 ], [ 237334.452285373117775, 3419833.177048461511731 ], [ 237518.921108287118841, 3420779.745388726703823 ], [ 236469.934701995749492, 3420805.627156057395041 ], [ 236285.42983123799786, 3419859.06909366324544 ] ], [ [ 250106.405911831650883, 3420477.233347394969314 ], [ 249922.369255120487651, 3419530.539520791266114 ], [ 250971.333517364051659, 3419505.991881149355322 ], [ 251155.334193951333873, 3420452.696344322059304 ], [ 250106.405911831650883, 3420477.233347394969314 ] ], [ [ 248873.400626312271925, 3419555.190557223279029 ], [ 248689.375520519184647, 3418608.540061193052679 ], [ 249738.380123797047418, 3418583.878430552780628 ], [ 249922.369255120487651, 3419530.539520791266114 ], [ 248873.400626312271925, 3419555.190557223279029 ] ], [ [ 254118.200287607323844, 3419432.969311932101846 ], [ 253069.249015316629084, 3419457.206779809202999 ], [ 252885.367776490602409, 3418510.513741326518357 ], [ 253934.355002672760747, 3418486.265568823553622 ], [ 254118.200287607323844, 3419432.969311932101846 ] ], [ [ 271949.729952293680981, 3419036.747721911873668 ], [ 271766.495106959482655, 3418089.857774602249265 ], [ 272815.407759784837253, 3418067.469567668158561 ], [ 272998.606742086238228, 3419014.370716828387231 ], [ 271949.729952293680981, 3419036.747721911873668 ] ], [ [ 270717.578466741368175, 3418112.349288148339838 ], [ 270534.35506380564766, 3417165.503529676236212 ], [ 271583.307561193185393, 3417143.000856684986502 ], [ 271766.495106959482655, 3418089.857774602249265 ], [ 270717.578466741368175, 3418112.349288148339838 ] ], [ [ 239248.134344284131657, 3418835.14687020983547 ], [ 238199.085017389152199, 3418860.842366717290133 ], [ 238014.747526991646737, 3417914.328852225095034 ], [ 239063.832869619276607, 3417888.623052179347724 ], [ 239248.134344284131657, 3418835.14687020983547 ] ], [ [ 274181.184777673683129, 3414235.639085432514548 ], [ 275230.228862414427567, 3414213.515789918601513 ], [ 275779.077810201502871, 3417054.022926164790988 ], [ 274730.141172404051758, 3417076.112500227987766 ], [ 274913.221176473365631, 3418023.00306230969727 ], [ 273864.316443521296605, 3418045.184664512518793 ], [ 273498.13203024386894, 3416151.45906692603603 ], [ 272449.151662884862162, 3416173.7663847617805 ], [ 272266.094551314017735, 3415226.96431689010933 ], [ 273315.110744229867123, 3415204.645813853014261 ], [ 272949.21002102654893, 3413311.118313890416175 ], [ 273998.293856978008989, 3413288.880647458601743 ], [ 274181.184777673683129, 3414235.639085432514548 ] ], [ [ 241842.817506548191886, 3415919.113872246351093 ], [ 240793.673821197997313, 3415944.530290074646473 ], [ 240609.587210893747397, 3414998.083485101349652 ], [ 241658.766863872151589, 3414972.656725189648569 ], [ 241842.817506548191886, 3415919.113872246351093 ] ], [ [ 242340.055429652449675, 3413054.495885915588588 ], [ 241290.808404942974448, 3413079.840060016140342 ], [ 241106.90059159786324, 3412133.480508175678551 ], [ 244254.735920111153973, 3412057.726591168902814 ], [ 244622.383576786029153, 3413950.540372448507696 ], [ 242523.974913409590954, 3414000.898292857222259 ], [ 242340.055429652449675, 3413054.495885915588588 ] ], [ [ 261409.021400709694717, 3413562.542015848215669 ], [ 259310.751697255240288, 3413609.596831921022385 ], [ 259127.406562929216307, 3412663.025228337850422 ], [ 261225.747967931558378, 3412615.948765757959336 ], [ 261409.021400709694717, 3413562.542015848215669 ] ], [ [ 269618.947758013498969, 3412431.769360062200576 ], [ 269436.008249187085312, 3411485.121331499423832 ], [ 270485.175662135879975, 3411462.552011647261679 ], [ 270851.030404031625949, 3413355.903137852903455 ], [ 268752.834737927187234, 3413401.100635549519211 ], [ 268569.812101642019115, 3412454.43075261451304 ], [ 269618.947758013498969, 3412431.769360062200576 ] ], [ [ 267520.672391299507581, 3412477.195291693788022 ], [ 267337.661283106834162, 3411530.569322150666267 ], [ 268386.83679563307669, 3411507.793767375871539 ], [ 268569.812101642019115, 3412454.43075261451304 ], [ 267520.672391299507581, 3412477.195291693788022 ] ], [ [ 266105.482131280237809, 3410606.865868485998362 ], [ 265056.262644327420276, 3410629.858615445438772 ], [ 264873.274646701524034, 3409683.320250486023724 ], [ 265922.52992422983516, 3409660.316572530660778 ], [ 266105.482131280237809, 3410606.865868485998362 ] ] ], [ [ [ 241655.41750981673249, 3447322.534783154260367 ], [ 240607.440382257016608, 3447348.226996929384768 ], [ 240793.363295829971321, 3448295.725551111157984 ], [ 241841.304056380409747, 3448270.044017828535289 ], [ 241655.41750981673249, 3447322.534783154260367 ] ] ], [ [ [ 249733.947521409456385, 3450936.145893486216664 ], [ 248686.146566444978816, 3450961.064920672215521 ], [ 248872.005239085177891, 3451908.771498711779714 ], [ 249919.769820027868263, 3451883.863404981326312 ], [ 249733.947521409456385, 3450936.145893486216664 ] ] ], [ [ [ 248010.178953862399794, 3452881.512820248026401 ], [ 248196.169127774803201, 3453829.274906127247959 ], [ 250291.557035897596506, 3453779.398129582870752 ], [ 250105.63965868804371, 3452831.614144606515765 ], [ 248010.178953862399794, 3452881.512820248026401 ] ] ], [ [ [ 232666.782921736245044, 3455164.299881910439581 ], [ 232853.415178485738579, 3456111.967278090305626 ], [ 233901.105064053030219, 3456085.431197263300419 ], [ 233714.509308604872786, 3455137.753249444998801 ], [ 232666.782921736245044, 3455164.299881910439581 ] ] ], [ [ [ 240187.149110018915962, 3455928.409441275522113 ], [ 239139.486353978107218, 3455954.31847321242094 ], [ 239325.94733594841091, 3456902.082725544460118 ], [ 240373.573611509316834, 3456876.184425770770758 ], [ 240187.149110018915962, 3455928.409441275522113 ] ] ], [ [ [ 246357.083110642328393, 3460539.909530020784587 ], [ 246543.563208204519469, 3461487.904959107283503 ], [ 247590.980622988252435, 3461462.688469915650785 ], [ 247404.537028944323538, 3460514.682068117894232 ], [ 246357.083110642328393, 3460539.909530020784587 ] ] ], [ [ [ 246730.090885282901581, 3462435.933713918551803 ], [ 246916.666140385350445, 3463383.995811740867794 ], [ 249011.350581020233221, 3463333.711512446403503 ], [ 248824.848371314263204, 3462385.627381569240242 ], [ 246730.090885282901581, 3462435.933713918551803 ] ] ], [ [ [ 244821.964390061795712, 3463434.698916635010391 ], [ 245008.660309645172674, 3464382.772422133479267 ], [ 246055.976810882042628, 3464357.379479899071157 ], [ 245869.317437874327879, 3463409.295011896640062 ], [ 244821.964390061795712, 3463434.698916635010391 ] ] ], [ [ [ 248150.596810927119805, 3464306.90778883267194 ], [ 248337.230670527060283, 3465255.047657298855484 ], [ 250431.760374535078881, 3465205.017017959151417 ], [ 250245.199593539495254, 3464256.855001139454544 ], [ 251292.494572985393461, 3464231.985688170418143 ], [ 251106.017855003941804, 3463283.845993416383862 ], [ 249011.350581020233221, 3463333.711512446403503 ], [ 249197.900345477391966, 3464281.829033645335585 ], [ 248150.596810927119805, 3464306.90778883267194 ] ] ], [ [ [ 244708.745398076076526, 3468200.853880608454347 ], [ 244521.822504822193878, 3467252.657876034267247 ], [ 247663.442911170714069, 3467176.577979039866477 ], [ 247103.288972019101493, 3464332.091269860044122 ], [ 246055.976810882042628, 3464357.379479899071157 ], [ 246429.438313189370092, 3466253.648520943708718 ], [ 244334.947214805230033, 3466304.495255905203521 ], [ 244148.119529514253372, 3465356.366002914030105 ], [ 242053.537806729465956, 3465407.653760221786797 ], [ 241866.684586640476482, 3464459.579674055799842 ], [ 240819.350546309229685, 3464485.391577184665948 ], [ 241006.240344755409751, 3465433.454796266742051 ], [ 239958.938458580232691, 3465459.360608234070241 ], [ 240707.12046955502592, 3469251.903197042644024 ], [ 242801.426952131354483, 3469200.283475773409009 ], [ 242988.518297309987247, 3470148.524333890993148 ], [ 244035.628323999379063, 3470122.882769385352731 ], [ 244597.07812879170524, 3472967.838850893545896 ], [ 245644.073860661505023, 3472942.335276577156037 ], [ 245831.282341984828236, 3473890.731951799243689 ], [ 246878.237084182910621, 3473865.344449914526194 ], [ 246316.864374073978979, 3471020.221661605406553 ], [ 245269.799682336015394, 3471045.642374221235514 ], [ 244895.715893073967891, 3469149.083286944776773 ], [ 243848.573606394988019, 3469174.630941420327872 ], [ 243661.566499939799542, 3468226.412517500109971 ], [ 244708.745398076076526, 3468200.853880608454347 ] ] ], [ [ [ 248752.572045026550768, 3483351.268577747512609 ], [ 248940.267183535615914, 3484300.046026152092963 ], [ 249986.813688264082884, 3484274.886774144601077 ], [ 249799.155325420433655, 3483326.098046684637666 ], [ 248752.572045026550768, 3483351.268577747512609 ] ] ], [ [ [ 275138.020920043636579, 3402810.249311305116862 ], [ 276187.4818933022907, 3402788.301006697583944 ], [ 275823.167345559224486, 3400895.517843973822892 ], [ 273724.098857218516059, 3400939.561685478314757 ], [ 273906.303788207005709, 3401885.914667484816164 ], [ 274955.804372151440475, 3401863.85242565581575 ], [ 275138.020920043636579, 3402810.249311305116862 ] ] ], [ [ [ 265510.154291318031028, 3402066.114456177223474 ], [ 265875.276877013791818, 3403958.743315513711423 ], [ 266924.738417649292387, 3403935.880164865870029 ], [ 267107.335027423454449, 3404882.254579657688737 ], [ 268156.756758374802303, 3404859.505252555944026 ], [ 267974.195859268482309, 3403913.119912101887167 ], [ 269023.649220307008363, 3403890.462554330937564 ], [ 268841.171349023003131, 3402944.099034996237606 ], [ 266742.189151642494835, 3402989.538495117798448 ], [ 266559.687230899580754, 3402043.229553491808474 ], [ 265510.154291318031028, 3402066.114456177223474 ] ] ], [ [ [ 252414.992539973958628, 3405211.55367438076064 ], [ 252231.895450801617699, 3404265.329319090116769 ], [ 251182.374588395090541, 3404289.633350659627467 ], [ 251548.687844449974364, 3406182.093580020125955 ], [ 250499.234201076294994, 3406206.479571928735822 ], [ 250865.809105894673849, 3408099.048994461074471 ], [ 252964.568762277252972, 3408050.422146146185696 ], [ 252781.329197181621566, 3407104.100071048829705 ], [ 254880.143130169337383, 3407055.864229259081185 ], [ 254697.022656831279164, 3406109.553579807747155 ], [ 253647.582053912978154, 3406133.630587033461779 ], [ 253464.473263692343608, 3405187.363121576607227 ], [ 252414.992539973958628, 3405211.55367438076064 ] ] ], [ [ [ 276916.677952499245293, 3406574.261790851596743 ], [ 275867.359684488270432, 3406596.165479172952473 ], [ 276049.812511260504834, 3407542.726762337144464 ], [ 277099.095075909979641, 3407520.834264836739749 ], [ 276916.677952499245293, 3406574.261790851596743 ] ] ], [ [ [ 256479.082414111762773, 3409871.060526539571583 ], [ 256662.356918112956919, 3410817.512437832076102 ], [ 257711.609872226516018, 3410793.69480835320428 ], [ 257528.371199275658, 3409847.232187002431601 ], [ 256479.082414111762773, 3409871.060526539571583 ] ] ], [ [ [ 275548.275186352082528, 3410404.570168030913919 ], [ 275730.952760581451003, 3411351.252053065691143 ], [ 276780.096315571223386, 3411329.301369735039771 ], [ 276597.454492941615172, 3410382.608262646943331 ], [ 275548.275186352082528, 3410404.570168030913919 ] ] ], [ [ [ 254563.838193311210489, 3410865.457071126438677 ], [ 253514.572385880775983, 3410889.584081018809229 ], [ 253698.001898278307635, 3411836.036685471888632 ], [ 254747.231848533992888, 3411811.920317524578422 ], [ 254563.838193311210489, 3410865.457071126438677 ] ] ], [ [ [ 250550.286077727767406, 3411909.004764668643475 ], [ 250733.870707970869262, 3412855.458239350933582 ], [ 251783.077778107253835, 3412831.042954500764608 ], [ 251599.529031236335868, 3411884.578905967064202 ], [ 250550.286077727767406, 3411909.004764668643475 ] ] ], [ [ [ 274681.805275179678574, 3411373.305835452396423 ], [ 274864.565872779814526, 3412320.009495154488832 ], [ 275913.677590812323615, 3412297.9669219115749 ], [ 275730.952760581451003, 3411351.252053065691143 ], [ 274681.805275179678574, 3411373.305835452396423 ] ] ], [ [ [ 252150.317780195182422, 3414724.069054669234902 ], [ 253199.448713819670957, 3414699.778211164288223 ], [ 253015.840861714590574, 3413753.238190687261522 ], [ 254065.00337102112826, 3413729.039935068227351 ], [ 253881.478893817256903, 3412782.521964516490698 ], [ 251783.077778107253835, 3412831.042954500764608 ], [ 252150.317780195182422, 3414724.069054669234902 ] ] ], [ [ [ 273315.110744229867123, 3415204.645813853014261 ], [ 273498.13203024386894, 3416151.45906692603603 ], [ 274547.108436902868561, 3416129.254994762595743 ], [ 274364.122971486882307, 3415182.430528849828988 ], [ 273315.110744229867123, 3415204.645813853014261 ] ] ], [ [ [ 273915.310931452258956, 3423749.37272286368534 ], [ 274098.793614268652163, 3424696.472495817579329 ], [ 275147.451063787855674, 3424674.266509560868144 ], [ 274964.004304117639549, 3423727.155418382957578 ], [ 273915.310931452258956, 3423749.37272286368534 ] ] ], [ [ [ 277244.754232696141116, 3424630.165017639286816 ], [ 275147.451063787855674, 3424674.266509560868144 ], [ 275330.945090705528855, 3425621.410779397003353 ], [ 277428.176406443468295, 3425577.332036482635885 ], [ 277244.754232696141116, 3424630.165017639286816 ] ] ], [ [ [ 274282.323575185670052, 3425643.605432623531669 ], [ 274465.90081268013455, 3426590.77155042020604 ], [ 275514.486383345036302, 3426568.588245040271431 ], [ 275330.945090705528855, 3425621.410779397003353 ], [ 274282.323575185670052, 3425643.605432623531669 ] ] ], [ [ [ 275752.265091257111635, 3433221.864883803296834 ], [ 275936.220486459147651, 3434169.297067394945771 ], [ 276984.518107253592461, 3434147.205078771337867 ], [ 276800.598743821377866, 3433199.761428616475314 ], [ 275752.265091257111635, 3433221.864883803296834 ] ] ], [ [ [ 276856.706374330969993, 3438906.958363790530711 ], [ 273712.331244362867437, 3438973.685145304072648 ], [ 273528.031262193806469, 3438026.120568364858627 ], [ 271431.689416264998727, 3438071.147519997786731 ], [ 271616.061615312821232, 3439018.689263915177435 ], [ 272664.19839615089586, 3438996.13524296367541 ], [ 272848.581782959867269, 3439943.72175178816542 ], [ 271800.481123923556879, 3439966.26435516262427 ], [ 271984.947940571117215, 3440913.872810978908092 ], [ 274081.073070592887234, 3440868.91444776719436 ], [ 273896.678514339146204, 3439921.283099355641752 ], [ 274944.771336161415093, 3439898.948395029176027 ], [ 275129.129769662569743, 3440846.591231215745211 ], [ 277225.231526377843693, 3440802.256714125629514 ], [ 276856.706374330969993, 3438906.958363790530711 ] ] ], [ [ [ 267298.792659218248446, 3443870.943481619469821 ], [ 267483.629648563917726, 3444818.62852241890505 ], [ 268531.569320346578024, 3444795.622741661034524 ], [ 268346.768532164860517, 3443847.926346985157579 ], [ 267298.792659218248446, 3443870.943481619469821 ] ] ], [ [ [ 275434.914702523557935, 3453213.445580626372248 ], [ 275805.147342872223817, 3455109.657252257689834 ], [ 276852.664723815571051, 3455087.403753226622939 ], [ 276482.504654883581679, 3453191.168728072196245 ], [ 275434.914702523557935, 3453213.445580626372248 ] ] ], [ [ [ 272847.86820396326948, 3456125.165501372888684 ], [ 271800.371643862279598, 3456147.82500245468691 ], [ 271985.751446184527595, 3457095.96840802161023 ], [ 273033.21167346247239, 3457073.320510535966605 ], [ 273218.602445179829374, 3458021.509166055824608 ], [ 274266.022441429726314, 3457998.977372049354017 ], [ 273895.36086683277972, 3456102.610429864842445 ], [ 274942.849650418036617, 3456080.159785087686032 ], [ 274757.626113598700613, 3455132.01514471322298 ], [ 272662.572038223966956, 3455177.044121178332716 ], [ 272847.86820396326948, 3456125.165501372888684 ] ] ], [ [ [ 277593.551989132072777, 3458880.278001273050904 ], [ 277223.013839359860867, 3456983.773464551195502 ], [ 275128.12046917330008, 3457028.338084414135665 ], [ 275313.438568318961188, 3457976.550060091074556 ], [ 276360.850843779044226, 3457954.227227355819196 ], [ 276546.179881999269128, 3458902.484613361302763 ], [ 277593.551989132072777, 3458880.278001273050904 ] ] ], [ [ [ 270261.86621224071132, 3459037.918970277532935 ], [ 270447.460695404792204, 3459986.140107861720026 ], [ 271494.819667183503043, 3459963.318022194784135 ], [ 271309.261559545295313, 3459015.085291320923716 ], [ 270261.86621224071132, 3459037.918970277532935 ] ] ], [ [ [ 267676.909489042009227, 3461951.707559304311872 ], [ 267862.755213426076807, 3462899.994960591197014 ], [ 268910.016795149073005, 3462876.893840958829969 ], [ 268724.207494037924334, 3461928.594884293153882 ], [ 267676.909489042009227, 3461951.707559304311872 ] ] ], [ [ [ 266815.489661924773827, 3462923.200720665976405 ], [ 266629.607509251625743, 3461974.924847108777612 ], [ 265582.301536773215048, 3461998.246750629972667 ], [ 265954.186089060036466, 3463894.809128209017217 ], [ 268048.648296291590668, 3463848.316022558603436 ], [ 267862.755213426076807, 3462899.994960591197014 ], [ 266815.489661924773827, 3462923.200720665976405 ] ] ], [ [ [ 264489.274027905601542, 3472501.2206921572797 ], [ 264675.823403601301834, 3473449.821130024269223 ], [ 265722.703359664883465, 3473426.323360230773687 ], [ 265536.190552537678741, 3472477.711339646484703 ], [ 264489.274027905601542, 3472501.2206921572797 ] ] ], [ [ [ 265796.114924802444875, 3479142.133692328352481 ], [ 266169.924544313573278, 3481039.84208474913612 ], [ 267216.511558073339984, 3481016.437520274426788 ], [ 266842.775239793816581, 3479118.705735845956951 ], [ 265796.114924802444875, 3479142.133692328352481 ] ] ] ] } }
]
}
